content,id,timestamp,length
@mileycyrus hahaha dont be like that one time in NY when you got 30 mins of sleep then got sick  love you!!,1468063101,2009-04-06 23:30:57-07:00,107
"@mileycyrus i have the same problem, but it's 4:43 here... let's see if counting works..1234...56 57 58... 132 133 134... no z's for me! ",1468286517,2009-04-07 00:45:20-07:00,137
@mileycyrus I guess counting sheep didn't work  Hope you get some sleep!,1468297110,2009-04-07 00:49:07-07:00,72
@mileycyrus I would too if it meant spending a day in heaven w/my mom and getting to see her again. ,1468298918,2009-04-07 00:49:44-07:00,100
@mileycyrus AWWW u seriously have the cutest dog Miley! Sorry your not with her now  Hope u get some sleep! xoxo,1468318249,2009-04-07 00:56:41-07:00,112
@mileycyrus http://twitpic.com/2xszg - Napping? At this point you may need a few of those. GMA is gonna come early. ,1468333186,2009-04-07 01:01:52-07:00,116
"@mileycyrus where did you find that quote... no, donï¿½t answer, better sleep! xoxo from Germany (where itï¿½s already morning  )",1468340955,2009-04-07 01:04:40-07:00,129
@mileycyrus http://twitpic.com/2y606 - I want a Sofie!  She's helllza cute.,1468382935,2009-04-07 01:19:59-07:00,75
@mileycyrus ouch mine too ,1468689241,2009-04-07 03:10:51-07:00,26
"@mileycyrus dude, I have to go on a 4 mile run in cold ass Boston after waking up just now. This sucks ",1468764264,2009-04-07 03:36:33-07:00,103
@mileycyrus aww I feel u u just woke up for school  hopefully I'll meet u today hah <3,1468782447,2009-04-07 03:42:30-07:00,86
@mileycyrus awe I feel u i just woke up for school  hopefully we both have a better rest of the day.. & I hope that includes meeting u lol,1468786597,2009-04-07 03:43:51-07:00,138
@mileycyrus wow early start. I havent even been to bed yet. Hope your tummy feel better soon  love your aussie fan ;) xxx,1468794164,2009-04-07 03:46:12-07:00,121
@mileycyrus how come you never reply to me? ,1468832668,2009-04-07 03:58:18-07:00,44
@mileycyrus Aww  Chin up hun! You can do it ,1468895003,2009-04-07 04:17:10-07:00,44
@mileycyrus god we have a blizzard here ,1468898678,2009-04-07 04:18:18-07:00,40
@mileycyrus GOOD LUCK! i wish i could be thereee ,1468916524,2009-04-07 04:23:33-07:00,49
@mileycyrus goood luck today @ G M A .... No one would take me  I love you!!!!! We are in the same state,1468925029,2009-04-07 04:26:00-07:00,104
@mileycyrus school ugh me too ,1469495372,2009-04-07 06:33:20-07:00,30
@mileycyrus Billy Ray's new album is fantastic. I'm listening it on iTunes. I'd buy it but it's not out in Aus  Make it come out here!,1469702180,2009-04-07 07:10:04-07:00,134
"@mileycyrus .. You on the tyra show, i will have to watch that online, they dont show it in the UK i dont think. ",1469729393,2009-04-07 07:14:53-07:00,113
@mileycyrus Miley my tummy hurts too and my head hurts it sounds like someone is pounding on my head!  ,1469749110,2009-04-07 07:18:20-07:00,103
"@mileycyrus i was reading your book today & i read about vanessa, im really sorry  were doing a fundraiser @ my school for cystic fibrosis",1550725555,2009-04-18 07:04:24-07:00,138
"@mileycyrus Iï¿½d like to go to Madrid to see you but I think itï¿½s not possible   anyway, Iï¿½ll watch you on tuesday on ""El hormiguero"" ",1550776310,2009-04-18 07:14:19-07:00,139
"@mileycyrus i love you, answer me! i'm your number one faaan! ",1552001227,2009-04-18 10:31:41-07:00,62
@mileycyrus Have fun away from america  haha,1553110286,2009-04-18 13:24:02-07:00,44
@mileycyrus.. Safe Jpurney Cos Imm One Off Uur Fans Lol Thaa Mii && Uue Never Reply To Anythiiin I Send Uue! Not Fair  lol ,1553169200,2009-04-18 13:33:14-07:00,123
@mileycyrus YOU FLIGHT TO GERMANY BUT NOT TO AUSTRIA WHY??? ,1553232495,2009-04-18 13:43:12-07:00,60
@mileycyrus YOU FLIGHT TO GERMANY BUT NOT TO AUSTRIA WHY??? ,1553242834,2009-04-18 13:44:52-07:00,60
@mileycyrus Ahh.. Now I'm sad because I was there just 2 days ago ,1553299210,2009-04-18 13:53:49-07:00,66
@mileycyrus YOU FLIGHT TO GERMANY BUT NOT TO AUSTRIA WHY??? ,1553301448,2009-04-18 13:54:12-07:00,60
@honorsociety iis just 15min away I CANT GO  im sad.  oh well @mileycyrus movieee time. HM movie at 4,1553393710,2009-04-18 14:08:54-07:00,101
@mileycyrus that's so cool - but i won't be able to see you  well ill go to cinema to watch premier there with my brother: Can't wait!!,1553608187,2009-04-18 14:43:38-07:00,135
"@mileycyrus you're so lucky to actually have a car, aha. well a working one. i crashed mine. ",1553921449,2009-04-18 15:34:37-07:00,93
"@mileycyrus lol who cares. audi, tomato, tomayto. ( wow, im really twittering to mileycyrus) ",1553925663,2009-04-18 15:35:19-07:00,93
@mileycyrus hope you have a fab time in uk miley!!!!! i wish we could meet up! ,1554015794,2009-04-18 15:50:15-07:00,79
@mileycyrus .......i know wat it's like leavin' 'em but yuh don't wanna leave ,1555845347,2009-04-18 20:51:40-07:00,78
@mileycyrus Awehh  i hate it when i half to leave too! and my names ShannonMyleigh hahaha!,1556400094,2009-04-18 22:41:30-07:00,90
@mileycyrus http://twitpic.com/3goxn - WOAH! i can c y. I don't blame u. i would hate not having a private life ,1556692221,2009-04-18 23:54:18-07:00,112
@mileycyrus hey hun! i couldnt imagine traveling like you do.  keep your head up! your such an inspiration to many. we all live up to you!,1556783713,2009-04-19 00:19:44-07:00,138
"@mileycyrus I have school tomorrow again!  Boooring, but on the lessons I humming on Breakout!  We gonna breakout let the party start...",1557097703,2009-04-19 02:00:06-07:00,136
so happy i go back to school on tuesday not tomorrow. I MUST GET @mileycyrus tickets ,1557396741,2009-04-19 03:51:46-07:00,85
@mileycyrus it could be worse! i have go to uni tomorrow to prepare for 6 exams and a 2000 word essay for wednesday  it's tragic!,1557691469,2009-04-19 05:32:05-07:00,129
"@mileycyrus don't leave us  haha i'm part of your FAN family, okay? Good look at the HM premiere in Germany, GOD bless you, luv ya guurl..",1559477049,2009-04-19 11:14:38-07:00,138
"@mileycyrus oh miley miley, I'm Italian i wish to see u!  I'm so dam sad",1559761654,2009-04-19 11:59:06-07:00,72
@mileycyrus why do you was in germany ? Awwww... ,1559764514,2009-04-19 11:59:33-07:00,49
@mileycyrus how can you be at two places at the same time. I am also confused now. :x  i cant wish sweet dreams now ,1559772093,2009-04-19 12:00:36-07:00,116
@mileycyrus miley...im in italy but i won't see you  im sooooo sad.,1559774322,2009-04-19 12:00:53-07:00,67
@mileycyrus Go Miley!!! Hate I missed u in Knoxville ,1559805050,2009-04-19 12:05:28-07:00,53
@mileycyrus Be Careful! I heard the paparazzi there are Extreme   They just caused Madonna to go to hospital two days ago. Take Bodyguards,1559808452,2009-04-19 12:06:00-07:00,138
@mileycyrus mimi i cant come to rome even if i live in italy  im soo sad cause I ADORE YOU & i want 2 meet you!! :'(  i think i could cry.,1559836738,2009-04-19 12:10:21-07:00,138
@mileycyrus   That sucks. She couldn't come with you?,1563875960,2009-04-20 00:40:24-07:00,53
"@mileycyrus i miley love your music, i think you are amazing and i love your song ""the climb""    i hope you dont stay sad for long ....",1563880777,2009-04-20 00:41:47-07:00,135
@mileycyrus awwww x  i've got school today actually im setting of soon,1563882074,2009-04-20 00:42:07-07:00,70
"@mileycyrus Aaw, poor Miley!  Where are you at the moment?",1563882308,2009-04-20 00:42:11-07:00,58
@mileycyrus Nawww  Cheer up',1563883443,2009-04-20 00:42:33-07:00,28
@mileycyrus  don't b sad. let me cheer u up! what do u want?,1563886315,2009-04-20 00:43:16-07:00,60
@mileycyrus aweeee it's okaiieee miley!!! ,1563899396,2009-04-20 00:46:59-07:00,42
@mileycyrus true that miley. Haha. I want a boyfriend. ,1563900237,2009-04-20 00:47:13-07:00,55
@mileycyrus Dont be sad  when ur sad ur fans r sad    ill Pray for u  x],1563915227,2009-04-20 00:51:24-07:00,72
@mileycyrus  cheer up ..I have to spend another 2 weeks without my dad cause hes on a work thing,1563917799,2009-04-20 00:52:08-07:00,96
@mileycyrus Having it stuck in your head as you dream about rollerblading as a Gaga clone is worse. ,1563995611,2009-04-20 01:14:37-07:00,100
@mileycyrus I'm so sad for you too! ,1564006068,2009-04-20 01:17:42-07:00,36
@mileycyrus miley!luv you so muchhh! last day i hear you on hitz.fm from malaysia rite? plz reply me~i really hope  sry4mybrokenenglish,1564193451,2009-04-20 02:15:12-07:00,135
@mileycyrus 10 more days without my mommy  .... mileys sad,1564217691,2009-04-20 02:22:51-07:00,58
@mileycyrus  so sad I can't go to the HM movie premiere in Paris next week ,1564249275,2009-04-20 02:32:34-07:00,75
@mileycyrus awww  rest up,1564251709,2009-04-20 02:33:20-07:00,25
@mileycyrus dang girl you should still be in bed ,1564312996,2009-04-20 02:52:22-07:00,49
"@mileycyrus well, i am sad for you!! ",1564367519,2009-04-20 03:08:42-07:00,37
"@mileycyrus Don't be sad  Everything's okay, love you.",1564415927,2009-04-20 03:23:13-07:00,54
@mileycyrus awwww miley its ok. I don't get to see my mom until june and the last I saw her was november.      be happy girlie,1564454013,2009-04-20 03:34:02-07:00,126
@mileycyrus why? What did you have going on? I'm sorry your day was bad  take off tomorrow!,1564600100,2009-04-20 04:12:56-07:00,91
@mileycyrus Know how you feel about missing you mom! I haven't seen mine in 9 months  Hey btw great movie,1564773865,2009-04-20 04:52:37-07:00,105
@mileycyrus aww really i know how it feels ,1564830776,2009-04-20 05:04:20-07:00,43
@mileycyrus - *BIG HUGS* Sorry it's so crazy...And that you're feeling so lonely!  But I promise the time's gonna fly by!,1564855625,2009-04-20 05:09:16-07:00,121
@mileycyrus your coming to london wednesday YAY im coming thee to and really wanna meet you and demi so much i didnt get tickets  xx,1564874042,2009-04-20 05:12:53-07:00,132
"@Tommcfly @ddlovato @mileycyrus .. how do you get a rhythm to a song you write? I've written quite a few songs, but I can't do it  .. ilu",1565189369,2009-04-20 06:08:12-07:00,137
@mileycyrus Oh I am sorry to ear you miss your mom and your family. ,1565571276,2009-04-20 07:04:06-07:00,68
"@mileycyrus YOU'RE IN ROME! i'd do anything to get out of geography,  Have fun!",1573543928,2009-04-21 01:40:27-07:00,79
At school ! Blah  @mileycyrus you look great in the Venetian mask :*,1573711597,2009-04-21 02:29:30-07:00,68
"@mileycyrus http://twitpic.com/37d57 - I sang ""i miss you"" for school ... I was thinking of you, Miely, Everytime ? Sorry for your Pappy ",1573730168,2009-04-21 02:34:56-07:00,137
"@mileycyrus I can almost see it.. that DREAM i'm dreaming.. but there's a VOICE inside my head saying ""i'll never reach it..."" ",1573852981,2009-04-21 03:09:55-07:00,127
@mileycyrus MILEY MILEY MILEY MILEY  or send you a hi to me :s if wrong fault of the translator haha. i love you so much ?,1675782969,2009-05-01 20:19:09-07:00,122
@mileycyrus I love having my feet on the dashboard!  But I guess it is in the line of sight of the person driving. ,1675827322,2009-05-01 20:25:26-07:00,115
"@mileycyrus No, it wouldn't drive me crazy, but I would definitely fear for your life because if you were in a car crash, you could die. ",1675853449,2009-05-01 20:29:15-07:00,137
@mileycyrus ya that was abnouxious! ugh i am so sad  im not smiley rite now..my crush (player big tyme) was all over 2 mny gurlz uggh! ,1675896395,2009-05-01 20:35:22-07:00,135
@MileyCyrus Can you please ask jesus to stop A N1H1 flu because it might cancel my trip to NY ,1676665830,2009-05-01 22:45:57-07:00,94
@mileycyrus is sad that u won't add me ,1676882558,2009-05-01 23:33:55-07:00,39
@mileycyrus I hope you don't see my tweets then just not reply ,1677679057,2009-05-02 03:23:35-07:00,63
@mileycyrus http://twitpic.com/3pwy7 - This outfit is so cute. I wish I have the same one. ,1677983231,2009-05-02 04:59:03-07:00,91
@mileycyrus so i have the same insomnia prob as you i slept for all of 3 hrs woke up at 5am nd couldnt go back to sleep  btw your awesome!,1678337109,2009-05-02 06:22:31-07:00,138
@mileycyrus hey miley -- im kind of freaked out about that swine flu. are you ?  idk if i should go to the bamboozle 2moro in NJ -brittany,1679039586,2009-05-02 08:23:06-07:00,138
"@mileycyrus: I have find your personal Myspace, bue it's private xD i'm so sad ",1679040722,2009-05-02 08:23:16-07:00,79
@mileycyrus you say that you love chatting with your fans but your never answer to me ,1679065568,2009-05-02 08:27:02-07:00,86
thanks to @mileycyrus i want a lollipop right now. but we don't have them ,1680269763,2009-05-02 11:17:37-07:00,74
@mileycyrus nice * my videos  broken ,1680768504,2009-05-02 12:27:07-07:00,37
"@mileycyrus Miley? Is anything possible, or is that just a quote to make you feel better? ",1680845565,2009-05-02 12:37:46-07:00,90
@mileycyrus i miss my cousin ,1680847141,2009-05-02 12:38:00-07:00,29
"@mileycyrus, also i had a poppy that i was very close to that died in 05 from cancer too. soo ur song i miss you really hits home ",1680946572,2009-05-02 12:51:44-07:00,130
"@mileycyrus god bless u miley. regarding saturdays, i have some instructors who call us on holidays for exams!!, and nobody can say no  ",1681094547,2009-05-02 13:12:06-07:00,136
@mileycyrus wtchn all da miley/hannah concerts thti recorded! i kno lyk evrythn bout her! luv her sooo much! i wna meet her  xx,1681130343,2009-05-02 13:17:03-07:00,127
@mileycyrus how was the event?! sad I couldn't go ,1685022106,2009-05-02 22:47:36-07:00,50
"@mileycyrus Since you can't get an abortion, please be one ",1685071707,2009-05-02 22:58:01-07:00,59
@mileycyrus you could come to Brazil too  i love you so much ?,1685270354,2009-05-02 23:41:57-07:00,62
@mileycyrus omg its really annoying how ppl just try to guess your relationship status+whether good or bad!  whoever u r or not w is up2u!,1685319448,2009-05-02 23:53:36-07:00,138
@mileycyrus hope you have fun in atlantis. i would be there but sadly i'm too far away  canadas a looooooooong ways away from that,1685489883,2009-05-03 00:37:16-07:00,130
"@mileycyrus i wish!  but i hope you have fuun!! if you come to maryland or north carolina, im so there! ",1685509936,2009-05-03 00:42:50-07:00,104
@mileycyrus i wish she had a concert in india ,1685545567,2009-05-03 00:52:56-07:00,46
"@mileycyrus  i was going to go to that show :'( But my dad cant afford tickets , cause we live in australia.. ",1685682115,2009-05-03 01:32:30-07:00,110
Not feeling the best. Im a lil upset about @mileycyrus's concert on 1st of May that i was gonna go to but cant afford ,1685695674,2009-05-03 01:36:30-07:00,118
shorting out music for bbq unfortunately my family dont appreciate the music of @mileycyrus @ddlovato and @Jonasbrothers  oh well =] xo,1686281167,2009-05-03 04:42:02-07:00,135
@mileycyrus i wish i could go ,1686516672,2009-05-03 05:45:44-07:00,30
@mileycyrus http://twitpic.com/4fzo7 - noooo dont dye ti  its pretty enough as it is!!,1686548042,2009-05-03 05:53:16-07:00,86
@mileycyrus i wish i could be there! ,1686569430,2009-05-03 05:58:23-07:00,37
@mileycyrus http://twitpic.com/4fzo7 - prettey (:. But please don't dye your hair dark ,1686702835,2009-05-03 06:28:10-07:00,87
@mileycyrus aww I would love to go that is 3 days before my birthday!! ,1686816786,2009-05-03 06:52:22-07:00,71
@mileycyrus http://twitpic.com/4fzo7 - Brandi looks great here *-* But I prefer you as you're now..don't dye your hair ,1686927898,2009-05-03 07:14:21-07:00,119
@mileycyrus sounds awesome miley! Wish i could go and see ya. but alas i cant. ,1687007402,2009-05-03 07:29:20-07:00,79
"@mileycyrus I wish I could be there I tried to win tickets, but I'm pretty sure I didn't.  Now its to late for me to put in a leave chit! ",1687181343,2009-05-03 08:00:06-07:00,138
@mileycyrus i wish i had money to go ,1687183396,2009-05-03 08:00:22-07:00,37
"@mileycyrus sure, i really wanna go but its too far  Like u ;)",1687206928,2009-05-03 08:04:11-07:00,62
@mileycyrus i had 2 beg my mom SOOO much to take me!!! she said it was too much money  i hope u have an AWESOME time tho!! i love u miley!,1687211916,2009-05-03 08:05:00-07:00,138
@mileycyrus I wish I could go  I'd love to see you play live!!!,1687236584,2009-05-03 08:09:02-07:00,63
@mileycyrus dammit! i wish i could go ,1687238162,2009-05-03 08:09:18-07:00,38
@mileycyrus i wish i could go!  but that's my prom night!,1687238997,2009-05-03 08:09:26-07:00,57
@mileycyrus no money then no atlantis  i really wish i could come i feel in my heart that im the biggest fan of you love you xxx take care,1687274834,2009-05-03 08:15:16-07:00,138
@mileycyrus you should have a contest to send someone there for free! i would go but i can't afford it ,1687275015,2009-05-03 08:15:18-07:00,103
@mileycyrus Wish i could go... I have school... ,1687279387,2009-05-03 08:16:01-07:00,48
@mileycyrus I wish I could go cannot go that weekend ,1687308671,2009-05-03 08:20:50-07:00,53
@mileycyrus wish i could come ,1687338434,2009-05-03 08:25:50-07:00,30
"@mileycyrus The day before 26th birthday! Wish I could go, but with me being in the UK, and suffering from an anxiety condition, I can't ",1687401888,2009-05-03 08:36:05-07:00,137
@mileycyrus http://twitpic.com/4fzo7 - ive been hearin some nasty rumours bwt u  dont believe them tho,1687530356,2009-05-03 08:56:28-07:00,102
@mileycyrus aren't you exited to come to Argentina ? ,1687564491,2009-05-03 09:01:44-07:00,53
@mileycyrus http://twitpic.com/37d57 - awwww thats yuurr papii  my papi diedd too ,1687894149,2009-05-03 09:51:06-07:00,82
@mileycyrus I am rediculously jealous. Revision is my agenda for next 2 months! ,1690761016,2009-05-03 16:18:57-07:00,80
@mileycyrus I just finished miles to go. I didn't want it to end  I'm gonna read it again with a high lighter <3 LOVED IT.,1691376784,2009-05-03 17:43:35-07:00,122
@mileycyrus i wish i could do that!! i have school ,1692215731,2009-05-03 19:31:14-07:00,51
@mileycyrus I can tell. They seem to be the only ones you answer. ,1692253783,2009-05-03 19:36:04-07:00,66
@mileycyrus do you not love your Irish fans too !! ,1692329436,2009-05-03 19:45:45-07:00,51
"@mileycyrus we also love you miley, cant wait to see you in brazil ",1692366160,2009-05-03 19:50:34-07:00,67
@mileycyrus does bffs mean ur not datng anymore ? ,1692369245,2009-05-03 19:50:59-07:00,50
@mileycyrus And argentinian fans  ?,1692399175,2009-05-03 19:54:49-07:00,35
@mileycyrus OMG!!!! your barzilian fans love you too dear! is soooooo hard have you so far ,1692594535,2009-05-03 20:20:19-07:00,91
"@mileycyrus i love being lazy, haha. too bad school is tomorrow  how are you miles?",1692736917,2009-05-03 20:39:56-07:00,83
@mileycyrus awesome. I spent my day waiting around for classes that were cancelled. ,1692737295,2009-05-03 20:39:59-07:00,84
"@mileycyrus miley, and what about of ur mexican fans  we lov u too, i hope u can come to mexico soon to see how much we lov u xoxo Sandy",1692816457,2009-05-03 20:51:12-07:00,136
@mileycyrus you dont love your French fans Miley  ??,1693969352,2009-05-04 00:30:32-07:00,52
@mileycyrus http://twitpic.com/4fzo7 - you both have so beatiful eyes  i wanna have them ,1695964314,2009-05-04 07:19:44-07:00,89
"@mileycyrus hey , i had a bird .. the same as your , but he died weeks ago ",1751347976,2009-05-09 19:14:21-07:00,75
@mileycyrus http://twitpic.com/4vv13 - OMG so cute!! I had one a long time ago... ,1752020179,2009-05-09 20:51:16-07:00,82
"@mileycyrus it really sucks when one of your best friends breaks your heart...,how do you get over that??? ",1752955719,2009-05-09 23:34:57-07:00,107
@mileycyrus http://twitpic.com/336u5 - too bad she got eliminated !!!  get her for your seventeenth birthday,1753594167,2009-05-10 02:25:31-07:00,108
"@mileycyrus will you follow me, no one does ",1753743489,2009-05-10 03:12:30-07:00,44
@mileycyrus It's not mommy day in UK ,1755027865,2009-05-10 08:03:44-07:00,37
@mileycyrus c in december when you are in the uk is it london you are performing in ? :'( ??? ,1755124239,2009-05-10 08:19:19-07:00,94
@mileycyrus Miley  Im sooo stealing that from your mom XD I wonder if they have a charm bracelet with different crosses on it thats what I,1755246377,2009-05-10 08:38:35-07:00,138
@mileycyrus OMG! so like i forgot it was mothers day yesterday and i didnt get her anything i woke up to late  for breakfast in bed!!! ,1755248873,2009-05-10 08:38:59-07:00,135
@mileycyrus http://twitpic.com/4vv13 - i love him but it remind me with mine he died  i really loved him,1755345413,2009-05-10 08:54:08-07:00,104
@mileycyrus http://twitpic.com/4vv13 - aww i had onee ,1755439354,2009-05-10 09:08:34-07:00,54
@mileycyrus i wish i had my dog ,1759925309,2009-05-10 20:15:49-07:00,32
@mileycyrus why don't your tweets show up for me anymore  it makes me so sadddddd,1759956858,2009-05-10 20:20:05-07:00,81
@mileycyrus For some reason your updates don't show up on my twitter  I don't know what's wrong with it.,1760270747,2009-05-10 21:05:25-07:00,104
@mileycyrus Sssssooooo tired  about to fall asleep on this movie,1760277739,2009-05-10 21:06:28-07:00,64
"@mileycyrus reminded me, i think lost my faith necklace from my mommy ! ",1770612159,2009-05-11 21:47:25-07:00,72
@mileycyrus Ahh are you ok? Lol evil bugs ,1793284329,2009-05-14 02:05:35-07:00,42
@mileycyrus I agree bugs are waay annoying there's one on my window now scary  lol xxx,1793284720,2009-05-14 02:05:41-07:00,86
@mileycyrus it isn't... I'd call @spencerpratt too...*lol* but I'm in germany at the moment... :'( ...time difference u know... ,1793332582,2009-05-14 02:16:56-07:00,128
@mileycyrus its so many fake myspacer to ,1793349655,2009-05-14 02:21:00-07:00,41
"@mileycyrus  huh, another fake? hate fakes, too ... ",1793391015,2009-05-14 02:30:44-07:00,52
@mileycyrus im not a fake! lol ,1793408846,2009-05-14 02:35:01-07:00,31
@mileycyrus I don't think they have those here.  What do they taste like? Haha!,1793458559,2009-05-14 02:46:26-07:00,79
@mileycyrus theres such thing as chocolate covered skittles? :-o how cool.why doesn't ireland have them.  your amazing btw.  love jen. x,1793503651,2009-05-14 02:56:54-07:00,136
@mileycyrus What are they!!?? We don't have them in the uk  x,1793539373,2009-05-14 03:04:52-07:00,61
@mileycyrus I really hope that Loco92 stops with the posing.  It's said that so many people do it.,1793569326,2009-05-14 03:11:40-07:00,98
@mileycyrus you won't believe how many fake mileys there are on a germanwebsite for pupils.. and many people believe them ,1795448428,2009-05-14 07:47:29-07:00,122
@mileycyrus i am so jealous of your body! ,1822531338,2009-05-16 19:47:33-07:00,42
@mileycyrus how can i write something to Miley so she could read ? :/ im just tryinng so hard ,1822541064,2009-05-16 19:48:54-07:00,94
"Woohoohoo,missing my cousin Noah.  Noah,Noah.I miss you and @mileycyrus hahaha,it'd be better if I have those people: @mileycyrus and noah",1824651583,2009-05-17 02:19:18-07:00,138
"@mileycyrus That is heckaa mean that all these people are being rude to you miley  your not fatt,and cyber bullying is rude people.",1825024908,2009-05-17 04:00:34-07:00,131
"@mileycyrus dragon? lol. oh thats too bad mi, i had a miley fansite before, got 2000 members. but its hacked ",1825362712,2009-05-17 05:25:11-07:00,109
@mileycyrus aww. It reminds me of my friend Renee. I miss her so much. I had to leave her behind in NSW ,1825414110,2009-05-17 05:36:46-07:00,104
"@mileycyrus i big fan of you, reply me please  i love yaaa!!",1825427598,2009-05-17 05:39:50-07:00,60
poor @mileycyrus not even in the Bahamas they leave her alone ,1825438059,2009-05-17 05:42:02-07:00,62
"they should stop @mileycyrus mean comments towards her, she has feelings ",1825454887,2009-05-17 05:45:36-07:00,73
@mileycyrus AWH  HOPE YOUR HAVING A GD TIME IN THE BAHAMAAAS! YOU IN SME HOTEL AS @mandyyjirouxx?,1825457433,2009-05-17 05:46:11-07:00,97
@mileycyrus I read that in your autobiography ,1825478840,2009-05-17 05:50:44-07:00,46
@mileycyrus i didn't know about cystic fibrosis til my sis was engaged to him- and i heard his bro had died@17 with it-  but my sis is a,1825505732,2009-05-17 05:56:30-07:00,136
@mileycyrus yeah i read about that in your boook! i cried at that part.  rip.,1825935242,2009-05-17 07:15:55-07:00,77
"@mileycyrus i miss u too! xD hey! u dont me answer yesterday, i ask u: your concert in bahamas is tonigh? is for go, and u dont answer me ",1827121512,2009-05-17 10:02:17-07:00,138
@mileycyrus I've never even had lucky charms before ,1827147536,2009-05-17 10:05:35-07:00,52
@Mileycyrus ??? : O Why yaah don't follow me? ,1827767655,2009-05-17 11:24:18-07:00,46
@mileycyrus any song suggestion for losing your best bud? ,1832817896,2009-05-17 21:34:20-07:00,58
@billyraycyrus you call justin a MAN? a good guy for miley!? gimme a BREAK!! @mileycyrus MAKING OUT WITH JUSTIN!? WTF MILEYY!! ,1833242061,2009-05-17 22:41:34-07:00,127
"@MileyCyrus plllzzz txt mee  I wanna chat with u,oh gosh i tried likee crazy butt nothin.i hope u gonna write [hope].loveu",1833702299,2009-05-18 00:09:46-07:00,122
"off to school, getting a needle today, not cool!  I'm going to go eat coco pops and listen to @mileycyrus !",1833707500,2009-05-18 00:10:44-07:00,107
@mileycyrus i've been a fan of urs for 3years i no pretty everything bout ur music N acting stuf i never bought any cuz i live in morocco ,1833772522,2009-05-18 00:24:25-07:00,138
@dvx_uk I can't deny my crush on @mileycyrus. She's incredible ,1834114238,2009-05-18 01:40:57-07:00,63
@mileycyrus I'm so sad 'cauze nobody answer me   MiLuH? have you NETLOG?,1834279228,2009-05-18 02:19:16-07:00,72
@mileycyrus noooo  Which state are you in?,1834921223,2009-05-18 04:37:14-07:00,42
@mileycyrus how do u put twitpics on miley? i have been trying for ageees ,1834945535,2009-05-18 04:41:36-07:00,74
@mileycyrus wow!!....look out for the after shock...there allways the worst ,1834996583,2009-05-18 04:50:41-07:00,76
@MileyCyrus  Mileeey u said on some video at youtube to visi t ur tweeter and stuff but im sad ur not replyin.  r u checking this btw ;) ?,1835052898,2009-05-18 05:00:28-07:00,138
@mileycyrus nope...no earthquakes here...i wish we would...we never get stuff like that ,1835158212,2009-05-18 05:17:45-07:00,88
"@mileycyrus I felt the quake, it didn't make me fall asleep all night ",1835604850,2009-05-18 06:21:51-07:00,70
@mileycyrus R u d real miley cyrus...or just fake????? ,1835713018,2009-05-18 06:35:43-07:00,55
@mileycyrus there was an earthquake?!?!?!?!!? scary!!!!!! ,1835794010,2009-05-18 06:45:51-07:00,58
"@mileycyrus no,im in indonesia.but i worried about you.you ok? ",1835952204,2009-05-18 07:04:57-07:00,63
@mileycyrus did u feel it- was it not really scary? is 5.0 bad? lol never felt an earthquake b4! lol. just lots of storms! ,1836020685,2009-05-18 07:13:02-07:00,123
@mileycyrus cauze I live in Greece..It's only 4 USA & Germanyy  i cry right now 4 this ! +306979899042,1836335495,2009-05-18 07:48:49-07:00,102
@mileycyrus  No i didnt lol as im in England :L weve just got rain  floods of rain. AGAIN ,1836568344,2009-05-18 08:13:36-07:00,90
@mileycyrus Hey Miley i sent two letters but dont think they arrived you  im on Mileyworld under NAWY2J  are you on it now ?,1881369747,2009-05-22 04:27:46-07:00,124
@mileycyrus miley what happend?  you're so pretty. come on tour please <3,1932806221,2009-05-26 22:15:47-07:00,73
@mileycyrus what happend miley? ,1932807230,2009-05-26 22:15:56-07:00,32
"@mileycyrus Sorry Miley, I am sure it can make you miserable at times ",1932810000,2009-05-26 22:16:20-07:00,70
"@mileycyrus can't imagine what it must be like having them follow you everywhere  Just remember how much your fans heart you Miles, xx",1932812597,2009-05-26 22:16:41-07:00,134
@mileycyrus totally do not blame you on that ,1932820403,2009-05-26 22:17:47-07:00,45
@mileycyrus Oh honey   They should just let u live your life & only take snaps of u when at public events! What did they do this time? x,1932828594,2009-05-26 22:19:00-07:00,136
@mileycyrus you gonna die just like princess Diana ,1932840671,2009-05-26 22:20:40-07:00,51
@mileycyrus Miley does not add Pretty Love   #mileybrazil,1932856755,2009-05-26 22:22:57-07:00,57
@mileycyrus I don't know how you guys deal with them. they bug me just by hearing about it. ,1932857287,2009-05-26 22:23:02-07:00,92
@mileycyrus I'm sorry that they don't leave you alone... ,1932882849,2009-05-26 22:26:47-07:00,57
@mileycyrus You and Kate Gosselin both! Sorry! ,1932894075,2009-05-26 22:28:26-07:00,47
@mileycyrus aww  i hate paparatzzi they annoy me just seeing them! lol even tho they dont follow me! but i wouldnt like it if they did ,1932897213,2009-05-26 22:28:54-07:00,135
@mileycyrus I can't imagine never having a private moment  I'm sorry you have to deal w that.,1932933996,2009-05-26 22:34:15-07:00,93
@mileycyrus awww i feel bad you dont have any freedomm  i mean having people constantly watching youu ,1932936361,2009-05-26 22:34:37-07:00,102
@mileycyrus is that what they call it? haha...'cause pretty sure I've been dealing with that same issue the past few weeks ,1932954914,2009-05-26 22:37:25-07:00,123
@mileycyrus aww poor miley...you have insomnia ,1932957926,2009-05-26 22:37:53-07:00,47
@mileycyrus miley I love u but why did perez say u call the paprazzi yourself? you should address this so ppl don't think you are a liar ,1932960652,2009-05-26 22:38:18-07:00,137
@mileycyrus yea i have the same problem ,1932968022,2009-05-26 22:39:25-07:00,40
"@mileycyrus i do that too, itsucks because i have to get up at 8 for school everyday ",1932989832,2009-05-26 22:42:40-07:00,85
@mileycyrus i have tracecyrus disorder too ,1932993736,2009-05-26 22:43:17-07:00,43
@mileycyrus i have tracecyrus disorder too ,1933005804,2009-05-26 22:45:08-07:00,43
goodnight world. i love you @mileycyrus and @taylorswift13. miley... are you EVER going to go on tour in the US?  i miss you,1933006780,2009-05-26 22:45:16-07:00,124
@mileycyrus hey why did you unfollow me?   You are now the only celeb I was following who unfollows me ,1933049951,2009-05-26 22:52:03-07:00,103
@mileycyrus omg love that movie is soo funny!! aww wanna see it now! ,1933065148,2009-05-26 22:54:25-07:00,69
@mileycyrus it really never ended up being that special ,1956207561,2009-05-28 21:23:57-07:00,56
@mileycyrus http://twitpic.com/64x8j - But I thought I liked the cookie... ,1956781810,2009-05-28 22:40:33-07:00,75
@mileycyrus THIS WEBSITE GAVE ME A VIRUS! When i opened it more windows kept POPPING up ,1956991704,2009-05-28 23:13:08-07:00,88
@mileycyrus I would totally take you to prom...if i hadnt already gone  sorry lol,1957475541,2009-05-29 00:37:06-07:00,81
@mileycyrus http://twitpic.com/336u5 - i love her too !!! she shouldve won  ,1960600394,2009-05-29 08:12:57-07:00,76
@mileycyrus yeah me too  but there isnï¿½t any prom here in germany although school is almost everywhere the same! ?,1961121339,2009-05-29 09:01:04-07:00,116
"@mileycyrus I think i have same disorder, stay up al night 4 no reason n sleep al day !!  SUUUKS",1961281798,2009-05-29 09:15:38-07:00,96
@mileycyrus MILEEY HOW CAN I VOE IN THE MV MOVIE AWARDS ? ,1962301462,2009-05-29 10:50:09-07:00,58
@mileycyrus http://twitpic.com/5ut6j - Poor Thing ,1962387165,2009-05-29 10:58:07-07:00,50
@mileycyrus i dont think you can vote anymore! i tried ,1962685057,2009-05-29 11:27:47-07:00,55
@mileycyrus voting is over. since like four days ago i think  i told all my friends 2 vote for you a million times. you will win! love you,1962743869,2009-05-29 11:34:46-07:00,138
"@mileycyrus aww if I could, I would...  GBY ;)",1962744991,2009-05-29 11:34:54-07:00,46
@MILEYCYRUS  WHAT ABOUT ME ??  I VOTE EVERY DAY FOR YOU !!!!!,1962769017,2009-05-29 11:37:45-07:00,61
@mileycyrus I VOTED!!! do u have a personal myspace? i keep talking to fakes   i <3 you. u helped me thru the hrdest time of my life! (: x,1962779181,2009-05-29 11:38:57-07:00,138
@mileycyrus tell me where to vote and I will do so!!!! cause I'm from Germany I don't now where to do it..  btw: I love you and your music,1962807637,2009-05-29 11:42:18-07:00,138
@mileycyrus i voted and i couldnt ,1962851992,2009-05-29 11:47:42-07:00,34
@Mileycyrus I tried 2 vote 4 u the other day but I couldn't figure out how 2 do it  help? Lol,1962866132,2009-05-29 11:49:23-07:00,93
"@mileycyrus Miley, I tried voting for you, and it wont let me vote for some reason  Ill try back a little later! <3",1962876861,2009-05-29 11:50:39-07:00,115
@mileycyrus I would vote for you Miley but I live in Ireland  You'll be fine  Good luck! Slï¿½n!(bye in irish ) Sorcha xxxx,1962912560,2009-05-29 11:54:49-07:00,123
@mileycyrus AHHHH!!!! Voting is closed for your categories!!!  I would have voted for you in them though!  I tried.  ,1962962394,2009-05-29 11:59:36-07:00,117
"@mileycyrus""i wanna go to prom one day   ""i wish U can go with me 2 my prom even though im not a guy.but thatwouldmake1of myFRIENDS happy",1963022176,2009-05-29 12:05:05-07:00,137
@mileycyrus voting has closed ,1963113835,2009-05-29 12:13:27-07:00,30
@mileycyrus WHAT THAT'S NOT FAIR I CAN'T VOTE IT SAYS THE VOTING IS CLOSED  BUT I DID VOTE EVERYDAY WHEN I COULD VOTE LIKE 20X'S,1963147265,2009-05-29 12:16:32-07:00,128
@mileycyrus they all stopped doing drugs! ,1963153806,2009-05-29 12:17:09-07:00,42
@mileycyrus I can't vote for you    they have stopped the voting,1963199699,2009-05-29 12:21:29-07:00,64
"@mileycyrus  they closed the voting...all u can vote for now is best movie  Hope you win it! My 4 y/o Daughter lovesss 2 sing ""The Climb""",1963282166,2009-05-29 12:29:17-07:00,137
@mileycyrus I can't vote for you  they have stopped the voting,1963294233,2009-05-29 12:30:23-07:00,62
"@mileycyrus I'M A JUMP OFF A BRIDGE... NOT REALLY, BUT I WANT TO VOTE  TELL THEM TO FIX IT, JUST 2 MORE DAYS YOU NEED TO WIN",1963315851,2009-05-29 12:32:19-07:00,124
"@mileycyrus I'd love to, but i'm all the way in India. ",1963370689,2009-05-29 12:37:17-07:00,55
@mileycyrus EVERYONE VOTE FOR MILEY CYRUS FOR THE MTV MOVIE AWARDS BECAUSE I CAN'T THAT DOESN'T WORK AT ME I'M #FRUSTRADED :@ ,1963387182,2009-05-29 12:38:48-07:00,126
@mileycyrus sorryyy milerz that i can't vote i would love to vote but it doesn't works i'm sad  and very frustraded  :@ :@ --__--,1963408013,2009-05-29 12:40:42-07:00,129
@mileycyrus http://twitpic.com/5ut6j - aww  he must be an amazing brother!,1963458810,2009-05-29 12:45:15-07:00,74
everyone vote for @mileycyrus for the mtv movie awards coz my comp is mashed up and wont let me vote!  i will somehow!!!!!!,1963479659,2009-05-29 12:47:09-07:00,123
@mileycyrus http://twitpic.com/5kahh - omg i read Night in english class! so sad ,1963593617,2009-05-29 12:57:39-07:00,81
@mileycyrus my computer is being stupid and wont let me vote  . if i could i would vote for u.,1963860346,2009-05-29 13:21:36-07:00,94
@mileycyrus it wouldnt let me vote yesterday  but i made up for it today. i really hope u win cause everyone knows u deserve it =D,1964085324,2009-05-29 13:42:07-07:00,130
@mileycyrus I miss you...  come over and say bye before I leave!!,1964289934,2009-05-29 14:00:26-07:00,65
@mileycyrus why you never answer me... ,1964330414,2009-05-29 14:04:04-07:00,39
@Mileycyrus I can't Vote 4 u a the MTV movie awards. There is no vote button. Is it cause i live in sweden? I wanna vote 4 u 2  u rock xo,1964372398,2009-05-29 14:07:56-07:00,137
@mileycyrus i thought i was your best friend ,1964538187,2009-05-29 14:23:46-07:00,45
@mileycyrus i wish i could meet you once  do u think this will happen someday? :'(,1964641821,2009-05-29 14:33:52-07:00,82
@mileycyrus i thght i voted bt i dnt think it workd!  Whats the link 2 vote for u! Nobody deserves it more than u do. Ur so talented. I<3U,1964648990,2009-05-29 14:34:34-07:00,138
"@mileycyrus Miley!!! I Heard You Have Never Been To A Prom  I Would Have Invited You To Mine If I Knew, We Could Arrange Another One? x",1964751286,2009-05-29 14:44:44-07:00,135
My besties. If only @ddlovato was there.  on Twitpic http://bit.ly/bRg6W (via @MileyCyrus),1965087224,2009-05-29 15:18:36-07:00,90
"@mileycyrus http://twitpic.com/67hac - I dont like justin  but he means somthing to miley,so i respect that !!! Love you miley!!",1965291751,2009-05-29 15:39:45-07:00,128
@mileycyrus i bet you miss trace loads ,1965554037,2009-05-29 16:07:28-07:00,39
"@MileyCyrus: Oh. The voting is over!  But don't worry, I already voted for you about 100000000000000000000000000000000000 times earlier!!!",1965839680,2009-05-29 16:38:20-07:00,138
@mileycyrus hehe his name was Jack Dawson & he died on the Titanic  u c that movie Miley?im watching it rite now. amazing.tell Leo I<3Him!,1965986936,2009-05-29 16:54:48-07:00,138
@mileycyrus my cousin is in jail for shoplifting and drugs she is 16! im upset please help me feel better ,1966178772,2009-05-29 17:16:23-07:00,106
@mileycyrus  it wont let me vote even tho im signed in ,1966199893,2009-05-29 17:18:52-07:00,55
@mileycyrus Workin ur crazy sched. has to be tiring..its gotta  be hard being famous  but jus kno u have Bazillionz of fans supprtin u ,1966297634,2009-05-29 17:30:24-07:00,135
"@mileycyrus aww homesick  i feel you! im homesick for my 2nd home, campp",1966409260,2009-05-29 17:42:51-07:00,72
@mileycyrus cool and aww ,1966412203,2009-05-29 17:43:11-07:00,25
this is what i think about the world @mileycyrus at hannah montana set.... im missing tennessee ALOT today ,1966418605,2009-05-29 17:43:56-07:00,107
@mileycyrus poor you  come see me in nhantz bby,1966448103,2009-05-29 17:47:07-07:00,47
@mileycyrus sorry I meant ,1966455676,2009-05-29 17:47:57-07:00,26
@mileycyrus It would mean everything to me if u replied ive been trying everyday  and still not giving up just saying Hi !!!,1966478264,2009-05-29 17:50:28-07:00,124
"@mileycyrus Mileeeeeeeey! I love you so much, and I just wanted you to tweet me back ",1966501468,2009-05-29 17:53:03-07:00,85
@mileycyrus poor milez!  what season is it in hannah montana now?,1966523337,2009-05-29 17:55:28-07:00,65
@mileycyrus I know how you feel I was away from by home town for only a month and I missed it so much ,1966530222,2009-05-29 17:56:13-07:00,102
@mileycyrus hey miley! you come to brazil? you're many fans here! please you can answer me?  love your song! x,1966539918,2009-05-29 17:57:17-07:00,110
@mileycyrus I lived in Tennessee when I was little too-though most people don't know that about me-and I miss it all the time too. ,1966541496,2009-05-29 17:57:28-07:00,131
@mileycyrus aww!  but LA is great!  hope u have fun @ hannahs set! xoxo,1966577037,2009-05-29 18:01:18-07:00,71
"@mileycyrus Im not in my town now  so i can feel a little bit how does it feel, but i think your feeling it everyday must be so sad",1966604220,2009-05-29 18:04:09-07:00,131
@mileycyrus Miley @MileyIsASlag she is being mean and she's not being nice at all  ,1966607738,2009-05-29 18:04:31-07:00,83
@mileycyrus can u tell me what i sould do if your boyfriend break with you?  i love you anyways...,1966630386,2009-05-29 18:06:53-07:00,98
@mileycyrus IT WOULD MEAN ALOT TO ME IF U REPLIED ,1966640231,2009-05-29 18:07:55-07:00,50
@mileycyrus http://bit.ly/oiixj wow people are so mean! But I posted that for you! And come to Tennessee even though it's RAINY ,1966672592,2009-05-29 18:11:20-07:00,128
@mileycyrus can u give a shout out for my twitter account cuz i have barley any followers....  thanks so much! iloveuu! <3,1966740591,2009-05-29 18:18:49-07:00,122
i miss @mileycyrus' excessive tweeting. tweet more pwease ,1967103138,2009-05-29 18:58:52-07:00,58
@mileycyrus You can't go to prom??? ,1967132806,2009-05-29 19:01:57-07:00,36
@mileycyrus http://twitpic.com/67hac - I wish justin wasnt there but whatev. I'd rather Demi be there.But of course it's ur life...... ,1967302126,2009-05-29 19:19:56-07:00,135
@mileycyrus i tried to vote for you but it wouldnt let me ,1967833637,2009-05-29 20:17:33-07:00,58
@mileycyrus why .... ,1968862922,2009-05-29 22:24:14-07:00,21
@mileycyrus aw buttercup i'm sorry  listen to some happy music that always makes me feel better. Or watch The Little Mermaid,1968864952,2009-05-29 22:24:32-07:00,124
@mileycyrus awhh  why?,1968865213,2009-05-29 22:24:34-07:00,22
@mileycyrus you and me both  cheer up. I love you!,1968865748,2009-05-29 22:24:38-07:00,50
Why u feelin a little  @mileycyrus ?,1968867319,2009-05-29 22:24:53-07:00,36
@mileycyrus I just stabbed my thumb  trying to fix my dumb ipod that just stopped working.,1968867711,2009-05-29 22:24:57-07:00,90
@mileycyrus why are you sad? ,1968868612,2009-05-29 22:25:04-07:00,29
@mileycyrus dont feel  be happy!  There's nothing prettier than a smile!,1968869775,2009-05-29 22:25:14-07:00,72
@mileycyrus: me too.  ,1968871044,2009-05-29 22:25:26-07:00,22
@mileycyrus   Well I'm feeling  too! My brother had a stroke(age 59) at work Wed. nite and today wasn't doing too good. Say a prayer,1968872505,2009-05-29 22:25:39-07:00,132
@mileycyrus why are you feeling ,1968872750,2009-05-29 22:25:41-07:00,32
"@mileycyrus humm I feel the same  come on girl we have to be happy, i support you (:",1968873506,2009-05-29 22:25:48-07:00,84
@mileycyrus I feel sad too. 'coz I haven't had a reply from YOU or @ddlovato  ,1968874957,2009-05-29 22:26:01-07:00,78
@mileycyrus Why are you ,1968880875,2009-05-29 22:26:54-07:00,24
@mileycyrus oh.. why baby ? ,1968881059,2009-05-29 22:26:56-07:00,28
"@mileycyrus  reverse it and feel a little  To young, To cute, To talented to be ",1968881483,2009-05-29 22:27:00-07:00,80
@mileycyrus why? I'm worry for you girl... ,1968882182,2009-05-29 22:27:06-07:00,43
@mileycyrus try not to be ,1968882428,2009-05-29 22:27:08-07:00,26
"@mileycyrus whatever it is that is making you sad, i'm sure if u get some sleep u will feel better in the morning. don't be  smiley miley.",1968882841,2009-05-29 22:27:12-07:00,138
@mileycyrus I was a little  yesterday too,1968883428,2009-05-29 22:27:17-07:00,41
@mileycyrus You're an enormously successful entertainer/singer/movie and TV star.   is not allowed.,1968885001,2009-05-29 22:27:32-07:00,99
feeling a little  (via @mileycyrus)me too :/,1968886532,2009-05-29 22:27:47-07:00,44
"@mileycyrus humm, well guess yes  .. oh swettie",1968887414,2009-05-29 22:27:55-07:00,47
@mileycyrus whenever i feel  I think of what and who I have in my life and am grateful for it & them,1968887848,2009-05-29 22:27:59-07:00,100
@mileycyrus hey girl what's with the ,1968889360,2009-05-29 22:28:13-07:00,37
@mileycyrus awww don't feel  Miley. Turn that frown upside down. haha I'm cheesy xD Feel better<3,1968892744,2009-05-29 22:28:45-07:00,97
@mileycyrus Awh! Why are you feeling  ??? x,1968894096,2009-05-29 22:28:58-07:00,43
@mileycyrus why? ,1968895878,2009-05-29 22:29:15-07:00,17
@mileycyrus R U OK?  why so sad?,1968896437,2009-05-29 22:29:20-07:00,32
@mileycyrus Wish u wouldnt be ,1968903720,2009-05-29 22:30:25-07:00,30
@mileycyrus OK you have over 600 thousand followers!!! I have 6..now who should feel ,1968911162,2009-05-29 22:31:33-07:00,85
@mileycyrus dont feel   what could be making you this way?,1968911320,2009-05-29 22:31:34-07:00,58
@mileycyrus why you feeling a little ,1968912760,2009-05-29 22:31:47-07:00,37
@mileycyrus whats wrong?  hope you feel better soon!,1968918929,2009-05-29 22:32:42-07:00,52
@mileycyrus whats wrong ? why are you feeling  ?,1968925955,2009-05-29 22:33:47-07:00,48
@mileycyrus whats wrong? ,1968928529,2009-05-29 22:34:11-07:00,25
@mileycyrus Why are you feeling  ? Cheer up!,1968928831,2009-05-29 22:34:14-07:00,44
@mileycyrus why ,1968930870,2009-05-29 22:34:33-07:00,16
@mileycyrus awe why ,1968932335,2009-05-29 22:34:47-07:00,20
"@mileycyrus... sorry  think of your dad singing ""I Want My Mullet Back""... it'll make you feel better",1968934491,2009-05-29 22:35:07-07:00,101
@mileycyrus cheer up pretty lady! no need to be  your fans love you! <3,1968952067,2009-05-29 22:37:53-07:00,71
"@mileycyrus Aww, Miley, why are you feeling ",1968956363,2009-05-29 22:38:35-07:00,44
@mileycyrus  that suxs.  My 11 year old said eat candy it's the best thing in the world when your .,1968964247,2009-05-29 22:39:51-07:00,99
@mileycyrus Hey why are you felling sad  ?? ?? ??,1968964957,2009-05-29 22:39:58-07:00,49
@mileycyrus feeling a little  too... smile though dear you have such a great one!,1968970250,2009-05-29 22:40:47-07:00,81
aww sorry to hear you're feeling  @mileycyrus http://bit.ly/7cMPs . something nice to read?,1968993759,2009-05-29 22:44:37-07:00,91
"@mileycyrus sorry to hear that, Baby Girl!  ",1968994092,2009-05-29 22:44:40-07:00,44
@mileycyrus sorry ur fellin'  who ya missing?,1969006117,2009-05-29 22:46:35-07:00,45
@mileycyrus  so am I.....  ,1969034720,2009-05-29 22:51:17-07:00,27
@mileycyrus : whats wrong miley? dont be  cheerup. and be smiley miley. lol.,1969061612,2009-05-29 22:55:49-07:00,76
@mileycyrus that sucks me too ,1969067627,2009-05-29 22:56:49-07:00,30
@mileycyrus aww why ,1969110011,2009-05-29 23:03:24-07:00,20
@mileycyrus http://twitpic.com/5ut6j - Heart Touching... ,1969132660,2009-05-29 23:07:00-07:00,57
@mileycyrus CANNOT star in the remake of Girls Just Want to Have Fun. I will simply die! #favoritemovie ,1969198137,2009-05-29 23:18:11-07:00,104
@mileycyrus if you were with me you wouldn't be so ,1969204741,2009-05-29 23:19:22-07:00,51
@mileycyrus i would love to sit down over some starbucks and talk about our  's. because i'm feeling pretty low myself,1969222324,2009-05-29 23:22:25-07:00,118
@mileycyrus hallo mily i iam a little too ,1969252941,2009-05-29 23:27:57-07:00,42
@mileycyrus is it one of those  when you don't know why ur  or do you know what's making you feel that way?,1969267336,2009-05-29 23:30:31-07:00,107
"@mileycyrus If you're  you should listen to The Beatles' song ""Here comes the sun""",1969308475,2009-05-29 23:37:58-07:00,82
@mileycyrus don't be  I hate it when your sad. Be happy. Everyone will kill to see you sad. Hope you feel happy. Love you Miley ,1969318577,2009-05-29 23:39:51-07:00,128
"@mileycyrus   sorry.  Go eat a ""lil"" bowl of Lucky Charms!! .  Hugs sweetie",1969371107,2009-05-29 23:49:36-07:00,75
@mileycyrus I second that emotion ,1969406591,2009-05-29 23:56:31-07:00,34
"@mileycyrus I would if I could, but I can't ",1969458648,2009-05-30 00:06:00-07:00,44
@mileycyrus Aww Miley whats wrong  you know you ALWAYS have your fans there for u no matter what (:,1969473366,2009-05-30 00:08:48-07:00,99
@mileycyrus awww....  why so   ?,1969480291,2009-05-30 00:10:08-07:00,32
well am i the only 1 online righ now? @mileycyrus pleez dunt be sad ,1969572337,2009-05-30 00:28:43-07:00,68
@mileycyrus what happened to make you  ?,1969606444,2009-05-30 00:35:24-07:00,40
@mileycyrus hope what ever it is gettting you  runs away take care,1969667335,2009-05-30 00:47:59-07:00,66
@mileycyrus dont feel to  miley we all feel sad at some times dont let it get u down.u r my role model nd i look up 2 u a lot. luv u lots,1969807360,2009-05-30 01:18:04-07:00,137
@mileycyrus Don't be  get yourself over to Blackpool in the UK it's a bit like Vegas but with fish and chips! You'd love it!,1969819139,2009-05-30 01:20:43-07:00,124
@mileycyrus please dont feel  Cause its raining outside and you are the only sunshine here!!! Keep on smiling,1969925757,2009-05-30 01:45:26-07:00,109
@mileycyrus I was wondering if you had a facebook account =/ or are all those people just posers ,1969926021,2009-05-30 01:45:29-07:00,97
@mileycyrus hey kido if it makes you feel better my Dog was just hit by a truck and is now dead so im in rough shape too ,1969971182,2009-05-30 01:56:16-07:00,121
@mileycyrus If you're feeling  may I suggest a trip to Blackpool? All the glamour of Vegas but for half the price ;),1970014613,2009-05-30 02:06:12-07:00,116
@mileycyrus hey miley why u feeling a little ,1970098325,2009-05-30 02:26:51-07:00,45
@mileycyrus it's ok to feel a little  as long as it doesn't last too long.,1970117206,2009-05-30 02:31:26-07:00,74
@mileycyrus  Why don't you come to Blackpool in England? It's like Vegas apart from it's not. x,1970127809,2009-05-30 02:34:03-07:00,95
@mileycyrus why do you feel a bit  ?,1970202245,2009-05-30 02:52:44-07:00,36
@mileycyrus awww about the  xxx,1970557849,2009-05-30 04:20:45-07:00,31
@mileycyrus me too ,1970618119,2009-05-30 04:35:05-07:00,19
"@mileycyrus Dont feel  your are so amazing and beautiful. Your such an inspiration and you should be happy about that! Big fan, Catie xxx",1970748600,2009-05-30 05:04:23-07:00,137
@mileycyrus aww milwy  feel happy you'll always have us (:,1970790937,2009-05-30 05:13:22-07:00,58
@mileycyrus we love you miley ..don't be    <3,1970799350,2009-05-30 05:15:09-07:00,46
@mileycyrus  I can't vote because I'm in Canada ,1971215269,2009-05-30 06:32:04-07:00,48
@MileyCyrus Please don't feel ,1971222785,2009-05-30 06:33:17-07:00,30
@mileycyrus Hi Miley. Feeling  ? Why not try Blackpool? Its like Vegas except there's loads of cheap pirate copies of your Dad's CDs.,1971226228,2009-05-30 06:33:50-07:00,133
@mileycyrus http://twitpic.com/64x8j - Awwww...cute picture i want a horse too ,1971422239,2009-05-30 07:04:26-07:00,79
@mileycyrus are you okay? ,1971490075,2009-05-30 07:14:00-07:00,26
@mileycyrus ohh why you feeling a little  Miley?,1971501724,2009-05-30 07:15:28-07:00,48
@mileycyrus why are you feeling a little  ?? can i help you?? i know i'm just a fan. but i'm a person 2 and i like help people love u M.,1971552669,2009-05-30 07:22:02-07:00,136
@mileycyrus Hey! mtv.com won't let me vote cos im not in USA  but if i could i'd vote 4 you a million times. much lovee & best of luck! <3,1971561012,2009-05-30 07:23:05-07:00,138
@mileycyrus please come to germany again ,1971565980,2009-05-30 07:23:42-07:00,41
@mileycyrus Sorry you're missing TN!    Wanted to thank you for following me on here!  I'm new! But I've been a fan of yours since day 1!,1971775097,2009-05-30 07:52:15-07:00,137
@mileycyrus awww y do you feel ,1972134439,2009-05-30 08:37:49-07:00,31
@mileycyrus ?? why so ,1972253159,2009-05-30 08:52:30-07:00,22
@mileycyrus Why are you feeling  ?!  Be ,1972432535,2009-05-30 09:12:51-07:00,40
@mileycyrus Why a little  ?,1972473830,2009-05-30 09:17:35-07:00,27
@mileycyrus Hi Miley. Feeling  ? Why not try Blackpool? Its like Vegas except it has a lower drinking age.,1972982108,2009-05-30 10:15:08-07:00,106
"@mileycyrus Good, that makes one of us. Studying all weekend here, no fun ",1973250135,2009-05-30 10:47:05-07:00,74
@mileycyrus hahaha yehh that's what i'm doing too except i'm doing homework instead of nothing ,1973271189,2009-05-30 10:49:33-07:00,95
"@mileycyrus MILEEEEEEEEEEEEEEEEEEEEEEEEEEEEEEEEEEEYYYYYYY (L) come to brazil, please ",1973273575,2009-05-30 10:49:50-07:00,85
@mileycyrus thats a great idea. :] darn i cant. ,1973292117,2009-05-30 10:51:58-07:00,48
@mileycyrus that sounds good! Wish i could do that today! ,1973449771,2009-05-30 11:10:13-07:00,58
@mileycyrus miley i love u ? i need you here in chile girl  please come to chile!! we are waiting for you (: loveu(L,1973510251,2009-05-30 11:17:23-07:00,116
"@mileycyrus sounds like fun. Wish I could do that, I have to study for finals ",1973661123,2009-05-30 11:35:11-07:00,78
@mileycyrus i reply to u all the time and i still havent gotten one yet  i no ur busy but im a huge fan please reply if u can,1973748970,2009-05-30 11:45:30-07:00,125
it doesnt matter how many times i vote for @mileycyrus its not going to make me get closer to her ,1974285850,2009-05-30 12:49:03-07:00,98
"@mileycyrus http://twitpic.com/67hac - Miley's show is amazing. her music is amazing, her movies are amazing. But Miley is not amazing. ",1974298720,2009-05-30 12:50:36-07:00,136
@mileycyrus @PerezHilton who come u never tweet me back its very upseting and it hurts my fellings ,1974376029,2009-05-30 13:00:32-07:00,99
"@mileycyrus http://twitpic.com/67hac - , why can't people just be nice ",1974376165,2009-05-30 13:00:33-07:00,71
@mileycyrus she is a man!!! i heard dat she did a sexual transplant!!! and DON'T U EEEEVVVVEEERRR RRREEADDDD UR REPPPLIES????  i'm ann ...,1974423738,2009-05-30 13:06:28-07:00,138
@MileyCyrus: I'monna take a break now cuz ur not answering me ,1975128407,2009-05-30 14:30:25-07:00,62
i really wanna meet @ddlovato @mileycyrus @jonasbrothers and @taylorswift13 ,1975133613,2009-05-30 14:31:02-07:00,76
"@mileycyrus mtv website has not let me vote for two days in a row  the vote button never comes up, its voting time over???",1975253342,2009-05-30 14:46:11-07:00,122
"i would do anything if i could sit next to you and watch tv with you @mileycyrus but i guess thats not going to happen, oh well ",1975311219,2009-05-30 14:53:33-07:00,128
@SECURITYJ have asked @mileycyrus many questions hoping for reply for my daughter- don't think she replies v often ,1975321427,2009-05-30 14:54:50-07:00,115
@mileycyrus : TMNT? Is it good? I haven't see it yet  http://myloc.me/27KI,1975450988,2009-05-30 15:11:02-07:00,74
"@mileycyrus we all love u but honestly do u love us back? r u not true fans becuz we like niley?  i luv u, but i dnt get it ..(",1975552596,2009-05-30 15:24:03-07:00,127
@mileycyrus i wanna go to brandi's Birthday party lol Happy late birthday Brandi sorry  Love your hair wish i had it lol,1975687156,2009-05-30 15:41:10-07:00,120
i have an awful headache    i so love @mandyyjiroux and @mileycyrus,1975731523,2009-05-30 15:46:51-07:00,67
@mileycyrus I hope one day I can go to one of your concerts!! Ive never seen you in real life before ,1975782619,2009-05-30 15:53:34-07:00,101
@mileycyrus I at least wanna see you in concert! I've never seen you before! ,1975860583,2009-05-30 16:03:37-07:00,77
@mileycyrus I wanna go to one of your concerts! I wanted to go to your sweet 16 but my mom wouldnt pay ,1975904503,2009-05-30 16:09:19-07:00,103
& may the miley/niley/mustin war begin.. dnt u guy c what ur doing? @mileycyrus ppl are hating on eachother..  this is wrongg,1975913394,2009-05-30 16:10:27-07:00,125
plz dnt start a stupid hate war over @mileycyrus she doesnt want this ,1975936798,2009-05-30 16:13:33-07:00,70
"@mileycyrus http://bit.ly/Ntp9k  <-----------Lady Gaga...seriously, watch it...you gotta know she's not that great ",1976592889,2009-05-30 18:31:54-07:00,115
@mileycyrus http://twitpic.com/67hac - cutties!!! but im surprised that one of ur besties isnï¿½t Emily!!  u guys looked very close 2!,1976865585,2009-05-30 19:21:20-07:00,134
@mileycyrus it got old ,1977562865,2009-05-30 21:13:30-07:00,23
@mileycyrus I'm sorry  whats wrong?,1977563148,2009-05-30 21:13:33-07:00,35
@mileycyrus  I'm sorry. For whatever it is,1977568595,2009-05-30 21:14:12-07:00,42
"@mileycyrus I hope you feel better   btw, does Jason Earles have a twitter?",1977568733,2009-05-30 21:14:13-07:00,75
@mileycyrus  I Agree Miley,1977570474,2009-05-30 21:14:26-07:00,26
@mileycyrus Your best friend moves like this summer. That what happens sorry iam so sad right now i just found out ,1977571069,2009-05-30 21:14:30-07:00,115
@mileycyrus i don know im sad to ,1977571382,2009-05-30 21:14:33-07:00,33
@mileycyrus awwwe Miley  I love you<3,1977572133,2009-05-30 21:14:39-07:00,37
@mileycyrus aww are you okayyy ,1977573621,2009-05-30 21:14:49-07:00,31
"@mileycyrus me too, and i guess no one goes by that anymore ",1977573721,2009-05-30 21:14:50-07:00,60
@mileycyrus what's wrong? ,1977586824,2009-05-30 21:16:25-07:00,26
@mileycyrus  sometimes people need to cry it's good for you :/ and all you do need is love and gods love is the greatest of all,1977588801,2009-05-30 21:16:40-07:00,127
@mileycyrus What's wrong? ,1977591904,2009-05-30 21:17:03-07:00,26
"@mileycyrus miley don't cry, see when i wanna cry i listen to your music and i feel better. but i dont think that can apply to you..! ",1977594155,2009-05-30 21:17:19-07:00,134
@mileycyrus please dont  life's a climb remember??,1977595639,2009-05-30 21:17:30-07:00,50
@mileycyrus miles what happend  im sorry <3 you,1977604836,2009-05-30 21:18:39-07:00,47
@mileycyrus aw pls don't cry miley  I love u soooo much and the ppl being mean 2 u weren't true fans but I am n I just want u 2 be happy.,1977606910,2009-05-30 21:18:56-07:00,137
"@mileycyrus whats wrong?  but remember,your fans are always here for you ",1977607786,2009-05-30 21:19:02-07:00,73
@mileycyrus i know how u feel.. it will be okay ,1977607857,2009-05-30 21:19:03-07:00,48
@mileycyrus awh hope you feel better  please dont cry,1977615448,2009-05-30 21:19:59-07:00,53
"@mileycyrus  I don't know, sweetie, but any guy who makes you feel like crying isn't worth your love!",1977617577,2009-05-30 21:20:13-07:00,101
"@mileycyrus I'm sorry, dearie.  The saying is probably not covering the whole aspect of love..",1977623958,2009-05-30 21:21:01-07:00,94
"@mileycyrus aww, miley, i'm sorry you're sad. i hope it gets better. ",1977625801,2009-05-30 21:21:14-07:00,69
"@mileycyrus awwe, are you okay? what happened? ",1977633832,2009-05-30 21:22:15-07:00,47
@mileycyrus Miley don't cry you cry I cry  All you need IS love everyone should no that. <3 ya xxx,1977636852,2009-05-30 21:22:40-07:00,98
"@mileycyrus  dont make me sad.. every bad thing always gets better, cause it can't get worse...",1977649124,2009-05-30 21:24:13-07:00,95
"@mileycyrus ""sex, drugs and rock'n' roll"" that's what happened.  I know the feeling.",1977652588,2009-05-30 21:24:40-07:00,84
@mileycyrus aww i feel like crying to. and YES im upset  by love,1977657348,2009-05-30 21:25:17-07:00,64
"@mileycyrus i hope you feel better soon  youre amazing, dont forget that!",1977657447,2009-05-30 21:25:18-07:00,73
@mileycyrus Awh  You can't cry your Miley Cyrus; YOU are love. Your body gives off love to the world.,1977660671,2009-05-30 21:25:43-07:00,101
@mileycyrus dnt say that  u shouldn't cry,1977666772,2009-05-30 21:26:32-07:00,41
@mileycyrus i'm wondering the same ,1977675348,2009-05-30 21:27:42-07:00,35
@mileycyrus  feel better Miley. You are an amazing girl!,1977676059,2009-05-30 21:27:47-07:00,56
@mileycyrus awww that's so sad  - im just a fan from canada haha,1977692170,2009-05-30 21:29:57-07:00,64
@mileycyrus it's hard sometimes  but it will be better soon :],1977699840,2009-05-30 21:30:53-07:00,62
@mileycyrus If there is anything I can do to help. Please tell me! ,1977730705,2009-05-30 21:35:00-07:00,67
@mileycyrus awww =(.. i know! ,1977732285,2009-05-30 21:35:11-07:00,30
@mileycyrus i really really really miss my brother too  but mines not in japan haha.,1977762428,2009-05-30 21:39:16-07:00,84
@mileycyrus im sorry. I miss it when my brother leaves too ,1977762782,2009-05-30 21:39:19-07:00,59
@mileycyrus Im so sorry u miss your brother  ive always wanted to go to japan! i love you miley youre my rolemodel! keep making great work,1977770489,2009-05-30 21:40:20-07:00,138
@mileycyrus I know how you feel my sister [same sister seeing cold play tonight ;)] is far away too and i rarely see her. Miss her much ,1977772820,2009-05-30 21:40:38-07:00,136
"@mileycyrus Aww, i wish my sis felt that way bout me    that's so sweet of u though...   Miley/Smiley...",1977777629,2009-05-30 21:41:17-07:00,104
@mileycyrus someone is in this chat room pretending to be u  http://bit.ly/T03Zp,1977786389,2009-05-30 21:42:29-07:00,80
@mileycyrus I know how you feel  so do I,1977790933,2009-05-30 21:43:06-07:00,40
@mileycyrus ha ha yes.. it is.. i had those all last week.. BAD WEEK ,1977792971,2009-05-30 21:43:23-07:00,69
"@mileycyrus aww, is that why ur ",1977803465,2009-05-30 21:44:48-07:00,32
@mileycyrus aww  I know what you mean,1977846250,2009-05-30 21:50:35-07:00,37
"@mileycyrus Exactly, what happened with the freaking all you need is love  I feel like crying too",1977848008,2009-05-30 21:50:49-07:00,97
"@mileycyrus i feel like crying too, my blackberry fell off the behimith in canadas wonderland.... ",1977904717,2009-05-30 21:58:36-07:00,98
@mileycyrus i was trying to vote for you but it wouldnt let me ,1977955968,2009-05-30 22:05:26-07:00,63
@mileycyrus the voting is closed  I tried to vote for u yesterday,1978132739,2009-05-30 22:31:29-07:00,65
@mileycyrus I don't know if i can wait 30 more days for the Hannah Montana movie ,1978146143,2009-05-30 22:33:25-07:00,81
@mileycyrus whattttt??? heyyy im an artist  what does that mean? if u mean musicians though i agree- 99% of whats on the radio is crap.,1978164462,2009-05-30 22:36:11-07:00,135
"@mileycyrus I tried voting 4 ya but the site willonlylet ya vote for best movie, That sucks so how r we gonna vote 4 u? Boo Hoo  reply plz",1978166273,2009-05-30 22:36:27-07:00,138
"@mileycyrus Sorry, I just tried - voting is closed on all but best movie. We can't vote for you anymore Miley ",1978186914,2009-05-30 22:39:41-07:00,110
"@mileycyrus why u are  ? I see your movie today here in Peru.I cry with ""butterfly fly away"" and then I smile with ""the climb""... Thanx!",1978204843,2009-05-30 22:42:30-07:00,136
I wanna hug you right now. I need you. @mileycyrus ,1978239977,2009-05-30 22:48:06-07:00,51
@mileycyrus how do u votee? i tried votingg....did it function? Nopee  like i only voted in one.cause thats the only 1 that let me.,1978246900,2009-05-30 22:49:14-07:00,131
@mileycyrus yeah I will miley! (If only I live in the united states) ,1978259346,2009-05-30 22:51:10-07:00,69
@mileycyrus don't cry  you are warmly loved by many,1978265831,2009-05-30 22:52:14-07:00,51
@mileycyrus don't cry  you are warmly loved by many ?'s!! ,1978272187,2009-05-30 22:53:17-07:00,58
@mileycyrus miley what's the link to vote for you!! i can't find it ,1978287931,2009-05-30 22:55:51-07:00,68
@mileycyrus @mileycyrus miley what's the link to vote for you!! i can't find it ,1978311058,2009-05-30 22:59:37-07:00,80
@mileycyrus miley what's the link to vote for you!! i can't find it ,1978311961,2009-05-30 22:59:46-07:00,68
@mileycyrus @mileycyrus miley what's the link to vote for you!! i can't find it ,1978318255,2009-05-30 23:00:39-07:00,80
@mileycyrus miley what's the link to vote for you!! i can't find it ,1978334148,2009-05-30 23:03:14-07:00,68
@mileycyrus nooooooooo!! :O dont cry!!! now i want to cry knowing you wanted to! ,1978348064,2009-05-30 23:05:34-07:00,81
@mileycyrus @mileycyrus miley what's the link to vote for you!! i can't find it ,1978351415,2009-05-30 23:06:06-07:00,80
"@mileycyrus ooops, m too late to vote, sorry ",1978387702,2009-05-30 23:12:24-07:00,45
@mileycyrus i tried voting for you but it didnt work ,1978403798,2009-05-30 23:15:15-07:00,53
"@mileycyrus Its too late to vote already in Texas, only for best movie. I even signed up on mtv.com just for you ",1978523535,2009-05-30 23:37:36-07:00,113
@mileycyrus  im sorry im anti miley and so are my friends yes until you break up with justin then will be back ,1978615758,2009-05-30 23:54:51-07:00,111
"@mileycyrus i cant vote, and i dont know why ",1978957686,2009-05-31 01:04:36-07:00,45
@mileycyrus voting closed since the 27th  but i voted for u everyday like millions of times! haha i really hope u win!,1979058629,2009-05-31 01:28:18-07:00,118
"@mileycyrus I'm not feeling myself good, bec i can't vote for u  , THAT IS SO UNFAIR. I just wish that you would reply to my message.",1979063262,2009-05-31 01:29:25-07:00,133
too lazy to do any assignment  listening to @mileycyrus 's 'Hoedown Throwdown' ,1979210598,2009-05-31 02:04:50-07:00,79
i think alot of us cried yesterday. but we need to get over it  @mileycyrus didnt mean to start all this hate. so finsih it. ,1979460532,2009-05-31 03:08:38-07:00,125
@mileycyrus i wish you'd reply to me  i love you.. <3,1979564511,2009-05-31 03:35:28-07:00,53
@mileycyrus mileeey. Mtv won't let me vote for you. how come? ,1979853508,2009-05-31 04:46:16-07:00,62
@mileycyrus the same that happened to all the people living life in peace ,1980018332,2009-05-31 05:23:39-07:00,74
@mileycyrus JUST TRIED TO VOTE FOR YOU AGAIN...APPARENTLY YOU CAN ONLY VOTE ONCE  BUT IM PRAYING FOR YOU TO WIN!!!! ,1981032311,2009-05-31 08:15:31-07:00,116
@mileycyrus it won't let me votee! i've tried for a week now! & a button doesn't show up for me to vote! ,1981040903,2009-05-31 08:16:45-07:00,105
@mileycyrus uhm voting polls closed 4 days ago retard ugh justins making you rele stupid  dipshit oh sorry for not kissing your ass!,1981220675,2009-05-31 08:41:18-07:00,132
@mileycyrus I have voted a lot for you in mtv movie but now your categories have closed      Really hope you'll win,1981290786,2009-05-31 08:50:38-07:00,115
"@mileycyrus hey, please follow me  I'm a brazillian boy, and I know you like your brazillian fan, and you have a perfect personality :]",1981476109,2009-05-31 09:13:57-07:00,135
@mileycyrus i heaaard about youu on the radio. and the twitter latest  x,1981593352,2009-05-31 09:29:02-07:00,72
@josiecat85 I miss u  has @mileycyrus tweeted u again?,1981764937,2009-05-31 09:50:45-07:00,54
@mileycyrus omg did Justin break up wit u?! i'm  really sorry  <3 you,1981946298,2009-05-31 10:12:49-07:00,69
@mileycyrus I'm having trouble with the voting pages...the vote buttons only show up for the Best Movie... ,1981993019,2009-05-31 10:18:33-07:00,107
@mileycyrus U must really miss trace i would too my closest cousin lives in new york ,1982215762,2009-05-31 10:45:40-07:00,85
what! u have 2 sign up 2 vote 4 mtv awards  ill have 2 do it cuz ill be votin 4 twilight and @mileycyrus ,1982290831,2009-05-31 10:54:56-07:00,105
@mileycyrus tried to vote but i couldn't cos im in the UK  fingers crossed you win though (Y),1982439067,2009-05-31 11:12:38-07:00,93
@mileycyrus I tried - you cant vore any more. ,1982441902,2009-05-31 11:12:59-07:00,46
@mileycyrus i can't find where to vote for you! nothing comes up ,1982460984,2009-05-31 11:15:16-07:00,65
@mileycyrus Voting has closed ,1982463799,2009-05-31 11:15:36-07:00,30
@mileycyrus I voted  Multiple times  But it's not on TV here tonight  I wonder when I'll see it...,1982467369,2009-05-31 11:16:02-07:00,98
@mileycyrus help me!! i cant vote   HELP HELP HELP,1982477065,2009-05-31 11:17:11-07:00,50
@mileycyrus where i vote ??????? i'm lost ,1982481664,2009-05-31 11:17:45-07:00,42
How painful it must be to be in love with someone who does not love u back ...Fly With Me......@mileycyrus @jonasbrothers ,1982501251,2009-05-31 11:20:07-07:00,122
"@mileycyrus miley you deleted me on fb. please i beg u to add me again. i promise i wnt annoy u so much pleaseee  i beg you,",1982506335,2009-05-31 11:20:43-07:00,124
@mileycyrus Hey! i spent ages rushing home thinkin the awards were tonight but ther on tmro here  but i hope you win cause your AMAZING! x,1982532350,2009-05-31 11:23:53-07:00,138
"@mileycyrus i wish ya the best , i feeel so bad , bec i can't vote for ya ",1982572295,2009-05-31 11:28:40-07:00,74
@mileycyrus WE CAN'T VOTE ANYMORE! NOT LETTING US ,1982580381,2009-05-31 11:29:40-07:00,50
@mileycyrus i can't vote i'm only able to votefor the best movie but not more  could u say what i can do ??,1982616730,2009-05-31 11:33:54-07:00,107
@mileycyrus i wish i could  stupid mtv site.,1982641255,2009-05-31 11:36:48-07:00,44
@mileycyrus I would want to vote more. but now you can only vote for best film ,1982662342,2009-05-31 11:39:20-07:00,79
@mileycyrus It wont let me vote because im in the UK but i've tried about 10 times  Darn it! x,1982676066,2009-05-31 11:40:55-07:00,94
@mileycyrus sorry miley! i tried to vote but it said all the voting was closed  good luck from Switzerland,1982685674,2009-05-31 11:42:04-07:00,106
@mileycyrus voting is closed ,1982701985,2009-05-31 11:44:01-07:00,29
@mileycyrus we don't get to see it until next week ,1982944009,2009-05-31 12:12:13-07:00,51
How painful it must be to be in love with someone who does not love u back ...Fly With Me...... @mileycyrus @jonasbrothers ,1982987806,2009-05-31 12:17:16-07:00,123
just got out of my aunt's house couldn't tweet because I had no service  but I have service now  listening to @mileycyrus in the car.,1982993877,2009-05-31 12:17:59-07:00,133
@mileycyrus voting for female performance breakthrough is closed ,1983062056,2009-05-31 12:25:52-07:00,65
"@mileycyrus I voted for you a few weeks ago, but now it's not making me vote  I hope you win though! <3",1983163652,2009-05-31 12:37:38-07:00,103
MTV movie awards day....wish i could see it thou   nywys am cheering @mileycyrus !! Rock on \m/,1983233718,2009-05-31 12:45:50-07:00,95
@mileycyrus i was gonna vote more but its closed already ,1983301845,2009-05-31 12:53:45-07:00,57
"@mileycyrus come to brazil please  i love you, you're so special!",1983441115,2009-05-31 13:09:44-07:00,65
"@mileycyrus MTV wont let me vote!!  i have to sign up, and it says im ""ineligible""!! UGHF!",1983843381,2009-05-31 13:56:43-07:00,90
@mileycyrus I LOVE YOU MILEY I WOULD NEVER SAY THAT  I FEEL SO BAD,1984141913,2009-05-31 14:31:24-07:00,66
@mileycyrus I FEEL REALLY BAD MILEY ,1984174509,2009-05-31 14:35:12-07:00,36
i wish i could meet @mileycyrus or at least talk to her  vote for miley at the mtv awards!!!!!!!,1984182681,2009-05-31 14:36:09-07:00,96
@mileycyrus I love you Miley Please forgive me ,1984288666,2009-05-31 14:48:48-07:00,47
@mileycyrus  Miley forgive me! Im truly sorry! I got hacked while I was away from my computer.I would never say stuff like that.,1984300851,2009-05-31 14:50:17-07:00,128
@mileycyrus i couldn't find the place to vote  but thennn after hours of search i found it and VOTED  yayyyyy i no you'll win. fer sure!,1984323514,2009-05-31 14:52:59-07:00,136
@mileycyrus I feel really bad about what that hacker said to you ,1984341732,2009-05-31 14:55:11-07:00,65
@mileycyrus Good luck! I went to vote a few hours ago but the polls were already closed and the site wouldn't let me register. ,1984372037,2009-05-31 14:58:49-07:00,127
@mileycyrus Please forgive me Miley I love you soo much  <33,1984375733,2009-05-31 14:59:18-07:00,60
@mileycyrus awe  shes so cute! your family rocks lol,1984427388,2009-05-31 15:05:16-07:00,52
"@mileycyrus good luck at the movie awards!! wanna see it, but it's at 3 am  youuu will win!! YAAAAY D",1984504657,2009-05-31 15:14:15-07:00,101
"@mileycyrus Hey, if you win, are you gonna cry again  ? All the best, but if you lose, your still famous anyway.",1984508630,2009-05-31 15:14:43-07:00,112
@jesstar619208 @mileycyrus...i dont have cable either! ,1984589537,2009-05-31 15:24:26-07:00,55
@mileycyrus ouchh poor little girl  .. Good luck in the awards!,1984598571,2009-05-31 15:25:30-07:00,63
i feel like a horrible fan. I just vote for @mileycyrus once ,1984614866,2009-05-31 15:27:30-07:00,61
@mileycyrus I LOVE tennis Miley. I played for my school. But the season's over ,1984787751,2009-05-31 15:48:35-07:00,79
@mileycyrus come ta Dublin pweese ,1984804746,2009-05-31 15:50:36-07:00,34
@mileycyrus dang it! they're playing an old hannah montana again! i thought sundays were for premieres   oh well i like this episode,1984936702,2009-05-31 16:06:07-07:00,132
i wanna go to the MTV Awards  so badly @mileycyrus take me with you!,1984958490,2009-05-31 16:08:47-07:00,68
"@mileycyrus I tried to vote 4 u, but everytime I opened the site, it froze  sorry!",1985028195,2009-05-31 16:17:02-07:00,82
@mileycyrus have you been watching the French open? Very exciting! Nadal lost today though ,1985207199,2009-05-31 16:38:51-07:00,91
@josiecat85  @mileycyrus I think miley hates u  ,1985229421,2009-05-31 16:41:33-07:00,48
"@mileycyrus aweh   that sucks / amd wowww mileey your such a nice sister ;) teehe , but its true '' it will make a cool scar '' love you !",1985356379,2009-05-31 16:56:58-07:00,138
"@mileycyrus No, i saw her too. Her oufit & hair are gross ",1985840170,2009-05-31 17:52:18-07:00,58
"@mileycyrus mileey, are you in the red carpet nooow ? :| i didn't see you ",1985859275,2009-05-31 17:54:29-07:00,74
New Moon Trailer! im Goa Have to Waite Til 9pm To Morrow To See There's Awards!  hoply it will be worth the  waite @Mileycyrus To Win! x,1985940412,2009-05-31 18:03:39-07:00,136
OH NO! I wanted @mileycyrus to win ,1986016551,2009-05-31 18:11:25-07:00,35
@mileycyrus i'm sorr you didn't win ,1986019632,2009-05-31 18:11:42-07:00,36
@mileycyrus YOU SHOULD HAVE WON! I voted and voted! ,1986022326,2009-05-31 18:11:57-07:00,52
@mileycyrus i'm sorry  i was hoping you'd win though!,1986024629,2009-05-31 18:12:09-07:00,53
ugh! @mileycyrus lost the first one  but i do love @ashleytisdale too.,1986025192,2009-05-31 18:12:12-07:00,70
so sad @mileycyrus  never got that first award ,1986026172,2009-05-31 18:12:17-07:00,47
@mileycyrus  how the heck did that happen!,1986029366,2009-05-31 18:12:35-07:00,42
@mileycyrus ugh ! I love youu ! Idk how tisdale won ! ,1986039249,2009-05-31 18:13:30-07:00,54
Why the heck did Ashley Tisdale beat @MileyCyrus? ,1986039962,2009-05-31 18:13:34-07:00,50
@mileycyrus should have won that award. dang it! ,1986042745,2009-05-31 18:13:51-07:00,49
@mileycyrus sorry girl! better luck next time.... ,1986049973,2009-05-31 18:14:34-07:00,50
I'm soo sad cause @mileycyrus didn't win ,1986067701,2009-05-31 18:16:15-07:00,41
@mileycyrus so should have won! I can't believe she didn't    can't wait for the new moon trailor,1986091735,2009-05-31 18:18:33-07:00,97
@mileycyrus you were robbed!!! i voted like a million and two times ,1986126733,2009-05-31 18:21:59-07:00,68
sad that @mileycyrus didn't win. ,1986151110,2009-05-31 18:24:16-07:00,33
@mileycyrus shouldve won. ,1986410758,2009-05-31 18:47:55-07:00,26
im sad @mileycyrus didn't win.. she deserved it ,1986418291,2009-05-31 18:48:32-07:00,48
"@mileycyrus i hope you dont think i'm a creep- but i had a dream last night that we were best friends, i wish it was true  ",1986491916,2009-05-31 18:54:33-07:00,123
ags! commercial x3. Buu! Paramore don't win in the bes song  Congratulation to @mileycyrus,1986702750,2009-05-31 19:11:58-07:00,90
"@mileycyrus CONGRATS! <33 Again, Im sorry about what that hacker said.  Forgive me Miley!!",1986957411,2009-05-31 19:34:22-07:00,90
"@mileycyrus NO NOT YOU TOO, MILEY! ",1988698948,2009-05-31 23:07:07-07:00,35
@mileycyrus - Do you ever reply to fans? ,1988703557,2009-05-31 23:07:54-07:00,41
"@mileycyrus YOU WONNN???? Ayayay congrats!! You deserve it  Im from Indonesia and we have different time. So, I didnt watch you. Sorry ",1988937455,2009-05-31 23:49:41-07:00,135
"@ddlovato, @mileycyrus,@selenagomez . im so sad becas of you guyz . i thnk i shold give up twiter & thrw all my fan stuff about you away ",1989630448,2009-06-01 02:14:24-07:00,137
"Its 430 am and I can't sleep..soo im watching videos of @mileycyrus, I love her nd wish everyone would just be nice.. ",1989684183,2009-06-01 02:26:10-07:00,118
"@mileycyrus miley,congrats for your award.sorry im late.diffrent time  anyway,im so happy for you.you go girl!! ",1989776908,2009-06-01 02:46:22-07:00,112
"""@mileycyrus""you are the best!!!! I love you  can you give me your e-mail??? I want to write with you but I cant ",1989887265,2009-06-01 03:09:25-07:00,113
"""@mileycyrus""you are the best!!!! I love you  can you give me your e-mail??? I want to write with you but I cant ",1989888337,2009-06-01 03:09:38-07:00,113
"""@mileycyrus""you are the best!!!! I love you  can you give me your e-mail??? I want to write with you but I cant ",1989889332,2009-06-01 03:09:53-07:00,113
"""@mileycyrus""you are the best!!!! I love you  can you give me your e-mail??? I want to write with you but I cant ",1989891554,2009-06-01 03:10:18-07:00,113
"""@mileycyrus""you are the best!!!! I love you  can you give me your e-mail???I want to write with you but I cant ",1989895394,2009-06-01 03:11:07-07:00,112
"""@mileycyrus""you are the best!!!! I love you  can you give me your e-mail???I want to write with you but I cant ",1989898054,2009-06-01 03:11:41-07:00,112
"""@mileycyrus""you are the best!!!! I love you  can you give me your e-mail???I want to write with you but I cant ",1989900618,2009-06-01 03:12:14-07:00,112
"""@mileycyrus""you are the best!!!! I love you  can you give me your e-mail???I want to write with you but I cant ",1989902087,2009-06-01 03:12:34-07:00,112
"""@mileycyrus""you are the best!!!! I love you  can you give me your e-mail???I want to write with you but I cant ",1989903458,2009-06-01 03:12:52-07:00,112
"""@mileycyrus""you are the best!!!! I love you  can you give me your e-mail???I want to write with you but I cant ",1989904984,2009-06-01 03:13:11-07:00,112
"""@mileycyrus""you are the best!!!! I love you  can you give me your e-mail???I want to write with you but I cant ",1989906306,2009-06-01 03:13:28-07:00,112
"""@mileycyrus""you are the best!!!! I love you  can you give me your e-mail???I want to write with you but I cant ",1989907713,2009-06-01 03:13:46-07:00,112
"""@mileycyrus""you are the best!!!! I love you  can you give me your e-mail???I want to write with you but I cant ",1989908901,2009-06-01 03:14:01-07:00,112
"""@mileycyrus""you are the best!!!! I love you  can you give me your e-mail???I want to write with you but I cant ",1989910411,2009-06-01 03:14:20-07:00,112
"""@mileycyrus""you are the best!!!! I love you  can you give me your e-mail???I want to write with you but I cant ",1989912301,2009-06-01 03:14:44-07:00,112
"""@mileycyrus""you are the best!!!! I love you  can you give me your e-mail???I want to write with you but I cant ",1989914662,2009-06-01 03:15:12-07:00,112
"""@mileycyrus""you are the best!!!! I love you  can you give me your e-mail???I want to write with you but I cant ",1989920177,2009-06-01 03:16:19-07:00,112
"""@mileycyrus""you are the best!!!! I love you  can you give me your e-mail???I want to write with you but I cant ",1989921159,2009-06-01 03:16:31-07:00,112
"""@mileycyrus""you are the best!!!! I love you  can you give me your e-mail???I want to write with you but I cant ",1989922547,2009-06-01 03:16:50-07:00,112
"""@mileycyrus""you are the best!!!! I love you  can you give me your e-mail???I want to write with you but I cant ",1989923419,2009-06-01 03:17:01-07:00,112
"""@mileycyrus""you are the best!!!! I love you  can you give me your e-mail???I want to write with you but I cant ",1989924539,2009-06-01 03:17:15-07:00,112
"""@mileycyrus""you are the best!!!! I love you  can you give me your e-mail???I want to write with you but I cant ",1989926973,2009-06-01 03:17:45-07:00,112
"""@mileycyrus""you are the best!!!! I love you  can you give me your e-mail???I want to write with you but I cant ",1989928248,2009-06-01 03:18:02-07:00,112
"""@mileycyrus""you are the best!!!! I love you  can you give me your e-mail???I want to write with you but I cant ",1989930120,2009-06-01 03:18:25-07:00,112
"""@mileycyrus""you are the best!!!! I love you  can you give me your e-mail???I want to write with you but I cant ",1989931774,2009-06-01 03:18:47-07:00,112
"""@mileycyrus""you are the best!!!! I love you  can you give me your e-mail???I want to write with you but I cant ",1989933681,2009-06-01 03:19:10-07:00,112
"""@mileycyrus""you are the best!!!! I love you  can you give me your e-mail???I want to write with you but I cant ",1989935792,2009-06-01 03:19:37-07:00,112
@mileycyrus: So is this the last season? ,1991614145,2009-06-01 07:21:25-07:00,41
@mileycyrus Aww.  Is there going to be a 4th season? I love Hannah Montana!,1991619510,2009-06-01 07:22:00-07:00,75
@mileycyrus aww. boohoo.  i love your show. (,1991619987,2009-06-01 07:22:03-07:00,45
@mileycyrus plz say its not the last season ,1991620275,2009-06-01 07:22:05-07:00,44
"@mileycyrus oh really  but the last song sounds like amazing work and I'm sure you are going to be amazing in it, when do u start filming?",1991622944,2009-06-01 07:22:22-07:00,138
"@mileycyrus Aw man... I'm gonna miss the show.  It's become part of my home from work ""routine"" ",1991624845,2009-06-01 07:22:35-07:00,96
@mileycyrus Aw.  I'm gonna miss HM too. The Last Song is gonna kick-butt! Good luck.,1991636948,2009-06-01 07:23:54-07:00,84
@mileycyrus so does that mean you won't be making any more Hannah Montana shows? ,1991641040,2009-06-01 07:24:20-07:00,81
"@mileycyrus Hannah Montana isn't over though is it? As in, its not done for good right? The kids would be so sad ",1991643142,2009-06-01 07:24:33-07:00,113
"@mileycyrus OMG Theres Nomore Hannah Montana After Season 3?! If Not OMG Thats So Sad, I Love Your Show, It Always Makes Me Laugh ",1991653401,2009-06-01 07:25:38-07:00,130
"@mileycyrus aww  but im sooooooo excited for the last song to come out, btw are they still holding auditions????",1991655776,2009-06-01 07:25:53-07:00,112
@mileycyrus Miley I am going to miss Hannah Montana so much!! ,1991673498,2009-06-01 07:27:47-07:00,62
@mileycyrus is this end of hannah montana for good?? ,1991676003,2009-06-01 07:28:03-07:00,53
@mileycyrus is this the last season of Hannah Montana????????????????? ,1991679006,2009-06-01 07:28:22-07:00,71
@mileycyrus Want to watch the Whole Season here at the Philippines... The Episodes i watched here is until Episode 5.. ,1991694230,2009-06-01 07:30:02-07:00,119
@mileycyrus Can you teach me Math? I'll have a big test tomorrow ,1991697069,2009-06-01 07:30:17-07:00,65
@mileycyrus Is there season 4? ,1991707738,2009-06-01 07:31:23-07:00,31
"@mileycyrus OMG, why?! We love Hannah Montana! I can't imagine what would I watch without it! ",1991717010,2009-06-01 07:32:22-07:00,94
@mileycyrus wait is that going to be the end of hannah montana ,1991735180,2009-06-01 07:34:19-07:00,63
"Sorry,guys I had 2 get off last night  but omg I'm so glad @MileyCyrus won lastnight!!!!! I'm so proud of her!!! Luv u Miles!",1991795950,2009-06-01 07:40:43-07:00,125
@mileycyrus i hoping for another season but I guess it's the season ,1991804101,2009-06-01 07:41:35-07:00,68
@mileycyrus  i was hoping for another season (Hannah montana) but I guess it's the last season ,1991814534,2009-06-01 07:42:40-07:00,95
@mileycyrus  i was hoping for another season (Hannah montana) but I guess it's the last season ,1991831051,2009-06-01 07:44:24-07:00,95
@mileycyrus that's really sad!  what if there's no season 4? then this will be the end. *depressing*,1991842455,2009-06-01 07:45:34-07:00,100
@mileycyrus No more hannah montana whattt noooooo !! whyy ??  xx,1991873277,2009-06-01 07:48:50-07:00,64
@mileycyrus No! Not the last week! ,1991908266,2009-06-01 07:52:28-07:00,35
@mileycyrus is that the end of hannah montana? is there going to be seeason 4 or is it over??? please reply ,1992041159,2009-06-01 08:05:56-07:00,108
@mileycyrus whyyy ??  XX please reply ! Xx,1992158606,2009-06-01 08:18:01-07:00,42
@mileycyrus Drinking all night again?  be a goodgirl Miley!!!,1992161319,2009-06-01 08:18:18-07:00,61
"@mileycyrus awwww poor you miley  hope u get better soon! and btw congrates for ur MTV award, u deserve it! <3",1992162449,2009-06-01 08:18:25-07:00,110
@mileycyrus same here i nervous about my biology final   ahh,1992163701,2009-06-01 08:18:33-07:00,60
@mileycyrus I feel the same way  Feeling sick sucks. I hope you get well soon!,1992165068,2009-06-01 08:18:41-07:00,78
@mileycyrus Awww... That's not good...  Eat anything funny in the last 24 hours? Or could it just be all your nerves possibly?,1992167957,2009-06-01 08:18:58-07:00,126
@mileycyrus That doesn't sound good! ,1992168032,2009-06-01 08:18:58-07:00,37
@mileycyrus why? ,1992169108,2009-06-01 08:19:04-07:00,17
@mileycyrus i'm sorry gurl ^^( hope you feel better! your fans are here to help you in everything ^^) feel better ,1992181101,2009-06-01 08:20:12-07:00,114
"@mileycyrus not cool  I love you loads and congrats on the MTV awards, i voted like 50 times, the phone bill wont be cool lol",1992181183,2009-06-01 08:20:12-07:00,125
@mileycyrus oh whats wrong miley ,1992184605,2009-06-01 08:20:32-07:00,33
@mileycyrus ME TOO I have been sick the past 2 days!  I hope you feel better! Xoxo,1992184889,2009-06-01 08:20:33-07:00,82
@mileycyrus S going wrong Miley what do you eat yesterday     â¥â¥â¥,1992184904,2009-06-01 08:20:33-07:00,71
@mileycyrus  be happy bby,1992186548,2009-06-01 08:20:43-07:00,25
"@mileycyrus  i dont feel good too. i love you miley, smile always! your amazing. you totally deserved to win.i voted for you,obviously. <3",1992189419,2009-06-01 08:20:59-07:00,138
"@mileycyrus Gett better, i feel like dat    Pleasee sayy hii to mee, wud make me feel soo much better!",1992191472,2009-06-01 08:21:10-07:00,102
@mileycyrus Not a nice feeling that ,1992191516,2009-06-01 08:21:11-07:00,36
@mileycyrus are you okay? ,1992194202,2009-06-01 08:21:26-07:00,26
@mileycyrus me too! ,1992199331,2009-06-01 08:21:56-07:00,20
@mileycyrus: yh i get tht i hate it  lisening to the climb,1992204089,2009-06-01 08:22:23-07:00,58
@mileycyrus Yes ... Sadly it never turns on when i'm trying to write a track  x,1992219861,2009-06-01 08:23:54-07:00,79
@mileycyrus I hope you feel better girl i'm not feelin too hot today myself ,1992229600,2009-06-01 08:24:50-07:00,76
@mileycyrus Can you teach me Math? I'll have a big test tomorrow ,1992231806,2009-06-01 08:25:03-07:00,65
@mileycyrus omg :o why aren't u longer following @ddlovato? i didn't found her with ur following people ,1992281607,2009-06-01 08:29:57-07:00,104
@mileycyrus congratulations!  you had the best song and the Breakthrough Performance - Female ,1992288730,2009-06-01 08:30:36-07:00,94
@mileycyrus Do you ever feel like replying? It means the world to me! ,1992290077,2009-06-01 08:30:44-07:00,70
@mileycyrus Why Are You O.k I am ill   and i feel like i am gonna throw up toooo ,1992311115,2009-06-01 08:32:46-07:00,81
"@mileycyrus hey miley, when you say the last episode of season 3, will it be the last one ever? ",1992371518,2009-06-01 08:38:46-07:00,96
@mileycyrus Yeah I did. It's too annoying. ,1992407083,2009-06-01 08:42:10-07:00,43
@mileycyrus awe. Don't throw up.  feel better,1992424138,2009-06-01 08:43:49-07:00,45
@mileycyrus  the last week already. wow. is there going to be a season four or is hannah montana over after season three?,1992476918,2009-06-01 08:49:01-07:00,121
@mileycyrus are you not going to do anymore after this then?  x,1992512191,2009-06-01 08:52:25-07:00,63
@mileycyrus whaaaaat last season of hannah montana?! ,1992664255,2009-06-01 09:07:22-07:00,53
@mileycyrus Congratulations on ur big win you looks amazing and deserved it (: P.s hannah monatana is amazing ill miss watching it  x,1992686302,2009-06-01 09:09:33-07:00,133
@mileycyrus Awww! I hope you don't throw up! ,1992765659,2009-06-01 09:17:10-07:00,45
"@mileycyrus make another miley and mandy show, i miss them so much ",1992787726,2009-06-01 09:19:19-07:00,67
@mileycyrus WAITTT! So theres no more Hannah Montana? Everrr? ,1992821278,2009-06-01 09:22:34-07:00,62
@mileycyrus and we're gonna miss  you guys so muchh.  go make some awesome tv magic for us now <3,1993027493,2009-06-01 09:42:50-07:00,97
"@ashleytisdale, @mileycyrus and Zac you're great! it has been an amazing show. even if i've been woke up alll the night and it's not good ",1993099431,2009-06-01 09:49:52-07:00,138
"@mileycyrus i was expecting there to be a new video?!  Hurry up and make a new one, miss you!! ",1993261726,2009-06-01 10:05:36-07:00,95
@mileycyrus I've felt like that all day. ,1993511510,2009-06-01 10:29:46-07:00,41
@mileycyrus I still feel bad about the hacker! He @replied you such nasty messgaes from my account. IM SORRY!  Please forgive me!!!,1993722030,2009-06-01 10:49:45-07:00,131
yeah its difficult letting you down...knowing its all my fault.  @mileycyrus.,1993791494,2009-06-01 10:56:17-07:00,77
"Hey everyone, show @mileycyrus and @TraceCyrus some love. Some bitch on Trace's page made the mistake of opening her mouth about Miley. ",1993944327,2009-06-01 11:10:15-07:00,136
@mileycyrus wait is hannah over forever or just season 3 is wrapping? i really dont want it to be over ,1993969897,2009-06-01 11:12:31-07:00,103
"@mileycyrus I needa word, a phrase please i am not good at all, i am so unhappy... ",1994292534,2009-06-01 11:42:41-07:00,83
@cheergurl9732 omg! Did u get an update from @mileycyrus... that makes me sad! ,1995251370,2009-06-01 13:11:30-07:00,79
@josiecat85 @mileycyrus doesn't like u either. What did we do to make her angry  ,1995286460,2009-06-01 13:14:54-07:00,81
"@mileycyrus When you said ""go to youtube,"" I was expecting to see a new video on your MileyMandy page, but was sad when I didn't. ",1995335039,2009-06-01 13:19:31-07:00,130
@mileycyrus Miley why dont u answer me i love u just make a dot and i wont bother u this will show me that u care about ur fans please ,1995542373,2009-06-01 13:39:27-07:00,135
HEY @mileycyrus @ddlovato @perezhilton @therealtiffany @lucyyhale @thedebbyryan How are u  I love u babys im a big fann â¥,1996297084,2009-06-01 14:51:04-07:00,123
@mileycyrus   How rude! Lol. Whens the next Mileymandy show?? I realllyyy want u to do one soon! ,1997868538,2009-06-01 17:35:44-07:00,97
@mileycyrus Why? That's a bit awful! ,1997872406,2009-06-01 17:36:08-07:00,37
"@mileycyrus What a nice ""teacher"" ",1997884773,2009-06-01 17:37:27-07:00,34
@mileycyrus wow thats harshly mean and rude  i am sad for you,1997949374,2009-06-01 17:44:13-07:00,61
@mileycyrus awww  who is your Tennis Teacher?!,1998003349,2009-06-01 17:49:48-07:00,46
@mileycyrus don't worry miles I'm pretty shore my tennis teacher thinks that aswell  ohwell we try xxx,1998473700,2009-06-01 18:36:28-07:00,102
@mileycyrus - your tennis teacher is so mean  Haha,1998632491,2009-06-01 18:52:19-07:00,50
@mileycyrus Haha thats what mine has told me too  Lol I have a court but I SUCK and my teacher tells me that!,1998733534,2009-06-01 19:02:14-07:00,109
@mileycyrus http://twitpic.com/6fvzh - lol last monday  when will there be a new hm?,1998840084,2009-06-01 19:12:35-07:00,84
@mileycyrus hey can you plz follow me ive asked you loads of time but you just ignore me ,1998860105,2009-06-01 19:14:35-07:00,89
@mileycyrus Hiding those gorgeous eyes  come on bring them out of there.,1998871865,2009-06-01 19:15:46-07:00,72
@mileycyrus ohhhh..the both of you look gorgeous!! anyhoo.. there's no HM SEASON 4? ,1999091449,2009-06-01 19:37:37-07:00,84
I miss you poppy I wish I got to say goodbye  @mileycyrus your I miss you song is so beautiful xoxo,1999137410,2009-06-01 19:42:19-07:00,99
@mileycyrus  you make me sad sometimes!,1999792851,2009-06-01 20:49:59-07:00,39
@mileycyrus awe what's wrong  I'm sorry....wht didn't go so well?,1999854313,2009-06-01 20:56:49-07:00,65
@mileycyrus hahaha i love you and miss you ,2000149755,2009-06-01 21:30:39-07:00,43
is sad that I accidentally left the cd of @mileycyrus's sound track Hannah Montana the Movie in the rental..  I want to listen to it lol,2000939576,2009-06-01 23:22:43-07:00,136
@mileycyrus and @mandyyjirouxx hasn't accept my friend request on youtube ,2001859356,2009-06-02 02:19:20-07:00,74
i think on grammy awards @mileycyrus wore blck gown which looked great and ubfortunatly on red carpet i think she was on the bad dressed ,2002174260,2009-06-02 03:23:33-07:00,137
@mileycyrus When you doing your next miley mandyy show!? We miss it  lol,2007521161,2009-06-02 12:45:41-07:00,72
omg the HM movie is amazing its soo *.* (: @mileycyrus   @mitchelmusso i thought you were frequently in the movie  but it was so great (:,2007716609,2009-06-02 13:02:53-07:00,137
@mileycyrus I follow you sincw two weeks but I'm sad that you NEVR write back  THATS NOT COOL,2008644204,2009-06-02 14:26:26-07:00,93
@mileycyrus MILEY! I'd do anything if you'd just respond to me! <3  PLEASEEEEE!,2008681432,2009-06-02 14:29:51-07:00,79
@mileycyrus well i would love to perform on stage one day  .. swap lives for a day?! go on .. do it ;) haha,2009273581,2009-06-02 15:25:39-07:00,107
@mileycyrus i miss you  its been 7 monthsssss!,2010418945,2009-06-02 17:21:05-07:00,46
"I WANT MY DIVAS RIGHT HERE RIGHT NOOOOOOOOW! @ddlovato, @mileycyrus LUV YA SOOOOOOOOOOOOOOOOO FUCKING MUCH! ",2010618375,2009-06-02 17:41:06-07:00,108
"@mileycyrus YU MAKE ME SO MAD!!!!!!!!!!!!! your so gorgeous, ",2011413419,2009-06-02 18:59:12-07:00,61
@mileycyrus Us U.K people cannot check it out ,2011514668,2009-06-02 19:08:24-07:00,46
"@mileycyrus   u know what, ur music is such an inspiration 2 other peeps that when they're feeling down u cheer them up. i just wish i",2011539687,2009-06-02 19:10:44-07:00,134
"@mileycyrus, you are the best.  your breakout cd helped me alot.  I just lost a baby brother or sister ",2011566202,2009-06-02 19:13:12-07:00,103
@mileycyrus I was at the red carpet at the MTV music awards and tried to talk to you but you just walked past me. ,2012934461,2009-06-02 21:34:34-07:00,114
"@mileycyrus Pleazzzzzzze tell us ur getting a YTchannel, I luv You but You need a channel of ur own ",2013325329,2009-06-02 22:24:34-07:00,100
"@mileycyrus I really hope you aren't pregnant  lol.. But anyways, if you are congrats  just worried about the press...",2013401656,2009-06-02 22:35:17-07:00,118
@mileycyrus Are you making the announcement on the TV cause i live in England i dont know if i will see it  xx,2013586636,2009-06-02 23:02:40-07:00,110
@mileycyrus  I wont be able to cuz I will be at skool.ur lucky u go to school on set ,2013903992,2009-06-02 23:54:12-07:00,85
@mileycyrus can you follow me please just so  have someone ,2014379369,2009-06-03 01:20:08-07:00,59
"@mileycyrus well, its 7 here but too bad theres still THREE HOURS to wait in LA  ... i'm in suspense!",2015332509,2009-06-03 04:22:40-07:00,101
"@mileycyrus i am huge fan of you and i think we have the same character...greetings from Germany,I'm 16 years old...want to be like you ",2016258038,2009-06-03 06:27:39-07:00,136
@mileycyrus why can't u be doing a world tour? ,2016390733,2009-06-03 06:41:42-07:00,47
@mileycyrus Sry but can i get a question? Why you are talking with only other stars and your family? I would like to talk with you ,2016485968,2009-06-03 06:51:39-07:00,131
ahhhhh Im gna die!!!! @mileycyrus mail ain't com thru LOL  waaaa. xx,2016650682,2009-06-03 07:08:11-07:00,68
@mileycyrus hey i just saw your tour dates on mileyworld!! are you going to announce any more. australia loves you                xx,2016786708,2009-06-03 07:21:32-07:00,132
"Ahh @mileycyrus news is about her tour. Hmm thats not even that exciting, seeing as its not a world tour ",2016797555,2009-06-03 07:22:35-07:00,105
"okay, @mileycyrus is going on tour... BUT IS NOT IN BRAZIL... I CAN'T BELIVE! ",2016921806,2009-06-03 07:34:32-07:00,78
"I am back, i dont know why we not get any followers  but i will ask @mileycyrus to write about ur twitter on her page, good bless",2016989663,2009-06-03 07:41:02-07:00,129
@mileycyrus WHAT ABOUT AUSTRALIA?!  i think i'm gonna cry! i stayed up for this?! argh,2017054802,2009-06-03 07:47:16-07:00,86
@mileycyrus  im really bummed your not coming to Denver on your Tour ,2017066727,2009-06-03 07:48:25-07:00,69
@mileycyrus Check out my fake magazine cover http://www.magmypic.com/vie... please go and check it out pleeeaaassee ,2017215368,2009-06-03 08:02:23-07:00,116
"@mileycyrus im so happy, but your not coming to cincinnati OH this time ",2017331644,2009-06-03 08:13:04-07:00,72
@mileycyrus Geez... I WISH that was a world tour...   But good luck...,2017349531,2009-06-03 08:14:50-07:00,70
@mileycyrus Miley please come to the uk  i really want to see you and ive been so exited are you coming ;( wb!,2017351348,2009-06-03 08:15:01-07:00,110
@mileycyrus ahhhhhhhh i wish i could afford tickets because i've been soo excited about you touring again ,2017359807,2009-06-03 08:15:50-07:00,106
@mileycyrus is it just an american tour? i really want to go to one of your shows ,2017396610,2009-06-03 08:19:26-07:00,82
"@mileycyrus awww, your not coming to Canada...how come?  My daughter is going to be soooo sad, not to mention a lot of other fans. ",2017397307,2009-06-03 08:19:30-07:00,131
@mileycyrus bummer ! It's only for the states. Wish u were touring the U.K ,2017398558,2009-06-03 08:19:38-07:00,75
@mileycyrus well you ever be coming to Scotland?  i'd sit at my computer forever just to get a ticket !,2017399955,2009-06-03 08:19:46-07:00,103
@mileycyrus id love to visit ticketmaster if i lived in america ,2017400710,2009-06-03 08:19:51-07:00,64
@mileycyrus your not coming to philadelphia  but congrats! thats exciting!!,2017413571,2009-06-03 08:21:05-07:00,75
@mileycyrus are you not coming to ireland to tour  ?,2017413593,2009-06-03 08:21:06-07:00,52
@mileycyrus NNOOOOOOOO ur uk oe ent cumm outt     oh well i will waiitt,2017414212,2009-06-03 08:21:09-07:00,71
@mileycyrus What about the UK ,2017414963,2009-06-03 08:21:13-07:00,30
@mileycyrus not coming to England  I got so excited aswel!,2017417839,2009-06-03 08:21:29-07:00,58
@mileycyrus you coming to Ireland? I cant see the dates on my phone ,2017425376,2009-06-03 08:22:13-07:00,68
@mileycyrus by the time your tour starts I'll be living in CO. And you won't be playing there ,2017427411,2009-06-03 08:22:25-07:00,94
@mileycyrus i wanna go to ur concert! but i can't... hope to see you SOMEDAY..... ,2017434866,2009-06-03 08:23:08-07:00,82
@mileycyrus omgosh your coming here!! but i have no money  and by the time i do i kno tickets will be sold out once again ,2017435809,2009-06-03 08:23:13-07:00,122
"@mileycyrus Why don't you tour in the UK?  im from scotland & id love to see you live, i know plenty of others who would too ! ",2017440432,2009-06-03 08:23:41-07:00,127
@mileycyrus 	 We hope you here in Brazil 210 please    â¥â¥â¥â¥,2017441697,2009-06-03 08:23:49-07:00,67
@mileycyrus i wish you could come to boston nov. 9 cuz we have school off the next day!!! now i don't think i'll be able to go... ,2017493903,2009-06-03 08:28:58-07:00,130
@mileycyrus STILL Not Comeing To Ireland   x,2017498363,2009-06-03 08:29:23-07:00,44
@mileycyrus its really disappointing that youre not going to come to Canada  you have a lot of fans here you and @ddlovato  oh well,2017504615,2009-06-03 08:30:00-07:00,131
@mileycyrus What the thing about miley world ?   can yoou get them from there  i dnt havee a membershipp ,2017531725,2009-06-03 08:32:36-07:00,105
"@mileycyrus: your coming to ohio on a wednesday, i have school that day ",2017602779,2009-06-03 08:39:29-07:00,72
"@mileycyrus: your coming to ohio on a wednesday, i have school that day     ",2017613904,2009-06-03 08:40:32-07:00,76
@mileycyrus are you going to tour to london? come back!!! didn't manage to get me or my sister tickets last time ... ,2017614052,2009-06-03 08:40:33-07:00,117
@mileycyrus @TraceCyrus is your tour only in America? If so that sucks  englaaaaand!!!,2017679075,2009-06-03 08:46:50-07:00,86
@mileycyrus too bad you arent coming to Oklahoma ,2017681618,2009-06-03 08:47:05-07:00,49
@mileycyrus no dates in the UK? That's a shame ,2018023718,2009-06-03 09:19:01-07:00,47
@mileycyrus MILEY YOU'RE NOT COMING TO PHILLY/ATLANTIC CITY?!?!?!!? NOOOOOOOO Newark is too far for us south jersey-ans. i'm soo upset ,2018075179,2009-06-03 09:23:53-07:00,135
WHAT?!?!?! MILEY CYRUS TOUR?!?!?! I hope i get good tickets!!!   (@mileycyrus when do they go on sale?!?),2018095846,2009-06-03 09:25:50-07:00,105
@mandyyjirouxx manderrrzz i tried calling you  we need to plan our starbucks trip tonight with @mileycyrus,2018268967,2009-06-03 09:42:07-07:00,106
@mileycyrus why aren't you coming to canada? I was really looking forward to seeing you in concert ,2018269946,2009-06-03 09:42:13-07:00,99
@mileycyrus Why cnt u come to the Uk? i was saving up to see u aswell ,2018457028,2009-06-03 09:59:52-07:00,70
@mileycyrus you guys arent coming to new mexico?? ,2018735009,2009-06-03 10:25:47-07:00,50
Worst day ever ....... @mileycyrus tour is only US and lost internet 2 mins before blink182 presale no floor seats now wow wow ,2018780400,2009-06-03 10:30:05-07:00,127
@mileycyrus cant you come to the uk ,2018833522,2009-06-03 10:34:59-07:00,36
@mileycyrus i'm the saddest girl in the world why aren't you coming to europe!!  i wanna cry!!,2018936428,2009-06-03 10:44:38-07:00,94
@mileycyrus: gutted about the no UK dates ,2018974005,2009-06-03 10:48:11-07:00,42
"@mileycyrus Why aren't you coming to Houston, TX??   ",2030653753,2009-06-04 08:41:15-07:00,53
@mileycyrus! Come to Northern Ireland on tour pleaseeeeeeeee! :'( i'm so upset you're not even coming to the UK on the 2009 tour ,2031269492,2009-06-04 09:34:38-07:00,129
@mileycyrus awr  there is going to be a season 4 isn't there? x,2032497848,2009-06-04 11:20:36-07:00,63
@mileycyrus Miley Good Luck On Your Tour Have A Good One Wish I Could Go But Its Across The Alantic ,2032532360,2009-06-04 11:23:41-07:00,100
@mileycyrus oh no!! this is the worst tweet you've ever written ,2032568262,2009-06-04 11:26:48-07:00,64
@mileycyrus tell me this isnt true!  http://bit.ly/17tG1N,2032573124,2009-06-04 11:27:15-07:00,57
@mileycyrus haha. i love raybands but i unfortunately  i dont have any. ,2033782129,2009-06-04 13:10:58-07:00,72
@mileycyrus i used to have ray bans till they broke  gutted hows the evening treating you miley ^^,2033788320,2009-06-04 13:11:28-07:00,98
"@mileycyrus Wish i had rayban wayfarers, too expensve though  Hello!! XD",2033789086,2009-06-04 13:11:32-07:00,72
"@mileycyrus i dont have ray bans  I WANT ONEEE :'( my father has, i'll stole his ray bans :O lol",2033789618,2009-06-04 13:11:35-07:00,96
@mileycyrus i don't.  do you?,2033792447,2009-06-04 13:11:49-07:00,29
@mileycyrus http://twitpic.com/5ut6j - AWWWWWWWWWWWWWWWWWWWWWWWWWWWW  My sister just left for England and I started crying tooo !,2039829188,2009-06-04 22:54:55-07:00,129
@mileycyrus http://twitpic.com/3goxn - Poor you  â¥,2039881114,2009-06-04 23:02:50-07:00,52
Heyyy x Had Skl 2day  But i guess It was Okie I saw all my matiess - x ooh yh @mileycyrus ill be happy to help with ur new song !!!,2044232845,2009-06-05 09:03:41-07:00,131
@mileycyrus http://twitpic.com/3goxn - â¥everybody loves you cuz you areamazing girls! i wish...i want to be like you ,2044235995,2009-06-05 09:03:57-07:00,119
"SRY EVERYBOY WHO FOLLOWED ME; I BYMYSELF HATE POOSERS, SOO SORRY @MILEYCYRUS  AND I HOPE IF YOU SE THIS THAT U UNDERSTAND ",2044309872,2009-06-05 09:10:18-07:00,122
it hurts so much .  can someone help me? @ddlovato I love you @mileycyrus and you.,2045023263,2009-06-05 10:07:36-07:00,82
@mileycyrus following me pleasee!!! ,2045426670,2009-06-05 10:42:34-07:00,36
@BOPandTigerBeat I wish!!  Make sure you get lots of pics of @mitchelmusso & @mileycyrus together while you're there! ,2046051387,2009-06-05 11:37:19-07:00,118
@mileycyrus http://twitpic.com/6mns3 - awwwwwww....... the puppy face!!!!!!! ,2046900947,2009-06-05 12:51:32-07:00,77
@mileycyrus Will you PLEASE come 2 belfast?? You and the jonas brothers are only going 2 Dublin and i cant see either of you ,2047322989,2009-06-05 13:28:55-07:00,125
"@mileycyrus i hate when they write things that aren't true, they act like it doesn't hurt you or like you have no feelings ",2047645093,2009-06-05 13:57:52-07:00,123
@mileycyrus i wish you and nick @jonasbrothers would get back together  the preview of your duet is so beautiful! and so were u guys!,2048488717,2009-06-05 15:16:53-07:00,133
@mileycyrus OMG I CANT WAIT FOR THE MANCHESTER TICKETS TO COME OUT NEXT WEEK!! do you know ho wmuch they are coz i cant find the prices  x,2048570709,2009-06-05 15:25:04-07:00,138
@mileycyrus Miley follow me PLEASE!!!! I'm a biiig fan of you! and Idk how I can talk with you ,2048588231,2009-06-05 15:26:46-07:00,95
@mileycyrus Hey how are you today ? I had the worse day ever ,2048651440,2009-06-05 15:32:57-07:00,61
So upset that @mileycyrus isn't coming to Newcastle on her UK tour in December   ,2048899757,2009-06-05 15:57:45-07:00,81
@mileycyrus u need to come to australia  youd love it here! pleasseee add us to ur tour dates! i love you so much.words can't describe itâ¥,2049499335,2009-06-05 16:59:24-07:00,140
@mileycyrus u need to come to australia  youd love it here! pleasseee add us to ur tour! i love you so much.words can't describe it &#9774,2049523045,2009-06-05 17:01:47-07:00,138
@mileycyrus u need to come to australia  youd love it here! pleasseee add us to ur tour! i love you so much.words can't describe â®,2049525605,2009-06-05 17:02:04-07:00,132
@mileycyrus It would make my YEAR if u replied saying Hi or Somethin like that i live in the UK so havnt seen u live  Plz reply ! x,2049769631,2009-06-05 17:28:05-07:00,131
@mileycyrus Miley please come to Brazil! ,2049829357,2009-06-05 17:34:28-07:00,41
I wish @mileycyrus would tweet ,2050227033,2009-06-05 18:17:38-07:00,31
"Consensus, there is ALOT of emotion tied up in this song for fans; go read Ocean Up .. Niley 4eva  @JonasBrothers @mileycyrus",2050436631,2009-06-05 18:40:00-07:00,125
"still pissedd that @mileycyrus isnt coming to sacramento. i dont wanna drive to oakland, we all know what happened last time I did that ",2050817174,2009-06-05 19:20:43-07:00,136
"""Thinkin' back to where we started.. And how we lost all that we are.."" -Before The Storm @JonasBrothers ft. @MileyCyrus ",2050921881,2009-06-05 19:32:11-07:00,121
@jesstar619208 @cheergurl9732 @coleyrenee @mileycyrus flip yes we could...although i suck at life an directions so i cant show her ,2051036234,2009-06-05 19:44:44-07:00,131
@mileycyrus i wish! i dont live in the area ,2051073678,2009-06-05 19:48:50-07:00,44
"@mileycyrus im here, your there... ",2051086474,2009-06-05 19:50:16-07:00,35
@mileycyrus my friends are. but not me. ,2051098005,2009-06-05 19:51:31-07:00,40
"@mileycyrus hey i was just watching the episode about oliver getting the part, while i was working out & didnt finish it.  but oh well ...",2051142833,2009-06-05 19:56:30-07:00,138
@mileycyrus I so wish I could go to @mitchelmusso gig but I'm in San francisco now ,2051164435,2009-06-05 19:58:49-07:00,83
@mileycyrus I am!! not ,2051324883,2009-06-05 21:39:49-07:00,23
@mileycyrus ugh.  Here in our country it's very late  we're still on the 3rd season ,2051689517,2009-06-05 22:34:12-07:00,84
@mileycyrus hii miley!!! ohh so bad that the serie finish  ohh cool :O?  its going to be a 4th season !!!??? yeahh ,2051690552,2009-06-05 22:34:20-07:00,115
@mileycyrus btw please come to puerto rico  with metro station! ,2051748785,2009-06-05 22:42:51-07:00,64
"i wish @mileycyrus would wish me a happy birthday, it'd make my day better. but i know theres no chance in that ",2051755302,2009-06-05 22:43:51-07:00,112
"@mileycyrus miley,yesterday was my sweet 16.please say something  i just widh you reply me.just that.please (",2051785911,2009-06-05 22:48:26-07:00,109
"@mileycyrus 4th season from HM and the TOUR w/MetroStation PERFECT, but, Brazil isn't in your tour ",2051830942,2009-06-05 22:55:10-07:00,99
@mileycyrus i would love to come grove but i cant ,2051900153,2009-06-05 23:05:46-07:00,50
"@mileycyrus I am depressed, almost every day I lose some followers ",2051914427,2009-06-05 23:08:04-07:00,67
"dont forget @ddlovato, family portrait @pink, because of you @kellyclarkson and even the climb @mileycyrus have the power to make me cry! ",2052325652,2009-06-06 00:21:18-07:00,138
@mitchelmusso @mileycyrus  awww I wish I was there  xxxxxxx luv ya both xxxxxxxx,2052600091,2009-06-06 01:18:03-07:00,80
"@mileycyrus I cnt w8 for season 4 Hannah Montanas great, Plz Repy I ws goin To ur 09 tour but im In Newseland The WHOLE mnth Ur In The Uk ",2052633481,2009-06-06 01:25:43-07:00,138
@mileycyrus I'ts kinda bummer here at indonesia coz the MTV music Awards haven't been premiered yet here >.< what a bummer ,2053332951,2009-06-06 04:10:10-07:00,123
@mileycyrus  i'm rely sad 2   he he he but how can a humen be sad from his star ?! u know u r the best miley keep on moving keep climbing,2053814108,2009-06-06 05:46:50-07:00,137
@mileycyrus oh...i'm really upset cause you are not allowed to buy vip tickets for miley cyrus  I really want to meet her!,2054022984,2009-06-06 06:21:23-07:00,122
Is hoping ticketmaster hurry up and put the tickets up for @Mileycyrus tour ,2054522615,2009-06-06 07:32:13-07:00,76
@mileycyrus http://twitpic.com/6mns3 - aw  sad becoz the episode ended new one cummin up wooow ,2054759289,2009-06-06 08:01:46-07:00,95
@mileycyrus  Miley follow me PLEASE!!!! I'm a biiig fan of you! and Idk how I can talk with you ,2054788294,2009-06-06 08:05:08-07:00,96
@mileycyrus past the time you come to Brazil ,2054793351,2009-06-06 08:05:43-07:00,45
@mileycyrus hey just ask how many tweet accounts do you have !! im tired getting fooled pls im really tired !! of finding the real you ,2054797535,2009-06-06 08:06:11-07:00,135
@mileycyrus  Miley follow me PLEASE!!!! I'm a biiig fan of you! and Idk how I can talk with you ,2054817234,2009-06-06 08:08:31-07:00,96
@mileycyrus i dont think my mam is gonna let me go to your concert in dublin.. this is so unfair!! ,2054820331,2009-06-06 08:08:54-07:00,99
"@mileycyrus that must be so cutee. sometimes i wish to have a puppies, but i cant even took care of my gold fish ",2054848708,2009-06-06 08:12:17-07:00,113
@mileycyrus come to the philippines with metro station! ,2054858941,2009-06-06 08:13:31-07:00,56
@mileycyrus and for the canadian fans ? ,2054872057,2009-06-06 08:15:05-07:00,40
@mileycyrus come to germany ,2054875425,2009-06-06 08:15:29-07:00,28
@mileycyrus come to montreal miles  we love you here lmao you're everywhere ;),2054898637,2009-06-06 08:18:13-07:00,78
"@mileycyrus What about all your amazing Turkish fans? lol we'd love you see you here. come to turkey, please ",2054926781,2009-06-06 08:21:34-07:00,109
"@mileycyrus come to rome again,we miss u ",2054929022,2009-06-06 08:21:51-07:00,41
@mileycyrus What about all your amazing Turkish fans? We'd love you see you here!! Come to Turkey please ,2054954307,2009-06-06 08:24:54-07:00,105
@mileycyrus  Miley follow me PLEASE!!!! I'm a biiig fan of you! and Idk how I can talk with you ,2054955159,2009-06-06 08:25:00-07:00,96
@mileycyrus my grandad is not doing very well and I'm having a hard time dealing with it  I need to study but can't concentrate  I'm sad,2054961170,2009-06-06 08:25:42-07:00,136
@mileycyrus please come to Belgium ,2054995870,2009-06-06 08:29:52-07:00,35
@mileycyrus please miley come back to germany ,2055037877,2009-06-06 08:34:44-07:00,46
@mileycyrus  what about your fans in ny!?! especially me. i love you miley<3,2055069692,2009-06-06 08:38:26-07:00,76
@mileycyrus and your fans in Chile? haha  Chile love u!andwaiting for u!you makesan awesome job onhannah montana!u are an amazing actress!,2055098256,2009-06-06 08:41:39-07:00,138
LEVEL 1 Â£49.50 - Â£60.00  FLOOR SEATING Â£60.00  LEVEL 4 Â£49.50 @mileycyrus FML. were in a recession babesss ,2055478278,2009-06-06 09:23:25-07:00,111
"@mileycyrus i can't believe your uk tickets are like Â£60. im sorry, i want to go so bad but its ridiculous ",2055510632,2009-06-06 09:26:59-07:00,108
"So apparantly @mileycyrus tickets are Â£60  if that's true, I won't be able to go  gutted.",2055574498,2009-06-06 09:33:59-07:00,90
"@mileycyrus your fans aren't all loaded, we cannot afford Â£60 for uk tour dates! ",2055591192,2009-06-06 09:35:48-07:00,82
@mileycyrus YOU MADE MY SISTER CRY  plesae bring the uk prices down !,2055596118,2009-06-06 09:36:21-07:00,69
@mileycyrus you made my sister cry becasue we cant go to your uk concert as its too expensive ,2055663437,2009-06-06 09:43:48-07:00,94
@mileycyrus aww ur with demz im jealous too  ,2055680554,2009-06-06 09:45:40-07:00,45
"@mileycyrus .i wish u knew who i was  miley cyrus gina ,14 loves you soo much. pleasee give me a shout out. it'd make my day! xx loveu",2055694168,2009-06-06 09:47:10-07:00,134
@mileycyrus  thats all. you're still perfect.,2055695166,2009-06-06 09:47:16-07:00,45
@mileycyrus Â£60  breaking the bank bigtime!,2055733939,2009-06-06 09:51:28-07:00,44
feels like crying. i can't go to @mileycyrus concert in london in december ,2055737839,2009-06-06 09:51:55-07:00,75
@mileycyrus Miley Please Come To Brazil  Love Baby      	 I am sad today  â¥â¥â¥â¥,2055742062,2009-06-06 09:52:23-07:00,86
"@mileycyrus Â£60 for your UK concert. we're not all rich like you. PLEASE lower it, I've been wanting to see you for so long. ",2055743759,2009-06-06 09:52:35-07:00,126
everytime i try and ome up with a solution... there's always another reason why i can't make it to @mileycyrus london concert in december ,2055745934,2009-06-06 09:52:50-07:00,138
@mileycyrus please come to the UK sooner! i'm going to be in New Zealand when you come in december ,2055759241,2009-06-06 09:54:17-07:00,99
can't believe she can't make it to @mileycyrus concert in december ,2055784948,2009-06-06 09:57:05-07:00,67
@mileycyrus Are Demi and Trace dating? Seriously?  But Trace is so awesome... o & having metro station 4 ur tour is odd. they cuss & (cont,2055787923,2009-06-06 09:57:26-07:00,138
"@mileycyrus not everyone can afford them, & when you have a saingle parent who cant work due to health reasons, theres nothing i can do! ",2056197678,2009-06-06 10:42:14-07:00,137
@mileycyrus cos ure tickts are so expensive i cant come to england. so please come to SCOTLAND u cant miss SCOTLAND out in a UK tour!!  ,2056383693,2009-06-06 11:02:46-07:00,136
@mileycyrus PLEASE come to SCOTLAND so many people here want to see you! u cant miss out SCOTLAND in a uk tour  p.s i <3 before the storm,2056421307,2009-06-06 11:06:48-07:00,137
@mileycyrus you can miss out SCOTLAND on your UK tour ,2056496267,2009-06-06 11:15:03-07:00,54
@mileycyrus PLEASE come to scotland on your UK tour! <3 <3 please! otherwise i wont be able to see you! and i havent yet ,2056545558,2009-06-06 11:20:30-07:00,121
"@mileycyrus pleaseeee can you cut down the ticket price for your UK tour please, us girls cant afford Â£60 so quick ",2056549976,2009-06-06 11:20:59-07:00,116
@mileycyrus omg!..say hi to him ;) nice greetings from germany..when are u commin here?!? ,2056591106,2009-06-06 11:25:33-07:00,90
@mileycyrus why wont u respond?.... ,2056623183,2009-06-06 11:29:12-07:00,36
@mileycyrus  really thank u 2 make me this ,2056627268,2009-06-06 11:29:41-07:00,43
"@mileycyrus 	 Miley the song you sing with Nick is beautiful, you know that the rumors have started to arise about you  ",2056636832,2009-06-06 11:30:45-07:00,120
"@mileycyrus btw, can't wait for you to come back to NJ! =] i couldn't get tix last time ",2056645982,2009-06-06 11:31:47-07:00,88
@jamiemcflyx thats shit. Why the hell are @mileycyrus tickets so expensive. Great. Now i can't go. Totally ridiculas price! ,2056651708,2009-06-06 11:32:25-07:00,124
@mileycyrus i wish I was you ,2056785697,2009-06-06 11:47:24-07:00,29
"@mileycyrus @ddlovato tell the jobro's that there youtube has been suspended :'( like you'll read this, but ah well...   ",2056807087,2009-06-06 11:49:53-07:00,121
@mileycyrus oops sorry i messed it up  it's sugar_shoes_96,2056814679,2009-06-06 11:50:44-07:00,58
fck @mileycyrus for being in a dark room w nick ! turn the lights on! ,2056988222,2009-06-06 12:09:51-07:00,70
I wish I was with @mileycyrus @ddlovato @selena gomez and @jonasbrothers ,2057110120,2009-06-06 12:23:25-07:00,73
I wish I was with @mileycyrus @ddlovato @selenagomez and @jonasbrothers ,2057113741,2009-06-06 12:23:49-07:00,72
@mileycyrus why arnt you doing a full UK tour  only going to 3 places!,2057237163,2009-06-06 12:37:41-07:00,70
@mileycyrus tell nick that their youtube account got suspended  jonasbrothersmusic @jonasbrothers,2057532896,2009-06-06 13:10:47-07:00,97
Yey! Manchester 27/28 Dec! @mileycyrus .No doubt all the decent tickets will have gone to those who have a fan club membership  soz niel!,2057722300,2009-06-06 13:32:19-07:00,137
@mileycyrus Your ticket prices for ur concert are SO expensive  i think a lot can't afford this.!!,2057842807,2009-06-06 13:46:01-07:00,98
i'm jealous of @mileycyrus. i wanna be with nick j right now ,2057864637,2009-06-06 13:48:34-07:00,61
@mileycyrus Â£50?!?! PLEASE lower your concert prices!!!! ,2057884680,2009-06-06 13:50:54-07:00,58
@mileycyrus i love you miley! oh my gawd! i cant believe you can only perform in london! wish you could perform where i live ,2057993627,2009-06-06 14:03:28-07:00,125
@mileycyrus COME TO SCOTLAND! you cant go on a uk tour and not come to SCOTLAND ,2058038445,2009-06-06 14:08:41-07:00,80
BEFORE THE STORM with @mileycyrus and Nick. I want them back together  such beautiful people..,2058073293,2009-06-06 14:12:46-07:00,94
@mileycyrus i hate you !!!!!!!!!!!!!!!!! ,2058214748,2009-06-06 14:29:46-07:00,41
"Oh lord @mileycyrus tour dates, no one can go with me ",2058246438,2009-06-06 14:33:30-07:00,54
@mileycyrus 's concert tickets are soooo expensivee   ......  they will have to be my christmas present  oh well,2058586329,2009-06-06 15:14:00-07:00,112
@mileycyrus i wish you could see my video  : http://bit.ly/2WDeZm  PLEASE <3,2058904770,2009-06-06 15:51:39-07:00,76
@mileycyrus miley i love you but please lower your UK tour prices ,2058905500,2009-06-06 15:51:44-07:00,66
@mileycyrus How's the new song coming along? Good I hope. Hope all is well with you and your family. God Bless! Any chance of an @reply?? ,2058906884,2009-06-06 15:51:54-07:00,138
"@mileycyrus SEND A KISS TO @stephanierangel SHE LOVES YOU, PLEASE MILEEEEY ",2058911977,2009-06-06 15:52:31-07:00,75
@mileycyrus sosososososoooo many fans in Scotland but no concert here or close  please come xxx,2058942240,2009-06-06 15:56:11-07:00,95
"@mileycyrus fun for you, im super bored, i can't sleep  ohh",2058954169,2009-06-06 15:57:38-07:00,59
"@mileycyrus that should be fun, i want a sleepover with my friends tonight 2 ",2058954521,2009-06-06 15:57:41-07:00,77
@mileycyrus miss sleepovers....  used to have soooo much fun!!!!,2059016099,2009-06-06 16:04:51-07:00,64
"@mileycyrus don't be sad, there will be more nights in la. i'm so sad that i'll never be in L.A . ",2059030470,2009-06-06 16:06:30-07:00,98
"@mileycyrus hope your trip goes well, follow me im following you, we can keep in touch, and how is the new season, is it good ",2059036583,2009-06-06 16:07:15-07:00,126
@mileycyrus WHERE ARE YOU GOING? ,2059037220,2009-06-06 16:07:20-07:00,33
@mileycyrus it must happen alot to you ,2059040451,2009-06-06 16:07:43-07:00,39
@mileycyrus why is your last night in L.A?  i love u so much!,2059090948,2009-06-06 16:13:42-07:00,61
@mileycyrus I'm gonnna stay up later waiting for a reply it's alredy 2am here  xxxxx,2059098066,2009-06-06 16:14:34-07:00,84
@mileycyrus Mileyyy are you ever gonna tour or do a few concerts in England? ,2059114738,2009-06-06 16:16:34-07:00,77
@mileycyrus DON'T go ...you can't ur my ummy ummy umpkims  Remeber Sqq reporter and my black sandals. p.s. this is my europe account ,2059178027,2009-06-06 16:24:19-07:00,133
@mileycyrus PLEASE COME TO CANADA !!  the tour is North America.. PLEASE !!!!,2059189635,2009-06-06 16:25:45-07:00,77
@mileycyrus    where are u going girl?,2059192224,2009-06-06 16:26:04-07:00,38
"wishes she could get tickets to go see @mileycyrus in London this year, but cant afford them  x",2059200369,2009-06-06 16:27:03-07:00,95
@mileycyrus  where are u goen now,2059294200,2009-06-06 16:38:30-07:00,33
@mileycyrus  have fun and good luck! ,2059306357,2009-06-06 16:40:01-07:00,37
@mileycyrus You don't get to lie in on sundays? Awwww ,2059329801,2009-06-06 16:42:50-07:00,54
@mileycyrus don't be sad   I'm sure u will be back soon!!,2059377657,2009-06-06 16:48:42-07:00,57
@mileycyrus come to newcastle on your uk tour in december! ,2059431726,2009-06-06 16:55:23-07:00,59
I need you so much right now! @mileycyrus ,2059452893,2009-06-06 16:58:01-07:00,42
@mileycyrus what about Selena ?  All three of y'all should sleepover together !!! TEAM ...wait for it ... MILEY DEMI & SELENA <3,2059458363,2009-06-06 16:58:40-07:00,128
@mileycyrus You know what u have NOT done today? Write a song. Who u think you're fooling Miley? I would never have expected this from u ,2059610701,2009-06-06 17:16:46-07:00,137
@mileycyrus wish a could go to la just escape from everything ,2059626968,2009-06-06 17:18:42-07:00,62
@mileycyrus Very pretty picture. It's cloudy here in Washington. ,2059738520,2009-06-06 17:32:17-07:00,65
@mileycyrus hey im a big fan i misse dthe concert i couldnt make it ,2059740628,2009-06-06 17:32:32-07:00,68
@mileycyrus COME TO TORONTO please! Don't break my heart! ,2059742031,2009-06-06 17:32:43-07:00,58
@mileycyrus http://twitpic.com/6shtr - hey save some pretty for the rest of us! ,2059755590,2009-06-06 17:34:21-07:00,80
"@mileycyrus http://twitpic.com/6shtr - I wish it was sunny here in ""Sunny Florida"" but RAINY instead   Enjoy the sun!!",2059760311,2009-06-06 17:34:56-07:00,118
@mileycyrus http://twitpic.com/5ut6j - aww noah don't cry  or you'll make me cry :'(,2059778006,2009-06-06 17:37:09-07:00,84
@mileycyrus http://twitpic.com/6shtr - Miley!!!!! I can't see u pic ,2059779627,2009-06-06 17:37:18-07:00,68
@mileycyrus http://twitpic.com/6shtr - its not working ,2059781002,2009-06-06 17:37:28-07:00,55
@mileycyrus http://twitpic.com/6shtr - i can't see it! ,2059784995,2009-06-06 17:37:58-07:00,55
@mileycyrus http://twitpic.com/6shtr - repost it...it isnt working ,2059788188,2009-06-06 17:38:20-07:00,67
@mileycyrus the picture didn't work  what's the picture of?,2059790711,2009-06-06 17:38:39-07:00,59
@mileycyrus http://twitpic.com/6shtr - Can't see it ,2059791157,2009-06-06 17:38:42-07:00,52
@mileycyrus http://twitpic.com/6shtr - i cant see it ,2059805315,2009-06-06 17:40:22-07:00,53
@mileycyrus http://twitpic.com/6pxxd - oh gosh I wish I could date Michel ,2059807730,2009-06-06 17:40:38-07:00,74
@mileycyrus Manchester in December!!!!!!!!!! WOW!...presale? Huh? I don't know the password  I NEEEED front row!,2059826124,2009-06-06 17:42:50-07:00,112
"@mileycyrus miley, i need and advice... what do u do when youre tired of everything around u? have u ever felt like that? ",2059827296,2009-06-06 17:42:59-07:00,122
@mileycyrus http://twitpic.com/6shtr - why can't i see this pictureeeee ,2059835353,2009-06-06 17:43:56-07:00,72
@mileycyrus i cant see the picture ,2059847915,2009-06-06 17:45:27-07:00,35
@mileycyrus are u with him? ,2059871319,2009-06-06 17:48:20-07:00,28
@mileycyrus Picture wont load :O ,2059920462,2009-06-06 17:54:19-07:00,33
@mileycyrus http://twitpic.com/6shtr - Can't see it ,2059927478,2009-06-06 17:55:09-07:00,52
@mileycyrus http://twitpic.com/6shtr - cant see!!  come to Mexico city !,2059950745,2009-06-06 17:58:02-07:00,72
@mileycyrus your photo didn't show up  have you & your siblings always been close or has it just come with age?! I hope 2 get that w mykdz,2059959760,2009-06-06 17:59:09-07:00,138
@mileycyrus the pic you posted isn't showing up for me ,2060090777,2009-06-06 18:14:20-07:00,55
@mileycyrus http://twitpic.com/6shtr - aww that's a nice pic. lucky you summer is almost there. where i am winter is almost coming ,2060238281,2009-06-06 18:31:30-07:00,131
"is jealous of @mileycyrus for being inside a dark theater with nick j who is rocking a faded eggplant shirt, writing a song. asjhdkjgh ",2060474490,2009-06-06 18:58:31-07:00,135
"@mileycyrus i bet you miss him..your just lucky ur brother gets to come home, i havent seen my older brother for about a year ",2060478506,2009-06-06 18:58:58-07:00,126
@mileycyrus omg yeah @respectmileyc is right they should! i feel so sorry for @heidimontag ,2060507968,2009-06-06 19:02:11-07:00,91
@mileycyrus i miss my big brother  hes in japan right now playing rugby http://twitpic.com/6muah,2060521053,2009-06-06 19:03:38-07:00,96
@mileycyrus i miss my big bro  hes in japan right now playing rugby http://twitpic.com/6muah,2060531275,2009-06-06 19:04:48-07:00,92
"Ok, Mom couldn't dig the energy of having @ddlovato @mileycyrus and @Jonasbrothers on her refrigerator... too bad ",2060984029,2009-06-06 19:57:30-07:00,114
@mileycyrus you should rlly just date nick  haha you guys are so cute. i know ur only bestfriends but check out NileyLoveStory on youtube,2061033727,2009-06-06 20:03:03-07:00,137
why does @mileycyrus have to make my life so depressing! ,2061110638,2009-06-06 20:11:56-07:00,57
@mileycyrus http://twitpic.com/6shtr - im so jealous of ur hair ,2061118018,2009-06-06 20:12:50-07:00,64
@mileycyrus you and Nick? ,2061281054,2009-06-06 20:32:38-07:00,26
@mileycyrus http://twitpic.com/6shtr - i dont understand how writing it a thousand times makes it any more valid  no one else gets a c ...,2061563805,2009-06-06 21:07:54-07:00,138
@mileycyrus the videoshoot was so much fun ! i think i saw something going on between you and NJ. see yea tmrw at the airport ,2062368811,2009-06-06 23:02:18-07:00,126
@mileycyrus the videoshoot was so much fun ! i think i saw something going on between you and NJ. see ya tmrw at the airport ,2062371848,2009-06-06 23:02:48-07:00,125
"@mileycyrus Hey it's also my last night in Los Angeles too  I'm off to New York for a few days & then I'll be in Nashville, Tennesee ",2062496631,2009-06-06 23:24:09-07:00,133
@mileycyrus i wish the UK tour tickets were a normal price. i really wanna go but can't afford it :/ still love you miley ,2062792048,2009-06-07 00:18:51-07:00,122
"@mileycyrus http://twitpic.com/6shtr - ARGH the weather doesn't look too good :/ same as here,  hope you enjoyed what sun you had thou ...",2062894438,2009-06-07 00:39:32-07:00,138
@mileycyrus please come to Malaysia !!!!! I'm still wondering if you'll accept my request ,2063026598,2009-06-07 01:06:34-07:00,90
Awake. Bored. Still depressed @mileycyrus isn't coming to Newcastle ,2063555708,2009-06-07 03:08:08-07:00,68
@xlovex16FAN I dont know either haha. its not fair @mileycyrus is comin to my city in december but no one can come with me ,2063600184,2009-06-07 03:19:19-07:00,123
@mileycyrus could you tell me what to do? the dog of my uncle is dying and I LOVE that dog.. I grew up with him and I'm nearly crying.. ,2063710488,2009-06-07 03:46:24-07:00,136
@mileycyrus why where are yoo going  mileyy !?,2063794820,2009-06-07 04:06:08-07:00,46
Can't afford tickets to see@mileycyrus at the London 02  my life is officially over :'(,2063859420,2009-06-07 04:21:22-07:00,87
@mileycyrus hey miley. pls answer my reply ,2063892152,2009-06-07 04:28:58-07:00,43
Can't afford tickets to see @mileycyrus at the London 02  my life is officially over :'(,2063937046,2009-06-07 04:39:03-07:00,88
i wanna go to @mileycyrus 's concert in december! but i cant afford it    need to get the money!!!,2064224439,2009-06-07 05:37:55-07:00,98
"@Selenao04ever0o  ok, I see. But everyone think @selenagomez hate @mileycyrus and Miley hate her ",2064339065,2009-06-07 05:59:25-07:00,97
@RespectMileyC @mileycyrus came to spain... but to Madrid  all famous going to Madrid (the capital) but never came to Canary Islands ,2064405413,2009-06-07 06:10:32-07:00,133
@mileycyrus I had a sleepover but I gpt sick and I had to leave!!  I felt bad!!!,2064499849,2009-06-07 06:26:15-07:00,80
@mileycyrus what's up with your ticket prices? Â£50-60? i can't go  xxx,2064517549,2009-06-07 06:29:13-07:00,71
@mileycyrus miley please lower the cost of your UK tickets  xxx,2064659943,2009-06-07 06:51:24-07:00,63
@mileycyrus SCOTLAND is still waiting for a concert date!! dont let us down please  so many fans,2064686418,2009-06-07 06:55:25-07:00,96
hmm why the hell does walmart keep associating themselves with @mileycyrus ugghh now a clothing line too ,2065844614,2009-06-07 09:24:10-07:00,105
is very very very sad that she can't go see @mileycyrus in concert in October.  shes the love of ma life!,2066022021,2009-06-07 09:44:29-07:00,105
@mileycyrus she got everything that i have to live WITHOUT  iloveuidolâ¥,2066904127,2009-06-07 11:23:15-07:00,73
@mileycyrus http://twitpic.com/6shtr - So Jealous of your skin  You're so beautiful- God's gift to the world x,2067230596,2009-06-07 11:59:01-07:00,110
@mileycyrus with u came to germany thouugh ,2067315045,2009-06-07 12:07:44-07:00,43
@mileycyrus http://twitpic.com/6mns3 - so sad faces.i will join with u.  too bad the season ended!but lets be happy coz u will make an ...,2067333891,2009-06-07 12:09:43-07:00,138
@mileycyrus please please come to Scotland! ,2067374732,2009-06-07 12:13:56-07:00,44
"@mileycyrus Miley, YOU'RE MY EXAMPLE. You're everything to me, you're my muse. Come to Brazil as sooner as possible, PLEASE  WE LOVE Y ...",2067547715,2009-06-07 12:32:21-07:00,138
@mileycyrus i think you should lower your UK tour prices cos me and 373622826 people can't see you cos they're too expensive  sadtimesss,2067581879,2009-06-07 12:35:58-07:00,136
@mileycyrus hey miley why r u writing just few tweet? ,2067581969,2009-06-07 12:35:59-07:00,54
@mileycyrus aww you're mixed up? ,2067583127,2009-06-07 12:36:06-07:00,33
I want to be @mileycyrus !  HAHA,2067584372,2009-06-07 12:36:13-07:00,32
@mileycyrus couldnt have said it better myself ..uggh ,2067621719,2009-06-07 12:40:07-07:00,54
@imsoblazedrtnow  whaaaaat i just love @mileycyrus lol thats all.,2067673007,2009-06-07 12:45:32-07:00,65
"@mileycyrus your display name on bebo miley broken is fake,according to emily,as she told me so,so now im not getting my autograph frm u ",2067676508,2009-06-07 12:45:54-07:00,137
@mileycyrus PLEASE come to SCOTLAND. you cant miss out SCOTLAND in a UK tour!   <3,2067691772,2009-06-07 12:47:29-07:00,82
@mileycyrus PLEASE come to SCOTLAND. you cant miss out SCOTLAND in a UK tour!   <3 x,2067696501,2009-06-07 12:47:59-07:00,84
@mileycyrus PLEASE come to SCOTLAND. you cant miss out SCOTLAND in a UK tour!   <3,2067701544,2009-06-07 12:48:30-07:00,82
wanted to see @mileycyrus so bad but its just too expensive   ,2067870797,2009-06-07 13:06:10-07:00,62
@mileycyrus exited for buying yur  tix tomorrow! r friend steph cant go cause ur concert will b on a sun. and we have to drive 2 san jose ,2068009067,2009-06-07 13:20:27-07:00,138
@mileycyrus I couldn't agree more ,2068145962,2009-06-07 13:34:40-07:00,34
@mileycyrus why is there no scotland date? ,2068417639,2009-06-07 14:02:43-07:00,43
@MILEYCYRUS IM SORRY PLEASE REPLY IF YOU KNOW THAT IM SORRY BECAUSE I WAS HACKED AND I DIDNT SAY THAT ,2068569851,2009-06-07 14:18:35-07:00,102
@mileycyrus http://twitpic.com/6shtr - please miley  i want the concert of MILEEEEEY CYRUUUUS yeah,2068701883,2009-06-07 14:32:41-07:00,98
"although i love so much @jonasbrothers Mr President, he's happy with @mileycyrus and so am i.. even if i'm not with him  haha",2068848329,2009-06-07 14:48:35-07:00,125
@mileycyrus http://twitpic.com/6shtr - LOVE the scenery(sp*)!!! It's gorgeous!! Not so much the same thing with the face ,2068983108,2009-06-07 15:03:13-07:00,121
@mileycyrus sick of what feeling  u should help me milk cows at 3am tomorrow so i can get done early an get online 2 buy tickets!!wootwoot,2069321123,2009-06-07 15:39:49-07:00,138
@mileycyrus i cannot wait til you come to TAMPA!!! im just scared that my parents wont allow me to get tickets to your concert... ,2069386950,2009-06-07 15:47:02-07:00,130
some grl 2 miley @mileycyrus sick of what feeling  u should help me milk cows at 3am tomorrow so i can get done early an get online 2 ...,2069426508,2009-06-07 15:51:28-07:00,137
"@mileycyrus are you okay?  please,remember, GOD loves and believes in you <3",2069748666,2009-06-07 16:27:20-07:00,76
@mileycyrus yeap ,2069785997,2009-06-07 16:31:26-07:00,17
"@mileycyrus awws yes, tears are words tht the heart can't express  i love u milez",2069804472,2009-06-07 16:33:29-07:00,81
@mileycyrus Imagining miley is crying makes me fucking said ,2069824928,2009-06-07 16:35:44-07:00,60
@mileycyrus im sorry ... you seem sad  i love you and feel better!! im so sick but be better<3333333333,2069991445,2009-06-07 16:54:22-07:00,103
"@mileycyrus  we love you Miley, and we will always be there for you. always.",2070340027,2009-06-07 17:31:19-07:00,76
@mileycyrus i know exactly what you mean ,2070340101,2009-06-07 17:31:20-07:00,41
@mileycyrus i know  this sucks,2070342994,2009-06-07 17:31:38-07:00,30
@mileycyrus i dunno but i wish i knew why it hurt so much too  be strong girly!,2070344143,2009-06-07 17:31:45-07:00,79
@mileycyrus Maybe because your heart can't take being away from the person you love so much.... Sad feeling... ,2070344872,2009-06-07 17:31:50-07:00,111
@mileycyrus u ok girl?? u sound a little sad ,2070345718,2009-06-07 17:31:55-07:00,45
@mileycyrus Because you dont want to leave them. ,2070355841,2009-06-07 17:32:58-07:00,49
@mileycyrus Because its goodbye and its that person!! ,2070357426,2009-06-07 17:33:09-07:00,54
@mileycyrus I wish t didn't ,2070358735,2009-06-07 17:33:17-07:00,28
@mileycyrus it's Tony Awards night your tweets are bringing me down.  Chin up girlie you will have a blast with Adam he is amazing.,2070360898,2009-06-07 17:33:31-07:00,131
"@mileycyrus  do it like the french, dont say goodbye, say au revoir (it means see you again)  It will be fine. <3",2070361166,2009-06-07 17:33:32-07:00,113
"@mileycyrus really, i don't know, but it's the worse in the world, ",2070376038,2009-06-07 17:35:07-07:00,67
@mileycyrus either way it really sucks. ,2070378480,2009-06-07 17:35:22-07:00,40
@mileycyrus reminds me of the song from your album 'goodbye'  xoxo,2070380468,2009-06-07 17:35:35-07:00,66
@mileycyrus because you know you will miss the person ,2070380644,2009-06-07 17:35:35-07:00,54
"@mileycyrus because some of us have huuge hearts, too big for our own good! ",2070397811,2009-06-07 17:37:24-07:00,76
@mileycyrus i dunno why  but ur right its really hurtttttt !!,2070416477,2009-06-07 17:39:21-07:00,61
@mileycyrus i know it sounds mean..but the best thing you can do is cry it out ,2070418144,2009-06-07 17:39:32-07:00,79
@mileycyrus Miley! don't leave me  don't leave LA...COME BACK! I'm going to cry like I did when Trace left  don't leave please,2070427821,2009-06-07 17:40:32-07:00,126
@mileycyrus I don't know but it hurts really bad ,2070444010,2009-06-07 17:42:19-07:00,49
"@mileycyrus because the people you're saying goodbye to are the ones who support you the most, your family and friends ",2070444214,2009-06-07 17:42:20-07:00,119
@mileycyrus why does it seem like you and justin broke up? your both writing sappy stuff ,2070454879,2009-06-07 17:43:31-07:00,89
@mileycyrus saying goodbye hurts so much because it could b 4ever ,2070464910,2009-06-07 17:44:36-07:00,66
@mileycyrus I don't know miley ,2070475589,2009-06-07 17:45:43-07:00,31
"@mileycyrus Saying goodbye to who?  What going on Miley? Things just don't seem right lately, Useem distant. Wish I had the right words.. ",2070496400,2009-06-07 17:47:54-07:00,138
@sazzclarke + @princesssakura are getting tix for @mileycyrus tomoz! but her prices are too much so i cant go  girl what are u playing at!,2070525057,2009-06-07 17:51:00-07:00,138
"@mileycyrus I know what you mean, my dad died today, I had to say goodbye for the last time! ",2070525105,2009-06-07 17:51:00-07:00,93
@mileycyrus goodbye's do suck. that's all i have to say.. ,2070577209,2009-06-07 17:56:37-07:00,58
@mileycyrus i wish i could answer that question... it hurts alot.. ,2070590776,2009-06-07 17:58:06-07:00,67
@mileycyrus dude are you okay?  stay strong.,2070599183,2009-06-07 17:59:00-07:00,44
"@mileycyrus why are you sad Miley?Don't be,cause if you're sad,your fans are too ",2070610939,2009-06-07 18:00:10-07:00,81
"@mileycyrus http://twitpic.com/6shtr - please miley read this , all your fans comment today ! ",2070802739,2009-06-07 18:19:21-07:00,94
@mileycyrus I dont know I had to say goodbye to my sissy today!! ,2070837873,2009-06-07 18:23:04-07:00,65
@mileycyrus byebye miley. We'll miss you ,2070847002,2009-06-07 18:24:01-07:00,41
@mileycyrus Saying good bye always hurts no matter who you say it to i have to say goodbye all the time ,2070981896,2009-06-07 18:37:52-07:00,104
@mileycyrus awee i hope you wont be to sad  ,2071020580,2009-06-07 18:41:54-07:00,44
@mileycyrus this sucks Miley my parents don't want me to go to your concert since I am going to be 19 and your show is more for children ,2071156287,2009-06-07 18:55:49-07:00,137
@mileycyrus Why  are getting therapy what is wrong mileycans  ?,2071376476,2009-06-07 19:17:45-07:00,63
@mileycyrus at least you talk to your dad! i hate mine  i wish i had that relationship!,2071395205,2009-06-07 19:19:40-07:00,87
"I'm mad at you. @mileycyrus  .. If it doesn't work out the first time, don't go back to it. Honestly. It'll make problems worse.",2071859232,2009-06-07 20:01:50-07:00,128
"@mileycyrus  what happened? idk why, but i sense it has to do with justin?",2071890885,2009-06-07 20:04:46-07:00,74
my dog is sick.  im going to do the @Mileycyrus thing & ask people to please pray for her.,2072108922,2009-06-07 20:25:01-07:00,90
@mileycyrus  know that feeling espacially today... It's the worst feeling to miss so. :-/ hope you're getting better soon! xoxo Damien,2174419609,2009-06-14 22:30:52-07:00,134
@mileycyrus awww miley buck up. id hate to see my best friend sad ,2174497629,2009-06-14 22:40:41-07:00,66
@mileycyrus I found out so much tonight. I don't know what to do  some of it's good (<3 my friends) and some of it... idk. ,2174556471,2009-06-14 22:48:12-07:00,123
"It's definitely a ""The Climb""- @mileycyrus and ""Hope & Prayer""- @therealsavannah night. ",2174594182,2009-06-14 22:53:12-07:00,88
poor @mileycyrus seems so heartbroken! ,2174925554,2009-06-14 23:38:51-07:00,39
I am so bummed i'm not seeing you this summer @mileycyrus.... ,2174992717,2009-06-14 23:48:59-07:00,62
"@erliou56 i'm seeing her! (: and @mileycyrus ! i wish i was seeing @jonasbrothers , but they're not coming to indianapolis.  i miss them!",2175247036,2009-06-15 00:28:14-07:00,137
@mileycyrus http://twitpic.com/7dx9p - amazing eyes! i luv blue eyes sucks that i have dark brown eyes ,2175335023,2009-06-15 00:42:07-07:00,103
"sometimes life is, well, a climb, as @mileycyrus says. I wish it weren't though ",2175486548,2009-06-15 01:07:20-07:00,80
i'm doing my hear and clean up my room  i listen to 'Hovering' by Miley Cyrus.. best song everrr! @mileycyrus,2175520140,2009-06-15 01:13:06-07:00,109
@mileycyrus http://twitpic.com/7fbzf - i love that view..... seriously youve got taste miley ..... i wanna go there ,2175579905,2009-06-15 01:23:27-07:00,116
@mileycyrus i know you're not gonna trust everyone and anyone but you seem really sad  its not nice to see you or your twitters! ha so sad,2175798789,2009-06-15 02:01:53-07:00,138
@gerzMusicalDove no  she got so many tweets.......... *sigh* @mileycyrus can u reply my tweets??? pweesseee.. lol,2175824813,2009-06-15 02:06:19-07:00,113
@DivaWonderGirl *sigh*  I know....all we need is just a reply from @mileycyrus it will help so much! Btw hv ya inbox me the pass?,2175837080,2009-06-15 02:08:28-07:00,129
@mileycyrus - PLEASE COME HERE FOR YOUR NEXT TOUR   I LOVE YOU VERY MUCH! ENJOY FILMING YOUR NEW FILM!!!!!!,2176238301,2009-06-15 03:18:50-07:00,107
"@mileycyrus - IF I HAD THE MONEY TO FLY ALL THE WAY TO WHERE YOU ARE, I WOULD A LONG TIME AGO! PLEASE , MILEY, PLEASE ",2176251876,2009-06-15 03:21:06-07:00,118
@mileycyrus - PLEASE COME TO MALAYSIA!! I'M REALLY SORRY IF I SPAMMED TOO MUCH!  I LOVE YOU... XOXOXOXO. I SHALL STOP FOR NOWW.,2176293235,2009-06-15 03:28:17-07:00,127
@mileycyrus really sorry if i spammed too much. i shall stop for once! i really cant stop  i have a problem... xoxoxoxo ily!,2176299770,2009-06-15 03:29:26-07:00,124
@mileycyrus dude ur backround is amazing and i heard about the break up  feel better!!!!!!!!! ur ten times better than him!!!,2176553258,2009-06-15 04:10:35-07:00,125
im really worried about @mileycyrus whys she upset? ,2176555736,2009-06-15 04:10:57-07:00,52
@rlmccreary i wanted to have one of them. but kayle stole edward and someone stole @mileycyrus  so i didnt get one.,2177989341,2009-06-15 07:01:36-07:00,115
@mileycyrus  I HOPE YOU READ MY MESSAGE AT YOUTUBE SOMEDAY ,2178612567,2009-06-15 07:57:29-07:00,59
does scotland smell? maybe we should ask @mileycyrus or @britneyspears or beyonce for that matter since none of them have gigs here ,2178690480,2009-06-15 08:04:04-07:00,132
@mileycyrus now because of you i want to go for a jet skiing ,2178810635,2009-06-15 08:14:13-07:00,61
@mileycyrus  someone stole my bold the other day. ((( its so sad. lol. that freakin thing was my life...ya know?,2179391799,2009-06-15 09:02:32-07:00,112
@mileycyrus do they?? my 14 year old shitzu just passed away and I am not so sure....so sad... ,2179456320,2009-06-15 09:07:40-07:00,95
@mileycyrus why the disconnect on the radio interview this morning.... really let down a lot of people...   not cool,2179458852,2009-06-15 09:07:53-07:00,116
@mileycyrus I wish I could vote for you in the Teen Choice Awards but I can't as I live in the UK  xoxo,2179792544,2009-06-15 09:35:24-07:00,103
@mileycyrus hi again is it the last season of hannah montana if it is i will really miss it its one of my favourite shows ,2180125009,2009-06-15 10:02:39-07:00,122
@mileycyrus aww  I feel the same way atm.. Although your probably like who the heck is this talking to u :L Buy anyway i admire u (:,2180441515,2009-06-15 10:28:37-07:00,132
"@Hollywelch that u smell.& ino about the @mileycyrus tickets, they are all sold out except birmingham too  i really wanted to go.",2180587384,2009-06-15 10:40:21-07:00,129
@mileycyrus a tweet from you would make my life =[ and i'm sure it would make a lot of other people's lives complete. PLEASE TWEET BACK ,2180692629,2009-06-15 10:48:55-07:00,136
"@selenagomez http://twitpic.com/701i5 - sorry but i dont like u  people, dont hate me pls! its just that im a @mileycyrus fan and i kn ...",2180764989,2009-06-15 10:54:53-07:00,138
@mileycyrus http://twitpic.com/7fbzf - wanna be there ,2181495939,2009-06-15 11:54:26-07:00,54
"@mileycyrus I KNOW CONGRATULATIONS! IM SO SAD CUZ WE NOT ALLOWED TO VOTE IN CANADA  I WAS GOING TO VOTE FOR YOU EVERYDAY, AND DEMI ",2181891207,2009-06-15 12:26:18-07:00,131
@mileycyrus  WOW! Congratulations... what an achievement! Wish i could vote for you from im from england ,2181894516,2009-06-15 12:26:35-07:00,105
@mileycyrus TEN! hope you win them all !! im trying to get tickets to see you in manchester but i cant find a website thats selling them ,2181915856,2009-06-15 12:28:22-07:00,137
"@mileycyrus congrats ! i would vote but apparently i cant  , dont know why ! , anyways, good luck chick xo",2181916515,2009-06-15 12:28:26-07:00,106
"@mileycyrus -well u DESERVE them all. ahh, i wish u would just answer me question  love you too much ! im1 4 btw x",2181921220,2009-06-15 12:28:49-07:00,114
@mileycyrus Please talk to me!  you never reply me. :/,2182148856,2009-06-15 12:47:10-07:00,54
@mileycyrus IT WON'T LET ME VOTE FOR YOU  THE VOPTION TO VOTE ISN'T IN ANY OF YOUR CATEGORY'S,2182293446,2009-06-15 12:58:53-07:00,93
@mileycyrus  IT WON'T LET ME VOTE FOR YOU  THE OPTION TO VOTE ISN'T IN ANY OF YOUR CATEGORY'S,2182302494,2009-06-15 12:59:35-07:00,93
@mileycyrus i'm so sad... i wanted to vote 4 u but i can't cause i'm 20 and the tca site won't let me  sorry miley,2182704889,2009-06-15 13:31:33-07:00,114
@mileycyrus that's the most amazing news!! People outside the states can't vote though  good luck from New Zealand!,2182753620,2009-06-15 13:35:27-07:00,115
"@mileycyrus im so mad at myself, for not trying out for the last song  it would have been GREAT to work with you.",2182775687,2009-06-15 13:37:14-07:00,113
"@ItsChelseaStaub @ddlovato @mileycyrus i want to vote for all 3 of you, but the website keeps saying i cant vote  ugh, i will keep trying.",2182778347,2009-06-15 13:37:26-07:00,138
@mileycyrus i hate that too ,2183205129,2009-06-15 14:11:14-07:00,28
@mileycyrus hi miley!! sorry 2 b a pain but y no dates in scotland? my daughter tj is devastated  member ur scottish fans luv u 2,2183362733,2009-06-15 14:24:08-07:00,129
@mileycyrus They won't let me vote....  fix it PLEASE,2183519660,2009-06-15 14:37:05-07:00,53
@mileycyrus TCA won't let me vote  and i'm 15 years old.. Gawddd,2183519793,2009-06-15 14:37:05-07:00,64
@mileycyrus I WOULD buut it won't let me    ps come to TORONTO!,2183520768,2009-06-15 14:37:10-07:00,63
@mileycyrus it won't let us ,2183525274,2009-06-15 14:37:33-07:00,28
@mileycyrus went onto the teen choice awards to vote for you and cos I live in the uk it wouldn't let me ! Sorry ,2183593729,2009-06-15 14:43:13-07:00,113
@mileycyrus went onto the teen choice awards to vote for you and cos I live in the uk it wouldn't let me ! Sorry ,2183593808,2009-06-15 14:43:13-07:00,113
"@mileycyrus sadly, we people in the UK cannot vote  well done though!!",2183644171,2009-06-15 14:47:21-07:00,70
@alyssaxbabee oh and in between the @taylorswift13 it plays @mitchelmusso or @ddlovato lol I haven't heard a @mileycyrus song all day ,2183793546,2009-06-15 14:59:42-07:00,134
@mileycyrus What do you do when you like a girl but are afrad to ask them out? I've never had a girlfriend yet ,2183843142,2009-06-15 15:03:40-07:00,111
@mileycyrus http://twitpic.com/7fdyd - you kinda broke my heart today ,2184205643,2009-06-15 15:34:21-07:00,70
@mileycyrus why can't you say that about nick ?   youre amazing tho can't wait for your vegas concert,2184318277,2009-06-15 15:44:06-07:00,101
"@mileycyrus MILEY, DO YOU KNOW WHERE CAN I VOTE YOU? ",2184401587,2009-06-15 15:51:25-07:00,53
@mileycyrus So no offense or anything but i slightly hate you right now!!  :/ :L,2184424280,2009-06-15 15:53:28-07:00,80
@mileycyrus can't wait till the movie comes out..it will be a looooooooong wait though... ,2184479441,2009-06-15 15:58:23-07:00,90
@mileycyrus oh miley please add me  i'm flor_js8@hotmail.com yo your contacts please and @ddlovato too ,2185081130,2009-06-15 16:51:25-07:00,103
Ahhhhh another person just told me I look like @mileycyrus ! Ahh I look like me ,2185168843,2009-06-15 16:59:22-07:00,80
"@mileycyrus  you don't answear me, i'm a FAN ok ?",2185306786,2009-06-15 17:11:11-07:00,49
@mileycyrus im buying ur concert tickets like right now!!! im sooo excited but the seats r in the way back ,2185326301,2009-06-15 17:12:54-07:00,107
@mileycyrus lol miley! i just tried to win tickets on johnjay and rich krq and failed ,2185379247,2009-06-15 17:17:34-07:00,86
@mileycyrus mileey - is yoou? really? if is i waaant to meet yoou! ,2185392760,2009-06-15 17:18:47-07:00,67
@mileycyrus i luv u so much butt i dunt want u 2 kiss offer guys than me ,2185911772,2009-06-15 18:05:05-07:00,73
@mileycyrus well dats cool butt pleez tell me u dunt hav anymore kissing senes 4 ur movie ,2185974803,2009-06-15 18:10:40-07:00,90
"@mileycyrus I LOVE your songs I miss you, The Climb, and Butterfly fly away. I miss you makes me think of my grandpa. He died last yr ",2186287780,2009-06-15 18:37:27-07:00,134
"I made me a pircing & she has a fakeone   @mileycyrus please answer me.. IS YOUR PIRCING NOT REAL :'( ? (oh maybe is for ""the last song"")",2186354355,2009-06-15 18:43:12-07:00,137
"@mileycyrus http://twitpic.com/3pwy7 - ohmy, i swear your hair is ALWAYS perfect. I`m jealous !  Yourrrr simply a stunner.",2186505910,2009-06-15 18:56:17-07:00,122
"@electrikkemily i know! what a biotch  you hear me, @mileycyrus ? stop hottly making out with gorgeous guys. not cool, man.",2186506011,2009-06-15 18:56:18-07:00,123
"@mileycyrus I'm watching Hannah Montana on the DC. Soooooo mad I missed out on buying tix 4 ur Dublin,Ireland date in December! ",2187039044,2009-06-15 19:42:03-07:00,128
@mileycyrus i was outside your trailer today!! but you didnt come out ,2187145026,2009-06-15 19:51:19-07:00,70
@mileycyrus  what happened?,2187357551,2009-06-15 20:09:54-07:00,27
@DannieLovesYou is a Monster and people run away from her! worse come back ever I will get you back! @MileyCyrus omg dont believe her!  oi,2187406375,2009-06-15 20:14:09-07:00,138
@Dannioelovesyou  this isn't funny @mileycyrus I swear I'm not like like idk! omg! dannie your terriable!,2187434396,2009-06-15 20:16:34-07:00,105
@mileycyrus  Why are you so sad hun?  It hurts me to see you depressed...,2187786684,2009-06-15 20:48:16-07:00,73
@mileycyrus  i just saw ur...ugh released new photos.. But im still a fan of you but dissapointed! I hope those are fake :-\,2187898892,2009-06-15 20:58:45-07:00,124
"@mileycyrus Miley, Miley, Miley, feel better! your tweets are sad sometimes. ",2188429924,2009-06-15 21:53:05-07:00,77
@mileycyrus i miss someone too  aw that is suck!,2188436882,2009-06-15 21:53:52-07:00,48
@mileycyrus WHO!? that was so confusing ,2188441488,2009-06-15 21:54:23-07:00,40
@mileycyrus justin? im sorry  I LOVE YOU! nad I dont think you need any makeup because you are so naturally beatiful!!,2188452236,2009-06-15 21:55:34-07:00,118
"@mileycyrus aww that's sweet...I used to have one of those, but he's not around so much any more ",2188534887,2009-06-15 22:04:36-07:00,97
@mileycyrus i think i am feeling the exact pain as u right now except its my bday ,2188571541,2009-06-15 22:08:40-07:00,82
@mileycyrus I can't sleep either. I miss someone too ,2188649544,2009-06-15 22:17:31-07:00,53
@mileycyrus i have hay fever ,2188813294,2009-06-15 22:37:00-07:00,29
@mileycyrus http://twitpic.com/7aclc - I love Miley. Please dont say bad things about her ,2188829477,2009-06-15 22:39:00-07:00,90
@mileycyrus http://twitpic.com/7aclc - I love Miley. She has a beautiful smile. Please dont hate on her ,2188850006,2009-06-15 22:41:37-07:00,104
"there's so many posers on facebook  @mileycyrus hey Miles, do u have facebook account? please reply. thanks -Diva",2188922756,2009-06-15 22:51:05-07:00,113
@mileycyrus hmm...  hurts to read that ur in that bad mood :-/ hope that everything will becoming fine soon! All the best!  Damien,2188941160,2009-06-15 22:53:34-07:00,130
Poor @mileycyrus. I feel for you girl. I hope this doesn't spread too much. ,2189034776,2009-06-15 23:05:43-07:00,76
ughhh i feel so bad for @mileycyrus ..she's gonna get so much shit for this that she doesn't need ,2189069113,2009-06-15 23:10:17-07:00,98
@mileycyrus that sucks so badly miley  no pun intended either.,2189181930,2009-06-15 23:25:53-07:00,62
leave @mileycyrus alone!! she is not in the picture. i agree with @NLS_yt you all just loveee to hate her. you know its not even her!!! ,2189380022,2009-06-15 23:53:46-07:00,136
@mileycyrus my prayers are with u  i hope u make it through this fake scandal!!! just know u have all ur fans 2 support u :] stay strong!,2189774382,2009-06-16 00:52:30-07:00,137
@mileycyrus is it true? is the fourth hannah montana season going to be the last one? oh no please please please please not. ,2190104439,2009-06-16 01:46:47-07:00,125
@mileycyrus missing your pictures... ,2190193208,2009-06-16 02:01:58-07:00,37
@mileycyrus this is such a joke! i cant vite 4 u for teen choice awards coz im from ireland grr! ,2190383922,2009-06-16 02:34:25-07:00,97
@mileycyrus .....you confuse meee. ,2190433075,2009-06-16 02:42:59-07:00,35
"WTF?!?! HATERS AGAIN! @mileycyrus didnt do crap to you AT ALL so why hate her, you dont know her. its like 2nd grade again  GO MILEY!",2190718725,2009-06-16 03:31:53-07:00,133
"@mileycyrus Miley, i got exams  wish me luck xoxo",2191005717,2009-06-16 04:17:33-07:00,49
@mileycyrus hey i live in the UK & <3 your work i tried to get tickets for your London show in december but none of my mates want to come ,2191188115,2009-06-16 04:43:37-07:00,138
@mileycyrus Reading your biography. It's awemsome! Very interesting. I'm sorry for your bad school time! ,2192834701,2009-06-16 07:37:06-07:00,105
"@mileycyrus, CANT BELIEVE SOMEONE MADE THEM DISGUSTING PICTURES OF YOU! LEAVE MILEY ALONE!! ",2192855537,2009-06-16 07:38:58-07:00,92
wants to get backstage passes for @mileycyrus  concert  n wishes he could work on the tour,2192997246,2009-06-16 07:51:10-07:00,90
@NileyJyrus whats all this negativity with @mileycyrus? im confusssseeedd. probably because i havent been here but yknow ,2193477663,2009-06-16 08:30:43-07:00,121
"@mileycyrus Sorry, but i can't vote for you cos i live in England. It won't let me  I really wanted to vote.",2193500710,2009-06-16 08:32:34-07:00,108
@MileyCyrus: I voted for you in the TKCA. :] I hope you'll get more awards than on the KCA.  GOOD LUCK. â¥,2193644809,2009-06-16 08:44:19-07:00,107
i refuse to belive that picture of @mileycyrus its not her ,2196026452,2009-06-16 11:55:41-07:00,59
"@mileycyrus http://twitpic.com/75s4d - Eeyy Is it a mint with chunks of chocolate, truth? I love it!! But there isnÂ´t in all places. ",2196095140,2009-06-16 12:01:11-07:00,134
@mileycyrus i can't believe yu did stuff with mitchel musso. miley ive lost respect for you ,2196355391,2009-06-16 12:21:45-07:00,92
why they cant talk together? divorced parents are the most awful thing of the world  @mileycyrus wanna have so great parents like yours!!,2196724259,2009-06-16 12:50:59-07:00,137
@mileycyrus im really sad i didnt get tickets for when you come to my city  ive tried winning contests and nothings has worked.,2196753105,2009-06-16 12:53:14-07:00,127
"My life's boring, I want to change it, I need someone famous talk to me: @mileycyrus @ddlovato @selenagomez @comeagainjen @mandyyjirouxx ",2197288975,2009-06-16 13:35:23-07:00,137
"My lifeÂ´s boring, I want to change it, I need someone famous talk to me: @mileycyrus @ddlovato @selenagomez @comeagainjen @mandyyjirouxx ",2197372519,2009-06-16 13:41:56-07:00,138
@mileycyrus Why did you have to be born in Tennessee?! Your tickets are so hard to get for the Nashville show ,2197797277,2009-06-16 15:11:28-07:00,110
Eating a sandwich & drinking pop ;D DUDE I MISSED HANNAH MONTANA!  [@mileycyrus],2198315436,2009-06-16 15:54:26-07:00,80
"@mileycyrus Miley please accept me, if you don't wanna speak to me you don't do it, but only accept me please, with it serious so happy.. ",2199619395,2009-06-16 17:45:46-07:00,138
@mileycyrus MILEY!!!!!!!!!!!!!!!!!!!!!!!THE CMT AWARDS ARE ON!!!!!!!!!!!!!!!!!!!!!!U HAVE TO WATCH IT!!!!!!!!!!!!!!!!!!!!!PLEASE!!!!!!!!! ,2199782808,2009-06-16 17:59:51-07:00,138
@mileycyrus i just saw a really disturbing pic of u  i really wish you're not like what the gossip magazines says :\ luv ya <33 [4],2199807685,2009-06-16 18:01:51-07:00,131
@mileycyrus i just saw a really disturbing pic of u  i really wish you're not like what the gossip magazines says :\ luv ya <33 [5],2199809831,2009-06-16 18:02:03-07:00,131
@mileycyrus im dissapointed in you... ,2199823352,2009-06-16 18:03:10-07:00,38
@mileycyrus I wish I thought thunderstoms were beautiful..they scare me. ,2199871851,2009-06-16 18:07:15-07:00,73
@mileycyrus do u realize that u suck at oral? ,2199941029,2009-06-16 18:13:03-07:00,46
@mileycyrus do you realize you are a whore ,2199945388,2009-06-16 18:13:25-07:00,43
@mileycyrus do u realize giving blow jobs at your age is illegal? ,2199950074,2009-06-16 18:13:48-07:00,66
@mileycyrus I wish I had a cupcake right now. ,2200197024,2009-06-16 18:34:11-07:00,46
@mileycyrus I wish I had a cupcake right now.  http://tinyurl.com/n3u7ud,2200200533,2009-06-16 18:34:28-07:00,72
@mileycyrus won't reply to me  I think she's too busy blowing someone else,2200479854,2009-06-16 18:57:30-07:00,74
@mileycyrus please come to toronto! my sisters and i were looking forward to your tour cause we misssed the last one! ,2200584968,2009-06-16 19:05:55-07:00,118
@mileycyrus Your Publicist is setting a horrible name for me  geez watta dick!,2200617370,2009-06-16 19:08:32-07:00,78
standing out in the rain need to know if its over cause i would leave you alone. @mileycyrus  goodnightttworld.,2201058491,2009-06-16 19:44:50-07:00,111
@mileycyrus I want a cupcake ,2201346530,2009-06-16 20:08:52-07:00,29
@mileycyrus where are you lady? I'm jealous! Atl has a lot of t-storms but not tonight ,2201563272,2009-06-16 20:27:05-07:00,87
@mileycyrus I HATE WIKIPEDIA! SOMEONE PUT THAT YOU'RE GOING TO BE IN MEXICO CITY 12/01/10 AND I BELIEVE IT!  BUT THAT ISN'T TRUE...,2201587624,2009-06-16 20:29:13-07:00,131
http://twitpic.com/7lgw1 - @mileycyrus VOTE NOW PPL OR ELSE IT WILL MAKE MILEY SAD ,2201595391,2009-06-16 20:29:54-07:00,83
@mileycyrus I HATE WIKIPEDIA! SOMEONE PUT THAT YOU'RE GOING TO BE IN MEXICO CITY 12/01/10 AND I BELIEVE IT!  BUT THAT'S NOT TRUE...,2201596051,2009-06-16 20:29:58-07:00,131
@mileycyrus wish i could say the same  i <3 cupcakes......,2201995838,2009-06-16 21:04:56-07:00,58
@mileycyrus wooooo go miley!  inhaling cupcakes is proven to be good for you!  lol.  i want a cupcake now.  ,2202170452,2009-06-16 21:21:09-07:00,108
grr i still cant find my @mileycyrus songs  now i have to download all 4 CDs then sync them to my phone...this is gonna take forever >_<,2202551420,2009-06-16 21:59:43-07:00,136
whos gonna help me get 2000 followers tonight?? I have to win this bet against @mileycyrus she thinks I cant win !   help me win!,2202587841,2009-06-16 22:03:21-07:00,129
"@mileycyrus inhaling cupcakes is bad for your lungs, you should get that checked out ",2203505684,2009-06-16 23:53:30-07:00,85
"@billyraycyrus hey mr.cyrus (lol) i wanna ask somethin.. does ur daughter, @mileycyrus have facebook account? she didn't reply my tweets ",2203635297,2009-06-17 00:10:54-07:00,137
@mileycyrus Lucky! we've been disappointingly lacking in the T-storms department in my area of Wisconsin ,2203711776,2009-06-17 00:21:24-07:00,105
@mileycyrus I sure think that the cupkake was very lucky miley i reALY wish i can talk to uu ,2204781074,2009-06-17 03:06:47-07:00,93
@mileycyrus Miley-how can I get 2 tickets 2 bring my 8 yr old to u in Dec in Dublin?Tickets 4both nights sold out in 5 mins & shes v.sad ,2206014386,2009-06-17 05:51:25-07:00,137
@mileycyrus why cant yu have a concert in canada there all in the states ,2208918597,2009-06-17 09:47:26-07:00,73
"@katyperry, @mileycyrus, @taylorswift13, @ladygaga & @britneyspears. That is just TOO hard to choose from! ",2209454323,2009-06-17 10:24:29-07:00,107
@mileycyrus  I was going to watch your HM - the movie today. but I couldn't go  Hope see it soon. xxx,2209737445,2009-06-17 10:44:17-07:00,101
@mileycyrus  this girl is causing truoble on myspace pretending to be you   ' you' said mean stuff about me being fat ,2210191148,2009-06-17 11:16:48-07:00,118
@mileycyrus Mileeeyyyy  when does you answer me? I made twitter only for youu ,2210283346,2009-06-17 11:23:44-07:00,78
 everyone hates canada! No @Mileycyrus and no @mitchelmusso who wants to road trip to fargo to see @mitchelmusso cause i sure am!,2211148496,2009-06-17 12:29:42-07:00,129
@mileycyrus twitters full of them ,2211353353,2009-06-17 12:45:02-07:00,34
"@bekki_x yeah, okay. but what about camilla belle and @mileycyrus , shes getting on my mann ",2213385665,2009-06-17 15:18:15-07:00,92
@mileycyrus youre lucky! i want a cupcake too ,2214052999,2009-06-17 16:12:06-07:00,46
@mileycyrus I VOTED For you on TCA like on 10 differant computers i hope you win all of them!!! IF You dont ill be so sad  GOODLUCK!!!,2216270711,2009-06-17 19:15:41-07:00,134
@mileycyrus I VOTED For you on TCA like on 10 different computers i hope you win all of them!!! IF You dont ill be so sad  GOODLUCK!!!,2216272644,2009-06-17 19:15:51-07:00,134
@mileycyrus if true love waits... i better find it soon since i've lost the one i thought was my true love ,2216475087,2009-06-17 19:31:58-07:00,107
@mileycyrus how much? ,2216730929,2009-06-17 19:53:31-07:00,22
"@mileycyrus Can you do me a favor and pray for my niece Hannah, been in & out of the hospital with jaundice.  was just born Saturday",2217649802,2009-06-17 21:10:28-07:00,132
Just saw the @mileycyrus video the climb! I haven't seen the movie! Can u believe it!? ,2218087295,2009-06-17 21:52:09-07:00,87
"@mileycyrus ARE YOU SERIOUS!? Wow, dossapointmet ",2218114113,2009-06-17 21:54:55-07:00,49
OMG! New dates have been added to the @MileyCyrus UK tour. I wanna go so bad! ,2224462958,2009-06-18 09:31:56-07:00,78
@mileycyrus http://twitpic.com/7fdyd - Miley you are amazing ,2224540934,2009-06-18 09:37:43-07:00,61
@mileycyrus i was looking through you tweet you have the best dad ever luckey i never met my dad  i have an really mean step dad,2225853745,2009-06-18 11:13:42-07:00,128
"oh goodness gracious, i want a nose piercing so bad.  mommy, daddy, can i get a nose piercing like @mileycyrus? PLEEEEEEASE.",2227374591,2009-06-18 13:07:02-07:00,124
@mileycyrus -i am 14.live uk. i wnt to say hw u r my complete idol& hw much i luv u. my DREAM is to meet u x  it depresses me it wnt hapen,2227561177,2009-06-18 13:21:06-07:00,138
@mileycyrus  It's to bad that not much people know those words..  But this is world in our time.. xoxo,2229620068,2009-06-18 15:58:31-07:00,102
"@mileycyrus i just found out your concerts in the o2 in dublin are sold out, my sisters in bits ",2229886852,2009-06-18 16:20:44-07:00,96
@mileycyrus - are u really quitting hannah montana after this season is done  ?,2229969307,2009-06-18 16:27:38-07:00,79
@mileycyrus how comes you havent been updating much  ,2230995498,2009-06-18 17:54:01-07:00,53
@mileycyrus reply reply reply  haha pweaseee  ,2231020529,2009-06-18 17:56:08-07:00,46
Listening too  deppresing music   goodbye by @mileycyrus,2231114271,2009-06-18 18:03:49-07:00,56
@mileycyrus when r u comin to dublin?.. y r u not comin to belfast ,2231521483,2009-06-18 18:39:53-07:00,67
@mileycyrus http://twitpic.com/7rg4u - following mee pleaseee! ,2231624421,2009-06-18 18:48:28-07:00,63
@mileycyrus SHOUTOUTS! please! u never do that  or you could text Demi and tell her im her #1 fan!  haah ily both XoXo,2231793044,2009-06-18 19:02:12-07:00,118
@mileycyrus i know i am too! i'm in boring old Pennsylvania! ,2231796563,2009-06-18 19:02:28-07:00,61
@mileycyrus  at least you're not studing for finals!  ur so lucky!!,2231799461,2009-06-18 19:02:42-07:00,67
"@mileycyrus go eat at the ""sugar shack"", yum cheap food.  But yes tyber island boring ",2231832175,2009-06-18 19:05:18-07:00,86
@mileycyrus why alone on an island ,2231850439,2009-06-18 19:06:44-07:00,35
so @jonasbrothers were on larry king and nick pretty much admit to dating @mileycyrus  i think id be better for him  tehehe,2231882188,2009-06-18 19:09:20-07:00,123
"@mileycyrus if you're bored, like i am..why don't you hang out with a friend? i'm just stuck here cause my friend doesn't want to hang ",2231969632,2009-06-18 19:16:22-07:00,135
@mileycyrus Lucky you! IÂ´ve been studiyn for I think 2 hours! I hate historyyyy! Id rather being boring ,2231974181,2009-06-18 19:16:45-07:00,105
"@ddlovato, @mileycyrus, @taylorswift, and @selenagomez are my role models. I would soooooo love you to follow me...please ",2232061729,2009-06-18 19:23:57-07:00,122
@mileycyrus do like me :p watch Hannah Montana *_^ at least u will laugh and forget u r alone ,2232094336,2009-06-18 19:26:38-07:00,94
"@mileycyrus Go to bed? Hm, goodnight moon, goodnight miley, good morning me.  cry.",2232175257,2009-06-18 19:33:15-07:00,82
please pray for my dog @mileycyrus @ddlovato she is dieing she is a brown lab im crying just tweeting about it  i will miss her xo kolbi,2232347235,2009-06-18 19:47:13-07:00,136
@mileycyrus http://twitpic.com/7rg4u - This is such a cute photo. I wanna go Jetskiing! ,2232450924,2009-06-18 19:55:53-07:00,88
"why cant @taylorswift13 and @mileycyrus come to toronto   my life is not complete, i think they should tour together",2232620005,2009-06-18 20:09:38-07:00,116
@mileycyrus love that song...makes me miss where i grew up ,2233018646,2009-06-18 20:43:08-07:00,59
@mileycyrus im always bored and alone u r so lucky u hav a greTat friend lik mandy cuz i think i jus lost mine idk how tho. ,2233317777,2009-06-18 21:10:25-07:00,124
@mileycyrus http://twitpic.com/7rg4u - why is your skin absolutley perfect ,2233433174,2009-06-18 21:20:53-07:00,75
@mileycyrus : hey miley ! .. did you and justin broke up ?  ): ,2235151234,2009-06-19 00:32:30-07:00,63
@mileycyrus http://twitpic.com/7dx9p - Aww... I wish I could see a concert of you im such a huge fan ,2235472722,2009-06-19 01:17:39-07:00,101
I just bought some tickets to go see @mileycyrus in London. Since she's boycotting Scotland ,2235563519,2009-06-19 01:30:56-07:00,92
"@mileycyrus im bored tooo miley, theres nothing to do lol ",2237366226,2009-06-19 05:40:36-07:00,58
@mileycyrus Could you not tweet so much your filling up my entire home page. ,2240352042,2009-06-19 09:38:35-07:00,77
@mileycyrus Its all your fault i feel this way ,2240906764,2009-06-19 10:18:26-07:00,47
"@mileycyrus Thanks, now I'm going to have that song stuck in my head all day ",2241583041,2009-06-19 11:07:35-07:00,77
@mileycyrus Haha http://bit.ly/eESgx  . It was the g0od 0ld time    I'm n0stalgic ,2241755919,2009-06-19 11:20:23-07:00,82
@mileycyrus http://twitpic.com/5usde - Noah crying about @tracecyrus leaving for his FOB tour.  that's the brudder WE know and love!!!,2242844276,2009-06-19 12:42:09-07:00,134
please pray for my dog @mileycyrus @ddlovato she is dieing she is a brown lab im crying just tweeting about it  i will miss her dearly,2242893029,2009-06-19 12:45:51-07:00,134
"@mileycyrus The Last Song you are in, My g-parents carnival is in it! i was going to be an extra, but it is too late now  i wish i could!!",2243348797,2009-06-19 13:20:10-07:00,138
miss your faces @jonasbrothers @ddlovato @selenagomez @mileycyrus & @mvanduyne .. ,2243378962,2009-06-19 13:22:29-07:00,82
"@mileycyrus your cool! Aarons a dick though, he  cheated on me, bad times ",2244103224,2009-06-19 14:18:21-07:00,74
@mileycyrus i was just at the pier waiting for you to show up for like an hour and right when i left you got there  the movie looks sweet!,2244110256,2009-06-19 14:18:55-07:00,138
@TeamGomez dunno  maybe something to do with nick?  idk. @mileycyrus stoppied following @taylorswift13 too o_O  :S,2244688513,2009-06-19 15:04:53-07:00,114
"@mileycyrus can you leave a tweet for martita, Camila and Sofia? is now a year since his death, they died in a car accident ",2245006509,2009-06-19 15:31:24-07:00,124
@mileycyrus have you ever thought that love stink?? ,2245222030,2009-06-19 15:49:44-07:00,52
"@mileycyrus U read that Aaron Carter has a crush on u? u should b d FIRST not to beleive wut PPL write about you  ur not d real miley, HA!",2245223125,2009-06-19 15:49:50-07:00,138
@mileycyrus omg I use to have Barbie dolls of him and posters and all his CD's but now he has gone crazy!  I miss him.,2245317575,2009-06-19 15:57:53-07:00,118
@mileycyrus story of my life ,2246553360,2009-06-19 17:46:13-07:00,29
just found out @mileycyrus added more dates  to her tour in england how come not ireland  sooo disappointed really wanted to see her,2246560496,2009-06-19 17:46:53-07:00,132
@mileycyrus Trying All Day To Get Tickets For Your Show In Ireland .. No Hopee  Worse Day Everrrr,2246822942,2009-06-19 18:10:36-07:00,97
@mileycyrus ive been to tybee island! i wanna meet you but my concert tickets are sold out ,2247905237,2009-06-19 19:48:17-07:00,91
"watching mileyworld vids. noah and her little friend are adorable.. so are @mileycyrus and @JustinMGaston , too bad... ",2247926727,2009-06-19 19:50:16-07:00,119
"@MileyCyrus I've waited so long for you to come to Chicago on tour again, but all the tickets are too expensive  I really want to see you.",2249436307,2009-06-19 22:19:40-07:00,138
@ddlovato @mileycyrus @taylorswift13 music gets me through the day. or shall i say night. can't sleep. ,2249793639,2009-06-19 23:02:01-07:00,103
@mileycyrus no Green Day? ,2249864057,2009-06-19 23:10:44-07:00,26
@mileycyrus pls find my @'s pls pls pls huhuhu  â¥,2249952682,2009-06-19 23:22:02-07:00,51
@mileycyrus plzz w rite back miley  it would make me so happy! im going to ur concert in portland im so stoked!im flying out there just4u,2250399995,2009-06-20 00:25:59-07:00,137
"@mileycyrus I'm taking those as lyrics. but I have to say, the world and the humanity is slowly decomposing!  ",2250400803,2009-06-20 00:26:06-07:00,110
@mileycyrus my dream [You write in my twitter] never comme true ,2250466054,2009-06-20 00:35:56-07:00,64
@mileycyrus  Im sure Nicky will always be your rock <3,2250487534,2009-06-20 00:39:18-07:00,54
@mileycyrus hi miss lady... hope things r fine... better than how thing r going with me ,2250525974,2009-06-20 00:45:35-07:00,88
"@perezhilton    i thought he WASNT one of those fickle gays, but alas, and alack... he is  @mileycyrus DONT LOWER YOURSELF lawl.#cockmunch",2250572952,2009-06-20 00:53:24-07:00,138
@mileycyrus please reply me miley plzzzz plzzzzz plzzz i beg you plzzz ,2250846090,2009-06-20 01:39:38-07:00,71
"@mileycyrus good morning , i have a bad day its rainy rainy rainy ..... its sux  sleepy day ",2251276630,2009-06-20 02:59:43-07:00,92
there we have it @emilyosment unfollowed @mileycyrus  i am so sad  (u have to click on the 'following' button on emilys twitter),2252072233,2009-06-20 05:22:45-07:00,128
"@mileycyrus it's times like this, i wish i could just sit down and talk about problems with you. you would give the best advice ever ",2252140036,2009-06-20 05:33:22-07:00,133
@mileycyrus y cant ppl shut the fuck up about Miley getting back 2gether wit Nick?? i lost my bffs 2 when i got bk 2gether wit my ex ,2252208135,2009-06-20 05:43:57-07:00,133
@mileycyrus and @tracecyrus ADDD ME ,2252249095,2009-06-20 05:50:03-07:00,36
"@catexxxsmile ""@mileycyrus awww  make me tear up why don't ya?! I love you so much. I've ALWAYS got your back. 3:58 PM Jun 14th from web """,2252331151,2009-06-20 06:01:35-07:00,138
@EmilyOsment why aren't you following @mileycyrus...? are yoy two fighting..? That would be like the saddest thing... ,2252364719,2009-06-20 06:06:13-07:00,118
@mileycyrus i wanna go to 1 of your concerts   why is it so hard? hahah,2253114204,2009-06-20 07:36:38-07:00,71
@mileycyrus is this the last season of hannah montana?!?!?!  i just saw it on the soup and was curious,2253647956,2009-06-20 08:31:07-07:00,102
@mileycyrus i was going to watch hannah montana today but it was SOLD OUT!!!  sad really.,2253945295,2009-06-20 08:59:29-07:00,89
"My life is boring, I need some famous send me a message  @mileycyrus @billyraycyrus @ashleytisdale @ladygaga @tracecyrus @emilyosment",2254079051,2009-06-20 09:11:40-07:00,133
@mileycyrus http://twitpic.com/7vvww - With this you look cheap ,2254121233,2009-06-20 09:15:34-07:00,64
@mileycyrus good things just happen for you! SHIT ,2255105653,2009-06-20 10:46:03-07:00,50
@mileycyrus JEALOUS! everytime i go it happens to be sunday. ,2255116626,2009-06-20 10:47:01-07:00,61
"@mileycyrus dallas tonight!  i wish i could be there, but i'm in san antonio instead. ",2255182848,2009-06-20 10:52:58-07:00,86
@mileycyrus Chil-fil-a is the best too bad they do not have that many in New England Boo ,2255209568,2009-06-20 10:55:22-07:00,89
@mileycyrus miley it sucks i have the swine flu ,2255336568,2009-06-20 11:06:41-07:00,48
@taylorswift13 @selenagomez @therealTiffany @mileycyrus @moiswashere @drewseeley I HAVE SWINE FLU ,2255368911,2009-06-20 11:09:37-07:00,98
@mileycyrus I am so upset that your tour has sold out!  I cried when I found out! Please can u try and add another Manchester date! Xxxx,2255591482,2009-06-20 11:29:40-07:00,136
i really want to go see @mileycyrus @mitchelmusso and @taylorswift13 this summer too but i can't... ,2255631010,2009-06-20 11:33:09-07:00,100
"@mileycyrus Hey, I tried to get tickets for your tour but I couldnt get any  I really wanted to go!",2255637732,2009-06-20 11:33:46-07:00,99
@mileycyrus Â£50 for a concert ticket to see you?! There's a global recession on you know?! Very disappointing ,2255678630,2009-06-20 11:37:29-07:00,111
"@mileycyrus Are you coming to Sweden this year? , can't see it on your site. ",2256042493,2009-06-20 12:10:27-07:00,77
"@mileycyrus gotta say, love the beatles wallpaper, is it lame i can't look at john without welling up a bit in the eyes? ",2256255503,2009-06-20 12:29:56-07:00,121
"@twinswholaugh it's @mileycyrus and no, were filming it tonight  thanks for wanting to show your friends! We'll tell ours bout your show!",2256321337,2009-06-20 12:35:55-07:00,137
@mileycyrus WHY YOU DONT AWNSER MEEEEEEEEEE? ,2256507794,2009-06-20 12:52:51-07:00,45
@mileycyrus COME TO THE NEW JERSEY SHOW PLEASE YOU DON'T KNOW HOW BAD I WISH I WAS IN DALLAS ESPECIALLY NOW THAT YOU ARE THERE ,2256534508,2009-06-20 12:55:21-07:00,127
"@jonaskevin i wish i was going  @PerezHitlon said @mileycyrus will be their, is that true?? xoxo love you",2256681474,2009-06-20 13:08:37-07:00,105
@mileycyrus everyone knows where you are. who you're with. and what you're doing. i wish i was there  please come to chicago!,2256893278,2009-06-20 13:28:06-07:00,125
"@mileycyrus Mileyyy pleasee come to Newcastle, England! I can't believe youre going everywhere but here in your tour  x",2256924858,2009-06-20 13:31:01-07:00,119
@issie07 awwh  maybe @jonasbrothers will bring @mileycyrus with them when theyy come 2 the UK!  x,2256945959,2009-06-20 13:32:58-07:00,97
@mileycyrus Why you don't write to me..!! Please.. My e-mail is 25_scala_a@live.it.. Write me soon!! Please ,2256971782,2009-06-20 13:35:28-07:00,108
Wonders why I'm not at the Dallas JB show.. @mileycyrus.  I would love to see her!,2257334885,2009-06-20 14:10:24-07:00,82
@mileycyrus miley i Must talk to you i know that these words doesn' t touch you more but.. please..  my email is 25_scala_a@live.it..,2257558035,2009-06-20 14:31:38-07:00,133
@mileycyrus cant you just stay away from the jonas brothers! ,2257940150,2009-06-20 15:08:14-07:00,61
wish I got an extra ticket to see @mileycyrus for my little cousin. she seemed saddened and jealous that i'm going and she's not ,2259892724,2009-06-20 18:20:01-07:00,129
@mileycyrus We misS your show with mandy  plz make a new one whenever you can do that  You're the best,2259915644,2009-06-20 18:22:15-07:00,102
@Jonasbrothers i wish i was in dallas so bad right now. @mileycyrus ,2260009635,2009-06-20 18:31:23-07:00,68
"@Jonasbrothers If by ""out there"" you mean in Canada. then sure.  OH, and we all know about @mileycyrus already ;)",2260012820,2009-06-20 18:31:41-07:00,113
@mileycyrus she is in dallas preforming with nick  im missing it,2260610315,2009-06-20 19:29:47-07:00,64
@mileycyrus thanks for making me cry. Thanks a lot. ,2261403371,2009-06-20 20:44:16-07:00,52
"@Jonasbrothers With @mileycyrus in Dallas, i want to be there!!! ",2261466092,2009-06-20 20:50:07-07:00,65
@mileycyrus http://twitpic.com/7vvww - why are you so gorgeous. i'm jealous ... ,2261831456,2009-06-20 21:25:25-07:00,80
"I just watched a video of @mileycyrus singing with Nick at the concert tonight. Her eyes were like, omgiloveyou. I'm jealous. ",2262331911,2009-06-20 22:18:30-07:00,126
"@limlyndee - yea! hahah, i wish she will reply me  it would be a miracle! hahaha  i love @mileycyrus!!!!!!!!!",2262480124,2009-06-20 22:35:39-07:00,109
@mileycyrus I LOVE YOU.. please come to Malaysia  don't go London again!!,2262506499,2009-06-20 22:38:52-07:00,73
@mileycyrus i guessed right! you and nick sounded amazing<3 i wish you could go to every show ,2263245540,2009-06-21 00:18:46-07:00,94
omg i so wish @mileycyrus was opening for jonas brothers when there in the uk to bad mileys on tour at the same time  aww wel dec 27th XD,2263979790,2009-06-21 02:23:56-07:00,137
@mileycyrus http://twitpic.com/7rg4u - sigh........... How i miss Summer  (glad 2 c u're still enjoying it though),2263980660,2009-06-21 02:24:06-07:00,114
@mileycyrus we went to publix some guy said you were their my son and nephew were crushed you werent  we cruised tybee lookin lol,2264175091,2009-06-21 03:01:26-07:00,129
@mileycyrus http://twitpic.com/7vvww - Do you have a percing in the nose? I thought you were one of those sweet girl ... ,2265365744,2009-06-21 06:25:18-07:00,121
@mileycyrus http://twitpic.com/7e01t - Do you have a percing in the nose? I thought you were one of those sweet girl ... ,2265374135,2009-06-21 06:26:27-07:00,121
@mileycyrus http://twitpic.com/7aclc - Do you have a percing in the nose? I thought you were one of those sweet girl ... ,2265376651,2009-06-21 06:26:48-07:00,121
@mileycyrus http://twitpic.com/78urd - Do you have a percing in the nose? I thought you were one of those sweet girl ... ,2265378161,2009-06-21 06:27:01-07:00,121
@mileycyrus http://twitpic.com/75jdc - Do you have a percing in the nose? I thought you were one of those sweet girl ... ,2265379946,2009-06-21 06:27:15-07:00,121
@mileycyrus Miley please write back i love you so much please iÂ´m happy for only a hello for me ..!!! MILEY PLEASE   ,2265603012,2009-06-21 06:56:25-07:00,118
is and always has been in love with @mileycyrus ... but too bad dats just a dream dat'll never come true ,2265991784,2009-06-21 07:42:00-07:00,105
"@mileycyrus Im 16 too, and i reaaaaly want to get a bike, but where im from its not 'cool' to ride a bike. What should i do? ",2266214296,2009-06-21 08:06:32-07:00,125
@mileycyrus hey Miley (: how was the show with JB yesterday ? Cant wait to see you again  ilove you,2266590288,2009-06-21 08:46:07-07:00,99
"@mileycyrus, you are very perfect, please answer me ",2266606326,2009-06-21 08:47:45-07:00,52
@mileycyrus I'm happy yu enjoyed the show!! I wish I had been there ,2266621426,2009-06-21 08:49:19-07:00,68
@mileycyrus I CANT BELIEVE YOUR DATING NICK...AGAIN!!! HOW COULD U!!!!!   ,2266631273,2009-06-21 08:50:18-07:00,74
@mileycyrus why are u dating Nick again?? Ohh i hope u break up again! Im gonna pray for that to happen ,2266642437,2009-06-21 08:51:28-07:00,104
"@mileycyrus what more could you possibly want? you have the perfect life, im so jealous of you i want to be you so badly ",2266645279,2009-06-21 08:51:46-07:00,121
just checked @mileycyrus twitter and found out she was at the JoBros show in Dallas last night.  so sad I missed them both! ,2266645563,2009-06-21 08:51:48-07:00,124
@mileycyrus my grandi has died too ,2266648196,2009-06-21 08:52:03-07:00,35
@mileycyrus http://twitpic.com/7vvww - i wish i live in hollywood to ,2266659453,2009-06-21 08:53:14-07:00,69
@mileycyrus awww samee  i miss them so much... too bad i don't know them LAWL,2266661821,2009-06-21 08:53:29-07:00,77
@mileycyrus i bet you miss ur pappy ,2266712499,2009-06-21 08:58:43-07:00,36
@mileycyrus i hope thats not the only one youre doing  i dont want to wait til NOV 8TH when i see you in concert!!!,2266728973,2009-06-21 09:00:18-07:00,115
@mileycyrus  i really admire you for the love you have for your pappy.i miss my pappy too he died 3 months ago  good luck with everything,2266778576,2009-06-21 09:05:10-07:00,137
@mileycyrus i wanted to go ,2266830725,2009-06-21 09:10:18-07:00,27
@mileycyrus aww.. i wish i could have gone to that show my friend from team jonas went ,2266845100,2009-06-21 09:11:43-07:00,87
"oh my phone doesn't work out here, thanks t-mo. and I can't believe @mileycyrus got back with @nickjonas and left @justinmgaston! ",2266887729,2009-06-21 09:15:58-07:00,130
@mileycyrus Please pray for my brother Michael. He was in a motorcycle accident(now in coma) and doctor's say he won't live much longer.. ,2266890366,2009-06-21 09:16:14-07:00,138
@mileycyrus I hope u & nick had a good time. I'm at the beach and haven't been able 2 catch up on my miley news as well ,2266935807,2009-06-21 09:20:53-07:00,120
"@mileycyrus & @jonasbrothers performances together was amazing last night, wish i was there ",2266937703,2009-06-21 09:21:04-07:00,92
ok have to accept  before the storm - @mileycyrus and @jonasbrothers (8)  this a bit stupid! i feel sad ,2267066149,2009-06-21 09:34:08-07:00,104
@mileycyrus have u ever felt like ur best friends don't love u as much as u love them? ,2267088444,2009-06-21 09:36:21-07:00,87
@mileycyrus I bet it was their shows are always amazing! I bet it was even better with you there too! I miss them too! ,2267133681,2009-06-21 09:40:48-07:00,119
"@mileycyrus ? WHY you don't come in PARIS in december ?????????? **London, Dublin, Manchester..in UK, Deutschland.. BUT NI PARIS  --------",2283026909,2009-06-22 12:06:35-07:00,138
"@mileycyrus because you are brilliant, sos everything a model to follow, in another life i like see you since in this it is impossible ",2286029345,2009-06-22 15:54:13-07:00,135
"@mileycyrus because you are brilliant you're everything a model to follow, in another life i like see you, since in this it is impossible ",2286050392,2009-06-22 15:55:53-07:00,138
@mileycyrus You took away everything with one swing  http://bit.ly/qJi4P,2288282761,2009-06-22 18:57:36-07:00,72
@mileycyrus Miley please reply me! that most important thing i wanna do is talking with you ,2288372054,2009-06-22 19:04:33-07:00,92
"Go ahead @mileycyrus, post your version on youtube, I want to see how you skew it   http://bit.ly/qJi4P",2288653316,2009-06-22 19:26:35-07:00,103
"lol wow people hate on people they dont even know, like @mileycyrus @JustinMGaston @selenagomez and @ddlovato i feel sorry for them ",2288725187,2009-06-22 19:32:10-07:00,132
"@mileycyrus http://twitpic.com/85ndb - Oh, gosh, Miley! You're totally right. The pic is AMAZING!  But the girl helps it. She's such a ...",2288726560,2009-06-22 19:32:16-07:00,138
@VoteAudrey Please help me end the hatred that flows from @mileycyrus fist to my face  http://bit.ly/qJi4P,2288757357,2009-06-22 19:34:44-07:00,106
@mileycyrus  Aww you never write back to my tweets  only wish ud write back but . . .x,2288762716,2009-06-22 19:35:10-07:00,86
@mileycyrus that sucks  I hope you feel better soon.,2289552041,2009-06-22 20:38:21-07:00,52
@mileycyrus  does it feel like an ear infection?  those are the worst.,2289585280,2009-06-22 20:41:07-07:00,70
@mileycyrus what was wrong ,2295213331,2009-06-23 07:38:02-07:00,27
@mileycyrus Tweelings hurt? What's wrong ,2295627936,2009-06-23 08:10:16-07:00,41
@mileycyrus who hurt ur tweelings miles  that wasnt nice of them to do,2296085445,2009-06-23 08:44:55-07:00,70
@babyyygirlxox awww why did @mileycyrus get her tweeling hurtt  she was in my dream last night lmao,2299313573,2009-06-23 12:46:03-07:00,99
@mileycyrus i had an ear ache tooo turned out to be an ear infection  it suckss !!!!!!!!,2299381100,2009-06-23 12:51:02-07:00,88
@mileycyrus Hey U should Do something for the Military Families while your in GA My hubby is leaving to Afghanistan in NOV  5th deployment,2299699427,2009-06-23 13:14:13-07:00,138
@mileycyrus my chicken miley died yesterday  even though its just i chicken i really miss her and how is your ear are you ok now?,2299842536,2009-06-23 13:24:52-07:00,129
"anyway, i love @mileycyrus too much , but i have a feeling , that she hates me.  ( i know, that she dont hate me, but it seems like this )",2300164570,2009-06-23 13:48:39-07:00,138
"i'm so sad , bec @mileycyrus even dont know that i exist and then she never gonna know what she means to me ",2300258859,2009-06-23 13:55:39-07:00,108
@mileycyrus awe. whats wrong miley ,2300302353,2009-06-23 13:58:53-07:00,35
@mileycyrus  anyone that hurtys mileys feelings is an idiott.... cant wait to see her in december.,2300443791,2009-06-23 14:09:14-07:00,98
@Dannymcfly @ddlovato @dougiemcfly @jonaskevin @mileycyrus @nickjonas @tommcfly @selenegomez do u every reply to fans - that will be a NO ,2302133838,2009-06-23 16:23:11-07:00,138
"@mileycyrus jus saw ur scndl pics, geeze they jus wn't let u Lve a ""normal"" lfe   snce ur a bg yung star, n all, but watev them. Lve ur ..",2302728474,2009-06-23 17:12:47-07:00,138
"@mileycyrus you come someday to Argentina? Many fans waiting for you, but i don't know, you want to come here  ",2302927332,2009-06-23 17:29:24-07:00,111
@mileycyrus why were you not on the MMVA ... i wich you weree ,2321457419,2009-06-24 21:05:01-07:00,62
@mileycyrus Ur special comes on E! at 12:30 am nd my 6 yr old niece attempted to stay up to watch but she couldn't hang  lol .. She <3 u,2321467774,2009-06-24 21:05:52-07:00,136
@mileycyrus omg! I love jamba juice I live in fl and the farest one is 2 hours away ,2321471650,2009-06-24 21:06:11-07:00,84
@mileycyrus i miss it too! Come get me and we can go back together! I miss In N Out ,2321532774,2009-06-24 21:11:25-07:00,84
@mileycyrus oh man Jamba juice is the best!! But we don't have it in Illinois either ,2321540354,2009-06-24 21:12:04-07:00,85
@mileycyrus http://twitpic.com/6wjhb - U R VERRY BEAUTIFUL CAN I OWN TIS PIC ,2322107118,2009-06-24 22:03:38-07:00,77
@mileycyrus i miss you to.! ,2322107348,2009-06-24 22:03:39-07:00,28
@mileycyrus so is before the storm on The Jonas brothers new album? i feel really dumb asking u ,2322119733,2009-06-24 22:04:51-07:00,96
"@mileycyrus Hey, we have Sushi in Savannah! Jamba Juice...not so much. ",2322257334,2009-06-24 22:18:24-07:00,71
@mileycyrus http://twitpic.com/8cmop - I do too ,2322388642,2009-06-24 22:31:51-07:00,48
"@mileycyrus that's an AMAZING picture. i've never been to hollywood before, let alone california.  is it incredible?",2322395417,2009-06-24 22:32:31-07:00,116
"@mileycyrus you saved my life. you taught me life lessons. yey i've still never met you/gotten a reply  i love you, miley",2322403264,2009-06-24 22:33:21-07:00,121
"@mileycyrus you saved my life. you taught me life lessons. yet i've still never met you/gotten a reply  i love you, miley",2322405227,2009-06-24 22:33:33-07:00,121
"@mileycyrus you saved my life. you taught me life lessons. yey i've still never met you/gotten a reply  i love you, miley",2322407308,2009-06-24 22:33:47-07:00,121
"@mileycyrus you saved my life. you taught me life lessons. yet i've still never met you/gotten a reply  i love you, miley",2322409347,2009-06-24 22:34:00-07:00,121
@mileycyrus you saved my life. you taught me life lessons. yet i've still never met you/gotten a reply  i love you miley,2322411950,2009-06-24 22:34:17-07:00,120
@mileycyrus you saved my life. you taught me life lessons. yet i've still never met you/gotten a reply  i love you miley,2322413041,2009-06-24 22:34:23-07:00,120
@mileycyrus you saved my life. you taught me life lessons. yet i've still never met you/gotten a reply  i love you miley,2322414624,2009-06-24 22:34:34-07:00,120
@mileycyrus you saved my life. you taught me life lessons. yet i've still never met you/gotten a reply  i love you miley,2322416189,2009-06-24 22:34:44-07:00,120
@mileycyrus you saved my life. you taught me life lessons. yet i've still never met you/gotten a reply  i love you miley,2322422818,2009-06-24 22:35:24-07:00,120
@mileycyrus you saved my life. you taught me life lessons. yet i've still never met you/gotten a reply  i love you miley,2322424368,2009-06-24 22:35:33-07:00,120
@mileycyrus you saved my life. you taught me life lessons. yet i've still never met you/gotten a reply  i love you miley,2322426342,2009-06-24 22:35:46-07:00,120
@mileycyrus awww hollywood is beautiful i was there 2 months before my mother died it was her last vacation  i love it there good memories,2322428311,2009-06-24 22:35:58-07:00,138
@mileycyrus you saved my life. you taught me life lessons. yet i've still never met you/gotten a reply  i love you miley,2322432020,2009-06-24 22:36:21-07:00,120
@mileycyrus you saved my life. you taught me life lessons. yet i've still never met you/gotten a reply  i love you miley,2322433773,2009-06-24 22:36:32-07:00,120
@mileycyrus you saved my life. you taught me life lessons. yet i've still never met you/gotten a reply  i love you miley,2322435385,2009-06-24 22:36:43-07:00,120
@mileycyrus you saved my life. you taught me life lessons. yet i've still never met you/gotten a reply  i love you miley â®â¥,2322440648,2009-06-24 22:37:18-07:00,127
@mileycyrus you saved my life. you taught me life lessons. yet i've still never met you/gotten a reply  i love you miley â®â¥,2322442189,2009-06-24 22:37:27-07:00,127
@mileycyrus you saved my life. you taught me life lessons. yet i've still never met you/gotten a reply  i love you miley â®â¥,2322443983,2009-06-24 22:37:39-07:00,127
@mileycyrus you saved my life. you taught me life lessons. yet i've still never met you/gotten a reply  i love you miley â®â¥,2322445742,2009-06-24 22:37:50-07:00,127
@mileycyrus you saved my life. you taught me life lessons. yet i've still never met you/gotten a reply  i love you miley â®â¥,2322447414,2009-06-24 22:38:01-07:00,127
@mileycyrus you saved my life. you taught me life lessons. yet i've still never met you/gotten a reply  i love you miley â®â¥,2322448918,2009-06-24 22:38:11-07:00,127
@mileycyrus we miss you here in los angeles too!  A SHOUT OUT WOULD MAKE MY LIFE...just saying. hope everythings wonderful.,2322452638,2009-06-24 22:38:36-07:00,123
@mileycyrus http://twitpic.com/8cmop - I Love Miley!!!!! Come To Mexico Please ,2322462189,2009-06-24 22:39:39-07:00,79
"@mileycyrus you saved my life. you taught me life lessons. yet i've still never met you/gotten a reply  i love you, miley, my hero. â®â¥",2322462427,2009-06-24 22:39:41-07:00,138
"@mileycyrus you saved my life. you taught me life lessons. yet i've still never met you/gotten a reply  i love you, miley, my hero. â®â¥",2322464097,2009-06-24 22:39:52-07:00,138
"@mileycyrus you saved my life. you taught me life lessons. yet i've still never met you/gotten a reply  i love you, miley, my hero. â®â¥",2322467352,2009-06-24 22:40:11-07:00,138
"@mileycyrus you saved my life. you taught me life lessons. yet i've still never met you/gotten a reply  i love you, miley, my hero. â®â¥",2322469006,2009-06-24 22:40:21-07:00,138
"@mileycyrus you saved my life. you taught me life lessons. yet i've still never met you/gotten a reply  i love you, miley, my hero. â®â¥",2322471006,2009-06-24 22:40:34-07:00,138
"@mileycyrus you saved my life. you taught me life lessons. yet i've still never met you/gotten a reply  i love you, miley, my hero. â®â¥",2322472273,2009-06-24 22:40:42-07:00,138
"@mileycyrus you saved my life. you taught me life lessons. yet i've still never met you/gotten a reply  i love you, miley, my hero. â®â¥",2322473792,2009-06-24 22:40:52-07:00,138
@mileycyrus we are moving their by the end of the summer not sure i want to live their ,2322561130,2009-06-24 22:50:24-07:00,87
@mileycyrus http://twitpic.com/8cmop - its so beautiful.ive never been to LA ,2322906563,2009-06-24 23:30:53-07:00,77
"@mileycyrus http://twitpic.com/5ut6j - aw, i hate seeing people cry ",2323518499,2009-06-25 00:50:04-07:00,68
"@mileycyrus Will your tour be coming to Belfast, Northern Ireland? My Daughter wants to know, as Dublin is sold out ",2323876006,2009-06-25 01:42:41-07:00,116
@mileycyrus Mmmm shushi! I haven't had sushi in more than a year because I live in the middle of nowhere at the moment. ,2324093523,2009-06-25 02:16:05-07:00,120
wanna see @mileycyrus in concert... ,2324348777,2009-06-25 02:56:19-07:00,36
@mileycyrus http://twitpic.com/8cmop - i don't miss you  poor miley,2324562425,2009-06-25 03:28:38-07:00,67
http://twitpic.com/3n7x5 - I made this for @mileycyrus on my bebo band lol! I don't think she ever saw any of them ,2325218126,2009-06-25 05:01:01-07:00,115
"@mileycyrus Best Sushi in Savannah is at Sakura on Broughton St!  Eat in, call ahead or take out  Can't help w/ Jumba Juice ",2325298740,2009-06-25 05:10:41-07:00,124
@mileycyrus cravin for sushi too ,2326555958,2009-06-25 07:12:00-07:00,33
@mileycyrus i never was in hollywood ,2326837359,2009-06-25 07:34:38-07:00,37
@mileycyrus http://twitpic.com/8cmop - I Miss Hollywood too ,2327811535,2009-06-25 08:48:58-07:00,60
@mileycyrus i know!  R.I.P,2328733328,2009-06-25 09:55:45-07:00,26
"@mileycyrus so saad! im seeing it on tv  by the way, im from Chile",2328962507,2009-06-25 10:11:22-07:00,66
@mileycyrus http://twitpic.com/8cmop - i wish i was there ,2329081598,2009-06-25 10:19:42-07:00,58
@mileycyrus please reply to me    ,2329148722,2009-06-25 10:24:28-07:00,34
"@mileycyrus Juz watchin' 3 eps. of your show HM, I must say I instantly became a fan of urs! ;D Lovin' ur humor so mucho! More power 2 u! ",1467883305,2009-04-06 22:38:51-07:00,138
"@mileycyrus  milezzzzzz, you are da best & ur music 2. cant wait 4 da hm movie, it will rock   love ya .",1468005638,2009-04-06 23:13:17-07:00,104
@mileycyrus: Me And My Besterzz Agree That Should Be Counted As A Little Nap  Sleep Tight Love Us  xoxo,1468071951,2009-04-06 23:33:43-07:00,103
"@mileycyrus napping, i guess ",1468084691,2009-04-06 23:37:45-07:00,29
"@mileycyrus if it's less than an hour of sleep, its napping but more than an hour is sleeping. ",1468133075,2009-04-06 23:53:50-07:00,95
@mileycyrus http://twitpic.com/2xszg - you're so cute ,1468177178,2009-04-07 00:08:04-07:00,54
@mileycyrus counting sheep doesn't work.. Trick is.. Trying to stay awake. ,1468280304,2009-04-07 00:43:09-07:00,75
@mileycyrus hey Mi! how r u doing? ;P Greetings from Poland ,1468280924,2009-04-07 00:43:21-07:00,60
@mileycyrus Wow! It is officially napping now. Good Luck..... ,1468281531,2009-04-07 00:43:34-07:00,62
"@mileycyrus haha still up? i've tried it about 10 times and it only worked once, at like 100 haha . goodluck! and goodnight!  <3",1468281547,2009-04-07 00:43:35-07:00,128
"@mileycyrus hey I've always thought that, infact I always pray that way 4 my friends 2, u will b suprised 2 knw who they r!!! ",1468297628,2009-04-07 00:49:15-07:00,126
@mileycyrus Gosh! You're up late aren't you. Can you not sleep or something? ,1468297674,2009-04-07 00:49:16-07:00,77
"@mileycyrus http://twitpic.com/2y606 - aww how cute  this made me smile, i'm sick at home :[",1468321714,2009-04-07 00:57:56-07:00,92
@mileycyrus http://twitpic.com/2y606 - Awww omgsh she's gorgeoussssss. http://twitpic.com/2y62a they're mine ,1468323165,2009-04-07 00:58:31-07:00,109
@mileycyrus miley you can do it  just sleeep! comeon it's like 2 more hours till waney waney time in the mean time watch tru connfessions,1468323306,2009-04-07 00:58:31-07:00,137
@mileycyrus If it makes any sense is it wierd to be bored and THATS the reason for not being able to sleep?? lol ,1468324193,2009-04-07 00:58:52-07:00,113
@mileycyrus http://twitpic.com/2xszg - Yayy you found it ! Haha  Love youu Miley ?,1468324519,2009-04-07 00:58:59-07:00,82
@mileycyrus http://twitpic.com/2y606 - GORGEOUS!!!  You just want to hug her!!! Bless! ,1468325376,2009-04-07 00:59:17-07:00,87
@mileycyrus ohh i hope u can sleep soon  cute dog but i have heard counting sheeps didnt work because than your brain works greets germany,1468335836,2009-04-07 01:02:49-07:00,138
@mileycyrus its 10AM here in Europe and I'm falling asleep. If you cant sleep just turn on some slow beautiful music and listen to it ,1468336465,2009-04-07 01:03:02-07:00,134
@mileycyrus http://twitpic.com/2y606 - i am awhing to the extremeee! sofie is SOO GORGEOUS ,1468337859,2009-04-07 01:03:32-07:00,91
"@mileycyrus http://twitpic.com/2y606 - awwwww shes sooooooooooooooooooo cute, thats a really cute pose...i want her ",1468349541,2009-04-07 01:07:46-07:00,116
"@mileycyrus: oh...my gosh I can't stop singing ""The Climb "" it's  such a lovely songxx   from laus in england.",1468363366,2009-04-07 01:12:48-07:00,110
@mileycyrus - hey  i just wanted to ask how old you were when you first learned the guitar.. thanks,1468391612,2009-04-07 01:23:06-07:00,99
@mileycyrus me and my friends have been up for an hour to get in line at gma today  say hi to us haha,1468395167,2009-04-07 01:24:25-07:00,101
@mileycyrus now i think its definitely a nap ,1468405585,2009-04-07 01:28:09-07:00,45
@mileycyrus http://twitpic.com/2y606 - gosh! that's one adorable little dog. i can't sleep without my dog too ,1468408632,2009-04-07 01:29:21-07:00,110
@mileycyrus http://twitpic.com/2y606 - Omg she is such a cutie! ,1468459197,2009-04-07 01:47:56-07:00,64
@mileycyrus http://twitpic.com/2y606 - Cute puppy dog x i dont see the point of leaving comment as probably no one will read it xxxxxxx ,1468461573,2009-04-07 01:48:48-07:00,136
"@mileycyrus your movie isn't out until Friday my dear! no worries, we'll all be seeing that too!! ",1468586455,2009-04-07 02:34:17-07:00,98
@mileycyrus http://twitpic.com/2y606 - Wooooooooooow  So cute,1468613602,2009-04-07 02:44:10-07:00,61
@mileycyrus miley!!! i luv this video!! you and mitchelmusso!!! http://www.youtube.com/watch?v=s7AjedGMd4s&feature=related-!! sooo cute!! ,1468683943,2009-04-07 03:09:00-07:00,138
"@mileycyrus Dang, you're up already?! Have a good day!! ",1468684163,2009-04-07 03:09:05-07:00,56
"@mileycyrus Ah, that problem is a familiar one - try wash your face in cold water! ",1468685262,2009-04-07 03:09:29-07:00,83
@mileycyrus have a good day! ,1468697065,2009-04-07 03:13:30-07:00,29
@mileycyrus wow that's weird. Its only 8pm here in Australia. you should come here soon  we're ahead in time ,1468700058,2009-04-07 03:14:33-07:00,109
@mileycyrus Good morning Miley! I hope you have a great day ,1468700152,2009-04-07 03:14:35-07:00,60
@mileycyrus good morning Miley ,1468700243,2009-04-07 03:14:38-07:00,31
@mileycyrus Why did you wake up at 3 am??  ,1468711556,2009-04-07 03:18:36-07:00,43
"@mileycyrus how much time did you sleep? how are you? have a nice day, miley  xx",1468725485,2009-04-07 03:23:29-07:00,80
@mileycyrus goodmorning Miley  for you its morning and for me its my bedtime  have a good day! xO,1468740787,2009-04-07 03:28:44-07:00,97
@mileycyrus my tummy hurts too and im falling asleep but for once it isnt raining in england lol hey by the way haha .. ,1468756282,2009-04-07 03:33:52-07:00,120
"@mileycyrus  no worry, at least you enjoy what u do,  not like me doing something which I hate ",1468757092,2009-04-07 03:34:08-07:00,95
@mileycyrus gOgH milEey yOou kEen dO iT!! wiCKck Up ,1468769814,2009-04-07 03:38:26-07:00,52
"@mileycyrus mother nature doesn't hate you, you're very pretty  You may need some rest ",1468772834,2009-04-07 03:39:24-07:00,87
"@mileycyrus snap! except for the rainy part! shocking really, its not acctually raining in england! lol ",1468773133,2009-04-07 03:39:31-07:00,104
@mileycyrus Good idea. ,1468801535,2009-04-07 03:48:33-07:00,23
@mileycyrus have a wonderful morning!! ,1468801709,2009-04-07 03:48:36-07:00,39
@mileycyrus oooo I like that idea ,1468803651,2009-04-07 03:49:13-07:00,34
@mileycyrus I love you Miley (:  ... The Climb is my fav song ever!! ,1468804281,2009-04-07 03:49:24-07:00,69
@mileycyrus Aww Well Wer Behind Ya  All Our Support  But Mother Nature Is Kind To Us Today We Hav A 10Pack Guy Wit Us Mmmmm  xxx,1468805288,2009-04-07 03:49:45-07:00,128
@mileycyrus you're up early.... or out late  haha,1468820857,2009-04-07 03:54:37-07:00,49
@mileycyrus he you get to meet my friend today during you screening in NY ,1468834626,2009-04-07 03:58:54-07:00,74
@mileycyrus lol i cant w8 till yoiur film out on friday  is it any good?,1468836236,2009-04-07 03:59:24-07:00,72
@mileycyrus the conbrainer store...could that be the title of your next album please? ,1468868636,2009-04-07 04:09:15-07:00,86
@mileycyrus Good Morning  I hope you feel better!,1468936835,2009-04-07 04:29:18-07:00,49
@mileycyrus pooor Miley =/  Be stronng  . Love you so much ?,1468974201,2009-04-07 04:39:49-07:00,60
@mileycyrus Hii! you are amazing ...I wish I could meet you ,1468990289,2009-04-07 04:44:16-07:00,60
"@mileycyrus aw, i'm sorry. but that was really cute. ",1469009696,2009-04-07 04:49:24-07:00,53
"@mileycyrus ...happy, you deserve it  (ran out of room on the last one)",1469176925,2009-04-07 05:29:57-07:00,71
"@mileycyrus I read  your updates and I hope you feel better soon, and asap get some sleep. ",1469200344,2009-04-07 05:35:01-07:00,91
@mileycyrus http://twitpic.com/2y606 - aaahhh... shes so cute ,1469245805,2009-04-07 05:44:47-07:00,62
@mileycyrus you where amazing on gma. thanks so much for being so sweet and taking pix. and thanks for the compliment on my tat! haha ,1469268488,2009-04-07 05:49:40-07:00,134
@mileycyrus lol the conbrainer store thats cute ,1469421968,2009-04-07 06:19:59-07:00,48
@Mileycyrus i love jesus too  and im getting ready for school  (<3),1469447169,2009-04-07 06:24:37-07:00,67
@mileycyrus yess I do ! and im in boston for a college fair and not school  hahaa,1469447592,2009-04-07 06:24:41-07:00,81
@mileycyrus of course!  He is the way to Salvation!,1469504732,2009-04-07 06:35:04-07:00,51
@mileycyrus Me too! haha <3 But I have this week off! ,1469531550,2009-04-07 06:39:53-07:00,54
@mileycyrus  whered u get the cool backround? mines just lik these lame clouds. Luv it! ,1469645406,2009-04-07 07:00:07-07:00,88
"@mileycyrus Yes, i love Jesus too  And: I love YOU!!!)",1469700788,2009-04-07 07:09:49-07:00,54
"@mileycyrus http://twitpic.com/2xszg -  gotta love a bit of Starbucks, and Miley... Ideal combination much?",1469701872,2009-04-07 07:10:02-07:00,107
@mileycyrus man u are one busy girly ,1469730509,2009-04-07 07:15:05-07:00,37
"@mileycyrus Yaaay  I love Jesus too! No greater feeling. Can't wait to see you on Tyra, I'm sure you'll be hilarious as in every interview",1469846702,2009-04-07 07:35:32-07:00,138
"@mileycyrus hi Mileeey! my friend and I can't wait to your come to Spain! we are so excited! we love all of your songs, all are great ",1469873243,2009-04-07 07:40:16-07:00,134
@mileycyrus i will do ,1469957110,2009-04-07 07:55:32-07:00,22
@mileycyrus ahaa that's classic! ,1470015361,2009-04-07 08:05:42-07:00,33
@mileycyrus haha  It's a totally different animal.,1470042702,2009-04-07 08:10:31-07:00,50
"@mileycyrus true dattt! hahh.. i always say christianity isnt a 'religon', its a relationship.. cuz Jesus is alive ",1548586332,2009-04-17 21:22:24-07:00,115
@mileycyrus  hey miley i so agree with you  music is a lifestyle )))),1548782179,2009-04-17 21:57:30-07:00,69
"@mileycyrus http://twitpic.com/3cwun - hahahha, HEY ! thats the set of hannah montana rigght ? ",1548861303,2009-04-17 22:12:21-07:00,95
"@mileycyrus say HMTM tonight, so cute .. p.s.- IT'S MY 18TH BRITHDAY!! ",1548886191,2009-04-17 22:17:20-07:00,71
@mileycyrus  who your Tweeps fans?,1548886542,2009-04-17 22:17:24-07:00,34
@mileycyrus p.s. i love you too ,1548887515,2009-04-17 22:17:37-07:00,32
@mileycyrus is there some way i can send you fan mail to possibly get an autograph? it would make me sooo happy ,1548888215,2009-04-17 22:17:47-07:00,112
@mileycyrus aaaww i love you 2 miley  <3,1548888564,2009-04-17 22:17:50-07:00,40
@mileycyrus hey miles...i got the lead role in a student film..AH..its my dream...and its finally comin true....its so AWESOME... ,1548912772,2009-04-17 22:22:34-07:00,130
"@mileycyrus listening to the HM movie soundtrack,, don't walk away when i'm talking to you, love it.. ",1550818554,2009-04-18 07:21:14-07:00,102
@mileycyrus : hey Miley.  nice twitter profile.,1551054571,2009-04-18 08:01:23-07:00,47
"@mileycyrus have you read the book ""P.S. I Love You"", it's really a good one ",1551146766,2009-04-18 08:16:15-07:00,77
"@mileycyrus I love love loved your movie! It was one of the best movies that I have seen in a while  Hope all is well, take care xo.",1551332231,2009-04-18 08:46:31-07:00,132
@mileycyrus is so cute!  I would love to meet her in person.   I'm a huge fan!,1551332810,2009-04-18 08:46:37-07:00,78
@mileycyrus i love you too ,1551776604,2009-04-18 09:56:48-07:00,27
@mileycyrus hey i've watched your video on youtube scary maze hahaha i enjoyed it ,1551970645,2009-04-18 10:26:53-07:00,82
@mileycyrus this is taryn early im a big fan is htis hte real miley??? ,1551972949,2009-04-18 10:27:15-07:00,71
@mileycyrus Youre welcome here  have fun!,1553112967,2009-04-18 13:24:25-07:00,41
"@mileycyrus good luck in Germany, Miley. ",1553114090,2009-04-18 13:24:35-07:00,41
@mileycyrus visit me in germany ,1553240076,2009-04-18 13:44:25-07:00,32
@mileycyrus where in germany are you?? cause I live in frankfurt the city with the big airport ,1553242482,2009-04-18 13:44:47-07:00,95
@mileycyrus Do you really fly to Germany? Where? ,1553366820,2009-04-18 14:04:32-07:00,49
@mileycyrus yaaay hope to see you here  in which cities are you going to be in germany? much love!,1553431256,2009-04-18 14:14:55-07:00,98
@mileycyrus what are you doing in germany ? hope you have a great time there ,1553678779,2009-04-18 14:55:08-07:00,77
"@mileycyrus Come now to Germany? That is cool, then we see you probably now the german television often ",1553739307,2009-04-18 15:04:49-07:00,104
@mileycyrus hi miley just wanna say me and my mates are big fans we always dance to your music and embarass ourselves great fun  thanks x,1553862276,2009-04-18 15:24:57-07:00,137
"@mileycyrus it is VERY silly the stories the press make up, don't worry most of us understand they are all OTT anyway  x",1553862895,2009-04-18 15:25:03-07:00,120
@mileycyrus We'd love you even if you did  love you milesssss,1553864480,2009-04-18 15:25:15-07:00,61
@mileycyrus ...how are you ...??? please write back... ,1553894424,2009-04-18 15:30:13-07:00,55
@mileycyrus i love you for clearing up all rumors  gossip sites are frigging annoying ...though i love to read them  bahaha,1553895328,2009-04-18 15:30:21-07:00,123
"Thank You @mileycyrus .. I Was Kinda Upset & Angry And From You Writing Quotes, I Decided To Look Them Up And They Cheered Me Up  xoxo",1553925195,2009-04-18 15:35:14-07:00,134
@mileycyrus how are you..??? please write back.. ,1553953679,2009-04-18 15:40:02-07:00,49
@mileycyrus i'm getting the same car you are! ,1553953857,2009-04-18 15:40:02-07:00,46
@mileycyrus omg if you dont want a rumor to start then tell a pop that yur gonna take that thing or watever and yah ,1554014232,2009-04-18 15:50:02-07:00,116
@mileycyrus i got a new bible today. it is now my goal to read the whole thing! ,1554043670,2009-04-18 15:54:53-07:00,80
@mileycyrus thats a rumor id like to have. ,1554044443,2009-04-18 15:55:02-07:00,43
@mileycyrus have a safe flight and have fun!! ,1554075018,2009-04-18 16:00:06-07:00,46
@mileycyrus hey miley  you're fantastic ,1554166967,2009-04-18 16:15:07-07:00,40
@mileycyrus I get my license in a week  haha! I'm so exciteddd,1554402785,2009-04-18 16:54:07-07:00,62
"@mileycyrus hahaha. i bet celebebrity bloggers are talking about ""your new car"" loll. love you and i love your Prius  ",1554403557,2009-04-18 16:54:13-07:00,118
@mileycyrus i just saw the hannah montana movie...amazingg! i'm currently very inspired ,1555873685,2009-04-18 20:56:46-07:00,88
@mileycyrus miley add me on facebook Claudio Lo Gullo lol thanks  ,1556038938,2009-04-18 21:27:03-07:00,66
@mileycyrus finally saw your movie today...LOVED IT! ,1556141757,2009-04-18 21:47:03-07:00,53
@mileycyrus Miley I really loved the movie! It was really sweet & touching! I can't lie I cried haha. <3 u ,1556169756,2009-04-18 21:52:36-07:00,107
@mileycyrus loved the hannah montana movie! ,1556335830,2009-04-18 22:27:04-07:00,44
@mileycyrus hey miley  where are you going?,1556402343,2009-04-18 22:42:01-07:00,43
"@mileycyrus Which is your favorite song by Radiohead??? btw, Great work on the HM Movie! It rocked! Sorry for the late wishes ",1556530330,2009-04-18 23:12:21-07:00,126
@mileycyrus miley i love you so much  you are so funny you're the best xD,1556704595,2009-04-18 23:57:40-07:00,73
@mileycyrus Watch.  http://tinyurl.com/dbhz99 Funny as Hail.,1557137130,2009-04-19 02:13:27-07:00,60
@mileycyrus http://twitpic.com/3goxn - miley you rock ,1557149700,2009-04-19 02:17:58-07:00,54
@mileycyrus: Good Luck for Europe ,1557192805,2009-04-19 02:33:47-07:00,34
@mileycyrus may god bless u miley  enjoy the flight <3,1557192932,2009-04-19 02:33:51-07:00,54
@mileycyrus  http://twitpic.com/3l6pl   I made this for you i hope you like it ,1557232404,2009-04-19 02:48:38-07:00,79
"@mileycyrus Miley, dont you wanna stop by in Netherlands?  Amsterdam is one of the most beautiful city's in Europe!",1557308224,2009-04-19 03:17:47-07:00,115
"@mileycyrus heey, you're on your way to germany right..(:? I'm from gemany  ï¿½ï¿½hm.how long are you in germany?<3mail back pls",1557373071,2009-04-19 03:42:56-07:00,128
@mileycyrus have u been in norway before ?  u have so many fans  in hear! and they love u ! <3,1557374409,2009-04-19 03:43:26-07:00,94
@mileycyrus Ah Germany... welcome here ,1557375094,2009-04-19 03:43:43-07:00,39
@mileycyrus http://twitpic.com/3goxn -   she's pretty. I like her. She is just a mega superstar!,1557483423,2009-04-19 04:23:27-07:00,96
"@mileycyrus mileyy.. i just saw the HM Movie, it was breath-taking if you ask me, i loved the ending.. i cried. haha, i love you miley!! ",1557633768,2009-04-19 05:14:07-07:00,137
"@mileycyrus hey,,wht a great movie. i love it. ",1558047092,2009-04-19 07:04:08-07:00,47
@mileycyrus Hey Miley!! Can't wait to see u on Jonathan Ross this week  hope u have a great time in Europe  xoxoxo,1558165169,2009-04-19 07:29:29-07:00,114
@mileycyrus aww you should be rite ,1558291602,2009-04-19 07:55:03-07:00,35
@icecreamcoke GREAT! now demi is in Spain  hah I want see her! I entrered a competition to meet @mileycyrus ,1558560520,2009-04-19 08:44:50-07:00,108
"@mileycyrus Have a wonderful time in Germany, Miley!  I love you!",1558675808,2009-04-19 09:04:52-07:00,65
"@mileycyrus We said that at 3 am it's the hour of the demons, the evil ! It's at that time that they come out. But it's just a legende ",1558976792,2009-04-19 09:55:31-07:00,135
"@mileycyrus: 'the climb' always makes my day better. Ps, it's my ringtone ",1559069229,2009-04-19 10:10:28-07:00,74
@mileycyrus i loveee youuu! your my idolll and i bet if i lived in LA we'd be great friends  lmao!,1559452850,2009-04-19 11:10:44-07:00,98
@mileycyrus Hey Miley  where r u going to?,1559546251,2009-04-19 11:25:29-07:00,42
@mileycyrus  wow mileyy i live in germany ..   you were so neaar and know soo far .. do pics from you in twipic wanna see you in germany,1559772054,2009-04-19 12:00:34-07:00,136
@mileycyrus: Germany? Italy? oh Im so jealous haha love ya ,1559772757,2009-04-19 12:00:41-07:00,59
@mileycyrus hi miley!! how are u? When you come to Spain? I would be very excited that you answered. please replyy!! I love you so much ,1559772974,2009-04-19 12:00:43-07:00,136
@mileycyrus i can be here talking to you if you can sleep tonight so you don't get bored ,1559807290,2009-04-19 12:05:52-07:00,89
WELCOME TO ITALY @mileycyrus!! I'm Italian!!! ,1559807654,2009-04-19 12:05:53-07:00,46
@mileycyrus cool! hope you have fun!!! ,1559807817,2009-04-19 12:05:56-07:00,39
@mileycyrus hello! I am from spain. I am loking forward to see you here! can you reply me please? kisses ,1559808018,2009-04-19 12:05:58-07:00,105
@mileycyrus Welcome to Germany Miley. Hope you'll have a good stay. ,1559808356,2009-04-19 12:06:01-07:00,68
@mileycyrus  haha awesomee   have lotsss of fun,1559808455,2009-04-19 12:06:00-07:00,47
@mileycyrus You are so lucky you get to go to rome i have been dying to go there for ages but my mum nd dad wont take me..maybe someday. ,1559808860,2009-04-19 12:06:04-07:00,137
@mileycyrus Hey Miley!! Im sara by the way...LOL ,1559809357,2009-04-19 12:06:09-07:00,49
"@mileycyrus lucky! that sounds fun!  have fun! <333 p.s. your soundtrack is sold out in my whole city, san antonio. ",1559840755,2009-04-19 12:10:57-07:00,116
"@MileyCyrus You're not suppose to sleep, you're in Italy.  Have fun!",1559905851,2009-04-19 12:21:00-07:00,68
@mileycyrus How are you? Don't know if you remember me but used to talk to you and Mandy on AIM. Just wanted to say HI!. ,1559906506,2009-04-19 12:21:05-07:00,121
"@mileycyrus Bella ragazza, godetevi il vostro soggiorno in Italia!  Its the best country in the world and its were I am from so enjoy it!",1559971787,2009-04-19 12:31:07-07:00,137
@mileycyrus http://twitpic.com/384nw - i love i love i love u SO MUCH! ? u r perfect women ,1562363417,2009-04-19 19:48:26-07:00,91
@mileycyrus goodmorning miley!! rome looks beautiful today  see you around,1563536243,2009-04-19 23:12:51-07:00,74
@mileycyrus i loooove cheese cake ,1563756046,2009-04-20 00:07:36-07:00,34
@mileycyrus this is silly but i had a dance tryout on friday & i find out today if i made it could you wish me luck & pray for me please ,1563775222,2009-04-20 00:12:39-07:00,137
"@mileycyrus this is silly but i had a dance tryout on friday & i find out today if i made it, could you wish me luck & pray for me please ",1563775717,2009-04-20 00:12:48-07:00,138
@mileycyrus this is silly but i had a dance tryout on friday & i find out today if i made it could you wish me luck & pray for me please ,1563776145,2009-04-20 00:12:55-07:00,137
"@mileycyrus this is silly but i had a dance tryout on friday & i find out today if i made it, could you wish me luck & pray for me please ",1563776703,2009-04-20 00:13:08-07:00,138
@mileycyrus this is silly but i had a dance tryout on friday & i find out today if i made it could you wish me luck & pray for me please ,1563777351,2009-04-20 00:13:15-07:00,137
"@mileycyrus this is silly but i had a dance tryout on friday & i find out today if i made it, could you wish me luck & pray for me please ",1563778044,2009-04-20 00:13:25-07:00,138
@mileycyrus this is silly but i had a dance tryout on friday & i find out today if i made it could you wish me luck & pray for me please ,1563793383,2009-04-20 00:17:33-07:00,137
"@mileycyrus this is silly but i had a dance tryout on friday & i find out today if i made it, could you wish me luck & pray for me please ",1563793927,2009-04-20 00:17:42-07:00,138
@mileycyrus this is silly but i had a dance tryout on friday & i find out today if i made it could you wish me luck & pray for me please ,1563794416,2009-04-20 00:17:50-07:00,137
"@mileycyrus this is silly but i had a dance tryout on friday & i find out today if i made it, could you wish me luck & pray for me please ",1563794959,2009-04-20 00:18:00-07:00,138
@mileycyrus this is silly but i had a dance tryout on friday & i find out today if i made it could you wish me luck & pray for me please ,1563795664,2009-04-20 00:18:11-07:00,137
"@mileycyrus this is silly but i had a dance tryout on friday & i find out today if i made it, could you wish me luck & pray for me please ",1563796088,2009-04-20 00:18:19-07:00,138
@mileycyrus follow Britney ,1563868754,2009-04-20 00:38:28-07:00,27
"@mileycyrus don't worry, you'll be fine  God bless you xD",1563884643,2009-04-20 00:42:50-07:00,57
@mileycyrus it'll be okay ,1563884728,2009-04-20 00:42:51-07:00,26
"@mileycyrus same ! My mum gone on holiday with my brother and his wife , but I'm at college so I'm ok for now  , how are you doing? X",1563885335,2009-04-20 00:43:01-07:00,133
"@mileycyrus aoww, be happy miley  just 10 days! i know you can wait! :ï¿½",1563885753,2009-04-20 00:43:08-07:00,73
@mileycyrus this is gonna be 10 days of fun  enjoy it ;),1563886442,2009-04-20 00:43:20-07:00,56
@mileycyrus Greatest movie ever! ,1563886669,2009-04-20 00:43:23-07:00,33
@mileycyrus YOU TELL @PerezHilton the truth chickedy ,1563900900,2009-04-20 00:47:24-07:00,53
@mileycyrus i hope you have a great time over there! ,1563902438,2009-04-20 00:47:50-07:00,53
"@mileycyrus @afwife08 uuu, and here i 9.45 AM  great weather, wonderful day! <3i absolutley agree with you!",1563903145,2009-04-20 00:48:02-07:00,107
"@mileycyrus thats true, we can be happy ",1563904849,2009-04-20 00:48:31-07:00,40
"@mileycyrus Cheer up!  10 days will pass very quickly. I just completed 10 days in the States...missing it, but family presence is impt!",1563919161,2009-04-20 00:52:31-07:00,136
@mileycyrus hopefully it goes fast!! your beautiful! ,1563940016,2009-04-20 00:58:31-07:00,53
"@mileycyrus Hang in there and have a great journey.  My girls adore you.  Thanks for all you give, Miley ",1563957508,2009-04-20 01:03:17-07:00,105
@mileycyrus good point. everyone DOES deserve to be happy ,1564023096,2009-04-20 01:22:52-07:00,58
@mileycyrus i made this for you.please see it and comment it  http://www.twitpic.com/33dl7,1564023436,2009-04-20 01:22:58-07:00,90
@mileycyrus Great movie and keep up the good work! ,1564025628,2009-04-20 01:23:39-07:00,51
@mileycyrus I want to write you something special. I will write it and 'tweet' it to you ,1564057307,2009-04-20 01:33:03-07:00,89
"@mileycyrus you're adorable and so funny!you're going to have a splendid future cause u are a splendid person,inside and out.Go girl! ",1564059005,2009-04-20 01:33:32-07:00,134
@mileycyrus this is why we love you ,1564073701,2009-04-20 01:38:09-07:00,36
@mileycyrus @perezhilton @justjaredjr @monstrocity @johncmayer @garretjiroux hello!!! ,1564137523,2009-04-20 01:58:08-07:00,86
"@mileycyrus Hope that you have a great Time in Italy  I'm Italian, but I live in Germany! xoxo s",1564138100,2009-04-20 01:58:19-07:00,96
"@mileycyrus aww, don't be sad miley <3 Where are you ? ",1564138137,2009-04-20 01:58:20-07:00,55
@mileycyrus i hope you enjoy italy and hope you have a blast when you come over here to london. you've got a lot of fans over here ,1564155262,2009-04-20 02:03:20-07:00,131
"@mileycyrus hi miley! hope you give a shoutout to my lil sis, mage. You're her idol. Thank you so much! God bless you! ",1564184776,2009-04-20 02:12:26-07:00,119
@mileycyrus you're amazing for not letting smack talkers get the best of you  props ,1564185892,2009-04-20 02:12:47-07:00,84
@mileycyrus here's a good book: eat. love. pray. by Elizabeth Gilbert. It's really good ,1564219473,2009-04-20 02:23:24-07:00,88
@mileycyrus miley... your picture is so cool.. ,1564234745,2009-04-20 02:28:14-07:00,47
@mileycyrus agrees ,1564266053,2009-04-20 02:37:56-07:00,19
"@mileycyrus oh, good luck. time flies so you'll be done in a minute ",1564266241,2009-04-20 02:38:00-07:00,68
@mileycyrus Spain is waiting for you!!! we love you!!! I cant wait to see you here ,1564266597,2009-04-20 02:38:07-07:00,83
"@mileycyrus Hang in there, you can do it ",1564267863,2009-04-20 02:38:32-07:00,41
@mileycyrus Hi Miley! I'm a huge fan with an Aussie accent lol. Plz check out: http://twitpic.com/3nc6q It's a poem & collage I made you! ,1564283241,2009-04-20 02:43:18-07:00,138
"@mileycyrus be careful miley, you dont want to ruin that beautiful voice of yours! ",1564283844,2009-04-20 02:43:30-07:00,83
@mileycyrus hey! how are you doing? t u upset?:/ hope u're ok  God bless You,1564299923,2009-04-20 02:48:24-07:00,76
"@mileycyrus you're awesome, miley!  i'm 24 yrs old but i like your songs.. ",1564399569,2009-04-20 03:18:20-07:00,75
"@mileycyrus  I wrote you a letter today, I'm a huge fan from New Zealand  http://bit.ly/eiw9t Please give it a read. u dnt hv to reply ",1564625347,2009-04-20 04:19:08-07:00,135
@mileycyrus be appreciative that people want 2 hear U talk...and in Rome!  you must eat a: Gelato di Nociolla --BEST ICE CREAM EVER,1564691848,2009-04-20 04:34:20-07:00,131
@mileycyrus awwwww but your so good at what you do ,1564782137,2009-04-20 04:54:27-07:00,51
@mileycyrus Hey Miley this is Clemens  Iam new here ...and its soo cOoL ! Where are you now ?,1564829435,2009-04-20 05:04:05-07:00,93
@mileycyrus will you vome to spain? ,1564831242,2009-04-20 05:04:27-07:00,36
@mileycyrus Love you miley .. i'm so exited for you ^^ Soon paris !!        Peace&Love,1564831891,2009-04-20 05:04:34-07:00,86
@mileycyrus aw hang in there... God is beside you through it all. remember that. ,1564853313,2009-04-20 05:08:50-07:00,81
@mileycyrus  Awww. i bet they miss you too. ,1564856290,2009-04-20 05:09:25-07:00,44
"@mileycyrus I belive that you do, but in Europe you'll have such a good time ",1564908715,2009-04-20 05:19:38-07:00,77
@mileycyrus hahahaa. go visit my family. they'll make you feel like your home. with the home made PASTA ,1565135120,2009-04-20 05:59:46-07:00,104
@mileycyrus hey miley!i heard you brought some chickens home for the HM Movie set.how are the chickens doing? ,1565649084,2009-04-20 07:14:54-07:00,110
@mileycyrus take care then ,1565684862,2009-04-20 07:19:40-07:00,27
@mileycyrus waht do you thing is the moost fun to be a seleberty ? ,1565956607,2009-04-20 07:55:05-07:00,67
@mileycyrus congrats on this: http://tinyurl.com/cls9ov - good example ,1573088543,2009-04-20 23:40:31-07:00,71
"@mileycyrus you shldnt care what others say so much, you are beautiful <3 and that jst makes ppl jealous. please come to australia soon ",1573171955,2009-04-21 00:00:42-07:00,136
@mileycyrus i like it ,1573615086,2009-04-21 02:00:53-07:00,22
@mileycyrus Whos that with you in the photo? ,1573616051,2009-04-21 02:01:09-07:00,45
@mileycyrus http://twitpic.com/3pf7v - Love this pic   You're bueatiful !!,1573616225,2009-04-21 02:01:11-07:00,74
@mileycyrus http://twitpic.com/3pf7v - wow cool ! ,1573616286,2009-04-21 02:01:12-07:00,50
@mileycyrus it looks cool and pretty   i want it#,1573617594,2009-04-21 02:01:34-07:00,49
"@mileycyrus hm,cute mask.I prefer the left one. ",1573633377,2009-04-21 02:06:05-07:00,48
@mileycyrus http://twitpic.com/3pf7v - both of u look great~~~ ,1573634123,2009-04-21 02:06:17-07:00,63
@mileycyrus I really like it!!  It's beautiful!! ,1573634845,2009-04-21 02:06:29-07:00,49
@mileycyrus i like the new look  you both look fantastic ,1573635622,2009-04-21 02:06:42-07:00,57
@mileycyrus pretty haha  Are you in Spain?  Kisses!,1573635915,2009-04-21 02:06:47-07:00,51
@mileycyrus http://twitpic.com/3o5f1 - Scrummy! Yor face is hilarious! ,1573649613,2009-04-21 02:10:45-07:00,71
@mileycyrus http://twitpic.com/3pf7v - perfect ,1573652251,2009-04-21 02:11:31-07:00,47
@mileycyrus when are you arriving in london? I cant wait to see you ,1573652819,2009-04-21 02:11:42-07:00,68
"@mileycyrus I love that picture , you're so beautiful http://twitpic.com/3pezy ",1573665994,2009-04-21 02:15:34-07:00,79
@mileycyrus You guys look lovely ,1573666894,2009-04-21 02:15:49-07:00,33
"@mileycyrus http://twitpic.com/3pf7v - Niice ^__^, very funny lol ",1573685307,2009-04-21 02:21:24-07:00,66
@mileycyrus http://twitpic.com/3pf7v - lovely ,1573685543,2009-04-21 02:21:28-07:00,46
@mileycyrus http://twitpic.com/3pf7v - nice masks! you're gorgeous miley ,1573700756,2009-04-21 02:26:08-07:00,73
"@mileycyrus hey miley .. hows yah?? ur new look?? well, its cool .. ",1573702295,2009-04-21 02:26:37-07:00,68
@mileycyrus http://twitpic.com/3pf7v - Oh ! You look so great girls ,1573718019,2009-04-21 02:31:16-07:00,68
@mileycyrus very nice. ,1573734075,2009-04-21 02:36:03-07:00,23
@mileycyrus http://twitpic.com/3pf7v - thats cute  ur beautiful hun,1573735576,2009-04-21 02:36:30-07:00,67
"@mileycyrus Nice masks... I think you need to go dance now with 4 of your friends, and make the Fab-awockeez! I'm copywriting that ",1573736736,2009-04-21 02:36:50-07:00,131
@mileycyrus http://twitpic.com/3pf7v - Nice mask  Where did you get it?,1573750347,2009-04-21 02:40:51-07:00,71
"@mileycyrus You are so lucky, i Hope u know that ",1573750737,2009-04-21 02:40:58-07:00,49
@mileycyrus http://twitpic.com/3pf7v - how Venice of you! ,1573929255,2009-04-21 03:31:08-07:00,58
@mileycyrus http://twitpic.com/3pf7v - looks funky. rome must be awesome ,1573931229,2009-04-21 03:31:39-07:00,73
@mileycyrus and you hopefully enjoyed it? Please stop counting calories while in europe ,1573947193,2009-04-21 03:36:03-07:00,88
@mileycyrus http://twitpic.com/3pf7v - Nice masks! You gals look so pretty! ,1573969026,2009-04-21 03:42:00-07:00,76
@mileycyrus http://twitpic.com/33jqr - Just to let u know u still luk pretty even when ur sleeping ,1574025264,2009-04-21 03:56:38-07:00,99
@mileycyrus http://twitpic.com/326b5 - AWWWW my fav. dogs ..i WILL have a yorkie someday ,1574026863,2009-04-21 03:57:02-07:00,89
@mileycyrus http://twitpic.com/3o4az - ohh its soo cute ,1574027417,2009-04-21 03:57:10-07:00,56
@mileycyrus Awesome! I love the mask ,1574065577,2009-04-21 04:06:22-07:00,37
@mileycyrus http://twitpic.com/3o4az - sweet! i love you! ,1574109221,2009-04-21 04:16:58-07:00,58
@mileycyrus hi miley  i loved you're movie it was amazing !,1675756029,2009-05-01 20:15:26-07:00,59
@mileycyrus i do that ALL the time. Don't worry about what other people say. ,1675790894,2009-05-01 20:20:15-07:00,77
"@mileycyrus Heyy!  Just wanted to say, in this video ( http://tinyurl.com/cz2a2v ) - your laugh at 4:31 is so cute. xD",1675790991,2009-05-01 20:20:16-07:00,118
@mileycyrus my dad  growls at me when I have my feet on the dashboard lol It's not my fault it's comfy ,1675861500,2009-05-01 20:30:21-07:00,103
"@mileycyrus http://twitpic.com/4dldq hey miley, this girl kinda looks just like you! lol ",1675861958,2009-05-01 20:30:25-07:00,89
"@mileycyrus http://twitpic.com/4dldq hey miley, this girl kinda looks just like you! lol ",1675862599,2009-05-01 20:30:32-07:00,89
@mileycyrus http://twitpic.com/3n4rz - She is stunning! wooooow! Love it! Love the song too ,1675863918,2009-05-01 20:30:41-07:00,92
"@mileycyrus http://twitpic.com/4dldq hey miley, this girl kinda looks just like you! lol ",1675864403,2009-05-01 20:30:46-07:00,89
@mileycyrus Not at all! ... i do that all the time ,1676064398,2009-05-01 21:00:27-07:00,51
"@mileycyrus I ride with my feet on the dashboard all the time, def not obnoxious! it's comfy ",1676067247,2009-05-01 21:00:51-07:00,93
@mileycyrus yes.yes it does ,1676222605,2009-05-01 21:25:40-07:00,28
"@mileycyrus http://twitpic.com/3goxn - keep smiling,  god loves you ",1676425200,2009-05-01 22:00:34-07:00,68
@mileycyrus yourrr thee most amazinggg persooon in thiss totally twistedd worllldd! teamcyrus untill thee end! ,1676538162,2009-05-01 22:20:56-07:00,111
@mileycyrus You are a bad girl Miley. Dont get your feet on the dashboard.  jk,1676565404,2009-05-01 22:26:11-07:00,78
@mileycyrus Just stopping by to tell you im one of ur biggest fans and you inspire me more than you know   I hope to meet you someday..,1676565577,2009-05-01 22:26:13-07:00,135
@mileycyrus do you really respond back to your fans??? just wondering ,1676616113,2009-05-01 22:35:51-07:00,70
@mileycyrus miley u looked absolutely amazing and fabulous at all ur premieres overseas! just wanted to say ur amazing!  ,1676667604,2009-05-01 22:46:19-07:00,121
@BrittanyySnoww her private page is the one with john lennon on the backscreen.  her real page is @mileycyrus,1676783978,2009-05-01 23:11:02-07:00,109
@mileycyrus miley your movie is super fantastic  God is Good girl!!!!!!,1676849933,2009-05-01 23:26:17-07:00,71
@mileycyrus no...everybody does that ,1676891791,2009-05-01 23:36:08-07:00,37
@mileycyrus http://twitpic.com/33jqr - Is that Braison ? Or a girl ,1677243853,2009-05-02 01:06:29-07:00,67
"@mileycyrus i'm not sure if this is how too comment you, haha bt i just wanted to say i think you're amazing and i love u, haha ",1677361217,2009-05-02 01:41:00-07:00,128
"@mileycyrus Yesss....If I'm driving and feet are on the dashboard, it drives me crazy!  Same as with papers on the dash!  ",1677377590,2009-05-02 01:45:59-07:00,122
@mileycyrus http://twitpic.com/4cykv - ah i just love hannah and lola xD lol i mean miley and emily ,1677410075,2009-05-02 01:56:10-07:00,100
"Town today to get some new clothes  @mileycyrus Hii, i watched your movie yesterdayy and it wass fabb i absolutely loved it ",1677751117,2009-05-02 03:47:13-07:00,124
@mileycyrus ikr. i lov 2put my feet on dashboard-when u do pilates/yoga u always want to sit in weird ways rite!-in for the kill-la roux ,1677844386,2009-05-02 04:17:26-07:00,137
"@mileycyrus feet on the dashboard is kinda disgusting, not that im saying i dont do it  but it just is :d",1677857721,2009-05-02 04:21:40-07:00,105
@mileycyrus Yow Miley! I love the way you act and SiNG  I've watched HM the Movie. Haha ) I love the end part so much ,1677926304,2009-05-02 04:42:29-07:00,118
@mileycyrus http://twitpic.com/32mhc - Wow You Too Are Both Gorgeous! ,1677942051,2009-05-02 04:47:12-07:00,70
@mileycyrus i saw the hannah montana movie last night and i just wanted to say i thought it was really good!! so congrats on the movie ,1677960394,2009-05-02 04:52:32-07:00,135
@mileycyrus http://twitpic.com/4cykv - Sweet pic. I love it. ,1677977589,2009-05-02 04:57:23-07:00,61
@mileycyrus http://twitpic.com/3vt33 - i cnt believe ur the same age as me .....ur lifesytle is wat ppl dream about ... ,1678090921,2009-05-02 05:27:25-07:00,120
"@mileycyrus hey miley! do u know MANNY PACQUIAO? [my question doesn't make sense] but seriously, do u know him?  juz wondering..hehe",1678109908,2009-05-02 05:32:11-07:00,132
"@mileycyrus Loved Hannah Montanna movie! your amazing miley, keep it up  xxx",1678218814,2009-05-02 05:57:43-07:00,76
@mileycyrus would u mind if i share my feelings 2 u right now? [i think i've said my feelings already..  sorry..],1678241430,2009-05-02 06:02:21-07:00,113
@mileycyrus hey miley.  just wonderin r u comin to australia anytime soon? id love to see you down here when you come  from haylie,1678241833,2009-05-02 06:02:26-07:00,130
@mileycyrus my hubby HATES for me to put my feet on the dashboard which i do everytime we have a long drive ,1678289184,2009-05-02 06:12:28-07:00,108
@mileycyrus Miley I was talking to your dad on yahoo messenger last night and I started to cry I love you Miley!  ,1678414587,2009-05-02 06:37:55-07:00,114
"loved, loved, LOVED Hannah Montana: The Movie @mileycyrus is awesome ",1678437917,2009-05-02 06:42:28-07:00,69
"@mileycyrus Dear Miley...we long to see ur videos on ur youtube channel, plz make a new video for questions   pretty plz <3",1678465863,2009-05-02 06:47:50-07:00,123
@mileycyrus amen to that miley!! sometimes hes the only way to get thru the day ,1678604402,2009-05-02 07:12:57-07:00,80
@mileycyrus http://tinyurl.com/c23xzk HAHA. did you know about this game?! ,1678663182,2009-05-02 07:23:02-07:00,75
@mileycyrus Thanks Miley ur an encouragement to us all!  Your the best!,1678912783,2009-05-02 08:03:19-07:00,71
@mileycyrus thats cute ,1679040539,2009-05-02 08:23:15-07:00,23
@mileycyrus : Hi Miley  Nice to meet u :],1679074460,2009-05-02 08:28:22-07:00,41
@mileycyrus That's my favourite Bob Dylon song  such a legend...,1679074918,2009-05-02 08:28:26-07:00,64
@mileycyrus Are you going to get to hang out with Demi tonite @ the 'Lollipops and Rainbows' event? It says you're both on the guest list ,1679107096,2009-05-02 08:33:05-07:00,138
@mileycyrus http://twitpic.com/4cykv - cool !btw miley we saw ur movie yesterday and it was awesome!!welld one ,1679107313,2009-05-02 08:33:07-07:00,111
@mileycyrus Miley!  Please tell everyone to buy Girls Aloud Untouchable! Every tweet helps  ty xo,1679108603,2009-05-02 08:33:18-07:00,97
@mileycyrus Miley!  Please tell everyone to buy Girls Aloud Untouchable! Every tweet helps  ty x,1679110310,2009-05-02 08:33:33-07:00,96
@mileycyrus Congrats for being one of the 100 most beautiful people in the world of the PEOPLE magazine ,1679144153,2009-05-02 08:38:31-07:00,104
Last Night Was Jokes <3 @mileycyrus The HM Movie Was Awesome. Yuur Such A Great Actress  & A Great Role Model. Love Ya xoxo <3,1679314778,2009-05-02 09:03:26-07:00,126
@mileycyrus haha i didnt know that pop stars could be crazy ,1680128176,2009-05-02 10:58:10-07:00,60
"@mileycyrus LOL! miley ,can you please follow me? ",1680129421,2009-05-02 10:58:20-07:00,50
@mileycyrus YAY! What about a rainbow-colored lollipop?! TOTALLY THE BEST THING EVER! Hahahah ,1680130631,2009-05-02 10:58:30-07:00,94
@mileycyrus i just been to see the hannah montana movie it was really good  but i cried at the end lolz x,1680202580,2009-05-02 11:08:14-07:00,105
@mileycyrus oooh...sounds sweet  i'm watching hannah montana right now!,1680202593,2009-05-02 11:08:14-07:00,71
@mileycyrus just saw your movie today was awesome ,1680202648,2009-05-02 11:08:15-07:00,50
@mileycyrus hey girl have a nice day ) smile foreva right?  u are so amazing.. really  ..god bless ya!,1680205125,2009-05-02 11:08:36-07:00,102
@mileycyrus your brother doest look anything like you :S say hi from me  i'm actually having  a Lollipop no :S,1680239095,2009-05-02 11:13:20-07:00,110
"@mileycyrus hey, the climb debuted #11 on the VH1 top 20 countdown, congrads ",1680239589,2009-05-02 11:13:24-07:00,77
"@mileycyrus http://twitpic.com/4cykv - omg! i love this pic. i love you... Miley, Hannah, Lilly, Lola, but most Miley and Emily!! ",1680240800,2009-05-02 11:13:34-07:00,130
"@mileycyrus http://twitpic.com/4cykv - i love this pic, you both look great!  kisses miley, ILY so much",1680275289,2009-05-02 11:18:23-07:00,103
@mileycyrus http://twitpic.com/4cykv - Emily is a superstar ,1680777336,2009-05-02 12:28:21-07:00,60
@mileycyrus that is so sweet! i love watching old baby videos with my family! ,1680777412,2009-05-02 12:28:22-07:00,78
@mileycyrus Hi Miley! you are ok? you're amazing! i love rs  Kisses,1680847056,2009-05-02 12:37:59-07:00,67
@mileycyrus hey! hannah montana the movie came out yesterday me n my best m8 went to see it 2day and its amazing! well done  luv u ,1680849221,2009-05-02 12:38:18-07:00,131
@mileycyrus Hey Miley I hope ur having a decent day!  ur amazing at everything u do have a grt day!,1680849729,2009-05-02 12:38:22-07:00,99
"@mileycyrus please, listen!  love you Miley!",1680885700,2009-05-02 12:43:21-07:00,44
"@mileycyrus hey, is it true that Lily and Oliver are dating? (in Hannah Montana) ",1680921795,2009-05-02 12:48:19-07:00,81
"@mileycyrus Listening to Shake It, reminds me of you ",1681139553,2009-05-02 13:18:19-07:00,53
@mileycyrus http://twitpic.com/47uaq - awwwwwww so happy she is ok ,1684874352,2009-05-02 22:18:54-07:00,67
"@mileycyrus your movie made me happy inside and out  Especially ""boom boom clap"" You're amazing!",1684955019,2009-05-02 22:34:13-07:00,96
"@mileycyrus Omg, I love your sister's hairr!! ",1684981066,2009-05-02 22:39:27-07:00,46
@mileycyrus http://twitpic.com/4fzo7 - you look dapper in this photo!  dont die your hair girl   xoxox,1685006641,2009-05-02 22:44:34-07:00,102
"@mileycyrus http://twitpic.com/4fzo7 - Wow, so pretty both of ya  You go for it if you want to dye it back to what it was! ",1685241165,2009-05-02 23:35:02-07:00,123
@mileycyrus lucky!!! i wanna go there one day. hopw all is well ,1685262604,2009-05-02 23:40:07-07:00,64
@mileycyrus hey wats  up...thats so cool ur goin to atlantis hope u hav a good time ,1685263296,2009-05-02 23:40:17-07:00,84
@mileycyrus isn't it past your bedtime  just kidding!!!!!!,1685281504,2009-05-02 23:44:35-07:00,58
@mileycyrus omggg miley atlantis is AWSOMEEEE  your gonna have soo much fun ! iluu <3333,1685281959,2009-05-02 23:44:42-07:00,88
@mileycyrus http://twitpic.com/4fzo7 - Hi Miley   you should tie dye yur hurr!,1685282174,2009-05-02 23:44:45-07:00,78
@mileycyrus hey miley. how are you? ,1685282512,2009-05-02 23:44:50-07:00,36
@mileycyrus omg like have so much fun k  love ya <3,1685282766,2009-05-02 23:44:54-07:00,51
@mileycyrus hey wats up....thats so cool u goin to atlantis hope u hav fun ,1685283228,2009-05-02 23:45:00-07:00,75
@mileycyrus i'll come if you can get me tickets ,1685284550,2009-05-02 23:45:15-07:00,48
@mileycyrus ah the lost city of atlantis lol. have fun! Btw i think u really suit that aubhurny reddish colour u died it last time. ,1685305690,2009-05-02 23:50:18-07:00,132
@mileycyrus OMG Atlantiss <3! thats an awesome place  wish i could be there _,1685385035,2009-05-03 00:09:42-07:00,77
"@mileycyrus http://twitpic.com/326b5 - ohh cute! i wanna have this dog, too ",1685464351,2009-05-03 00:30:26-07:00,76
Listening to @mileycyrus 'Butterfly fly away'. I seriously cried when this played in the movie. One of my favorite songs ever ,1685555517,2009-05-03 00:55:46-07:00,126
@mileycyrus http://twitpic.com/4cykv - wow.. itï¿½s very very nice photo.. You look fantastic? Miley..pls following me..please...  iï¿½m y ...,1685625400,2009-05-03 01:15:33-07:00,142
"@mileycyrus going to see the hannah montana movie today !! jonathan ross interview convinced me  ""see my movie"" ",1685708860,2009-05-03 01:40:32-07:00,112
@mileycyrus your hair will loook soooooooo nice dark! go for it  x,1685776266,2009-05-03 02:01:14-07:00,66
@mileycyrus I'll be in Atlantis in spirit! Have a amazing time ,1685822951,2009-05-03 02:16:00-07:00,63
"@mileycyrus I love Hanna Montana the movie  Great job miley,you're so great! xoxo",1685823428,2009-05-03 02:16:08-07:00,81
@mileycyrus http://twitpic.com/3goxn - I love your hair here. NICE ,1685871385,2009-05-03 02:31:29-07:00,67
@mileycyrus http://twitpic.com/4fzo7 - It's very pretty (L) I love it xoxo Your hair is fantastic  I think is very good  please visi ...,1685872334,2009-05-03 02:31:47-07:00,136
@mileycyrus http://twitpic.com/4fzo7 - very preety  i like it  love u :x,1685905184,2009-05-03 02:42:21-07:00,72
@mileycyrus http://twitpic.com/2xcwa - awww  i love your parents hehe they're so outgoing just like youu [:,1685920136,2009-05-03 02:47:11-07:00,107
"@mileycyrus http://twitpic.com/4fzo7 - Thats a Nice picture, you are pretty!? you can try to dye your hair  xXx Tim ?",1685982592,2009-05-03 03:07:16-07:00,117
@mileycyrus Don't dye your hair dark! I love it the colour it is ,1685997630,2009-05-03 03:12:11-07:00,65
@mileycyrus i'm fan of you ; you're great and so talented ! ,1686076026,2009-05-03 03:37:47-07:00,60
@mileycyrus And I always pray for you guys to stick together. ,1686089910,2009-05-03 03:42:13-07:00,62
@mileycyrus http://twitpic.com/4fzo7 - i love brandis hair that colour !! it looks so nice ,1686090377,2009-05-03 03:42:22-07:00,91
"@mileycyrus heyy miley. allison iraheta has got a twitter!  i havent seen u follow her, so just in case u didnt know! @AllisonOfficial ",1686123373,2009-05-03 03:52:59-07:00,135
@mileycyrus http://twitpic.com/3upg9 - Love both of you! Hope you had fun there  xoxo,1686185801,2009-05-03 04:12:51-07:00,85
@mileycyrus http://twitpic.com/3vt33 - GMTV!  i saw you on there  i loved it! x,1686202980,2009-05-03 04:18:18-07:00,79
@mileycyrus  follow me  I'm following you :],1686283860,2009-05-03 04:42:51-07:00,44
@mileycyrus Atlantis is beautiful! Have a great time and a rockin' show   Wish I could take the hubby and kids down to see!,1686318553,2009-05-03 04:53:10-07:00,123
"@mileycyrus Hi! I saw your movie yesterday...it was really good!! (i loved the song ""Butterfly fly away"")   ps. Awesome background! ;)",1686551413,2009-05-03 05:54:05-07:00,134
@mileycyrus i had soo much fun i wish miley where here for the event thanks miley for being a good role model love you to death xxx peace ,1686778072,2009-05-03 06:44:15-07:00,138
@mileycyrus i think you should come to London Ontario Canada ,1686850764,2009-05-03 06:59:24-07:00,61
i love my @taylorswift @ddlovato @mileycyrus @JonasBrothers playlist also with @ladygaga  & @britneyspears  ,1686851981,2009-05-03 06:59:39-07:00,108
@mileycyrus you looked realllly pretty with dark hair. ,1686852570,2009-05-03 06:59:47-07:00,55
"OMG! So many followers!! Thank you!!!!! But, haha, I still want more =D You guys should make me feel like @mileycyrus and @taylorswift13 ",1686903288,2009-05-03 07:09:39-07:00,137
"@mileycyrus http://twitpic.com/4fzo7 - Brandi is now one of my fellow red heads (H) Your hair is awesome  Miley, your hair is nice how ...",1686904644,2009-05-03 07:09:55-07:00,138
"@mileycyrus Miley you look gorgeous with light hair. You look gorgeous with dark hair too, but I think you should keep it light! ",1687012225,2009-05-03 07:30:10-07:00,129
"@mileycyrus www.myspace.com/EllaPaigeMusic - She wrote you a song called Not To Loose, You should check it out! ",1687125534,2009-05-03 07:50:26-07:00,112
@mileycyrus what happen on may 16? ,1687183958,2009-05-03 08:00:26-07:00,35
@mileycyrus have fun in atlantis! wish i could be there ,1687214924,2009-05-03 08:05:27-07:00,56
@mileycyrus when are you coming to brazil?? we're waiting for you!!!!! ,1687216644,2009-05-03 08:05:44-07:00,71
@mileycyrus Have fun miley!! You deserve it!! ,1687249025,2009-05-03 08:11:03-07:00,46
@mileycyrus Green Day new cd on the 15th and you on the 16th. woo!! ,1687278214,2009-05-03 08:15:50-07:00,68
"@mileycyrus I really want to come, but I live in Denmark. So that's maybe going to be a little bit hard! hehe ",1687279034,2009-05-03 08:15:57-07:00,110
"@mileycyrus http://twitpic.com/4fzo7 - I'm sure that you gonna look great in dark again !  you are always beautiful Miles, It dosen't  ...",1687307029,2009-05-03 08:20:34-07:00,138
"@mileycyrus you have changed my life, thankyou i love you so much, God Bless, your my hero ",1687307788,2009-05-03 08:20:41-07:00,91
"@mileycyrus omg,i wish a good show for u *-* but i can't go ~: but i can watch on utube  xoxo",1687308391,2009-05-03 08:20:47-07:00,93
@mileycyrus have a good day miley cyrus ,1687309815,2009-05-03 08:21:01-07:00,40
@mileycyrus hope all is good w/ Justin =/ I heared u two got into a fight at the studio.Have a nice day Miley! ,1687465466,2009-05-03 08:46:14-07:00,111
@mileycyrus ive been there before its so fun! be sure to go on the big water slide and go on the tube ride in the fish tank ,1687563739,2009-05-03 09:01:37-07:00,124
@mileycyrus May 16th is my birthday! ,1687627330,2009-05-03 09:11:16-07:00,37
has bought a load of @mileycyrus tissues  i'm waaaay too cool.,1687630730,2009-05-03 09:11:48-07:00,62
@mileycyrus http://twitpic.com/3pf7v - haha you should wear hat EVERYDAYY  jayy kayy ;),1687866697,2009-05-03 09:47:02-07:00,87
@mileycyrus I wish i could go =/ i thinkk you should go on tour though soo i can seee you ,1687901123,2009-05-03 09:52:07-07:00,90
@mileycyrus are you allowed to curse? ,1688893755,2009-05-03 12:09:35-07:00,38
"@mileycyrus hey just watched hannah montana the movie! it was great!!!  i loved the songs, i'm going around singing them to myself now =P",1688896226,2009-05-03 12:09:56-07:00,137
@mileycyrus http://twitpic.com/4fzo7 - i luv brandi's new hair i think u would look awesome with darker hair too ,1690796666,2009-05-03 16:23:59-07:00,113
@mileycyrus Hey just started following you! can't wait to read your updates! ,1690908183,2009-05-03 16:39:16-07:00,77
"@mileycyrus www.myspace.com/EllaPaigeMusic - She wrote you a song called Not To Loose, You should check it out! ",1690941827,2009-05-03 16:43:55-07:00,112
@mileycyrus hi miley I LOVE YOU So MUch  you are the best ,1691127440,2009-05-03 17:09:21-07:00,58
@mileycyrus Phil and Tara Burke. Thank you ,1691823595,2009-05-03 18:41:08-07:00,43
@mileycyrus  Hey Miley! Hey Miley! Hey Miley! Hey Miley! ok thats all I wanted to say!  Ur beautiful and hope u had a awesome day!,1692217070,2009-05-03 19:31:25-07:00,130
"@mileycyrus - fabulous career and a lazy day off, some girls have all the luck aha ",1692217183,2009-05-03 19:31:25-07:00,83
@mileycyrus Yeah!! Being lazy rocks ,1692218707,2009-05-03 19:31:37-07:00,36
@mileycyrus you....are.....awesome. haha. do you have a say now number? so i can leave a fan message..haha. you are like my inspiration! ,1692219093,2009-05-03 19:31:40-07:00,137
@mileycyrus I agree just kick back and relax ,1692255306,2009-05-03 19:36:17-07:00,45
@mileycyrus yup! you're right! sometimes laziness beats boredom! ,1692255558,2009-05-03 19:36:19-07:00,65
@mileycyrus will you release your duet with little david archie on itunes ? my new favorite song ,1692255574,2009-05-03 19:36:18-07:00,97
@mileycyrus lazy=so fabbb... umm P.S. props to your hot ass boyfriend babygirllll ,1692255844,2009-05-03 19:36:21-07:00,82
@mileycyrus sounds familiar...i stayed in ALL day too... sometimes we just need a lazy day! LOL ,1692257457,2009-05-03 19:36:33-07:00,96
@mileycyrus that's what I did ,1692257741,2009-05-03 19:36:35-07:00,30
"@mileycyrus Do you love your New Zealand fans, too, Miley?! ",1692295113,2009-05-03 19:41:19-07:00,60
@mileycyrus what about Mexican fans? ,1692295677,2009-05-03 19:41:23-07:00,37
@mileycyrus wow you actually get a day off  curl up in your pj's and watch movies!,1692334138,2009-05-03 19:46:21-07:00,82
@mileycyrus what about your New Zealand friends????! ,1692335443,2009-05-03 19:46:32-07:00,53
@mileycyrus What about Australia? We rock!! And we think your pretty good too ,1692372939,2009-05-03 19:51:27-07:00,78
"@mileycyrus Oh, and by the way - my niece LOVES you!  We had a Hannah Montana marathon yesterday! lol   You're great!",1692374289,2009-05-03 19:51:37-07:00,117
"@mileycyrus oh miley, we love you too, gope you come soon !  xx",1692374354,2009-05-03 19:51:38-07:00,63
@mileycyrus MILEY I LOVE YOU SO SO SO SO MUCHH!!!!!!!!!!!!!!!!!!!!!!!!!!!!!!!!!!!!!!!!!!!!!!!!!!!!!!!!!!!!!!!!!1  ,1692490477,2009-05-03 20:06:29-07:00,114
@MercWith4Mouth I am just WICKED excited @mileycyrus mentioned Brazil! That's my country!!! ,1692490594,2009-05-03 20:06:30-07:00,92
@mileycyrus Omg. thank god...   I hope Oceanup see's this.. they need 2 get their fact's straight ! :|,1692490597,2009-05-03 20:06:30-07:00,102
i agree with @mileycyrus that being lazy rocks!! ,1692491741,2009-05-03 20:06:39-07:00,49
@mileycyrus COME TO BRAZIL  you make me love you,1692567481,2009-05-03 20:16:43-07:00,48
"My friends Edward, he's wearing @mileycyrus Tshirt with pink color. I think he really love @mileycyrus. ",1692714907,2009-05-03 20:36:48-07:00,104
@mileycyrus Well it's great you took the day off. U deserve a break after being so busy. Hey your HM movie just passed $70 Million ,1692785503,2009-05-03 20:46:46-07:00,131
"@mileycyrus http://twitpic.com/4fzo7 - Read about your love for your Brazilian fans, and as one of them, I must say: COME TO BRAZIL!!  ...",1692786653,2009-05-03 20:46:56-07:00,138
"@mileycyrus ""if you ever don't feel close to god, guess who moved."" good quote? ",1692888816,2009-05-03 21:01:37-07:00,80
"@mileycyrus awww!! I knowwww, having some time to spend with yourself and your bed is the best thing evur  Hugz",1692959569,2009-05-03 21:12:04-07:00,111
"@mileycyrus http://twitpic.com/4fzo7 - Grrr,I wish i had colored eyes..lol ",1692959778,2009-05-03 21:12:06-07:00,75
@mileycyrus you should cover that song ,1693055293,2009-05-03 21:26:48-07:00,39
@mileycyrus yeah we do ,1693116971,2009-05-03 21:36:36-07:00,23
@mileycyrus love love lovedddd the hannah montana movie!! now just listening to old miley music ,1693119721,2009-05-03 21:37:04-07:00,96
"@mileycyrus: Would you go to senior ball with me?? Im chillaxed, got a GREAT sense of humor, AND handsome. ",1693179406,2009-05-03 21:47:04-07:00,107
@mileycyrus what about your Scottish fans!? ,1693237665,2009-05-03 21:57:03-07:00,44
@mileycyrus I looooove that song! The Beatles (L) . Great music miley  You're great.,1693266071,2009-05-03 22:01:46-07:00,84
"@mileycyrus mileey  I love your clothes,and your hair, and your songs.. but I really love your personality..",1693322093,2009-05-03 22:11:46-07:00,108
"@mileycyrus yes, we really do ",1693406258,2009-05-03 22:27:08-07:00,30
@mileycyrus how cute 'we all live in a yellow submarine' ,1693484773,2009-05-03 22:41:59-07:00,57
@mileycyrus i was just listening to that song!...you rock ,1693487334,2009-05-03 22:42:30-07:00,58
"@mileycyrus my 5yr old dhtr loved your movie, went to see it today, you are a great role model,keep up the good wrk. ",1693510286,2009-05-03 22:47:09-07:00,117
@mileycyrus http://twitpic.com/384nw - Wow your hair is really great ,1693745857,2009-05-03 23:37:30-07:00,69
"@mileycyrus yellow submarine, yellow submarine, yeah! ",1693894640,2009-05-04 00:12:02-07:00,54
"@mileycyrus I'm a brazilian fan! please, send me a message! ",1693916245,2009-05-04 00:17:15-07:00,60
"@mileycyrus i dnt think i can ever get tired of""The Climb""its just 1 of those sngs u'll always remember  ...",1694035119,2009-05-04 00:47:40-07:00,108
@mileycyrus http://twitpic.com/4fzo7 - When you'll come in Bulgaria??? You have a great fans here! ,1694238912,2009-05-04 01:42:41-07:00,99
"@mileycyrus have you check oceanup?""miley cyrus justin gaston fight after lunch"" you ok with justin?hmmm.im with you whatever happen ",1694439755,2009-05-04 02:38:05-07:00,133
@midgetmeg HI MEG! @mileycyrus Life's a climb but the view is great. ,1694568773,2009-05-04 03:12:49-07:00,69
@mileycyrus : Come to VietNam to make a live Show Miley. there are so much fans love you at Viet Nam ,1694625329,2009-05-04 03:27:42-07:00,101
"whats on my head now?@mileycyrus whats on my head next?@mileycyrus whats on my head later?@mileycyrus so yeah,thats pretty much it ",1695029526,2009-05-04 04:58:44-07:00,131
@mileycyrus Hey! r u back in La right now?What was ur favorite part bout Europe? I've never been out of the country xcept Canada  XO Jenna,1695191576,2009-05-04 05:28:33-07:00,138
"@mileycyrus http://twitpic.com/3goxn - yes , everybody love you. i'm a german Fan. Follow me ! ",1695961352,2009-05-04 07:19:21-07:00,95
@mileycyrus airsoft is so much fun! i play with my brothers and it's a great bonding experience. ,1751464948,2009-05-09 19:30:48-07:00,97
@mileycyrus when u get a chance can u post a video of tinkerbell saying peekaboo i kinda wana hear him say it ,1751681231,2009-05-09 20:01:18-07:00,110
@mileycyrus is on the radio ,1752019207,2009-05-09 20:51:08-07:00,28
@mileycyrus YOU GAVE A GOOD SPEECH AT THE BREAST CANCER FOR REVLON FOR WOMEN TODAY ,1752647022,2009-05-09 22:31:53-07:00,83
@mileycyrus HI!  I'm Eunice Kyna! I'm a HUGE fan of yours! Can't wait for your next album! ;) ,1752896667,2009-05-09 23:21:52-07:00,94
@mileycyrus tell everybody i said happy mothers day!  love ya! #1 fan love you miley you rock,1753096309,2009-05-10 00:07:04-07:00,93
@mileycyrus Airsoft is horrible!! Hope you didn't get hurt ,1753566109,2009-05-10 02:16:54-07:00,59
@mileycyrus http://twitpic.com/4ukqe - haha cute and beautiful  U R cool Miley.^^,1753566191,2009-05-10 02:16:55-07:00,81
"@mileycyrus i think it's fun, you gotta hide, and defend from your enemy, fun huh? ",1753681449,2009-05-10 02:53:00-07:00,83
@mileycyrus I love you soo much !! Please follow Novemberkid or us !  Both is huge fans !  < 3,1753988454,2009-05-10 04:27:48-07:00,94
"@mileycyrus http://twitpic.com/4fzo7 - maybe im just weirdd.. but you guys kinda look alike  i know ur sisters, but yeah! lol",1754079554,2009-05-10 04:53:06-07:00,125
@mileycyrus: hey miley!! I just wanted to let you know that you are sooo pretty ,1754792306,2009-05-10 07:24:00-07:00,80
"@mileycyrus hey miley, i'm excited to see your movie ,i bet its amazing !  i'm just always lstening to your music ,its amaze ",1754879502,2009-05-10 07:39:02-07:00,125
@ashleytisdale @mileycyrus say happy mothers day to tish and lisa ,1755028914,2009-05-10 08:03:55-07:00,66
@mileycyrus HAPPY MOTHERS DAY ,1755060554,2009-05-10 08:09:02-07:00,30
@mileycyrus hahaha i'll get you one  i love you <3,1755090939,2009-05-10 08:13:56-07:00,50
"@mileycyrus MIleeeeeeey. Please give me a shoutout. HAHA.  Surely, `yermom`s awesomeee",1755122580,2009-05-10 08:19:04-07:00,86
@mileycyrus Owww... That's so cute... ,1755122870,2009-05-10 08:19:06-07:00,38
"@mileycyrus aww  i bought my mom a locket that says ""a mother holds her daughters hand for a short while but her heart forever"" on the bck",1755124326,2009-05-10 08:19:20-07:00,138
regarding a few @replies i got her a necklace with a cross on it and says faith.  i might steal it haha jk (via @mileycyrus) i luv airsoft,1755185442,2009-05-10 08:29:03-07:00,138
@mileycyrus hey miley  its my birthday today! just wanna say thank you for everything! you are a great role model and.. have a nice day !,1755216714,2009-05-10 08:33:56-07:00,137
"@mileycyrus hihi this is random, but im listening to your old ( ? ) song one in a million xD i <3 it!  its really cuute ",1755217932,2009-05-10 08:34:07-07:00,120
@mileycyrus http://twitpic.com/3pf7v - my dad takes pictures like that or with womens hats on and puts them on facebook  he's not wierd ,1755280861,2009-05-10 08:44:00-07:00,136
@mileycyrus my middle name is faith. I may have to steal it from you. ,1755313915,2009-05-10 08:49:11-07:00,70
"@mileycyrus hey! i think you're really awesome, hehe. these past few days i read your book miles to go btw. it's really good ",1755410859,2009-05-10 09:04:13-07:00,125
@mileycyrus How do you feel about ur hands? How are they connected to ur art? See?! Someone came up to you and asked you ,1755475951,2009-05-10 09:14:10-07:00,121
@mileycyrus Haha! Nice present!!! I got my mum some flowers and I handbag!  xox,1755509060,2009-05-10 09:19:16-07:00,79
@mileycyrus http://twitpic.com/4ukqe - you are so beautiful miley i hope you will come back to germany this year  i canï¿½t wait to se ...,1755510292,2009-05-10 09:19:28-07:00,138
@David_Henrie @Jonasbrothers @mileycyrus @mitchelmusso @Nana_pr @nikkijonas HaAPpYy MOooThEeRSs DAaYy SAay it to your mom  <3 !,1755740525,2009-05-10 09:54:27-07:00,127
@mileycyrus heeeyyy miley. im still writing to ya hope for a response.. dont forget bout ur Aussie fans ,1759932536,2009-05-10 20:16:46-07:00,104
@mileycyrus can i snuggle with you too ,1760077522,2009-05-10 20:36:51-07:00,39
@mileycyrus http://twitpic.com/2xcwa - awe. how cuute! mine were.... not anymore! BUT IM HAPPY!  ive been ur dads fan since i can remb ...,1760344605,2009-05-10 21:17:01-07:00,138
@mileycyrus hi mileyyyyy  how are you babygirl?,1770952381,2009-05-11 22:43:39-07:00,47
@mileycyrus You can't tell me your dad had a Twitter account for like 5 days without you knowing about it.  Say what? LOL ,1770978091,2009-05-11 22:48:29-07:00,122
@mileycyrus & @theBrandiCyrus You two crack me up!  Seriously.  LMAO XD ,1791598902,2009-05-13 20:34:29-07:00,72
"@mileycyrus miley I love ya,,you're my inspiration I love u so much...From venezuela ",1791599248,2009-05-13 20:34:33-07:00,85
@mileycyrus your image so sweet ,1792114249,2009-05-13 22:09:38-07:00,32
@mileycyrus VOTE FO MILEY ON http://www.mtv.com/ontv/mov... SHES THA BEST!! ,1792396234,2009-05-13 23:00:57-07:00,76
@mileycyrus goodnight! my sweetheart. luv u for life. u r as beautiful as an angel!  u seriuosly brought destiny into my life and da world,1792481052,2009-05-13 23:15:53-07:00,138
@mileycyrus happy birthday to your mom ! ,1792484051,2009-05-13 23:16:24-07:00,41
"@rayrivers @mileycyrus what about Leona Lewis' cover of ""Run""? Thanks for the advice, Ireland is great ",1792745483,2009-05-14 00:06:14-07:00,103
@mileycyrus http://twitpic.com/54a51 - I love your top ,1792914980,2009-05-14 00:41:12-07:00,55
@MileyCyrus tell your mum happy birthday and hope she had a great day ,1792962033,2009-05-14 00:51:30-07:00,70
@mileycyrus bugs suck!  but don't smack that one on your face and hurt yourself!! i hate when I don that!  ,1793288143,2009-05-14 02:06:29-07:00,107
"@mileycyrus I cannot sing, nor I can draw, but let me write a moon singing for you tonight, a symphony of stars. Sorry bout the bugs! ",1793290445,2009-05-14 02:07:01-07:00,134
"@mileycyrus I just want to tell you that I am glad that out of the stars out there, you are my daughters favorite.  http://bit.ly/be7n8",1793374150,2009-05-14 02:26:52-07:00,135
"""@mileycyrus bugs do suck don't they  yuck! """,1793397035,2009-05-14 02:32:08-07:00,45
"@mileycyrus miley,miley,miley somtimes i hope you will asnwer me ",1793418478,2009-05-14 02:37:15-07:00,65
@mileycyrus Good Morning Miley. ,1793437601,2009-05-14 02:41:39-07:00,32
"@mileycyrus look @ it this way: ""Imitation is the sincerest form of flattering"". u can't stop ppl pretending, i guess they just love you! ",1793459926,2009-05-14 02:46:45-07:00,138
"@mileycyrus http://twitpic.com/54a51 - happy birthday, chill out and relax take it easy ",1793679299,2009-05-14 03:36:36-07:00,88
"@mileycyrus Who is Loco92 ? Is it a Fake ?  Love ya so muuch , Have fun in Bahamas & tomorrow with Mandy   LY , French Faan ? . Xo",1793703176,2009-05-14 03:41:49-07:00,130
@mileycyrus http://twitpic.com/549fx - Happy B-day to your Mother ,1793828055,2009-05-14 04:07:26-07:00,66
"@mileycyrus You know how many ""Mily Cyrus"" there are in twitter?! ",1793878644,2009-05-14 04:17:18-07:00,66
"@mileycyrus : Hey Hon, How are yaah?  : D <3",1793904815,2009-05-14 04:22:11-07:00,44
"vote 4 @mileycyrus for a mtv award, go to www.mtv.com/ontv/movieawards/2009/ Vote 4 Miley She deserves to win! Vote please? ",1793960081,2009-05-14 04:32:34-07:00,124
@mileycyrus http://twitpic.com/549fx - Happy Haaaaaaaaaappyyyyyyy Birthday to your mum !!!!!!! ,1794133441,2009-05-14 05:02:46-07:00,95
@mileycyrus http://twitpic.com/54a51 - Kisses and greetings from germany ,1794188366,2009-05-14 05:11:40-07:00,73
@mileycyrus http://twitpic.com/54a51 - haha very nice pic miley (L)_(L) pretty like ever ,1794545090,2009-05-14 06:03:08-07:00,89
if you love @mileycyrus follow @votemileycyrus ,1795507348,2009-05-14 07:53:38-07:00,47
"@mileycyrus i hate mosquitos too, i got a venus fly trap and whenever i killed a mosquito i would put it in the fly trap ",1796857377,2009-05-14 10:09:09-07:00,121
@mileycyrus i lovee u! you are the bestt!! ,1822504708,2009-05-16 19:43:51-07:00,43
@mileycyrus awh that was really sweet ,1822611024,2009-05-16 19:58:46-07:00,38
@mileycyrus your and demi's friendship is soooooooooo sweet ,1822612909,2009-05-16 19:59:02-07:00,60
@mileycyrus God Bless you Miley!!! ,1822648600,2009-05-16 20:03:52-07:00,35
@mileycyrus I admire how u dont take wat ppl say 2 heart. its a shame ppl have nothing better 2 do with their lives. keep ur head up high ,1822685903,2009-05-16 20:08:58-07:00,138
I lovelovelove @mileycyrus !  I'm rocking out to her songs in the car,1822723756,2009-05-16 20:14:12-07:00,69
@mileycyrus u have a perfect body mileyyy ,1822757049,2009-05-16 20:18:57-07:00,42
@mileycyrus  oh mileyy! you're so great!!  I'm from latinoamerica. I hope for you can come to Chile !,1822792161,2009-05-16 20:23:54-07:00,101
@mileycyrus I LOVE YOUUU!!!! i really want to meet u u r my role model... and i hate gossips about youu!!!! ,1823015179,2009-05-16 20:54:58-07:00,108
"@mileycyrus Miley Ray, you are a beautiful person! Haters are laaaame. ",1823121893,2009-05-16 21:10:04-07:00,71
@mileycyrus don't ever let what ppl say get you down!  i think you have a beautiful body! and i am SO glad someone has hips like mine!,1823189139,2009-05-16 21:19:50-07:00,134
@mileycyrus http://twitpic.com/5avh0 - goodnigth miley ,1823352791,2009-05-16 21:44:47-07:00,55
@mileycyrus i always wonder how u find time to twiitt! ,1823354970,2009-05-16 21:45:06-07:00,55
Watching BOLT!  I <3 @mileycyrus she is amazing,1823481220,2009-05-16 22:05:15-07:00,47
"@mileycyrus hey miley, just a big hello from hamilton, new zealand! keep doing ur thing, and enjoy yourself ",1824043104,2009-05-16 23:50:32-07:00,108
@mileycyrus I thought u said jealousy was the worst trait in anyone? ,1824269678,2009-05-17 00:40:56-07:00,69
"i love @mileycyrus soo much, i love her voice, and i hope she would tour Australia one day and also @reply to me ",1824289350,2009-05-17 00:45:45-07:00,113
"@mileycyrus awwww honey i miss you, i can't wait to give you the biggest hug ever too! and oh yes, good times  i love you miles",1824330902,2009-05-17 00:55:55-07:00,127
@mileycyrus hey miley! how r u? how about ur career? ,1824637428,2009-05-17 02:15:26-07:00,53
? @mileycyrus you for real?  i loved yer new single climb. keep it up.! http://tr.im/lzov,1824657738,2009-05-17 02:20:52-07:00,89
Support Miley Cyrus by following me and @mileycyrus ,1824712113,2009-05-17 02:35:43-07:00,52
@mileycyrus http://twitpic.com/5avh0 - Great view  wish i was there  x,1824953884,2009-05-17 03:41:03-07:00,70
Watching E! Special @mileycyrus ,1825029684,2009-05-17 04:01:44-07:00,32
@mileycyrus  in concert in Berlin  she's amazing!!,1825045498,2009-05-17 04:06:00-07:00,50
@mileycyrus good mornin miley.i luv u.ur such an inspiration ! ,1825347748,2009-05-17 05:21:43-07:00,63
@mileycyrus hello Miley are you in Bahamas now? enjoy your holiday ,1825348745,2009-05-17 05:21:58-07:00,67
"@mileycyrus Aww,Wish you could greet me,It's my birthday on Monday ",1825348988,2009-05-17 05:22:01-07:00,67
@mileycyrus http://twitpic.com/5avh0 -  i love the view. Great music.,1825391987,2009-05-17 05:31:47-07:00,69
@mileycyrus: follow her to south america and do some concerts with her & the Jonas Brothers. YOUU got the party. ,1825391992,2009-05-17 05:31:48-07:00,113
@mileycyrus Pretttyyyyyyyyyyyyy PLEASEeee tweet @MileyCSupporter she is a realllllllly nice person who supports u like many others!!I ,1825393053,2009-05-17 05:32:02-07:00,134
@mileycyrus: Follow @ddlovato to South america and do some concerts with her and @jonasbrothers. You got the parteyy ,1825413968,2009-05-17 05:36:44-07:00,117
@mileycyrus Thats a really sweet thing to say about Demi? Well to are thinking about her so that's good. that's what good friends are for ,1825415506,2009-05-17 05:37:06-07:00,138
@mileycyrus miley i have to thank you because even if you dont know it you helped me trough an horrible time of my life. THANK YOU girl ,1825438448,2009-05-17 05:42:07-07:00,136
@mileycyrus music & all of your songs. thank you miley for just being miley  <3,1825461365,2009-05-17 05:47:00-07:00,79
@mileycyrus miley i am such a huge fan of u and it will be my dream come true if u reply ur amazing i will always be a fan ,1825462279,2009-05-17 05:47:12-07:00,123
@mileycyrus Pretttyyyyyyyyyyyyy PLEASEeee tweet @MileyCSupporter she is a realllllly nice person who supports U!!! Check her site out!! ,1825507304,2009-05-17 05:56:50-07:00,136
@mileycyrus Pretttyyy PLEASEeee tweet @MileyCSupporter she is a realllllly nice person who supports U!!! Check her site out!! ,1825508294,2009-05-17 05:57:03-07:00,126
@mileycyrus Pretttyyyyyyyyyyyyy PLEASEeee tweet @MileyCSupporter she is a realllllly nice person who supports U!!! Check her site out!! ,1825508642,2009-05-17 05:57:08-07:00,136
@mileycyrus Pretttyyyyyyyyyyyyy PLEASEeee tweet @MileyCSupporter she is a realllllly nice person who supports U!!! Check her site out!! ,1825558577,2009-05-17 06:07:03-07:00,136
"@mileycyrus ""Blessed is the man who trusts in the Lord and has made the Lord his hope and confidence.""- Jeremiah 17:7 Lots of love xxx ",1825635648,2009-05-17 06:22:17-07:00,135
I know people send @mileycyrus @replies all the time But I just want to say  @mileycyrus THANK U!!! ,1826101400,2009-05-17 07:42:28-07:00,100
@mileycyrus @ddlovato - is this some kinda new game that nobody knows about but you guys? ,1826175925,2009-05-17 07:52:28-07:00,90
"@mileycyrus Saw your pic at beach. You are so HOOOT!! Feeling a bit pervy there, sorry about that ",1826278811,2009-05-17 08:07:40-07:00,98
"@moiswashere hey moises, chek it out plz  http://twitpic.com/4ht8h its of @mileycyrus  xoxo from spain, me entiendes? haha <3",1826416712,2009-05-17 08:27:39-07:00,125
"@mileycyrus would you come to Europe soon. We hope you have a concert here very soon. When you come, I hope you will visit Holland! ",1826526456,2009-05-17 08:42:58-07:00,132
@mileycyrus You are really pretty inside and out you are amazing ,1827172842,2009-05-17 10:08:50-07:00,65
"@mileycyrus hey, seen hanah Montana at the cinemar yesterday & it was quite amazing  xx",1827218251,2009-05-17 10:14:37-07:00,87
"@mileycyrus Just wondering,How to be as famous star as you? Dunno what the magic is. Pls. tell me. ",1827371865,2009-05-17 10:34:16-07:00,99
"@mileycyrus I'd have at least 1 bowl a day and not worry about it. Though, peronsally, I'd have to make it Frosted Flakes ",1827372248,2009-05-17 10:34:19-07:00,122
"@mileycyrus can I come shopping with u and heidi?  xx although I deffo can't spend more than ï¿½20, pretty poor this month  xx",1827469854,2009-05-17 10:46:39-07:00,126
@mileycyrus aww your such a swt heart miley! ,1827487499,2009-05-17 10:48:57-07:00,45
@mileycyrus I Love Your Bravery! ,1827493735,2009-05-17 10:49:45-07:00,33
@shanedawson @mileycyrus i lovee youu.  & please wish me a happyy birthday. <3333 i'll love you moree.,1827519238,2009-05-17 10:52:59-07:00,102
@mileycyrus this is just about the best quote in the world ,1827547232,2009-05-17 10:56:38-07:00,59
working on getting a head shot for the new @mileycyrus movie!!! ,1827584629,2009-05-17 11:01:16-07:00,64
About to go get a head shot for the new @mileycyrus movie!!! What should I wear?! ,1827606996,2009-05-17 11:04:00-07:00,82
@mileycyrus hey i think ur a great role model despite ur flaws we all have flaws but Jesus still loves us right? i love u & God bless! ,1827617332,2009-05-17 11:05:18-07:00,135
to answer the question: @Mileycyrus & @jonasbrothers are their real please don't follow the posers ,1827665212,2009-05-17 11:11:21-07:00,99
@mileycyrus http://twitpic.com/549fx - tomorrows my moms birthday  hope you mom had a good one,1827666299,2009-05-17 11:11:30-07:00,94
@mileycyrus your are a sweet & an amazing person - have a good sunday ,1827666999,2009-05-17 11:11:35-07:00,70
@mileycyrus  Hey Miley love the song the climb i listen to it all the time. You have a wonderful voice. ,1827681934,2009-05-17 11:13:30-07:00,104
"@mileycyrus Remember it is easy for those who have memory, forgetting it is difficult for those who have heart       Love Miley",1827698806,2009-05-17 11:15:36-07:00,127
"@mileycyrus sorry for your friend, you are a good person ",1827708174,2009-05-17 11:16:48-07:00,57
@mileycyrus here in holland we love your song the climb. we are singing it every day. loved your movie   xx,1827713958,2009-05-17 11:17:32-07:00,107
Yay my mum said i can go see @mileycyrus in concert in December  x,1827724786,2009-05-17 11:18:52-07:00,66
@TeamCyrus do you know when they are going to put the tickets on sale for @mileycyrus in december?   x,1827738657,2009-05-17 11:20:36-07:00,102
"@mileycyrus mines myspace.com/daniellexx21 if u ever wanna chat, but if u dont thats ok, just lemme kno if theyre u or not..ttyl bye ",1827796303,2009-05-17 11:27:58-07:00,133
"@mileycyrus miley! plz add me so i can send u direct messages , iam not gona spamm u or anything  just want to ask u a couple of Q's (hug)",1827828176,2009-05-17 11:31:53-07:00,138
@mileycyrus we all now you still love nick jonas  so why are you lying and saying no i dont !! i love you <33,1828048738,2009-05-17 11:59:13-07:00,109
@mileycyrus Hey Miley. im from new zealand.! you should come do a concert here. it would be awesome!  from Kaitlin,1830580520,2009-05-17 17:08:37-07:00,114
"@mileycyrus Thanx for following me. U have some interesting posts, I luv to hear what the ""celebrities"" have on their minds. UR songs gr8 ",1831260484,2009-05-17 18:31:55-07:00,138
@ddlovato @mileycyrus I KNOW YOU TOUCHED MY DRUMSTICK!!! haa ,1833442003,2009-05-17 23:17:53-07:00,61
"Note to self: never stop believing in @mileycyrus She is amazing and I luv her! ahh Miley, come to Australia ",1833524315,2009-05-17 23:33:53-07:00,109
"@mileycyrus thanks for making such a beautiful song, i <3 u!  that song means a lot to my mom luv ya",1833525278,2009-05-17 23:34:04-07:00,100
@mileycyrus http://twitpic.com/3pksr - love those turquoise-colored eyes. wish mine weren't brown. ,1833707376,2009-05-18 00:10:42-07:00,99
is thinking about @mileycyrus and @mitchelmusso ,1833831970,2009-05-18 00:36:51-07:00,48
hannah montana is on  yay i love @mileycyrus sooo much !,1833940175,2009-05-18 01:01:09-07:00,56
@mileycyrus http://twitpic.com/5e5nr - this is cute!   love u!!,1834020427,2009-05-18 01:19:20-07:00,63
Gonna go. Stuf 2 do.I <3 my background.Wut do you guys reckon bout purple chucks-ok?cya guys/twitterers. LUV @mileycyrus & @Jonasbrothers ,1834060770,2009-05-18 01:28:45-07:00,138
tell me how am i supposed to do to get these people out off my mind : @mileycyrus @mitchelmusso @ddlovato @emilyosment @selenagomez ,1834107886,2009-05-18 01:39:30-07:00,132
@MileyCSupporter 15.5  hehh. just 3 months younger than @MileyCyrus ,1834237140,2009-05-18 02:09:31-07:00,68
"@mileycyrus it's in my head too now, haha! damn ",1834314721,2009-05-18 02:27:42-07:00,48
@mileycyrus http://twitpic.com/5e5nr - wow. thats sweet.  i love it.,1834341957,2009-05-18 02:34:04-07:00,68
"@mileycyrus Random friendship quote! ""A true friend never gets in your way unless you happen to be going down."" ",1834488051,2009-05-18 03:07:35-07:00,112
Ok Guys Please Follow My Friend @bradwinquay  he has good music also he knows @mileycyrus & @mandyjiroux FOLLOW HIM!,1834779375,2009-05-18 04:10:33-07:00,116
Ok Guys Please Follow My Friend @bradwingquay  he has good music also he knows @mileycyrus & @mandyjiroux FOLLOW HIM!,1834791622,2009-05-18 04:12:55-07:00,117
@bree4peace Ok Guys Please Follow My Friend @bradwingquay  he has good music also he knows @mileycyrus & @mandyjiroux FOLLOW HIM!,1834798656,2009-05-18 04:14:22-07:00,129
@TeamCyrus Ok Guys Please Follow My Friend @bradwingquay  he has good music also he knows @mileycyrus & @mandyjiroux FOLLOW HIM!,1834799448,2009-05-18 04:14:31-07:00,128
@spencerpratt Ok Guys Please Follow My Friend @bradwingquay  he has good music also he knows @mileycyrus & @mandyjiroux FOLLOW HIM!,1834800524,2009-05-18 04:14:45-07:00,131
Ok Guys Please Follow My Friend @bradwingquay  he has good music also he knows @mileycyrus & @mandyjiroux FOLLOW HIM!,1834810820,2009-05-18 04:16:38-07:00,117
@Teaah Ok Guys Please Follow My Friend @bradwingquay  he has good music also he knows @mileycyrus & @mandyjiroux FOLLOW HIM!,1834811468,2009-05-18 04:16:46-07:00,124
@mileycyrus Hi Miley! the promma mia episode was great! plus david was there of course!  ,1834942954,2009-05-18 04:41:09-07:00,89
@mileycyrus hiii miley..   how do you do    ??     .,1834963517,2009-05-18 04:44:52-07:00,52
@mileycyrus because there are many big fans of u who wait for u to come to indonesia especialy me...hahahaha     ,1834973119,2009-05-18 04:46:32-07:00,113
@mileycyrus: You're the best Star in the world!!! Your amazing ,1834974141,2009-05-18 04:46:44-07:00,63
@mileycyrus hi miley...  i love watching you and i love all your songs...God bless you more in your career!...,1834987351,2009-05-18 04:49:07-07:00,110
@mileycyrus Mileeeeeeey :'(. Grrr im nervooous. p.s. im not that borring in live ! haha ,1835032737,2009-05-18 04:57:06-07:00,88
@mileycyrus hey hi... im chelle! hahahahahaha im from perth just sending all the love your way from everyone here  have a jolly filled day,1835325375,2009-05-18 05:43:35-07:00,138
"@mileycyrus Hey Miles !"" What's your fb acc ?!  And where are yOU?! The Bahamas  ?!",1835326421,2009-05-18 05:43:46-07:00,83
"@mileycyrus i couldn't have survived FamilyLife w/out u & @ddlovato ,both of you  definitely inspired me more than u would expect.Thank U ",1835485886,2009-05-18 06:06:03-07:00,138
@sierrabardot ahh she is amazing. those quotes are so inspiring. @mileycyrus is amazing i love her so much !! ,1835611459,2009-05-18 06:22:44-07:00,110
@mileycyrus YOU'RE THE BEST! ,1835940543,2009-05-18 07:03:33-07:00,29
Hey @mileycyrus i was in the bathtube when the earthquake happened. It freaked me out. i live in fountain Valley by huntington beach. ,1836097917,2009-05-18 07:21:58-07:00,134
"maths was suprisingly easy. watching @mileycyrus special documentry on E, then off shopping ",1836227110,2009-05-18 07:36:54-07:00,92
"@mileycyrus Hi  took some of your pics on Twitter and some of your sister pics on her blog to make a ""Miley wallpaper"". Is it ....",1836416069,2009-05-18 07:57:34-07:00,130
@mileycyrus hey...i heard your latest song...it really sucks ..sorry ,1836433601,2009-05-18 07:59:31-07:00,69
@mileycyrus lend me a jumper im freezing ,1836521604,2009-05-18 08:08:47-07:00,41
@mileycyrus i love u so much!!   come to chile pleaseee!! ,1879973486,2009-05-21 23:42:10-07:00,58
@jabanducci the offcial one is @mileycyrus...hope that helps ,1880225792,2009-05-22 00:30:45-07:00,61
@mileycyrus  add a paypal option to mileyworld pleaseeee    xx,1880413419,2009-05-22 01:09:10-07:00,62
@mileycyrus have a great day  x,1880478635,2009-05-22 01:23:14-07:00,31
#FollowFriday @JaredMaine @JackAllTimeLow @MileyCyrus @JustinBrighten @LeeGazeprophets    ,1880838095,2009-05-22 02:41:04-07:00,90
@mileycyrus Hi Miley!  I read somewhere your hosting the nick australian kid's choice awards. if thats true i'm gonna scream!! (i'm ozzy),1880887991,2009-05-22 02:51:37-07:00,137
"@mileycyrus AJ RAFAEL (AWESOME MUSICIAN, FAMOUS ON YOUTUBE) COVERED YOUR SONG, THE CLIMB. PLEASE WATCH IT  IT'S GOOD! http://bit.ly/14sI4m",1880904911,2009-05-22 02:55:16-07:00,138
"@mileycyrus AJ RAFAEL (AWESOME MUSICIAN, FAMOUS ON YOUTUBE) COVERED YOUR SONG, THE CLIMB. PLEASE WATCH IT  IT'S GOOD! http://bit.ly/14sI4m",1880916524,2009-05-22 02:57:41-07:00,138
"@mileycyrus AJ RAFAEL (AWESOME MUSICIAN, FAMOUS ON YOUTUBE) COVERED YOUR SONG, THE CLIMB. PLEASE WATCH IT  IT'S GOOD! http://bit.ly/14sI4m",1880924351,2009-05-22 02:59:21-07:00,138
"@mileycyrus AJ RAFAEL (AWESOME MUSICIAN, FAMOUS ON YOUTUBE) COVERED YOUR SONG, THE CLIMB. PLEASE WATCH IT  IT'S GOOD! http://bit.ly/14sI4m",1880973249,2009-05-22 03:09:23-07:00,138
"@mileycyrus AJ RAFAEL (AWESOME MUSICIAN, FAMOUS ON YOUTUBE) COVERED YOUR SONG, THE CLIMB. PLEASE WATCH IT  IT'S GOOD! http://bit.ly/14sI4m",1881029665,2009-05-22 03:21:22-07:00,138
"@mileycyrus AJ RAFAEL (AWESOME MUSICIAN, FAMOUS ON YOUTUBE) COVERED YOUR SONG, THE CLIMB. PLEASE WATCH IT  IT'S GOOD! http://bit.ly/14sI4m",1881039561,2009-05-22 03:23:26-07:00,138
"@mileycyrus AJ RAFAEL (AWESOME MUSICIAN, FAMOUS ON YOUTUBE) COVERED YOUR SONG, THE CLIMB. PLEASE WATCH IT  IT'S GOOD! http://bit.ly/14sI4m",1881048872,2009-05-22 03:25:28-07:00,138
"@mileycyrus AJ RAFAEL (AWESOME MUSICIAN, FAMOUS ON YOUTUBE) COVERED YOUR SONG, THE CLIMB. PLEASE WATCH IT  IT'S GOOD! http://bit.ly/14sI4m",1881050327,2009-05-22 03:25:48-07:00,138
"@mileycyrus AJ RAFAEL (AWESOME MUSICIAN, FAMOUS ON YOUTUBE) COVERED YOUR SONG, THE CLIMB. PLEASE WATCH IT  IT'S GOOD! http://bit.ly/14sI4m",1881051190,2009-05-22 03:25:59-07:00,138
@mileycyrus http://twitpic.com/4cykv - you are so beautiful  so is emily. bahaha im 15 and im actually your number one fan. and im f ...,1881240645,2009-05-22 04:03:45-07:00,136
butterfly fly away by @mileycyrus.. this is really a nice song. ,1881326826,2009-05-22 04:19:57-07:00,64
http://twitpic.com/5jl8x -How awesome is this picture?  @mileycyrus @ddlovato @selenagomez @taylorswift13,1881568986,2009-05-22 05:00:47-07:00,105
@joejonasoff  hey joe what's up??????  ps:i think loco92 is suspend because miley can't have @mileycyrus and loco92 in the same time,1881886556,2009-05-22 05:47:03-07:00,132
@mileycyrus Miley lets hang when you get back ,1882405374,2009-05-22 06:48:48-07:00,46
@mileycyrus miley ur amazing i am such a huge fan it would be a dream come true if u replied ,1882656738,2009-05-22 07:15:34-07:00,93
@mileycyrus http://twitpic.com/5nbve - nice color  miley is it you hand that are closest to were it stands: @EmilyOsment and I are twi ...,1882792625,2009-05-22 07:29:42-07:00,138
"@mileycyrus @ddlovato @selenagomez Just saw the Friends for Change commercial and you guys are fantastic, way to represent a good cause ",1882854172,2009-05-22 07:35:56-07:00,136
@mileycyrus I hope the most wonderful girl in the world has a great day today ,1882953570,2009-05-22 07:46:00-07:00,78
@mileycyrus http://twitpic.com/38k5r - :O I HAVE THE SAME DOG HERE IN CHILE ! her name is phillipa ,1883433224,2009-05-22 08:32:38-07:00,99
@mileycyrus Miley have a good night and god bless you and your family I love you Miley!  ,1932591364,2009-05-26 21:47:07-07:00,89
@mileycyrus Hi Miley! I just wanted to let you know that my followers and I love and support you 100%! Please reply it would make my day! ,1932621213,2009-05-26 21:50:59-07:00,138
"@mileycyrus God Bless, Miley, i dont listen to what they say anyways. I only believe what you say directly.  Stay safe. Best wishes.",1932818105,2009-05-26 22:17:27-07:00,132
@mileycyrus maybe u should give up ur career  ever considered not being famous,1932819223,2009-05-26 22:17:36-07:00,78
@mileycyrus sorry for all them crazy peeps.. No on 8 ,1932819743,2009-05-26 22:17:41-07:00,53
@mileycyrus you go girl ,1932829999,2009-05-26 22:19:12-07:00,24
@mileycyrus You shouldn't let them get to you. They mean nothing and shouldn't ruin a single moment.. Ignore them and live your life! ,1932844746,2009-05-26 22:21:15-07:00,134
"@mileycyrus expirience, but I could only imagine :/ well, I love you no matter what! You keep doing what your doing! ",1932847355,2009-05-26 22:21:36-07:00,117
@mileycyrus you are awesome ! sorry the paparatzzi suck! : / dont let anyone get ya down! VOTING FOR YOU NOW MTV.COM! ,1932859501,2009-05-26 22:23:21-07:00,118
"@mileycyrus I'm sorry, I can't even imagine how crazy it gets for you, but it's good you have your family & friends to keep you sane.   ",1932859663,2009-05-26 22:23:22-07:00,136
"@mileycyrus: awwww poor u, ur fans are here for u tho ",1932859738,2009-05-26 22:23:23-07:00,54
@mileycyrus I love you so much you are incredible  you are everything I wouldnt want to be and more it is insane !,1932872735,2009-05-26 22:25:16-07:00,114
@mileycyrus then don't give them material. stop being friends with them. and most importantly: unsubscrive from hollywood tv's updates ,1932888185,2009-05-26 22:27:34-07:00,135
@mileycyrus Poor Miley  Follow you everywhere....,1932941322,2009-05-26 22:35:22-07:00,49
@mileycyrus join the club ,1932954639,2009-05-26 22:37:23-07:00,26
@mileycyrus it's called graduating High School!  You'll understand it someday! ,1932955289,2009-05-26 22:37:29-07:00,79
@mileycyrus cuz you keep partying hard  that good stuff,1932956979,2009-05-26 22:37:44-07:00,55
@mileycyrus I work all night & TRY 2 sleep some of the day! Only I'm not hyper like U.  Hope U get some zzzz's ,1932967992,2009-05-26 22:39:25-07:00,111
@mileycyrus just listening your music!! you're amazing ,1932968850,2009-05-26 22:39:32-07:00,55
@mileycyrus Me too! But I gotta do the 9-5 thing everyday so I have to get to bed sometime..except for weekends! ,1932980314,2009-05-26 22:41:14-07:00,113
"@mileycyrus I WISH... LOL~ It all changes soon,,, I gotta ground myself.. LMAO~~ XOXO ",1932994183,2009-05-26 22:43:21-07:00,86
"@mileycyrus Miley takes a tranquilizer for sleep which is very good, I take the time      #mileybrazil",1932995944,2009-05-26 22:43:37-07:00,102
@mileycyrus i love that show! lucky  haha.,1932996040,2009-05-26 22:43:38-07:00,42
@mileycyrus it's definitely fun! you should try it sometime. ,1933005507,2009-05-26 22:45:05-07:00,61
i have that same sleeping problem @mileycyrus hopefully you and i both catch some zzzz's tonight! ,1933005544,2009-05-26 22:45:06-07:00,98
"@mileycyrus I LOVE UGLY BETTY  AJAJAJAJA THE ORIGINAL SERIE WAS ""BETTY LA FEA"" FROM COLOMBIA.IT WAS AWESOME! G&G MILEY! ",1933005997,2009-05-26 22:45:09-07:00,120
@mileycyrus its not that late milez. but i do sujest you get some sleep soon. sweet dreams! ,1933008393,2009-05-26 22:45:32-07:00,92
@mileycyrus hey miley! are u going to have your concert here in the Philippines? ,1933008684,2009-05-26 22:45:35-07:00,81
@mileycyrus .... hi miley i lov u ... i love your movieee  geniaal,1933020755,2009-05-26 22:47:28-07:00,66
@mileycyrus For being basically stalked everywhere you go you handle it amazingly well. Always polite and humble  I cannot even imagine!,1933022154,2009-05-26 22:47:42-07:00,136
@mileycyrus LOL well if you come to Australia that wouldnt be a problem since our night is your day and vise-versa ,1933022744,2009-05-26 22:47:48-07:00,115
"@mileycyrus You can read a book!  I do it when I cant sleep, do u have some good book? ",1933022891,2009-05-26 22:47:49-07:00,87
@mileycyrus Hi miley! How are you? I'm from peru! ,1933031963,2009-05-26 22:49:14-07:00,50
@mileycyrus nice and funny movie!!! ,1933046708,2009-05-26 22:51:33-07:00,36
@mileycyrus haha i love that movie! ,1933047640,2009-05-26 22:51:42-07:00,36
@mileycyrus What Movie Is It?! ,1933060371,2009-05-26 22:53:41-07:00,31
@mileycyrus I love that movie ,1933071525,2009-05-26 22:55:24-07:00,30
@mileycyrus come to Perï¿½!!!!!!! ,1933083499,2009-05-26 22:57:18-07:00,34
@mileycyrus nice  i love that movie!,1933112733,2009-05-26 23:01:49-07:00,36
"@mileycyrus Heyy , Are you ok ? you're looking well ",1933187399,2009-05-26 23:13:28-07:00,52
@mileycyrus I haven't watched Scary Movie IN Forever!!! hmm Now I'll have to watch it! ,1933187919,2009-05-26 23:13:33-07:00,87
@mileycyrus miley thats a funny movie. one of my favs. haha. so great. ,1933189496,2009-05-26 23:13:48-07:00,71
i love @mileycyrus/ maybe one day i can sing on stage with her ,1933199690,2009-05-26 23:15:25-07:00,63
@mileycyrus and you  <3,1936026833,2009-05-27 07:19:20-07:00,23
"@mileycyrus For whoever wants to save his life will lose it, but whoever loses his life for me will save it. Luke 9:24 God bless u!! ",1955796145,2009-05-28 20:38:20-07:00,133
"@mileycyrus u need CHANGE ur hairrr!!! a new look change, changeee!  change isss sooo good,.",1955836428,2009-05-28 20:42:27-07:00,92
@mileycyrus hi miley! i loooved your movie! ,1956055030,2009-05-28 21:06:09-07:00,44
@mileycyrus Miley i hope you have a good night and I love you Miley!  ,1956159886,2009-05-28 21:18:16-07:00,70
@mileycyrus Give us a SHOUTOUT!!!! Prmote this Twitter Account PLEASE!!  WE LOVE YOU MILEY!!!!!,1956341944,2009-05-28 21:40:27-07:00,95
"Getting ready for bed. Just check in. The commute was longer than normal, but I played HM the Movie. Thanks @mileycyrus ",1956659689,2009-05-28 22:22:41-07:00,120
@mileycyrus aww. maybe u will! ,1956796633,2009-05-28 22:42:46-07:00,31
@mileycyrus I'm having a very intense surgery on Monday.... Could you say a prayer for me??? Thanks Miley ,1956953032,2009-05-28 23:06:57-07:00,106
"@mileycyrus is it the coffee just like you say in miles to go? oh and im sure someone will take you to prom,  xo godbless",1957289912,2009-05-29 00:03:43-07:00,121
@mileycyrus i have that same problem about staying up all night and sleeping until really late...anyways love your music ,1957564325,2009-05-29 00:53:55-07:00,121
@mileycyrus. Greetings from germany nice to see you follow me ,1957753555,2009-05-29 01:30:08-07:00,62
"@Yeeeunaholic : HAHAH. yeap, WE do love @mileycyrus!  SHE ROCKS! okay, byee! ",1958044947,2009-05-29 02:28:29-07:00,77
Back to play guitar  With The Climb - @mileycyrus in found ,1961658164,2009-05-29 09:50:41-07:00,59
hey @mileycyrus on 3 rd June Hannah Montana the movie comes to cinemas in Germany  Me and my sis are very exited to see your movie ,1961811969,2009-05-29 10:04:50-07:00,131
@mileycyrus look in the mirror and you'll see one ,1962157763,2009-05-29 10:36:44-07:00,50
@mileycyrus they are still undiscovered  they are out there waiting for their big break in the world of art,1962201543,2009-05-29 10:40:51-07:00,107
"@MILEYCYRUS i bloody love you, u are amazing, when will ur uk tour dates be realesed etc, u are an inspiration and a beautiful person  xx",1962241849,2009-05-29 10:44:38-07:00,137
@mileycyrus WE LOVE U MILEY ,1962311624,2009-05-29 10:51:04-07:00,28
@mileycyrus and be a good person and Christian  u are my MODEL OF PERSON TO BE! ,1962319750,2009-05-29 10:51:48-07:00,80
@mileycyrus Legit artists died out the moment Beethoven did. Now it's just talent. ,1962396958,2009-05-29 10:59:02-07:00,83
"@mileycyrus maybe white house  u're a lehit artist, where are u going? ",1962516504,2009-05-29 11:09:59-07:00,71
@mileycyrus i will ,1962611098,2009-05-29 11:19:07-07:00,19
@mileycyrus where do ya vote? Will vote for ya  xx,1962611338,2009-05-29 11:19:09-07:00,50
@mileycyrus i'll vote for uuuuu!!  love from spain (L),1962611739,2009-05-29 11:19:11-07:00,54
"@mileycyrus you gonna win, of course ",1962631786,2009-05-29 11:21:27-07:00,37
@mileycyrus good luck! you'll do fine! i'll vote for you ,1962647043,2009-05-29 11:23:17-07:00,57
@mileycyrus I voted for you. I really hope you win! You deserve it! ,1962647403,2009-05-29 11:23:19-07:00,68
@mileycyrus Dont be miley you are an amazing singer and person! and i love you so much. am watching hannah montana right now ,1962647528,2009-05-29 11:23:20-07:00,125
@mileycyrus i will vote for you ,1962648090,2009-05-29 11:23:24-07:00,32
vote for @mileycyrus !!! she must win!!! ,1962648889,2009-05-29 11:23:30-07:00,41
@mileycyrus I don't think u should worry im positive u wul win ,1962663379,2009-05-29 11:25:14-07:00,63
@mileycyrus how do i vote for you? can i vote more than once?  i think your awesome miley! don't be nervous everybody loves ya!good luck x,1962664360,2009-05-29 11:25:21-07:00,138
@mileycyrus i have already voted! actually i'm voting everty time i can! ,1962665420,2009-05-29 11:25:29-07:00,73
@mileycyrus Can people in england vote? ,1962665576,2009-05-29 11:25:30-07:00,40
@mileycyrus i did girl  dont be nervous! just smile and be beauuuutiful!,1962678382,2009-05-29 11:27:00-07:00,72
@mileycyrus got my votes in! hope you win ,1962679410,2009-05-29 11:27:07-07:00,42
@mileycyrus I will vote for you ,1962679980,2009-05-29 11:27:11-07:00,32
"@mileycyrus goodluck, i voted and told people to vote! ",1962697961,2009-05-29 11:29:17-07:00,55
@mileycyrus dont worry miley i am sure you will do fantastic and all of your fans (including me !) will vote  good luck !,1962698592,2009-05-29 11:29:21-07:00,121
@mileycyrus i did it! obviously ,1962715292,2009-05-29 11:31:18-07:00,32
@mileycyrus Where I can vote for Youu ? I Looove yoou Please answer my Question ... ohh I come from Germany  Answer Pleaasee! ;),1962718123,2009-05-29 11:31:39-07:00,128
"@mileycyrus I'm sure you will be gorgeous!  I really wanted to vote for you, but I couldn't registrate.",1962719941,2009-05-29 11:31:52-07:00,103
@mileycyrus Voted ,1962747845,2009-05-29 11:35:14-07:00,18
@mileycyrus    voted for you ! ,1962781429,2009-05-29 11:39:13-07:00,31
"@mileycyrus Miley, I tried to vote you but I couldn't. I think that the votes are closed :S I wish you the best    ARGENTINA LOVES YOU! ",1962781445,2009-05-29 11:39:13-07:00,136
@mileycyrus oh you are welcomeee. ,1962782248,2009-05-29 11:39:20-07:00,34
i voted for you @mileycyrus! you deserve every award that your nominated for ,1962783038,2009-05-29 11:39:25-07:00,77
"@mileycyrus I voted for you, you're the best ",1962783195,2009-05-29 11:39:26-07:00,45
"@mileycyrus hey!  don't worry swt, u're sooo gonna win in the mtv movie awards  i voted for u xD Gd luck!!! I hope u win  tc xxx",1962798327,2009-05-29 11:41:12-07:00,128
@mileycyrus I'm from asia. can i vote?? ,1962798774,2009-05-29 11:41:15-07:00,40
@mileycyrus I voted for you for BOTH your nominations ,1962799632,2009-05-29 11:41:21-07:00,54
??????????????? @MILEYCYRUS  I VOTE FOR YOU EVERYDAY !!!!!!!AND I KNOW YOU WILL WIN!!!  ?????????????????????????????? GOD BLESS,1962800399,2009-05-29 11:41:26-07:00,128
@mileycyrus i voted for you ages ago  don't be nervous!,1962815543,2009-05-29 11:43:16-07:00,55
???????????????  @MILEYCYRUS  I VOTE FOR YOU EVERYDAY !!!!!!!AND I KNOW YOU WILL WIN!!!  ?????????????????????????? ????  GOD BLESS,1962815861,2009-05-29 11:43:18-07:00,131
"@mileycyrus I'd vote for you but I can't get to a real computer. I'm sure you'll win, though! ",1962816378,2009-05-29 11:43:22-07:00,94
@mileycyrus done! I already voted ,1962816674,2009-05-29 11:43:24-07:00,34
@mileycyrus Just voted for you beautiful ,1962817256,2009-05-29 11:43:29-07:00,41
@mileycyrus I Voted! Good Luck! Actually Youre totally going to win ,1962819279,2009-05-29 11:43:43-07:00,68
"@mileycyrus i voted a while back, i dont even know if the uk air the awards! but good luck ",1962819811,2009-05-29 11:43:47-07:00,91
@mileycyrus voteddddd.  I love you!,1962820546,2009-05-29 11:43:53-07:00,35
"""@mileycyrus""I vote for you ",1962864387,2009-05-29 11:49:10-07:00,28
"""@mileycyrus""I vote for you ",1962867076,2009-05-29 11:49:30-07:00,28
@mileycyrus voted ,1962883496,2009-05-29 11:51:27-07:00,18
"@mileycyrus i'm not even american, but i'll be sure to get one my internet friends to vote for you! Go Miley! ",1962883961,2009-05-29 11:51:31-07:00,110
Hey @MileyCyrus wer can we vote!? ,1962884526,2009-05-29 11:51:35-07:00,34
"""@mileycyrus""I love you  write me back pls",1962898636,2009-05-29 11:53:16-07:00,42
@mileycyrus im voting right noww!  hope u win!,1962898648,2009-05-29 11:53:16-07:00,46
@mileycyrus I voted for you and I got my family to vote to!!!! ,1962901435,2009-05-29 11:53:36-07:00,63
@mileycyrus i got all my family and friends to vote  hope you win i love you xo,1962918723,2009-05-29 11:55:27-07:00,79
Voting for @mileycyrus for the MTV Award  Hope you win!,1962920263,2009-05-29 11:55:36-07:00,55
@mileycyrus  JUST VOTED! I love you ,1962937655,2009-05-29 11:57:16-07:00,36
@mileycyrus already votedd! Good luck...tough catogories though uv gotta be proud to even be nominatedd!  good luck!!! Xx,1962938095,2009-05-29 11:57:18-07:00,121
@mileycyrus you have my vote! ,1962938883,2009-05-29 11:57:22-07:00,30
@mileycyrus Voted for you! ,1962940212,2009-05-29 11:57:30-07:00,27
"@mileycyrus I voted for you Miley, and know you will win as you are extremely talented.  Don't be nervous, as are a sure win. *hugz*",1962959592,2009-05-29 11:59:19-07:00,132
"I have almost mastered the @mileycyrus hoedown throwdown dance  yeahhhh, haha",1962983331,2009-05-29 12:01:31-07:00,77
@mileycyrus haha i voted yesterday for you!! ,1962984606,2009-05-29 12:01:38-07:00,45
@mileycyrus i voted!! goodluck. P.s HM movie was amazing ,1963005967,2009-05-29 12:03:35-07:00,57
@mileycyrus i'm voting for you right now  & im gonna do it EVERYDAY!!! becuase i love you. ;),1963026761,2009-05-29 12:05:29-07:00,93
@mileycyrus how can i vote for you ? ,1963028695,2009-05-29 12:05:39-07:00,37
@mileycyrus I voted for you!! I hope you win loved the movie!! ,1963093343,2009-05-29 12:11:32-07:00,63
@mileycyrus i voted for youu. You are amazingg!! Hope you come down to New Orleans soon.  hugee fan,1963095198,2009-05-29 12:11:42-07:00,99
"@mileycyrus heeeey  !! mileeyy i voted for you <3, and how are you doiiing ?! my names cole, and your really pretty  ahah !",1963095206,2009-05-29 12:11:43-07:00,123
@mileycyrus hope you win at the MTV movie awards il be praying for you to win  you deserve to win <3,1963115154,2009-05-29 12:13:35-07:00,100
"@mileycyrus i voted! hope you win, you deserve to  xo",1963136744,2009-05-29 12:15:33-07:00,53
@mileycyrus Already done ,1963137718,2009-05-29 12:15:39-07:00,25
"@mileycyrus please vote for @mileycyrus she's really nervous and amazing at the mtv awards! everyone watches hannah montana, so do it ",1963138391,2009-05-29 12:15:42-07:00,134
@mileycyrus i will vote for u!!! ,1963202455,2009-05-29 12:21:45-07:00,33
@mileycyrus I'm voting for you <3 ,1963242446,2009-05-29 12:25:33-07:00,34
Voting for @mileycyrus for the MTV Movie Awards ,1963242650,2009-05-29 12:25:34-07:00,48
"@mileycyrus please look at this, pretty pleasse  http://twitpic.com/3uixz , http://twitpic.com/4crht",1963243485,2009-05-29 12:25:39-07:00,100
@mileycyrus its a great movie nothing to be nervous for ull win hands down  x,1963244293,2009-05-29 12:25:44-07:00,77
@mileycyrus I JUST VOTED FOR YOU FOR MTV AWARDS ,1963284574,2009-05-29 12:29:31-07:00,48
"@mileycyrus you'll win, don't worry. EVERYONE's voting  don't worry <333",1963286373,2009-05-29 12:29:42-07:00,72
"@mileycyrus: just finished voting for you , good luck ! ",1963286523,2009-05-29 12:29:43-07:00,56
Road trip... Rockin out to some serious @mileycyrus!! Loves it  lol,1963286775,2009-05-29 12:29:44-07:00,67
@mileycyrus  Hope I didn't bug you with my many voting closed tweets.Just wanted to let you know.  *keeping fingers crossed* *believing*,1963307021,2009-05-29 12:31:31-07:00,136
"@mileycyrus voting for you, I wish you the best of luck and god bless ",1963310038,2009-05-29 12:31:47-07:00,70
@mileycyrus miley i voted for u everyday i hope u win  please reply it would make my life,1963310165,2009-05-29 12:31:48-07:00,89
@mileycyrus All the categories you are in... You got my vote!  Good Luck!,1963310179,2009-05-29 12:31:48-07:00,73
@mileycyrus ** didnt make sense if you dont win then they most of conted the votes wrong ,1963328207,2009-05-29 12:33:26-07:00,89
@mileycyrus Good luck for the MTV movie awards ,1963329738,2009-05-29 12:33:34-07:00,47
@spencerpratt Hi i voted for @mileycyrus like everyday and am voting now too ,1963396700,2009-05-29 12:39:41-07:00,77
@mileycyrus iv voted for you  15 times and i got all my friends to vote for you to,1963413883,2009-05-29 12:41:15-07:00,82
@mileycyrus http://twitpic.com/67a0q - Miley your soooo funny hahahaha ,1963423977,2009-05-29 12:42:08-07:00,71
@mileycyrus Hey Miley  How are you? Cool pic haha....so funny,1963425909,2009-05-29 12:42:19-07:00,61
@mileycyrus hi miley i love u so much! ur so amzing!!! plz reply/follow me it would rlly mean alot ,1963464307,2009-05-29 12:45:45-07:00,99
"hey ""@mileycyrus""write me back pls ",1963464475,2009-05-29 12:45:46-07:00,35
@mileycyrus Follow me please! ,1963465453,2009-05-29 12:45:51-07:00,30
@mileycyrus Please miley please Reply i love u soo much and i Voted 4 u like everyday ,1963487337,2009-05-29 12:47:52-07:00,86
@mileycyrus i love you miley  hannah montana the best movie!!!!,1963489059,2009-05-29 12:48:02-07:00,63
Everyone go tweet @mileycyrus that she needs to do a duet with Nate on our new record we are about to record in 2 months. I am serious! ,1963531748,2009-05-29 12:51:53-07:00,136
@mileycyrus you're the best! i'm sure that you're going to win  a lot of luck!!,1963552120,2009-05-29 12:53:46-07:00,79
"@mileycyrus miley i really hope you win, i'm voting for you ever since mandy sent out that message ",1963553115,2009-05-29 12:53:52-07:00,99
@mileycyrus You got my vote.  (Nice meeting you in the bahammas spa) you concert the next day was AWSOME  !,1963554816,2009-05-29 12:54:01-07:00,107
@mileycyrus You got my vote.  (Nice meeting you in the bahammas spa) you concert the next day was AWSOME !,1963593093,2009-05-29 12:57:36-07:00,106
@mileycyrus http://twitpic.com/67a0q - I hope come to argentina someday ,1963607844,2009-05-29 12:58:58-07:00,72
"@mileycyrus http://twitpic.com/67a0q - Mileyy, Mileey I love youu! youu are the best singer in the world! andd youï¿½re so cool! ",1963610491,2009-05-29 12:59:12-07:00,129
"Running happy errands (shopping), then Bestie time  VOTE 4 @mileycyrus",1963660105,2009-05-29 13:03:31-07:00,70
"@mileycyrus http://twitpic.com/67a0q - Mileyy, Mileey I love youu! youu are the best singer in the world! andd youï¿½re so cool! ",1963686397,2009-05-29 13:05:46-07:00,129
VOTE FOR @mileycyrus FOR THE MTV MOVIE AWARDS! DO IT! DO IT NOW! QUIT READING THIS AND GO VOTE FOR HERRRRRR!!! ,1963731593,2009-05-29 13:09:50-07:00,111
@mileycyrus I voted for you ,1963820104,2009-05-29 13:17:55-07:00,28
@mileycyrus:ive voted for you atleast one thousand times! you really deserve to win  youre soooo talented!!!,1963886418,2009-05-29 13:24:00-07:00,108
"@mileycyrus my prom is in one week i cant wait! everyone should have a prom, you should just come to ours  haha or just have a fake one...",1963906963,2009-05-29 13:25:52-07:00,138
@mileycyrus dont worry miley im sure your gona win just make sure u give me a kiss or a wink when you win ,1963932495,2009-05-29 13:28:11-07:00,106
"@mileycyrus, my vote and votes from all my friends are his ",1964241934,2009-05-29 13:56:14-07:00,59
@mileycyrus am going to go vote on mtv right now haha...i already voted yesterday to haha ,1964246012,2009-05-29 13:56:36-07:00,90
@mileycyrus http://twitpic.com/67hac - cool  love you miley!!!!,1964277754,2009-05-29 13:59:24-07:00,63
@mileycyrus Hi Miley!I voted 1037 times 4 ya in MTV Movie awards. Hope it's enough! Luv u! From Brazil! ,1964278485,2009-05-29 13:59:28-07:00,104
@mileycyrus Where do I vote for you for the MTV awards? ,1964278859,2009-05-29 13:59:31-07:00,56
@mileycyrus http://twitpic.com/64x8j - Aww my sis'll be so thrilled you like horses ^^ she's a huuuuuge fan of you and horse riding ,1964279566,2009-05-29 13:59:34-07:00,132
@mileycyrus  you are my absoloutly ROLE MODEL Hope so much that you come to germany again  And i hope its in Stuttgart ;) How are you?,1964280113,2009-05-29 13:59:37-07:00,134
"@mileycyrus u are the coolest ""celeb""twitterer i know..  lots of love from germany!!",1964397049,2009-05-29 14:10:16-07:00,84
@mileycyrus < i love Demii also... fab actress ,1964398373,2009-05-29 14:10:23-07:00,47
"@mileycyrus http://twitpic.com/67hac - Nurse Jackie is in the Backk!!! yay, i love Peter Facinelli ",1964417380,2009-05-29 14:12:10-07:00,99
@mileycyrus - I looovee youu soo much.<3 xoxox I will meet you.  i come from Germany... ;),1964418520,2009-05-29 14:12:16-07:00,90
follow Friday: @mileycyrus  VOTE 4 HER 4 MTV AWARDS ,1964426761,2009-05-29 14:13:03-07:00,52
Watching step brothers  @mileycyrus I KNOW SHE LOVES IT TOO hahah,1964426906,2009-05-29 14:13:04-07:00,65
@mileycyrus http://twitpic.com/67hac - ahhhhh Mandy..i love u for wearing GK. its my fav. ,1964427879,2009-05-29 14:13:09-07:00,90
@mileycyrus.. I know you will do good.. No matter what happens just remember that you have millions of fans.. Including me!!  <3,1964482539,2009-05-29 14:18:22-07:00,128
@mileycyrus i hope you win the mtv movie awards you deserve it you are amazing!  i voted for you 80 million times ,1964544935,2009-05-29 14:24:26-07:00,114
@mileycyrus http://twitpic.com/67hac - makes so cute couple with Justin!?  I love you Miley!,1964545794,2009-05-29 14:24:31-07:00,92
@mileycyrus i voted! ,1964555671,2009-05-29 14:25:28-07:00,21
@mileycyrus http://twitpic.com/67hac - LOVE IT!! So cute ,1964587528,2009-05-29 14:28:35-07:00,57
@mileycyrus lol you are both really beutiful!! ,1964602921,2009-05-29 14:30:07-07:00,47
@mileycyrus please reply to me im a huge fan its my dream to talk to u please reply  do u like my back ground? lol,1964604063,2009-05-29 14:30:12-07:00,114
"@mileycyrus your music helped me trough one of the hardest time of my life,& since then i've been one of your number 1 fans.thank u miley ",1964629759,2009-05-29 14:32:41-07:00,138
"@mileycyrus hey miley, please join ashley tisdale next week to germany/ Berlin & bring also demi with you  wow that would be soo awesome!!",1964649726,2009-05-29 14:34:39-07:00,138
@mileycyrus awwww  cute! What about Taylor? Hahah you should go in one of her myspace vids ,1964650782,2009-05-29 14:34:45-07:00,91
@mileycyrus Hey Miley! Just wanted to let you know that my followers and I support and love you 100%! Please reply! ,1964672830,2009-05-29 14:36:54-07:00,116
@mileycyrus http://twitpic.com/67hac - Looks like you guys were having fun ,1964733891,2009-05-29 14:42:58-07:00,75
"@mileycyrus you can make it happen,you can make it real ",1964872943,2009-05-29 14:56:58-07:00,56
@mileycyrus why are you so beautiful? lol but its true u genuinely are really beautiful ,1964918568,2009-05-29 15:01:32-07:00,88
Follow Friday! @TTFrutti @ellenhalvorsen @mileycyrus @mitchelmusso @jonasbrothers @ddlovato  ,1964957400,2009-05-29 15:05:23-07:00,93
@mileycyrus http://twitpic.com/67hac - omg!! it jus makes me laugh that haterz are taking up all your space & time!  love all five @dd ...,1964990438,2009-05-29 15:08:47-07:00,138
@mileycyrus Miley i just voted for you. I hope you win. Good Luck and dont be nervous ,1964991255,2009-05-29 15:08:52-07:00,86
@mileycyrus heyy i voted for you of course  !,1965081151,2009-05-29 15:17:58-07:00,45
listeing to the climb  thanks @mileycyrus for a great song,1965100895,2009-05-29 15:20:03-07:00,58
@mileycyrus im voting 4 u like a million times a day ! theres no need to be nervous because ur clearly the BEST ,1965199383,2009-05-29 15:30:11-07:00,112
@mileycyrus just sang my favorite Miley song on Hannah Montana. One in a Million. ,1965316154,2009-05-29 15:42:18-07:00,82
@mileycyrus i meant to reply you but..i kinda replied your dad  oopsy..anyways how can i vote,1965353799,2009-05-29 15:46:19-07:00,93
"i hope everyone votes for the most amazing actress/singer everrrr in the MTV awards, i've DEFO voted, loads  @mileycyrus  I LOVE YOU !!!",1965411384,2009-05-29 15:52:27-07:00,136
@mileycyrus I LOVE YOU MILEY ,1965429903,2009-05-29 15:54:26-07:00,29
@mileycyrus http://twitpic.com/67hac - you look really pretty in this pic  ur amazing! come to Ireland soon! ,1965468463,2009-05-29 15:58:35-07:00,109
@mileycyrus When are you back in London?  Good Luck witht he Movie awards by the way  you totally deserve to win ,1965486284,2009-05-29 16:00:23-07:00,113
@mileycyrus have a nice day ,1965507936,2009-05-29 16:02:37-07:00,28
"@mileycyrus miley dont listen to the haters u are an amazing person, and ur true fans will always be there for u. i no i wil be ",1965562491,2009-05-29 16:08:23-07:00,128
@mileycyrus im just wiatin for the day you tweet me bak.. just waiting. hi i love u ,1965581054,2009-05-29 16:10:24-07:00,84
@mileycyrus http://twitpic.com/67hac - MILEY I LOVE YOU ..!! ( btw I LOVE Nick aswell but I LOVE MILEY MORE..!! ) ,1965581820,2009-05-29 16:10:29-07:00,114
@mileycyrus do u know how i can vote for you? i <3 u so much but how do i do it? go to mtv.com ? pleasse helpp? love yaaa!<33  BIGGEST FAN,1965582746,2009-05-29 16:10:34-07:00,138
@mileycyrus http://twitpic.com/67hac - ( Continued )MILEY I LOVE YOU ..!! ( btw I LOVE Nick aswell but I LOVE MILEY MORE..!! ) ,1965599123,2009-05-29 16:12:19-07:00,127
@mileycyrus I love you o most awesomest devine delight of my life  How's my memory lol,1965599173,2009-05-29 16:12:19-07:00,86
@mileycyrus im writing a song about you ,1965621089,2009-05-29 16:14:40-07:00,40
the climb is the best song ever! my friends agree! one of my friends (hes a boy) and he says @mileycyrus is hot  if i was a boy i would,1965636559,2009-05-29 16:16:17-07:00,135
@mileycyrus i think i spent a good 2 hours on the MTV site just to vote for you ,1965878710,2009-05-29 16:42:41-07:00,80
"@ddlovato, @selenagomez @mileycyrus you guys have to come to ottawa you cant forget about us come see us! ",1966004422,2009-05-29 16:56:45-07:00,106
@mileycyrus it seems so wrong that i think you amazing as im 18 and your only 16 but your sooooo funny and @mandyyjirouxx  x,1966041983,2009-05-29 17:00:56-07:00,124
@mileycyrus Now voting... ,1966112672,2009-05-29 17:08:52-07:00,26
"@mileycyrus but i know your an ordinary girl like us (:  so ignore the haters, and keep ya head held high   always gonna be a fan x",1966133126,2009-05-29 17:11:07-07:00,131
@mileycyrus http://twitpic.com/67a0q - Haha Miley that's Funny ,1966164041,2009-05-29 17:14:41-07:00,63
@mileycyrus is miley in japanï¿½? :o that's  so   cool coolcoolcool your're really beautiful ,1966164474,2009-05-29 17:14:44-07:00,93
It's #followfriday so follow @mileycyrus @TraceCyrus @TheBrandiCyrus @ddlovato @selenagomez @taylorswift13 and @ashleytisdale ,1966166236,2009-05-29 17:14:57-07:00,126
@mileycyrus http://twitpic.com/67hac - i looooove your pants ,1966286671,2009-05-29 17:29:06-07:00,61
"@MileyCyrus is following me. That's kinda awkward, but pretty cool as well. ",1966339286,2009-05-29 17:35:08-07:00,76
"@mileycyrus I was very bored, and i spend my night creating new email acounts for vote for u a lot of times. I guess i've voted 30 times ",1966393485,2009-05-29 17:41:06-07:00,137
@mileycyrus love you mileeeeey ,1966464235,2009-05-29 17:48:55-07:00,31
@mileycyrus i LOVE hellokitty too! haha get him to get me something too! haha ,1966503034,2009-05-29 17:53:13-07:00,78
@mileycyrus 'The Climb' is currently being played in our local radio station. We love listening to it and request for it all the time! ,1966522725,2009-05-29 17:55:24-07:00,135
@mileycyrus HI Miley! Please watch this link!!! i'd love to know what u think   http://bit.ly/QRFa4,1966522941,2009-05-29 17:55:25-07:00,99
@mileycyrus Miley did you know that your on the COVER of HELLO KITTY Magazine!!!???  http://twitpic.com/5e7fy @tracecyrus @billyraycyrus,1966558297,2009-05-29 17:59:21-07:00,136
@mileycyrus Whens your nexxxxtttt miley and mandy episodeeee??  <3ya,1966577350,2009-05-29 18:01:20-07:00,68
"@mileycyrus aha, thats mean to say, but I agree whoever doesn't have a twitter is lame ",1966617872,2009-05-29 18:05:35-07:00,87
@mileycyrus tryna think of something INTRESTING 2 say but i got NOTHIN =| anyhoo LOVE U and VOTED 10 times in the past 30 min  <3,1966637528,2009-05-29 18:07:38-07:00,129
@mileycyrus   I voted for you 30x miley!!!!   Be breezy ,1966730178,2009-05-29 18:17:39-07:00,56
@mileycyrus ...sorry if my english is bad. i'm brazilian. don't forget about your brazilian fans  PLEASE COME TO BRAZIL ASAP!,1967211869,2009-05-29 19:10:14-07:00,125
"going to sleep. waking up at 3am and leaving for tennessee at 4.  if i saw @mileycyrus there, id die. like 6 times. haha  <3",1967325637,2009-05-29 19:22:32-07:00,124
@mileycyrus im from tennessee too. tennessee miss you just as much lol  im voting for you right now at mtv.com,1967585269,2009-05-29 19:51:01-07:00,110
"Love @mileycyrus, @tommcfly, @dougiemcfly, @dannymcfly, @harrymcfly, @ddlovato and my family ",1967849543,2009-05-29 20:19:21-07:00,93
@mileycyrus is the only one person who makes me speak English.  And join Twitter too,1967903840,2009-05-29 20:25:14-07:00,84
#myweakness chipotle!!!! Soft melty choco chip cookies. AND @taylorswift13 and also @mileycyrus I had to admit it ,1968739248,2009-05-29 22:06:06-07:00,114
am going to vote for @mileycyrus for mtv movie awards>>>!!!! you are my idol whoop whoop lol ,1968847753,2009-05-29 22:21:55-07:00,93
@mileycyrus Well why don't you think of your fans and feel a little more ,1968863799,2009-05-29 22:24:22-07:00,73
@mileycyrus Maybe this will cheer you up  We all love you to death. http://bit.ly/BPk6z,1968864141,2009-05-29 22:24:25-07:00,87
@mileycyrus cheer up miley whats wrong? ,1968864242,2009-05-29 22:24:26-07:00,40
@mileycyrus No sadness :\ Happiness instead ,1968887244,2009-05-29 22:27:53-07:00,44
"@mileycyrus you can have a little  back. it's what you gave to me. you're an amazing person, miley. never forget that ???",1968887336,2009-05-29 22:27:54-07:00,121
@mileycyrus all you have to do is read your @replies & you'll feel all  again.,1968887496,2009-05-29 22:27:56-07:00,78
@mileycyrus awww im sorry...i am too but dont be sad be glad  i love you...your amazing ,1968888071,2009-05-29 22:28:01-07:00,88
@mileycyrus what's wrong? Be happy  you have plenty of reasons to smile... Like your fans . (Me) ,1968888367,2009-05-29 22:28:04-07:00,97
"@mileycyrus you can have a little  back. it's what you gave to me. you're an amazing person, miley. never forget that ???",1968888634,2009-05-29 22:28:06-07:00,121
@mileycyrus: your awesome..cheer up ,1968889111,2009-05-29 22:28:11-07:00,36
"@mileycyrus you can have a little  back. it's what you gave to me. you're an amazing person, miley. never forget that ???",1968889668,2009-05-29 22:28:16-07:00,121
"@mileycyrus you can have a little  back. it's what you gave to me. you're an amazing person, miley. never forget that ???",1968890422,2009-05-29 22:28:24-07:00,121
"@mileycyrus hey nop!! you CANTT feell like thatt, just stand up & continue whatever you have!! ull solve it  et will be fine!!",1968890511,2009-05-29 22:28:24-07:00,126
"@mileycyrus you can have a little  back. it's what you gave to me. you're an amazing person, miley. never forget that ???",1968899814,2009-05-29 22:29:52-07:00,121
@mileycyrus awwwww turn that frown upside down gurl ,1968900560,2009-05-29 22:29:59-07:00,52
"@mileycyrus you can have a little  back. it's what you gave to me. you're an amazing person, miley. never forget that ???",1968901176,2009-05-29 22:30:04-07:00,121
"@mileycyrus Awww, what's the matter miley? i hope you feel better. your awesome don't let anyone bring you down!  ?",1968901427,2009-05-29 22:30:06-07:00,115
"@mileycyrus you can have a little  back. it's what you gave to me. you're an amazing person, miley. never forget that ???",1968903249,2009-05-29 22:30:21-07:00,121
"@mileycyrus you can have a little  back. it's what you gave to me. you're an amazing person, miley. never forget that ???",1968913600,2009-05-29 22:31:54-07:00,121
"@mileycyrus you can have a little  back. it's what you gave to me. you're an amazing person, miley. never forget that ???",1968914794,2009-05-29 22:32:04-07:00,121
"@mileycyrus you can have a little  back. it's what you gave to me. you're an amazing person, miley. never forget that ???",1968916134,2009-05-29 22:32:16-07:00,121
"@mileycyrus you can have a little  back. it's what you gave to me. you're an amazing person, miley. never forget that ???",1968928309,2009-05-29 22:34:09-07:00,121
"@mileycyrus you can have a little  back. it's what you gave to me. you're an amazing person, miley. never forget that ???",1968930119,2009-05-29 22:34:26-07:00,121
"@mileycyrus you can have a little  back. it's what you gave to me. you're an amazing person, miley. never forget that ???",1968937677,2009-05-29 22:35:36-07:00,121
"@mileycyrus you can have a little  back. it's what you gave to me. you're an amazing person, miley. never forget that ???",1968939732,2009-05-29 22:35:55-07:00,121
I'm 19 and I'm watching hannah montana. I love @mileycyrus and @billyraycyrus ,1968940007,2009-05-29 22:35:57-07:00,78
I'm 19 and I'm totally watching Hannah Montana. I love @mileycyrus  and @billyraycyrus ,1968953900,2009-05-29 22:38:11-07:00,87
@mileycyrus it's late you might need sleep  you'll feel better tomorrow,1968956266,2009-05-29 22:38:34-07:00,71
@mileycyrus http://twitpic.com/67hac - you picture is really cool. ,1968966395,2009-05-29 22:40:10-07:00,67
"@mileycyrus you can have a little  back. it's what you gave to me. you're an amazing person, miley. never forget that ???",1968977564,2009-05-29 22:42:00-07:00,121
"@mileycyrus you can have a little  back. it's what you gave to me. you're an amazing person, miley. never forget that ???",1968979513,2009-05-29 22:42:18-07:00,121
"@mileycyrus you can have a little  back. it's what you gave to me. you're an amazing person, miley. never forget that ???",1968980457,2009-05-29 22:42:27-07:00,121
"@mileycyrus you can have a little  back. it's what you gave to me. you're an amazing person, miley. never forget that ???",1968991493,2009-05-29 22:44:15-07:00,121
@mileycyrus Cheer up Miley. You rock! ,1968993645,2009-05-29 22:44:36-07:00,38
finds it really cool that @mileycyrus and her family live in the same part of Tennessee. Love Franklin ,1968993924,2009-05-29 22:44:38-07:00,103
@mileycyrus hearts and stars! Feel  again soon!!,1969002575,2009-05-29 22:46:01-07:00,48
@mileycyrus smile and the world smiles with you  Not sure how true that is but hope it helps!,1969017557,2009-05-29 22:48:28-07:00,93
@mileycyrus hope you get to feeling better soon. ,1969039661,2009-05-29 22:52:08-07:00,49
@mileycyrus You should have gone out with us!  I'm feeling great! ,1969063641,2009-05-29 22:56:09-07:00,66
"@mileycyrus awww - well, we can help you stay more  haha! love ya Miley. *hugs* ",1969063892,2009-05-29 22:56:11-07:00,80
@mileycyrus U r Awesome when u'r not Hannah  Greetings from Honduras,1969065197,2009-05-29 22:56:25-07:00,68
@mileycyrus why's that? You should get some ben & jerry's. Seems to help me out most of the time ,1969077135,2009-05-29 22:58:24-07:00,97
@mileycyrus http://twitpic.com/64x8j - so pretty. i also want to own a white horse and name her lizzie.  i hope one day i will. ^^,1969092121,2009-05-29 23:00:38-07:00,130
"@mileycyrus Don't be sad, Miley. Turn that frown, upside down. Cheer up, buttercup. Hope your night gets better. ",1969166406,2009-05-29 23:12:40-07:00,113
@mileycyrus cheer up!! ,1969187455,2009-05-29 23:16:18-07:00,23
"@mileycyrus Well, cheer up because everyone knows that you're going to win at the MTV Movie Awards tomorrow. Your fans <3 you, Miley ",1969255501,2009-05-29 23:28:26-07:00,133
@mileycyrus cheer up. When walking a steep hill you move on up ,1969376666,2009-05-29 23:50:36-07:00,63
@mileycyrus http://twitpic.com/5ppwd - I have the blue one! Blue is for Rosalie.... ,1969428366,2009-05-30 00:00:33-07:00,84
@mileycyrus don't be sad get glad  you're loved by so many around the world!,1969450525,2009-05-30 00:04:34-07:00,76
is Watching Hannah Montana  @mileycyrus  show ,1969581655,2009-05-30 00:30:34-07:00,46
@mileycyrus hope your feelin a bit happier now  just tried to vote for you but voting has finished,1969644138,2009-05-30 00:43:07-07:00,98
@mileycyrus Hey Be sad!! Im Your Friend ,1969644366,2009-05-30 00:43:09-07:00,40
@mileycyrus here is a  from Australia! xx,1969680363,2009-05-30 00:50:43-07:00,41
"@mileycyrus aw, cheer up buttercup. ",1969680517,2009-05-30 00:50:45-07:00,36
@mileycyrus Hope You Feel Better ,1969682166,2009-05-30 00:51:06-07:00,33
@mileycyrus : why so gloom? there's a blue sky in every storm ,1969708529,2009-05-30 00:56:41-07:00,62
"@Mileycyrus awwwww, why?  Hope you feel better hun. ",1969711821,2009-05-30 00:57:25-07:00,52
"@mileycyrus May I suggest a trip to Blackpool might cheer you up, it's like Vegas but its got sticks of rock and the sea ",1969813111,2009-05-30 01:19:23-07:00,121
@mileycyrus-I love you and I am very happy that I can write to you  Can you write me on my mail please?radkasvabikova@seznam.cz Thanks,1969854579,2009-05-30 01:28:55-07:00,134
@mileycyrus http://twitpic.com/67hac - wow x3 Miley? pls follow me ï¿½  ?,1969874017,2009-05-30 01:33:18-07:00,73
@mileycyrus Hope you win  xoxo,1969891954,2009-05-30 01:37:26-07:00,30
@mileycyrus @EmilyOsment http://twitpic.com/608bn - This is a great Picture from Miley and Emliy <3 with much Love  xoxox Loove u <33,1969905834,2009-05-30 01:40:42-07:00,133
@mileycyrus very cute horse!!..... ,1969933920,2009-05-30 01:47:20-07:00,35
@mileycyrus Awwwww...whats wrong miles? Hope you feel better ,1969941182,2009-05-30 01:49:06-07:00,61
"@mileycyrus you should visit Blackpool in the UK, it's just like vegas but without the vegas  cheer up hun you're Miley Cyrus!!",1969948968,2009-05-30 01:50:53-07:00,127
@mileycyrus Are you kidding me?  be happy  life is beautiful and you only get to live it once!,1969957363,2009-05-30 01:52:56-07:00,94
"@mileycyrus It looks amazing there , i managed to perswade my parents to take me there on holiday  imm relli exitedd  x, iloveyouu",1969973855,2009-05-30 01:56:55-07:00,130
@mileycyrus hi dear! look i'm voting in you every single day! i hope you won  love u,1970024858,2009-05-30 02:08:44-07:00,84
@mileycyrus dont feel sad. youre so lucky with your great family and you amazing friends. so try to smile  love you <3,1970027859,2009-05-30 02:09:30-07:00,118
good luck @mileycyrus ,1970034766,2009-05-30 02:11:09-07:00,22
@mileycyrus hey.... girls just wanna have fun .. remember? come on Miley  listening to AaRON ... Endless Song.. do you know it ?,1970133745,2009-05-30 02:35:31-07:00,128
@mileycyrus Turn that frown upside down ,1970163995,2009-05-30 02:43:08-07:00,40
@mileycyrus I hope you get to feeling  soon... You fans wish you nothing but the best!!! <3,1970205024,2009-05-30 02:53:24-07:00,91
"@mileycyrus blackpool's like vegas, except it's colder, and it's not a desert. i should imagine there's more tramps there too ",1970244307,2009-05-30 03:03:13-07:00,126
Guys vote for @mileycyrus now for mtv movie plz ,1970246216,2009-05-30 03:03:40-07:00,48
"@Yeeeunaholic - yeah!! Hahaha, I can't wait till the Movie is out!!! @mileycyrus is sooooooooooooooooooooooo awesome! HAH, take that ",1970252602,2009-05-30 03:05:14-07:00,133
Guys vote for @mileycyrus now for mtv movie plz ,1970254194,2009-05-30 03:05:36-07:00,48
@mileycyrus next week I'm going to see your movie with all my friends. haha. Just heard good things about it ! ,1970267691,2009-05-30 03:09:00-07:00,111
This afternoon we're going to see Hannah Montana: The Movie! Again  I like @mileycyrus and her hair.. ,1970278846,2009-05-30 03:11:49-07:00,102
guys vote for @mileycyrus now for mtv movie plz ,1970279172,2009-05-30 03:11:54-07:00,48
@mileycyrus http://twitpic.com/67hac - what about selena coool pic though ,1970283586,2009-05-30 03:13:03-07:00,74
"@mileycyrus hi miley. My name is Melissa Jiroux. I am a big fan of yours! visit my website, http://www.wix.com/askmelissa/officialwebsite ",1970292168,2009-05-30 03:15:16-07:00,138
guys VOTE for @mileycyrus NOW for mtv movie plz ,1970292954,2009-05-30 03:15:28-07:00,48
guys vote for @mileycyrus now for mtv movie plz ,1970294592,2009-05-30 03:15:52-07:00,48
guys VOTE for @mileycyrus NOW for mtv movie plz ,1970299049,2009-05-30 03:17:01-07:00,48
I can't wait for MTV MOVIE AWARDS.  go go twilight && @mileycyrus,1970337411,2009-05-30 03:27:06-07:00,65
"@mileycyrus And, i can't wait to see you WINNING! ) But, you'll tweet it, right?? Please  LOVE youuu! <33 ;))",1970337520,2009-05-30 03:27:08-07:00,109
"@mileycyrus OMG I TOTALLY JUST VOTED FOR YOU =D MILEYYY, when are you coming to australia so i can meet you lol  ily, biggest fan EVER =D",1970346602,2009-05-30 03:29:32-07:00,137
"@mileycyrus http://bit.ly/qpu6m & http://bit.ly/EhWHw - Tweet it, if someone doesn't know how to vote  Love you! :]",1970352799,2009-05-30 03:30:59-07:00,115
"@mileycyrus http://twitpic.com/5ncuz - Comaful, how is she fat? :S Miley i love your outfit  x",1970377021,2009-05-30 03:37:07-07:00,94
"@Yeeeunaholic - hahahaha , get over it. @mileycyrus rocks ",1970379823,2009-05-30 03:37:51-07:00,58
@mileycyrus http://twitpic.com/5ut6j - does trace ever where a shirt?! lol  poor noah.... =(,1970385514,2009-05-30 03:39:18-07:00,92
@mileycyrus http://twitpic.com/5e5nr - Aw this is sweet  x,1970386665,2009-05-30 03:39:35-07:00,58
@mileycyrus feel better soon... If ye want ill fly over and hug u???!!!! ,1970388106,2009-05-30 03:39:59-07:00,73
@mileycyrus head high ,1970403225,2009-05-30 03:43:47-07:00,22
@mileycyrus http://twitpic.com/384nw - that's awesome. ,1970403426,2009-05-30 03:43:51-07:00,55
@mileycyrus I just voted for you for the mtv awards ,1970418705,2009-05-30 03:47:33-07:00,52
"@MileyRCyrusFans i support you, i'm voting for @mileycyrus ",1970425486,2009-05-30 03:49:12-07:00,59
@mileycyrus http://twitpic.com/3upg9 - In London!  I love your dress miley and Demi's shoes ;),1970427938,2009-05-30 03:49:49-07:00,94
@mileycyrus http://twitpic.com/384nw - This is really pretty  x,1970452033,2009-05-30 03:55:30-07:00,63
"@mileycyrus hello miley im a big fan  dnt be sad! from ur miley and mandy remember u said to say that ""sentence"" to be happy ! ",1970579585,2009-05-30 04:25:54-07:00,127
Super Duper Good Tweety Morning y'all!!!  Today is the day I'll see HM the Movie (feat. @mileycyrus @billyraycyrus) for the 1st time! ,1970663451,2009-05-30 04:45:34-07:00,134
Just woke up but i need to get ready butterfly fly away - @mileycyrus ft @billyraycyrus ,1970684200,2009-05-30 04:50:10-07:00,88
@mileycyrus http://twitpic.com/67a0q - Hey you're cute! I think you look like Ellen here ,1970684268,2009-05-30 04:50:11-07:00,89
I love @Selenagomez @EmilyOsment and @MileyCyrus they have an amazing talent each other . I'm really truly proud of them ,1970698937,2009-05-30 04:53:34-07:00,121
@mileycyrus hope you have a  in your day somewhere.,1970709243,2009-05-30 04:55:55-07:00,51
@mileycyrus hope you feel better ,1970785999,2009-05-30 05:12:18-07:00,33
@mileycyrus sorry to hear you feeloing down. twitter me back and i will cheer you up ,1970983734,2009-05-30 05:52:06-07:00,85
@mileycyrus HI! today its my birthday please say happy b!!! ,1971043719,2009-05-30 06:02:53-07:00,60
"@mileycyrus Cheer up, love. Life is beautiful. ",1971089032,2009-05-30 06:10:51-07:00,47
"@Yeeeunaholic - hahahaha! i love you more!! WE LOVELOVELOVELOVELOVELOVELOVELOVELOVELOVE @mileycyrus, HAH! Take that! ",1971258122,2009-05-30 06:39:03-07:00,117
@mileycyrus I voted for you miley ,1971270144,2009-05-30 06:40:58-07:00,34
@Mileycyrus said hello to hk ... im soooo happy ... luv her soooo much ,1971357463,2009-05-30 06:54:52-07:00,71
@mileycyrus Whenever your feeling sad just remember how many loyal fans you have out there that love you! ,1971384558,2009-05-30 06:59:01-07:00,106
@mileycyrus DONT WORRY!!ALL YOUR FANS ARE HERE TO MAKE FEEL A LITTLE ,1971484659,2009-05-30 07:13:16-07:00,69
@mileycyrus Hope its okay ,1971529042,2009-05-30 07:19:02-07:00,26
@mileycyrus  hey you should go to prom with me  lol,1971620015,2009-05-30 07:31:08-07:00,51
@mileycyrus turn that frown upside down    ,1971634419,2009-05-30 07:33:06-07:00,43
@mileycyrus On monday Hannah Montana the movie will starts in our german cinemas <3 <3 yeay I'm really happy about that ,1971705775,2009-05-30 07:42:55-07:00,120
@mileycyrus im seeing Trace on june 10!! <3 <3 i love you. ,1971736126,2009-05-30 07:47:01-07:00,59
"@mileycyrus Good cure for that?  Girly, romantic comedies!  ",1971738416,2009-05-30 07:47:20-07:00,60
@mileycyrus http://twitpic.com/5r808 - wooowww you are so cuteeeee I love you and @ddlovato ,1971859572,2009-05-30 08:03:13-07:00,92
@mileycyrus MILEY! searously your not FAT. thank you for sticking up for yourself. you dont deserve all the hate. ,1972034063,2009-05-30 08:25:20-07:00,114
@mileycyrus don't feel sad remember if your feeling sad say do da doo life's good ,1972194983,2009-05-30 08:45:18-07:00,82
"everyone follow @TraceCyrus hes in""Metro Station"" hes awesome and @mileycyrus's big bro!  ily both<3",1972244722,2009-05-30 08:51:28-07:00,100
@mileycyrus Hello Miley! Have a great day  I love you!,1972491729,2009-05-30 09:19:37-07:00,54
@mileycyrus I'm working on a dress inspired by the pink ruffly one u wore in the movie  http://twitpic.com/69j21,1972578695,2009-05-30 09:29:26-07:00,112
@mileycyrus beg my mom to take me to the states! please come to winnipeg manitoba!! ,1972615384,2009-05-30 09:33:33-07:00,84
@mileycyrus http://twitpic.com/64x8j - cool i love horses  i like your earrings x,1972740106,2009-05-30 09:47:49-07:00,81
"including @mileycyrus Hoedown Throwdown  Pop it, Lock it, Polka dot it!",1972772334,2009-05-30 09:51:30-07:00,71
@mileycyrus Precious in the sight of the Lord is the death of his saints. Psalms 116:15 God bless u miley!!! ,1972915053,2009-05-30 10:07:32-07:00,109
@mileycyrus I Love You ,1973261158,2009-05-30 10:48:22-07:00,23
"@mileycyrus I'm with you. Do nothing today is my reward for a long, hard week. ",1973261608,2009-05-30 10:48:25-07:00,79
@mileycyrus come to my birthday party! theres a bounce house! ,1973261809,2009-05-30 10:48:27-07:00,62
@mileycyrus yes that's always a good plan ,1973279770,2009-05-30 10:50:31-07:00,42
@Mileycyrus this is a good plan. ; ] Hmm how are you ?  Maybe are you come to Poland ?,1973296996,2009-05-30 10:52:32-07:00,86
@mileycyrus You deserve a day like that Miley!  Enjoy!,1973297093,2009-05-30 10:52:33-07:00,54
I just voted for @mileycyrus for the MTV movie award!!!  U should all go and vote for her too!! She deserves it soooo much! ,1973313458,2009-05-30 10:54:30-07:00,124
@mileycyrus why don't you talk to mee ?  x,1973332035,2009-05-30 10:56:41-07:00,42
@mileycyrus  thats exzacly what i have done aha ,1973332187,2009-05-30 10:56:42-07:00,48
@mileycyrus I love your photo ,1973348982,2009-05-30 10:58:41-07:00,30
Good luck with the MTV awards @mileycyrus !!! ,1973366546,2009-05-30 11:00:39-07:00,46
@mileycyrus sounds like a REALLY good plan. im jalousssssss ,1973399521,2009-05-30 11:04:25-07:00,60
"@mileycyrus BRAZIL LOVES U SO MUCH!! YOU ARE AWESOME, MILEY! COME TO BRAZIL.. WE CAN'T FOR THIS DAY COME ",1973399754,2009-05-30 11:04:26-07:00,105
@mileycyrus why do you inspire me so much is it me or are you the sun of my life ,1973399767,2009-05-30 11:04:26-07:00,81
"@mileycyrus haha miley, i love your plan, have a nice day ",1973402325,2009-05-30 11:04:44-07:00,58
"@mileycyrus miley why dont you & demi make a duet together? it would be AWESOME! you girls have amazing voices, and i would LOVE it! ",1973417434,2009-05-30 11:06:26-07:00,133
@mileycyrus no. it isn't good. it's great. i'll do the same ,1973433917,2009-05-30 11:08:22-07:00,60
"@mileycyrus I'm wachtching it too. The problem is, that i am german and i don't understand all! Love u Miley  Wait for an answer ",1973435166,2009-05-30 11:08:30-07:00,129
@mileycyrus comee to michigan for the dayyy ,1973436373,2009-05-30 11:08:39-07:00,44
@mileycyrus I had to do sooo much today.. and i did absolutely nothing haha  and now its 8.10pm and i still havent done ANYTHING! GodBless,1973453514,2009-05-30 11:10:38-07:00,138
@mileycyrus if your board today u should come to ireland! we have starbucks and topshop!! ,1973454529,2009-05-30 11:10:45-07:00,90
@mileycyrus i wish i could join you  your so awesome!,1973468049,2009-05-30 11:12:22-07:00,53
Fields of gold - Eva Cassidity @mileycyrus do you like it? ,1973470027,2009-05-30 11:12:36-07:00,59
@mileycyrus i think thats  really a good plan  have fun at doing nothing!,1973470729,2009-05-30 11:12:41-07:00,73
"@mileycyrus is true that you're going to be in Suth America next year?, well w/e, just wanted to tell you, enjoy your free day! i loveyou ",1973485327,2009-05-30 11:14:26-07:00,138
@mileycyrus http://twitpic.com/67a0q - Who is the tough gut now??   I guess it's Miley ,1973485339,2009-05-30 11:14:26-07:00,87
"@mileycyrus doing nothing too. just computer. here is so cold. miles, did u know brazil loves you? ",1973486190,2009-05-30 11:14:32-07:00,99
@mileycyrus http://twitpic.com/38vlt miley you are an amazing girl ,1973501648,2009-05-30 11:16:22-07:00,67
@mileycyrus Miley ! Come to INDONESIA pleaseeeee ,1973501842,2009-05-30 11:16:23-07:00,49
@mileycyrus thats exactly what i plan to do today ,1973537233,2009-05-30 11:20:35-07:00,50
@mileycyrus hey miley! how ru doing? i really love your music and i'm a big fan ,1973570282,2009-05-30 11:24:35-07:00,80
@MileyCyrus and dont listen what the others say about justin! they are jealous because you have got a bf who is very talented ,1973587563,2009-05-30 11:26:39-07:00,126
@mileycyrus Watch britains got talent final  it's jks,1973603386,2009-05-30 11:28:34-07:00,53
@mileycyrus yes mileymandyfan7 ist right u should do a miley and mandy show  u made the llast show 2month ago...;(,1973621731,2009-05-30 11:30:38-07:00,114
"@mileycyrus You passed 700,000 followers girl, congratulations!  Soon to be 1,000,000!",1973637706,2009-05-30 11:32:27-07:00,86
@mileycyrus Enjoy your rest! ,1973637901,2009-05-30 11:32:29-07:00,29
@mileycyrus do that miley! sounds like a really good plan ,1973639458,2009-05-30 11:32:39-07:00,58
@mileycyrus yes mileymandyfan7 ist right u should do a miley and mandy show  u made the last show 2month ago...;( hope u win on mtvma,1973655347,2009-05-30 11:34:31-07:00,133
@mileycyrus yes mileymandyfan7 ist right u should do a miley and mandy show  u made the last show 2month ago...;( hope u win on mtvma,1973673369,2009-05-30 11:36:35-07:00,133
@mileycyrus please come on tour again i love going to ur concerts they are so much fun ,1973689749,2009-05-30 11:38:33-07:00,87
@mileycyrus yes mileymandyfan7 ist right u should do a miley and mandy show  u made the last show 2month ago...;( hope u win on mtvma ,1973740610,2009-05-30 11:44:32-07:00,134
@mileycyrus You Should See If You Can Tune In To The Britains Got Talent Live Final. Its Great This Year! xox  Love Yuuuu ,1973759452,2009-05-30 11:46:44-07:00,122
@mileycyrus never thought i would see someone that liked hello kitty more then me. im still refusing to let it be true. ,1973826721,2009-05-30 11:54:41-07:00,120
"@mileycyrus oh yeah that's what i did today, too  haha",1973845089,2009-05-30 11:56:48-07:00,54
@mileycyrus  miley when you was doing nothing today you could of made a youtube video  but it wouldnt be the same without mandy  lol,1973983319,2009-05-30 12:12:43-07:00,132
@mileycyrus i'm going to be day dreamin about you as i relax on a hammock sounds like a good day. ,1974101730,2009-05-30 12:26:40-07:00,98
"@mileycyrus http://twitpic.com/67hac - i can look up to miley bc i am the same age as her, i think that is awesome ",1974136504,2009-05-30 12:30:52-07:00,115
@mileycyrus Good plan ,1974138381,2009-05-30 12:31:05-07:00,22
@mileycyrus Nice to know big stars also have days where they just chill & stay at home. ,1974218206,2009-05-30 12:40:44-07:00,88
@mileycyrus (: i hope you are very well ,1974235880,2009-05-30 12:42:56-07:00,40
"@mileycyrus Oh, and good luck at the MTV Movie awards tomorrow. I voted for you ",1974267948,2009-05-30 12:46:50-07:00,80
@mileycyrus i definately think you should go back to hating... her music doesn't mean anything.. i love you though ,1974268041,2009-05-30 12:46:51-07:00,115
Hello @mileycyrus You Seriously are THE BEST EVER!!! (like seriously) I can wait to see you in December. ,1974268168,2009-05-30 12:46:52-07:00,105
@mileycyrus Lady Gaga is the bomb diggity!!! Loved her since day uno. ,1974268209,2009-05-30 12:46:52-07:00,70
@mileycyrus who doesn't? her music's so catchy!  even though she's a little weird.... haha.,1974268905,2009-05-30 12:46:57-07:00,91
@mileycyrus yeah! me too! ,1974269388,2009-05-30 12:47:01-07:00,26
"@mileycyrus Haha i love her too ,but you are better for sure  LOVE YOU",1974269903,2009-05-30 12:47:05-07:00,70
"@mileycyrus I don't really like lady gaga. but if you haven't yet, listen to the acoustic version of poker face. she's genius. ",1974283319,2009-05-30 12:48:44-07:00,127
"@mileycyrus me too, I love all her songs, but especially just dance ,what is your favorite song??? ",1974283374,2009-05-30 12:48:44-07:00,99
"@mileycyrus yeah...it's the ""pokerfaceffect"" haha ",1974286659,2009-05-30 12:49:09-07:00,50
@mileycyrus omg same. see you are amazing in every way!  please replyy?! xxx,1974300238,2009-05-30 12:50:48-07:00,76
@mileycyrus u  hated lady gaga? :O but she's so amazing! ,1974301078,2009-05-30 12:50:54-07:00,57
@mileycyrus its about time you joined on the band wagon ,1974301825,2009-05-30 12:51:00-07:00,56
@mileycyrus me to i hateed her but i started to like her songs  which do you like?/,1974316108,2009-05-30 12:52:50-07:00,83
@mileycyrus hey Miley how are you? I hope your having a great day!  ,1974316940,2009-05-30 12:52:56-07:00,68
@mileycyrus lol people go googoo for that ladys gaga's ,1974317578,2009-05-30 12:53:01-07:00,55
@mileycyrus how do you wake up Lady Gaga? You poke her face! Hahaha. ,1974318843,2009-05-30 12:53:11-07:00,69
@mileycyrus saaaame. her songs are so catchy! ,1974332505,2009-05-30 12:54:58-07:00,46
@mileycyrus me too ,1974332906,2009-05-30 12:55:01-07:00,19
"@mileycyrus Hey Miley! Im Bethan, a big fan  I live in the UK but i was born in San Francisco  Anyway...how are you today?",1974333822,2009-05-30 12:55:08-07:00,122
@mileycyrus  U r doing just great with ur tweets!! I am giving U this vid http://bit.ly/17tlvM  which now has part 2 ,1974346720,2009-05-30 12:56:48-07:00,117
@mileycyrus I'm watching the HM movie for the third time...I love it...you're amazing ,1974362263,2009-05-30 12:58:53-07:00,86
@mileycyrus How do you make lady gaga cry?... Poke'er face ,1974363863,2009-05-30 12:59:05-07:00,59
"@mileycyrus same here! i hated lady gaga, ow i looove her ! ",1974380728,2009-05-30 13:01:07-07:00,60
@mileycyrus Miley you are amazing  http://bit.ly/oiixj  I posted that for you! I also voted for you for MTV movie awards! Thanks girl!,1974380781,2009-05-30 13:01:08-07:00,134
"@mileycyrus  I'm definitely gonna see the Movie more than once cuz I wanna experience the Original too,so I'm gonna go again soon+watch it",1974381473,2009-05-30 13:01:15-07:00,138
@mileycyrus  I had the same reaction! ,1974381835,2009-05-30 13:01:18-07:00,38
@mileycyrus exactly. At first ithough shee was annoyyingg. But now im totes a fan. Haha ,1974428707,2009-05-30 13:07:03-07:00,88
@mileycyrus I'm obsessed with @LadyGaGa too  she's so fabulously original ,1974463043,2009-05-30 13:11:12-07:00,74
@mileycyrus Ohh Love her 2 ï¿½ Lady Gaga is soo Good  Ilisten the whole day long lady gaga and your songs to ofcourse xDIhave all your songs,1974478211,2009-05-30 13:13:01-07:00,140
"@mileycyrus lady gaga is awesomeeeee. i listen to her cd every thursday in my carpool, ha ",1974479261,2009-05-30 13:13:08-07:00,90
@mileycyrus did you like germany?  im waiting for you here haha,1974530682,2009-05-30 13:19:19-07:00,63
@mileycyrus same i absulutly love lady gaga!   i am going to see her in concert  xx,1974578878,2009-05-30 13:25:17-07:00,83
i will always support @mileycyrus even @JustinMGaston cause he rocks  haha,1974593236,2009-05-30 13:27:05-07:00,74
@mileycyrus http://twitpic.com/608bn - COME TO GERMANY! ,1974608693,2009-05-30 13:28:59-07:00,56
@mileycyrus omg no! You hated the gaga??? At least you have finally come your senses. I still think your waay awesomer though ,1974610931,2009-05-30 13:29:15-07:00,126
@mileycyrus lol miley u r awesome! i loveyou no matter what ,1974661995,2009-05-30 13:35:23-07:00,60
@mileycyrus haha  that is so true! i love you miley ;D,1974675549,2009-05-30 13:37:03-07:00,54
@mileycyrus it's my birthday today ,1974677848,2009-05-30 13:37:21-07:00,35
"@mileycyrus have fun out to lunch with mandy  sorry for all those haters out there, keep your head up miley and just don't listen to..",1974691208,2009-05-30 13:39:00-07:00,134
"@mileycyrus are u having lunch now? AWESOME, i'm having dinner right now hahaha ",1974691904,2009-05-30 13:39:05-07:00,80
@mileycyrus You shold make a miley and mandy show!  Theres a lot of time whitout see one of those episodes i want to laugh lol ,1974694854,2009-05-30 13:39:27-07:00,127
"@mileycyrus yeah i think ure right, theres also that thing with all the wigs ",1974724349,2009-05-30 13:43:03-07:00,77
@mileycyrus you like paparazzi by Lady Gaga? look this video i made for you  http://bit.ly/FGF2f,1974725342,2009-05-30 13:43:10-07:00,96
@mileycyrus Are you really coming to Chile in August? There are rumors about that.. and if you won't. What about of the idea of it? ,1974776011,2009-05-30 13:49:22-07:00,132
"@mileycyrus Yeah, thats so true! ",1974811403,2009-05-30 13:53:16-07:00,33
@mileycyrus i cant waite 2 c ur face when u win TWICE tomorrow night  ill be like ..now y was she so nervous LOL ! ,1974852657,2009-05-30 13:57:20-07:00,115
@mileycyrus I'm 30 and I admit I love watching HM ,1974854197,2009-05-30 13:57:30-07:00,50
@mileycyrus Lunch? The time diference really confuses me! I'm going to bed soon :L Oh and your immense by the way ,1974906655,2009-05-30 14:03:15-07:00,114
@mileycyrus Is it her bday?? Well anyway HAPPY BDAYYY XXX  Pleaseee sayy hiii x,1974961028,2009-05-30 14:09:30-07:00,79
@mileycyrus Say happy B'day to her for me ,1974975260,2009-05-30 14:11:14-07:00,42
@mileycyrus visit our site for you! it's all about your style which we absolutely love  www.vintagemiley.webs.com,1974976751,2009-05-30 14:11:25-07:00,113
@mileycyrus it's her bday? ooh happy bday!!  @thebrandicyrus ,1974977537,2009-05-30 14:11:31-07:00,61
@mileycyrus ~~~~She said she is going to ....6 Flags....  ~~~~,1974991711,2009-05-30 14:13:16-07:00,62
@mileycyrus her birthday was 26th may???  love youuu <33 hope she has a good timee! xx,1974992171,2009-05-30 14:13:19-07:00,86
@mileycyrus Happy birthday to your sister ,1975026596,2009-05-30 14:17:36-07:00,42
@mileycyrus Hi Miley just to let you know you are amazing! ,1975026986,2009-05-30 14:17:38-07:00,59
"@MileyCyrus: But don't worry, only 12 more days til highschool! (well, Summer...THEN highschool.) ",1975040780,2009-05-30 14:19:22-07:00,98
@mileycyrus do you like celine dion ? ,1975040894,2009-05-30 14:19:23-07:00,38
@mileycyrus sounds realy fun ,1975073955,2009-05-30 14:23:32-07:00,29
@mileycyrus please say happy b-day to brandi  kisses from chile ;) i hope to see you soon here ,1975090060,2009-05-30 14:25:36-07:00,95
@mileycyrus happy birthday @thebrandicyrus ,1975119207,2009-05-30 14:29:19-07:00,43
@mileycyrus hey miley are you super excited for the movie awards tomorrow? wish you tons of luck ,1975154517,2009-05-30 14:33:38-07:00,97
"@mileycyrus Mileey, I wanna tell you that I love you, and I'm wainting you in Brazil ",1975248171,2009-05-30 14:45:32-07:00,85
@mileycyrus http://www.twitpic.com/5zo11/full have fun  I hope you like the birthday card!  @TheBrandiCyrus thank you. ,1975248595,2009-05-30 14:45:35-07:00,119
@mileycyrus http://twitpic.com/67hac - cute!  hope you had fun! I love mandy's jacket..lol ,1975279558,2009-05-30 14:49:34-07:00,91
@mileycyrus TMNT is awesome - power rangers is waaaaaay better though ,1975311549,2009-05-30 14:53:36-07:00,70
@mileycyrus watched the hannah montana movie today! it was awesome  liked it very much,1975312064,2009-05-30 14:53:40-07:00,86
@mileycyrus That's seriously awesome! ,1975313128,2009-05-30 14:53:48-07:00,38
"@mileycyrus aww thats good, u did actually stay home and relax! Your well overdue for a rest ",1975313366,2009-05-30 14:53:50-07:00,93
"@mileycyrus  pretty much the same, i was watching the TV today and decided i liked her. ",1975313890,2009-05-30 14:53:54-07:00,88
@mileycyrus I love you miley! Iï¿½m from argentina! ,1975327521,2009-05-30 14:55:36-07:00,52
@mileycyrus I like the one in the Purple!!!!  haha,1975328037,2009-05-30 14:55:41-07:00,50
mcyrus is watchin TMNT! hahahaah. wouldn't that be sweet if she wrote to me?  loll @mileycyrus,1975329466,2009-05-30 14:55:52-07:00,94
@mileycyrus it's really good animation series ,1975359504,2009-05-30 14:59:43-07:00,46
i just cant get over how amazing @Mileycyrus really is. I learned so much bout her i never knew i love her with everything in me ,1975375703,2009-05-30 15:01:38-07:00,129
awh ! -_- *cuz i kno im wasting my time ; but i dont mind*  -@mileycyrus,1975422686,2009-05-30 15:07:28-07:00,72
@mileycyrus wow!! That is awesome!! That you watch that!!! YOU ROCK!!! ,1975439827,2009-05-30 15:09:39-07:00,71
@mileycyrus; @angievalderrama and I were just talking about how great you are  i love u,1975440105,2009-05-30 15:09:41-07:00,87
@mileycyrus LOVE that movie ,1975440799,2009-05-30 15:09:47-07:00,28
@mileycyrus Poker Face (L) I love you supergirl ,1975503273,2009-05-30 15:17:45-07:00,48
"@mileycyrus I've never been to one of your concerts, but Im hoping I can go to one soon!  <33",1975551464,2009-05-30 15:23:54-07:00,93
@mileycyrus You're realllly pretty! ,1975613432,2009-05-30 15:31:45-07:00,36
@mileycyrus  I have 6 of your CDs! Im buying Hannah Montana 3 on July 14th! ,1975628157,2009-05-30 15:33:38-07:00,76
@mileycyrus can you and mandy pllleeeeaaassseee make another video?? ,1975676517,2009-05-30 15:39:51-07:00,69
@mileycyrus http://twitpic.com/384nw - Hi miley you look very pretty ,1975694102,2009-05-30 15:42:04-07:00,69
@mileycyrus You are the best ,1975753677,2009-05-30 15:49:46-07:00,29
@mileycyrus  I hope I could meet you one day ,1975755158,2009-05-30 15:49:59-07:00,45
"@mileycyrus Hey, that's awesome ",1975756520,2009-05-30 15:50:09-07:00,32
@mileycyrus You are cool  Love you soo much,1975850252,2009-05-30 16:02:15-07:00,43
@mileycyrus wHat a TeEnaGer has To sEE! ,1975955952,2009-05-30 16:16:06-07:00,40
@mileycyrus i used to watch them all the time! I haven't seen in a long time might find my video and watch it! ,1975984031,2009-05-30 16:20:03-07:00,111
@mileycyrus I LOVE LADY GAGA TOO. she is a legend ,1976229553,2009-05-30 16:52:14-07:00,50
@mileycyrus if i had 1 wish it would to be with you you are so beautiful ,1976274916,2009-05-30 16:58:24-07:00,73
oves what @mileycyrus and @PerezHilton said bout lady gaga  nice to know some famous people talk about her nicely ,1976350439,2009-05-30 17:08:07-07:00,114
"@mileycyrus i love you so much. i'm from argentina, you are very dear here!! we love you. are so wonderfull  I admire you!",1976352818,2009-05-30 17:08:27-07:00,122
"@mileycyrus yea, ive always loved lady gaga but sometimes her songs are a bit crude. she's awesome tho! ",1976458339,2009-05-30 17:22:38-07:00,104
@mileycyrus That's smart-I never thought of it that way. ,1976470938,2009-05-30 17:24:36-07:00,57
"@mileycyrus I know the exact steps to the ""Ice Cream Freeze"". Thought you'd wanna know ",1976743966,2009-05-30 18:56:25-07:00,87
@mileycyrus i love that movie!!! ,1976790483,2009-05-30 19:04:41-07:00,33
"@mileycyrus do you read all of our comments? well if you do, i think your great ",1976811396,2009-05-30 19:08:49-07:00,80
@mileycyrus  Miley  We Love You!,1976854483,2009-05-30 19:18:37-07:00,32
VOTE FOR @mileycyrus! ITS NOT TOO LATE! C'MON DO IT! VOTE FOR HER FOR THE VMA's! MILEY DESERVES IT! VOTE FOR HER! NOW DO IT! ,1976886468,2009-05-30 19:26:10-07:00,125
@mileycyrus Im praying for you!  that you win at  the MTV Awrds tomorrow! LOVE YOU SOO MUCH! im voting all night  you deserve it!,1976930476,2009-05-30 19:36:21-07:00,129
Today I saw @mileycyrus with @mandyyjirouxx  Was amazing.,1977478609,2009-05-30 21:03:27-07:00,57
@mileycyrus i love u miley i will always be a fan of u god bless u  dont listen to the haters there is more love 4 u then hate!god bless u,1977529008,2009-05-30 21:09:20-07:00,138
@mileycyrus Don't cry!! Turn on SNL...it's the one with Justin Timberlake and it's hilarious...it'll make you laugh! ,1977576725,2009-05-30 21:15:11-07:00,117
@mileycyrus in this world there isn't much love! But only with the love of god we will see it! ,1977576945,2009-05-30 21:15:13-07:00,95
@mileycyrus hugs for miley!  dont be sad,1977577740,2009-05-30 21:15:18-07:00,40
"@mileycyrus god loves u, and so do I, and more millioooons of fans, remember that ",1977578209,2009-05-30 21:15:22-07:00,82
@mileycyrus DON'T CRY [LAUGH] ,1977595285,2009-05-30 21:17:27-07:00,30
"@mileycyrus aww.. all you need *is* love! earthly love never lasts, but Jesus' is *everlasting*  praying for you!",1977595310,2009-05-30 21:17:28-07:00,113
"@mileycyrus We are always here to show support, peace, and love ",1977608887,2009-05-30 21:19:10-07:00,64
"@mileycyrus people are so incredibly human. We love imperfectly. The least we can do is try, and have grace when we mess up. ",1977609021,2009-05-30 21:19:11-07:00,125
@mileycyrus Just so you know. Your never alone  unless you want to be..,1977609545,2009-05-30 21:19:14-07:00,71
"@mileycyrus I'll always be here for you! And I'm sure millions of others will too. Youre my favorite actress, singer, dancer, AND person ",1977610562,2009-05-30 21:19:23-07:00,137
@mileycyrus dont listen to ur haters they are stupid n they dont deserve ur time ur amazing i will always be a fan ,1977610676,2009-05-30 21:19:23-07:00,115
"@mileycyrus aww! what happened, did you & Justin break up? im so sorry, i love you Miley! ",1977611027,2009-05-30 21:19:26-07:00,90
@mileycyrus can i please get a reply im a huge fan ur amazing ,1977625478,2009-05-30 21:21:11-07:00,62
@mileycyrus Check this video out -- Justin Timberlake on SNL. Plasticvill http://bit.ly/r4CYA  Just want to make u ,1977627734,2009-05-30 21:21:28-07:00,115
"@mileycyrus don't cry miley, we your fans are all here to give u LOVE .. ",1977643024,2009-05-30 21:23:25-07:00,73
@mileycyrus i hope you feel better ,1977656569,2009-05-30 21:25:11-07:00,35
"@mileycyrus 's last tweet made me sad :/ i don't want her to be upset. if you ever need some love miles, kelsey king is here ",1977657263,2009-05-30 21:25:16-07:00,125
@mileycyrus love is everywhere ,1977657418,2009-05-30 21:25:17-07:00,31
@mileycyrus hi i love youu!!! everyones a jerkk! keep your head high girll ,1977657477,2009-05-30 21:25:18-07:00,75
"@mileycyrus it's ok to cry, you're just letting out stressful emotions, just don't forget to be smiley miley ",1977672020,2009-05-30 21:27:15-07:00,109
@mileycyrus Please come to Australia. Sooo many fans here! We're waiting eagerly!! I hope you come to Aus ASAP!! Lol. ,1977672452,2009-05-30 21:27:18-07:00,118
@mileycyrus  we want to meet you sooooo badly  we care about you so much.,1977673657,2009-05-30 21:27:28-07:00,73
@mileycyrus love is still all you need  thank god for life! 60 seconds of sadness is a whole minute of happiness you can never get back,1977688708,2009-05-30 21:29:28-07:00,135
@mileycyrus AWW DONT CRY MILEY! PS: GOOD LUCK AT THE MTV AWARDS<3  i voted for you!,1977703118,2009-05-30 21:31:19-07:00,83
@mileycyrus why are you sad??? dont cry baby ,1977703127,2009-05-30 21:31:19-07:00,45
@mileycyrus http://twitpic.com/5ncuz - Miley!!! Great minds think alike... I HAVE THOSE SAME BOOTS!!  haha,1977705224,2009-05-30 21:31:35-07:00,106
"@mileycyrus awmiley! idk the reason but dont cry. your fans will always be here for you, and iknow  i wont ever leave your side   xxoox ly",1977748568,2009-05-30 21:37:21-07:00,138
"@mileycyrus Awww. You okay? Cheer up-whatever happened seems bad now, but in a month you wont even remember it  us fans love you always<3",1977749536,2009-05-30 21:37:30-07:00,137
"@mileycyrus Ahhh, sorry you feel that way. Keep positive and you will always find your way!! ",1977750053,2009-05-30 21:37:34-07:00,93
@mileycyrus Miley!!  Miles -please answer this question.When r u goin to come to Australia? I really want to see u & soo many other fans!,1977761719,2009-05-30 21:39:10-07:00,137
"@mileycyrus if i make a video with my friend for you, will you see it? ",1977762738,2009-05-30 21:39:19-07:00,71
@mileycyrus  I saw you today and I'm happy  BonBonMileyPooff,1977764252,2009-05-30 21:39:31-07:00,60
860. Do you really hate carrots?  @mileycyrus,1977764695,2009-05-30 21:39:35-07:00,45
@mileycyrus       hey miles   how often do you see trace?,1977778562,2009-05-30 21:41:25-07:00,57
@mileycyrus im seeing trace on june 10!! ,1977779264,2009-05-30 21:41:31-07:00,41
@mileycyrus Keep your head up boo. You are beautiful and you are strong. Everything will be great! ,1977792275,2009-05-30 21:43:17-07:00,99
@mileycyrus  that makes me smile if i think about it,1977792534,2009-05-30 21:43:19-07:00,52
"@mileycyrus really? i would like some DOO DA DOO IN my LIFE, cuz atm im feeling not so DOOT DA DOO. do share sum of the sunshine!..Pls?? ",1977809812,2009-05-30 21:45:36-07:00,137
"@mileycyrus I realy realy love you!Hope you'll win at the MTV movie awards! you totally deserve that  luv you, again :X",1977809910,2009-05-30 21:45:37-07:00,119
"@mileycyrus aww thats good  i wish i could say the same, its 6am here and i havent slept... me thinking i should, what do u reckon LOL",1977822793,2009-05-30 21:47:22-07:00,134
u look cute at cosmogirlsindonesia june's edition @mileycyrus . it's better than the old one ,1977836865,2009-05-30 21:49:19-07:00,93
@mileycyrus haha. i tke your feeling a little better  well im glad. i love you miley! -Julia,1977880634,2009-05-30 21:55:16-07:00,92
"@mileycyrus if i make a video with my friend for you, will you see it?  say Yes, PLEASE *-* i promise it'll be good!",1977895019,2009-05-30 21:57:14-07:00,116
@mileycyrus http://twitpic.com/4vv13 - I have a bird! His name is Melvin! ,1977909431,2009-05-30 21:59:14-07:00,74
"@mileycyrus hi miley. How are you? It's 1am here on the east coast, so I'm going to bed. Good night ",1977924949,2009-05-30 22:01:14-07:00,100
"@mileycyrus do not listen to @iloveicecream1   no patrons shots for u missy....wait, are we telling our ages D....hmmm? ..disregard",1977970785,2009-05-30 22:07:32-07:00,131
"@ddlovato @mileycyrus your eye, makin' me realize, life is flying by... im not an amazing songwriter like u 2 but ya'll r my inspiration! ",1977998549,2009-05-30 22:11:30-07:00,138
im taking a break from @mileycyrus gossip and @JustinMGaston/mustin news besides i have a big test and don't need to thing about her/him ,1978012811,2009-05-30 22:13:36-07:00,137
@mileycyrus http://twitpic.com/4qzyq - can't wait to see the episode tomorrow ,1978038344,2009-05-30 22:17:14-07:00,78
@mileycyrus Good luck today girl ,1978039099,2009-05-30 22:17:20-07:00,33
"@mileycyrus i have been voting for u! so many times, hoping u win! ",1978117994,2009-05-30 22:29:21-07:00,67
@mileycyrus everyone loves you girl. you're gonna be fine. i voted for you already ,1978118252,2009-05-30 22:29:24-07:00,83
@mileycyrus of course i vote for you ,1978118534,2009-05-30 22:29:26-07:00,37
@mileycyrus good luck...i hope you win big ,1978119680,2009-05-30 22:29:37-07:00,43
@mileycyrus dont worry miles! you'll win! ,1978119896,2009-05-30 22:29:40-07:00,42
will do @mileycyrus!!! ,1978119969,2009-05-30 22:29:40-07:00,23
@mileycyrus I'll vote for ya miley!! ,1978120298,2009-05-30 22:29:44-07:00,37
"@mileycyrus good luck tomorrow!! I hope you win, you deserve it ",1978120475,2009-05-30 22:29:45-07:00,64
@mileycyrus how about a vote if you follow me  good deal? lol cheer up chica youll do good,1978130896,2009-05-30 22:31:14-07:00,90
@mileycyrus hey miLey! i Love the HM the m0vie! you did a reAll great j0b! y0ure s0 awesome.! ,1978131079,2009-05-30 22:31:15-07:00,94
@mileycyrus i voted for you like 100 times ,1978132324,2009-05-30 22:31:26-07:00,43
@mileycyrus i vote for you at least once everyday ,1978132536,2009-05-30 22:31:28-07:00,50
"@mileycyrus You're amazing and I love you so much! Come to Australia, now!! You're my role model and inspiration, reply to me  LOVE YOU XO",1978132834,2009-05-30 22:31:30-07:00,138
"Uff... @mileycyrus, I already voted! ",1978133300,2009-05-30 22:31:34-07:00,37
@mileycyrus i will vote for sure! DONT BE NERVOUS!  xo,1978134428,2009-05-30 22:31:44-07:00,54
"@mileycyrus okay, i'll do since i love hannah montana and you so much!  does mandy is far from you right now?",1978145914,2009-05-30 22:33:23-07:00,109
@mileycyrus I already did.. I hope u win!! ,1978146306,2009-05-30 22:33:27-07:00,43
@mileycyrus i will totally vote for you if you reply to me with something nice  plus i will get all my friends to vote! its up to u xx ily,1978147062,2009-05-30 22:33:34-07:00,138
I don't care what people say @mileycyrus is amazing & I luff her? ,1978147065,2009-05-30 22:33:34-07:00,66
@mileycyrus nah!!! you need fan time  don't be nervous gurl. you will win! i've been praying for you.,1978148342,2009-05-30 22:33:46-07:00,101
@mileycyrus I surely will ,1978158526,2009-05-30 22:35:16-07:00,26
@mileycyrus cool I voted 1.000.000 times really I Hope you win  the Climb Best Song of Movie ,1978160286,2009-05-30 22:35:32-07:00,93
"@mileycyrus ""A tryin time, is no quitin time"" God Bless You Miley. Team Miley ",1978161701,2009-05-30 22:35:45-07:00,78
@mileycyrus Miley you have nothing to worry about! I've voted every day & you have a million other fans who did the same! ,1978162170,2009-05-30 22:35:49-07:00,122
Goodnight everyone! @mileycyrus i love you! i hope everything is ok! and you will always have love from all of your amazing fans ,1978172200,2009-05-30 22:37:21-07:00,129
"@mileycyrus been voting like crazy. good luck, you deserve to win darlin ",1978173426,2009-05-30 22:37:33-07:00,73
@mileycyrus im going to vote 1567894567 times if u wish me a happy birthdaay  cuz i turn 14 todaay,1978184980,2009-05-30 22:39:21-07:00,98
@mileycyrus i will so vote for you hope you win ,1978186526,2009-05-30 22:39:37-07:00,48
@mileycyrus im gonna vote for you fer sure! i hope you win  **cross your fingers**,1978210103,2009-05-30 22:43:20-07:00,82
"@mileycyrus Your an insperation, so so incredable. God Bless you Miley :] Team Miley ",1978213186,2009-05-30 22:43:51-07:00,85
"@mileycyrus ""A tryin time, is no quitin time"" God Bless You Miley. Team Miley ",1978224643,2009-05-30 22:45:39-07:00,78
@mileycyrus : How can I vote for you for the mtv movie awards ? ,1978247985,2009-05-30 22:49:24-07:00,64
@mileycyrus you said you want to go to prom one day; come go with my daughter & her friends next friday! in NJ ,1978249893,2009-05-30 22:49:42-07:00,111
@mileycyrus where can we vote? i love you and your songs  wish i could watch you in person in the future,1978286812,2009-05-30 22:55:39-07:00,104
"@mileycyrus I'm off To Bed Sweet Dreams , Tomorrow I Hope you Win  Rock On",1978313211,2009-05-30 22:59:58-07:00,74
@mileycyrus whats wrong mileeey??? if it helps i voted like 50 times for the MTV awards 4 you!! hope u feel better soon ,1978349952,2009-05-30 23:05:54-07:00,120
GO VOTE FOR @mileycyrus FOR THE MTV MOVIE AWARDS YALL ,1978404509,2009-05-30 23:15:23-07:00,54
@MileyCHugeFan keep on voting for @mileycyrus ! I will!  hopefully she'll win she deserves it!,1978408284,2009-05-30 23:16:02-07:00,94
@mileycyrus i dont like your bf & i still consider myself your true fan. pleasee dont mix you personal life w your professional life ,1978418858,2009-05-30 23:17:57-07:00,133
"@mileycyrus you have love, don't ya? well at least i love you ",1978426589,2009-05-30 23:19:19-07:00,62
@mileycyrus youuu have my vote!!! ,1978440634,2009-05-30 23:21:53-07:00,34
@mileycyrus i voted for you in every category you were nominated in!  im prayin for ya!,1978448625,2009-05-30 23:23:21-07:00,87
GO VOTE FOR @mileycyrus FOR THE MTV MOVIE AWARDS ,1978452094,2009-05-30 23:24:00-07:00,49
My first tweet from my iPhone! j/ c hearing great things about Up and listening to some @mileycyrus Life's great ,1978546746,2009-05-30 23:41:58-07:00,113
"@mileycyrus Hey Miley, my sister turned 16 and is looking for a purity ring like yours. Where'd you get it? Please and thank you ",1978697639,2009-05-31 00:10:13-07:00,129
@mileycyrus miley the best !! .. miley the winner !  don't worry be happy ,1978774711,2009-05-31 00:25:27-07:00,74
@mileycyrus Hey Miley quiet! You'll win! I promise! Many fans have voted for you and I thousands of times! Always have our support! ,1978787356,2009-05-31 00:28:07-07:00,132
@mileycyrus i votet and votet and votet IHOPE YOU WIN MILEY ,1978793853,2009-05-31 00:29:31-07:00,60
"@izabelaantunes and I made a video to @selenagomez, @ddlovato, @mileycyrus and @taylorswift! will put on youtube 2morrow! ",1978806444,2009-05-31 00:32:00-07:00,122
@mileycyrus jeje! i will vote for you! You are amazing miley!  Hope u can win MTV movie awards tomorrow! Love You! ,1978814407,2009-05-31 00:33:41-07:00,115
"@mileycyrus awww miley, why so sad? ur making me sad now, i lovee u and never forget that! ",1978823019,2009-05-31 00:35:28-07:00,91
@mileycyrus heyahh i voted for ya loadz of times i really hope ya win u deserve to ur my Rolemodel   best of luck  loveya x.Amy.x,1978901005,2009-05-31 00:52:12-07:00,129
"@mileycyrus im sure loads of people will vote for you, i deff will ",1978915474,2009-05-31 00:55:26-07:00,67
@mileycyrus miley i'm going to vote you! ,1978998224,2009-05-31 01:13:54-07:00,41
"@mileycyrus will hopefully win tomorrow, she deserves it (I voted you should too!) ",1979016563,2009-05-31 01:18:08-07:00,83
"c'mon ppl @mileycyrus really deserves to win.She is a amazing, talented girl who worked very hard for what she has now.so vote her to win ",1979097020,2009-05-31 01:37:35-07:00,138
@mileycyrus Hope u r feeling better soon Miley! I voted 4 u in the mtv awards like a bajillion times! Your fans Luv ya Milerz!!!  I ?ï¿½U,1979108189,2009-05-31 01:40:16-07:00,137
@mileycyrus Goodluck tomorrow and have fun at the MTV Movie Awards!!!  You are amazing and we @mileyraysupport love and support you 100%!,1979123415,2009-05-31 01:44:00-07:00,137
@mileycyrus  hi miley your so cute  <3,1979124797,2009-05-31 01:44:20-07:00,38
@mileycyrus GOOD LUCK TOMORROW  vote now for miley!! GOD BLESS YOU,1979138811,2009-05-31 01:47:43-07:00,66
@mileycyrus we did the hoedown throwdown  watch it at www.youtube.de/reniandlau ,1979142247,2009-05-31 01:48:35-07:00,80
@mileycyrus   I Love you ,1979222041,2009-05-31 02:07:37-07:00,25
"@mileycyrus I'm your biggest fan, I'll follow till the day you love me...Papa Papa Razzi...LIke that song too! ",1979301359,2009-05-31 02:27:47-07:00,111
"@mileycyrus Follow @ladygaga, her Tweets are very interesting... ",1979334358,2009-05-31 02:36:01-07:00,65
"watching hannah montana: ""me & mr. jonas & mr.jonas & mr. jonas""  @mileycyrus best hm episode ever.",1979335910,2009-05-31 02:36:22-07:00,99
Got 'the climb' by @mileycyrus on repeatt againnn. Loveee itttt ,1979336732,2009-05-31 02:36:34-07:00,64
@mileycyrus its true that all you need is love but sometimes you have to think about if your getting love from the right person  x,1979341408,2009-05-31 02:37:49-07:00,130
"@mileycyrus so please, contact me to MV_@hotmail.fr   I hope you're okay ! ",1979342553,2009-05-31 02:38:08-07:00,75
@jebrej1 hey you must be a big fan of miley ... if you want to talk to her ...her twitter is @mileycyrus ,1979374587,2009-05-31 02:46:19-07:00,105
GOOD LUCK @MILEYCYRUS  WE KNOW YOU CAN DO IT ,1979388162,2009-05-31 02:50:00-07:00,45
"gonna be @ school instead. Oh wells. we're both makin a fansite.  We love @mileycyrus, @ddlovato,@emilyosmet,@selenagomez and all,but we",1979453588,2009-05-31 03:06:46-07:00,136
@mileycyrus you're sooooooooooo cool ,1979483743,2009-05-31 03:14:38-07:00,37
@mileycyrus voted.. you will win hands down ,1979498605,2009-05-31 03:18:30-07:00,44
@Mileycyrus Can you vote more than once? I reckon you deserve it!  and when is the mtv awards?,1979542561,2009-05-31 03:29:56-07:00,94
"@mileycyrus hey miley, really big fan  please follow me ??",1979568827,2009-05-31 03:36:36-07:00,58
@mileycyrus we can't vote anymore... only 'best movie' is still open to vote... but i DID VOTE like a million time for you Miley ,1979589676,2009-05-31 03:42:01-07:00,129
@mileycyrus  heyyah miley howwa yuuh?? n that doo da doo life's good thing makes me lol ... luv yuuh ... n luv all ur songs  x?,1979592359,2009-05-31 03:42:43-07:00,127
@mileycyrus Good luck at the awards miley! Im gunna vote for you  x,1979608505,2009-05-31 03:46:53-07:00,67
@mileycyrus don't worry i'm sure you will win i'll vote too many times ,1979621288,2009-05-31 03:50:10-07:00,71
@mileycyrus i think you'll win ,1979631174,2009-05-31 03:52:29-07:00,31
@JessicaLeanne2 thank you Jessica I voted for @MileyCyrus too & if you use lots of browsers u can vote again  or wait 20 mins thank you.,1979698267,2009-05-31 04:08:34-07:00,136
@mileycyrus il vote for you at mtv awards  no need to be nervous haha youl win anyway  x,1979731278,2009-05-31 04:16:37-07:00,88
@mileycyrus im drunk and im singing at the top of my lungs to the climb ,1979772675,2009-05-31 04:26:46-07:00,72
@mileycyrus i voted for you on the mtv movie awards ,1979804485,2009-05-31 04:34:26-07:00,52
ah i love the sun and the @JonasBrothers and @Mileycyrus ahhh! princess protection programe 19th june  xx,1979840275,2009-05-31 04:43:06-07:00,105
i voted for @mileycyrus  good luck ,1979848498,2009-05-31 04:45:06-07:00,35
@16_MileyCyrus but i want @mileycyrus to win best song from a movie. the others dont compare to me  i love the climb !,1979854589,2009-05-31 04:46:32-07:00,118
@mileycyrus HI  I've seen HANNAH MONTANA the Movie today for the 1st time+I thought I GIVE YOU a lil FEEDBACK.It's gonna take some tweets.,1979888610,2009-05-31 04:54:37-07:00,138
"@mileycyrus to see it as early as possible,so I was at the preview of HM today here in Munich.  WOW! What a BEAUTIFUL movie!!! Wonderfully",1979888974,2009-05-31 04:54:42-07:00,138
@mileycyrus Might sound a little cheesy but it's the truth.  I'm definitely gonna see the Movie more than once cuz I wanna experience the,1979889600,2009-05-31 04:54:52-07:00,137
"@mileycyrus Original too, so I'm gonna go again soon + watch it in English; and my mom is curious too, so I'm gonna go, again, with her. ",1979889763,2009-05-31 04:54:54-07:00,137
"@mileycyrus Just remember The Climb: Keep the faith + Keep Climbing!  Peace, Julia",1979890101,2009-05-31 04:54:59-07:00,82
@mileycyrus voted for you already!  i bet youre gonna be fine!!!dont be nervous  are you performing?,1979942502,2009-05-31 05:06:44-07:00,100
"@mileycyrus http://twitpic.com/608bn - Emiley and you.  How funny, Love it! It looks like 2 normal best friends! And yes,i love it!",1979998209,2009-05-31 05:19:15-07:00,131
@mileycyrus http://twitpic.com/5ncuz - I loove the jeans from Brandi!  Great look!,1980008589,2009-05-31 05:21:29-07:00,82
"@mileycyrus I know  At first I didn't like Lady Gaga either, but now I love her music!!",1980043027,2009-05-31 05:29:04-07:00,87
@mileycyrus where do we vote? ,1980090465,2009-05-31 05:39:07-07:00,30
@mileycyrus of course Ill vote Miley!  All the way from Sweden ;),1980093221,2009-05-31 05:39:43-07:00,65
"@mileycyrus Miley i voted for you, miley your going to win i love you and your amazing..everything is going to be fine!  goodluck",1980120680,2009-05-31 05:45:28-07:00,129
@mileycyrus ITS NATIONAL MILEY DAY!!! GOOD LUCK TONIGHT ,1980131609,2009-05-31 05:47:46-07:00,56
@mileycyrus http://twitpic.com/3pksr - Hi. I'm your fun in poland   I like u! and... this photo is cool ,1980210326,2009-05-31 06:03:17-07:00,104
@mileycyrus http://twitpic.com/384nw - This photo is very beautiful ,1980222747,2009-05-31 06:05:38-07:00,68
@mileycyrus good luck at the mtv awards kid ,1980266650,2009-05-31 06:13:55-07:00,44
@mileycyrus I have voted everyday religiously for the past month!!!  i hope you win!!!!!!,1980276304,2009-05-31 06:15:40-07:00,89
mtv movie awards! today  @mileycyrus i don't want vote in you x),1980297658,2009-05-31 06:19:36-07:00,64
@mileycyrus already did ,1980320355,2009-05-31 06:23:42-07:00,24
@mileycyrus Good Luck Miley!!!  You're the best!!!,1980343127,2009-05-31 06:27:51-07:00,50
@mileycyrus http://twitpic.com/608bn - LOLLOLLOL LOVE IT ,1980409756,2009-05-31 06:39:42-07:00,57
"@mileycyrus, good luck for the mtv movie awards, i voted for you 1 million times  you're amazing, i love you! *",1980420804,2009-05-31 06:41:36-07:00,111
@mileycyrus My friends and I did vote for you Miley  We will be prayin for you! We always support you bestie <3,1980434314,2009-05-31 06:44:02-07:00,111
@mileycyrus My friends and I voted for you Miley  We will keep on prayin for you! We always support you <3,1980455003,2009-05-31 06:47:38-07:00,106
@mileycyrus   you can win! you're the best!  Loree from Spain,1980541523,2009-05-31 07:01:58-07:00,61
@mileycyrus i voted for you! good luck ,1980566989,2009-05-31 07:05:57-07:00,39
"@mileycyrus miley it's so important to talk with you!!, please tell me something ",1980606195,2009-05-31 07:12:06-07:00,81
@mileycyrus good luck at the mtv movie awards ,1980618248,2009-05-31 07:14:02-07:00,46
@mileycyrus okkkkkk are you real let me know... im like a mega fan ,1980632490,2009-05-31 07:16:15-07:00,67
@mileycyrus Hannah Montana = My new fav Film  I love youuu  but not the same way as i now love Lucas Til ;) Voted for u Mtv award btw ,1980641660,2009-05-31 07:17:42-07:00,134
@mileycyrus goodluck 4 mtv awards i voted 4 u  I love the doo da doo life's good attitude ,1980643590,2009-05-31 07:17:59-07:00,90
"@mileycyrus ... hmm someone is claiming to be you @I_Miley , i think its fake...just though i should tell ya  x",1980882488,2009-05-31 07:54:41-07:00,111
"@mileycyrus -your my roldemodel, amazing girl, so talented,down to earth and beautiful .  i will ALWAYS support you no matter what. X",1980970385,2009-05-31 08:06:50-07:00,133
@mileycyrus You Have My Vote For Sure ,1980999299,2009-05-31 08:10:51-07:00,38
@mileycyrus all of your fans still love you. ,1981001445,2009-05-31 08:11:09-07:00,45
Watching Hannah Montana/Miley Cyrus 2d conert on disney channel  @mileycyrus,1981044349,2009-05-31 08:17:13-07:00,76
"@mileycyrus that movie is amazing  i was watching it yesterday, ha rafael is the best",1981233505,2009-05-31 08:43:03-07:00,85
@mileycyrus I voted for you ,1981488177,2009-05-31 09:15:28-07:00,28
http://bit.ly/Yyaug   @mileycyrus omg its soo cute *.* who is that boy?? ,1981501676,2009-05-31 09:17:12-07:00,73
@mileycyrus how can i vote for you in the mtv movie awards?  i dont know how.. hehe..,1981565817,2009-05-31 09:25:23-07:00,85
@mileycyrus i voted for you ,1981582753,2009-05-31 09:27:37-07:00,28
@mileycyrus best of luck in the MTV movie awards tommorow ,1981612439,2009-05-31 09:31:23-07:00,58
@mileycyrus voted! good luck  â¥,1981673574,2009-05-31 09:39:14-07:00,33
@mileycyrus is what gets me through the day <3 ily ily ily ily ily ily ily ily ily ily ily ily ily ily ily ily ily ily ily ily ily ily! ,1981673718,2009-05-31 09:39:15-07:00,136
"@mileycyrus congrats on the over 700,000 ",1981770384,2009-05-31 09:51:27-07:00,41
@selenagomez @ddlovato  @mileycyrus @taylorswift13http://bit.ly/M64jP  we made for you! hope you like! we love you ,1981818988,2009-05-31 09:57:27-07:00,115
bum clap bum de clap de clap  love that song  Hoedown Throwdown by @mileycyrus,1982019739,2009-05-31 10:21:49-07:00,78
I'm real excited for the MTV Movie Awards! I hope Twilight doesn't win EVERYTHING though. And I hope @mileycyrus wins both of her awards ,1982034429,2009-05-31 10:23:39-07:00,137
"@mileycyrus i love that saying, it makes you feel so much better ",1982034723,2009-05-31 10:23:42-07:00,65
@mileycyrus miley i decided that i feel really bad for saying meanthings to you...i dont mean it im acually a huge fan of yours. Sorrrrry ,1982034772,2009-05-31 10:23:42-07:00,138
what happened with Susan Boyle? Did she lose? Who won? and whaaaaat?? 2night MTV Movie Awards  EEEPPP!! So exicted!! go girl!! @mileycyrus,1982067749,2009-05-31 10:27:44-07:00,138
@mileycyrus  Good luck Miley! I hope you win! <3 God Bless,1982082841,2009-05-31 10:29:36-07:00,58
"@mileycyrus i hope u'll win, but im sure about it <3 love u guurl ",1982117382,2009-05-31 10:33:44-07:00,66
@mileycyrus Goodluck tomorrow and have fun at the MTV Movie Awards!!!  You are amazing and we @mileyraysupport love and support you 100%!,1982197740,2009-05-31 10:43:29-07:00,137
@mileycyrus i love you miley!!!!!!!!!! idk what i would do without you!!! i love you!!! ,1982200653,2009-05-31 10:43:50-07:00,88
@mileycyrus Goodluck today and have fun at the MTV Movie Awards!  You are amazing and we @mileyraysupport love and support you 100%!,1982214149,2009-05-31 10:45:29-07:00,132
@mileycyrus i'm voting for you right now on mtv.com  WOOT WOOT.,1982230296,2009-05-31 10:47:28-07:00,63
@mileycyrus miiiiley  did you see brazil's jonas brothers fans asking for you? you should come to brazil ,1982231112,2009-05-31 10:47:34-07:00,105
@mileycyrus good luck tomorrow at the awards ,1982233340,2009-05-31 10:47:51-07:00,45
@mileycyrus wishing you good luck today all the way from the UK  have a great time x,1982248070,2009-05-31 10:49:42-07:00,84
@mileycyrus hi! I hope u win 2nite  I voted for u. <3 good luck. god bless xx,1982312538,2009-05-31 10:57:35-07:00,77
"@mileycyrus I don't wish u good luck, because i know that u'll win, u are the best Miley, in my heart and in the whole world  i votes 4 U",1982417852,2009-05-31 11:10:05-07:00,137
@mileycyrus I will vote for you ,1982448508,2009-05-31 11:13:46-07:00,32
@mileycyrus good luck ,1982448712,2009-05-31 11:13:48-07:00,22
@mileycyrus girlll i have been voting for you  lolll,1982448776,2009-05-31 11:13:48-07:00,52
@mileycyrus gooood luck  i bet i won't see the awards on tv in the uk for a while yet!,1982449599,2009-05-31 11:13:55-07:00,86
@mileycyrus: hope you win ,1982449867,2009-05-31 11:13:57-07:00,26
ii voted @mileycyrus for mtv awards! ,1982450139,2009-05-31 11:13:59-07:00,37
@mileycyrus: I voted for you like 25 times. So you better be happy!  jk. But I did vote for you like 25 times.,1982450312,2009-05-31 11:14:00-07:00,110
@mileycyrus you'll totally win. You deserve it!  you make so many people happy!,1982450333,2009-05-31 11:14:00-07:00,79
@mileycyrus hmmm who to vote for...any ideas?   http://myloc.me/2csg,1982450463,2009-05-31 11:14:01-07:00,68
@mileycyrus your gonna win both awards tonight because your fans love you and voted as much as they could! ,1982450768,2009-05-31 11:14:03-07:00,107
@mileycyrus good luckkk girll you will win   im positive everybody voted for u like a million times :0 love you,1982450882,2009-05-31 11:14:04-07:00,111
@mileycyrus I voted for you and i hope you win ,1982451196,2009-05-31 11:14:06-07:00,47
@mileycyrus GOOD LUCK!! i'm guna vote like a million times  hope you win,1982451230,2009-05-31 11:14:07-07:00,72
@mileycyrus yay! have a great timmeee!!! ,1982451263,2009-05-31 11:14:07-07:00,41
@mileycyrus I'm so upset I tried voting for you and my computer is being dumb and not letting me :/ I rlly hope you when for best song ,1982464826,2009-05-31 11:15:44-07:00,135
"@mileycyrus  I VOTED FOR YOU  i am one of your biggest fans, love your music.",1982464897,2009-05-31 11:15:44-07:00,77
"@mileycyrus good luck tonight miley!  btw, are u planning on coming bk to spain soon? PLEASE DO! i love you! ",1982465567,2009-05-31 11:15:49-07:00,109
VOTE FOR @mileycyrus !!!! ,1982465641,2009-05-31 11:15:50-07:00,26
@mileycyrus i just voted for you ,1982466178,2009-05-31 11:15:54-07:00,33
@mileycyrus Good luck ,1982467876,2009-05-31 11:16:06-07:00,22
@mileycyrus you will do amazing  i got faith in you girl  have fun tonight! xoxo,1982482329,2009-05-31 11:17:50-07:00,80
@mileycyrus Good luck ,1982482848,2009-05-31 11:17:54-07:00,22
@mileycyrus good luck for tonight! ,1982483283,2009-05-31 11:17:57-07:00,35
@mileycyrus i voted for you i hope you win you really deserve it ,1982483858,2009-05-31 11:18:02-07:00,65
@mileycyrus good luck! I have defintely voted for you soooo many times! So have fun and good luck!!!!!!! ,1982484233,2009-05-31 11:18:04-07:00,105
"@mileycyrus Miley, I wanted to say Thank You so much for your music, your book, your acting ... Read More: http://is.gd/Jn5l PLEASE READ! ",1982498118,2009-05-31 11:19:46-07:00,138
ha I had a dream about @FollowLucas and @mileycyrus tonight ,1982499240,2009-05-31 11:19:54-07:00,60
@mileycyrus im pretty sure your gonna win. your the most loved popular celebrity in the world ,1982499676,2009-05-31 11:19:57-07:00,94
@mileycyrus Good luck Miley  Not that you need it. =D haha x,1982499757,2009-05-31 11:19:58-07:00,60
"@mileycyrus Miley, I wanted to say Thank You so much for your music, your book, your acting ... Read More: http://is.gd/Jn5l PLEASE READ! ",1982501162,2009-05-31 11:20:07-07:00,138
"@mileycyrus i'm REALLLY sorry, i can't vote for ya, bec i can't sign in. i don't know why, but i reallly hope that ya win this award ",1982516721,2009-05-31 11:22:00-07:00,133
@mileycyrus good luck  !!!!,1982533741,2009-05-31 11:24:03-07:00,27
@mileycyrus good luck ,1982548282,2009-05-31 11:25:46-07:00,22
@mileycyrus Good luck at the mtv movie awards - you'll do great. ,1982549647,2009-05-31 11:25:56-07:00,65
@mileycyrus what are you nominated for? Best movie? ,1982549662,2009-05-31 11:25:56-07:00,52
Mtv Movie Awards today!!--Sneak Peek at New Moon  Good Luck Twilight & @mileycyrus I voted for you guys ,1982581964,2009-05-31 11:29:51-07:00,104
@mileycyrus Do you have Facebook?  Loveee youu.,1982583133,2009-05-31 11:30:00-07:00,47
@mileycyrus can't wait to see what ur going to wear ,1982600794,2009-05-31 11:32:01-07:00,52
@mileycyrus i will vote for u Miley  &Good luck wiff it. love u xoxo,1982618260,2009-05-31 11:34:05-07:00,68
@mileycyrus i voted for you ,1982632961,2009-05-31 11:35:50-07:00,28
@mileycyrus You're gonna win... Be sure of that... Good Luck!! ,1982633405,2009-05-31 11:35:53-07:00,63
@Robi_from_Italy i hope 2 @mileycyrus deserves it ,1982633649,2009-05-31 11:35:55-07:00,50
"@mileycyrus if you could send me the link, i will vote for  you ",1982650364,2009-05-31 11:37:53-07:00,64
"@mileycyrus Good luck for tonight, i vote for ya about 150 times hhaha ",1982652250,2009-05-31 11:38:06-07:00,71
@mileycyrus cool! i'll vote for you!! please follow me on twitter!  x thanks!  x,1982685998,2009-05-31 11:42:06-07:00,80
@mileycyrus SEE YOU THERE!! I AM GOING TOO. I  REALLY HOPE YOU WIN!!!!! KEEPIN MY FINGERS CROSSED! ,1982718200,2009-05-31 11:45:53-07:00,99
@mileycyrus all people know you'll be the winner in mtv awards today.. LOVE YOU! Good luck  <3!,1982719276,2009-05-31 11:46:02-07:00,95
@mileycyrus GOOD LUCK. I'm excited too! ,1982719380,2009-05-31 11:46:02-07:00,40
@mileycyrus wish you luck with all my heart ,1982737191,2009-05-31 11:48:09-07:00,44
watching hannah montana  @mileycyrus you're funny <3,1982753720,2009-05-31 11:50:08-07:00,52
i'm going to vote for @mileycyrus ..... again ,1982754040,2009-05-31 11:50:10-07:00,46
I think you guys should go vote for @mileycyrus ,1982836993,2009-05-31 12:00:05-07:00,48
"Good luck at the VMAs tonight, @mileycyrus! ",1982856087,2009-05-31 12:02:08-07:00,44
MILEY TO WIN MTV WE LOVE YOU @MILEYCYRUS ~ RETWEET RETWEET ,1982960377,2009-05-31 12:14:08-07:00,59
35 mins till MTV movie awards! i have faith in @mileycyrus  ,1983067596,2009-05-31 12:26:30-07:00,60
"@mileycyrus  hi im susi from austria (17 year)!! how r u? i think you have a lot to do, cause mtvma!! maybe you write back - i vote for u ",1983101078,2009-05-31 12:30:23-07:00,138
MOST american singers.celebs  are EXCITED about the mtv awards! i want to see MILEY CYRUS's dress it gonna look AMAZING i bet  @mileycyrus,1983189329,2009-05-31 12:40:38-07:00,138
"@mileycyrus hey miley, good luck at the movie awards! i live in london so dont get to watch it until tuesday but hope you do well  x",1983190470,2009-05-31 12:40:46-07:00,132
http://twitpic.com/6crjl - MTV Movie Awards 2009!! Good Luck Miley (@mileycyrus) ,1983290505,2009-05-31 12:52:26-07:00,81
@mileycyrus I've made it!!!! And it's all thanks to you Miley <3 I finally have my terrorist diploma ,1983292803,2009-05-31 12:52:44-07:00,101
"@mileycyrus dont worry, even if you dont win, it dosent matter, its only an award, you dont need that to prove how amazing you are. ",1983310086,2009-05-31 12:54:43-07:00,132
@mileycyrus @ashleytisdale can't wait for see you girls at the mtv movie awards  and obviously i can't wait to see zanessa,1983326343,2009-05-31 12:56:38-07:00,122
"@mileycyrus I was singing ""it's the climb"" on my way to church today. haha  it was on the radio, gets stuck in my head ",1983343211,2009-05-31 12:58:39-07:00,119
@mileycyrus http://twitpic.com/2xcwa - pleaseeeeee come to scotland          xxxxx,1983377892,2009-05-31 13:02:30-07:00,82
"@mileycyrus i have vote for u, good luck ",1983396278,2009-05-31 13:04:35-07:00,41
@mileycyrus good luck today ,1983414733,2009-05-31 13:06:40-07:00,28
@mileycyrus my sis has the same louis vouton bag as you  well same size and pattern- lol-she got it from her fiance b4 a ring haha.,1983431642,2009-05-31 13:08:37-07:00,131
MILEY TO WIN MTV @MILEYCYRUS WE LOVE YOU RETWEET AND KEEP RETWEET IN SENTENCE! ,1983451072,2009-05-31 13:10:50-07:00,79
VOTE FOR @mileycyrus FOR THE MTV AWARDS TONIGHT! THERE'S STILL TIMEEEE!! HURRYYYYYYYYYYY! ,1983503474,2009-05-31 13:16:54-07:00,90
@mileycyrus good luck at the awards i hope u win u deserve it  i voted everyday for u!,1983571248,2009-05-31 13:24:48-07:00,86
@mileycyrus Good Luck Miley! ,1983623924,2009-05-31 13:30:54-07:00,29
@mileycyrus I'm. Defffff. Gonna vote for uuu. U must be so excited. Hahaaa. ,1983624680,2009-05-31 13:30:59-07:00,76
@mileycyrus i vote for you !!!!  <3,1983675017,2009-05-31 13:36:49-07:00,35
@mileycyrus  Goood Luck Tonight Hope you win everything ,1983744332,2009-05-31 13:45:04-07:00,56
@mileycyrus good luck at the awards! i really hope you win because you totally deserve it ,1983758446,2009-05-31 13:46:42-07:00,90
@mileycyrus Good Luck Mileeeyy! I'm going to vote now!  You'll do great I know it !,1983827292,2009-05-31 13:54:50-07:00,83
@mileycyrus good luck tonight miley! I hope you win ,1983828957,2009-05-31 13:55:02-07:00,52
@Mileycyrus me too! ,1983897813,2009-05-31 14:02:59-07:00,20
@mileycyrus Hey Miley! How Are you? Argentina loves you! Please reply me!  you are the best! ,1983899144,2009-05-31 14:03:08-07:00,93
@mileycyrus haha i wanna with u ,1983899231,2009-05-31 14:03:08-07:00,32
@mileycyrus  I wanna preform with you one day ,1983899397,2009-05-31 14:03:09-07:00,46
@mileycyrus Miley u think that u r great!! ,1983899401,2009-05-31 14:03:10-07:00,43
@mileycyrus That would be an awesome duet ,1983899437,2009-05-31 14:03:10-07:00,42
@mileycyrus Cool! I hope u do perform with Lady Gaga one day!  that would be really cool,1983899493,2009-05-31 14:03:10-07:00,88
@mileycyrus i think that would be amazing.. ,1983900218,2009-05-31 14:03:15-07:00,44
@mileycyrus I think you should do the hoedown throwdown together ... That would be so cool.... ,1983916151,2009-05-31 14:05:05-07:00,95
@mileycyrus I wanna see that! come to germany ,1983916742,2009-05-31 14:05:10-07:00,46
@mileycyrus you reallllly should  xxxx,1983932188,2009-05-31 14:06:53-07:00,38
@mileycyrus good luck tonight beautiful  you are so gonna win.  they put a picture of me and you up on oceanup haha at the UK premiere.x,1983932801,2009-05-31 14:06:58-07:00,136
"@mileycyrus i wanna perform with YOU one day  ps. call much music in canada and sign up for list of performers, gaga is performing.duet?!",1983934775,2009-05-31 14:07:11-07:00,137
@mileycyrus i'll wake up at 3.00am to see it!! ,1983950272,2009-05-31 14:08:59-07:00,47
@mileycyrus so do I   DREAM COME TRUEEEE,1983950286,2009-05-31 14:08:59-07:00,40
@mileycyrus i would love to see you 2 perform together! ,1983950416,2009-05-31 14:09:00-07:00,56
"omg @mileycyrus, do it do it do it do it   ",1983950784,2009-05-31 14:09:02-07:00,43
@mileycyrus i voted for you! i hope u win!!!! and Taylor Swift too!!! ,1983951192,2009-05-31 14:09:05-07:00,70
"@mileycyrus hope so ,u 2 tgthr wud be asome ",1983951642,2009-05-31 14:09:08-07:00,44
@mileycyrus good luck ,1983951784,2009-05-31 14:09:09-07:00,22
"@mileycyrus lol you've no need to worry, I'm sure you'll win, everyones voting for you ",1983969295,2009-05-31 14:11:08-07:00,87
@mileycyrus I realy hope for you. ,1984001789,2009-05-31 14:14:59-07:00,34
"@mileycyrus Do it! should be a mint collaberation! simple / killer love song(Y) good luck tonight, not that you need it ",1984004789,2009-05-31 14:15:18-07:00,120
@mileycyrus that would be sick! To see u and lady gaga perform! ,1984036338,2009-05-31 14:19:00-07:00,64
@mileycyrus good luck at the MTV awards  I've voted for you,1984036506,2009-05-31 14:19:01-07:00,59
@mileycyrus oh and i think you should watch this   http://bit.ly/10QWX5,1984037022,2009-05-31 14:19:05-07:00,71
@mileycyrus Good luck ,1984070262,2009-05-31 14:23:02-07:00,22
@mileycyrus that would be SO cool! You both are very talented ,1984071644,2009-05-31 14:23:12-07:00,62
@mileycyrus dontt worryy you'll do good Mileyy. your gonna winn . ,1984087524,2009-05-31 14:25:05-07:00,66
@mileycyrus i just voted 4 u 4 the mtv movie awards  good luck!!!!!,1984105286,2009-05-31 14:27:11-07:00,67
goodnight moon! I'm praying for @mileycyrus hope you can win & you deserve it  love you!!,1984140681,2009-05-31 14:31:16-07:00,89
"@mileycyrus Lady Gaga it's amazing, Just like you ",1984141172,2009-05-31 14:31:19-07:00,50
@mileycyrus id love to see that performance. Id be front row  HAHA,1984141521,2009-05-31 14:31:21-07:00,66
@mileycyrus Good Luck at the Awards I voted for you as many times as I possibley could! You are amazing! ,1984155621,2009-05-31 14:33:00-07:00,105
"@MileyCyrus Good Luck Tonight Sweetie! I Hope You Win, You Deserve It Cause Your Amazing! I Said My Prayers For You! God Bless ",1984158103,2009-05-31 14:33:17-07:00,127
"@mileycyrus: that would be cool, lady gaga is awesome ",1984186732,2009-05-31 14:36:37-07:00,54
@mileycyrus Hey Miley i like u songs ,1984187090,2009-05-31 14:36:39-07:00,37
@selenagomez @LaurenConrad @mileycyrus have fun at the MTV Movie Awards! ,1984187511,2009-05-31 14:36:42-07:00,73
@mileycyrus  i voted for you already (: good luck! ,1984207658,2009-05-31 14:39:09-07:00,51
@mileycyrus i hope you win tonight! and i think you and lady gaga would be amazing if you performed together.....kepp your head high girl ,1984261132,2009-05-31 14:45:32-07:00,138
@mileycyrus good luck i hope u win the mtv award u deserve it i voted for u everyday ,1984292808,2009-05-31 14:49:18-07:00,85
@mileycyrus I am a HUGEEE fan from London ,1984312594,2009-05-31 14:51:39-07:00,42
"@mileycyrus good luck giirl 2nit at the MTV Movie Awards! Have fun w/ Brandi, Mandy and mom. your best friends! take pics ... hope u win! ",1984326648,2009-05-31 14:53:21-07:00,138
@mileycyrus The best of the lucks miley ,1984345411,2009-05-31 14:55:38-07:00,40
@mileycyrus you'll do fine ,1984360910,2009-05-31 14:57:29-07:00,27
"@mileycyrus you're amazing, don't sweat it ",1984361166,2009-05-31 14:57:31-07:00,43
@mileycyrus dont be it ill be fine you got this belive me your great at everything  oxoxoxo,1984361724,2009-05-31 14:57:34-07:00,91
@mileycyrus Good luck! i won't be able to watch it live..i have to go to my sisters grad..but im going to record it   i hope u win,1984361770,2009-05-31 14:57:35-07:00,130
@mileycyrus brazil wish good luck ,1984361784,2009-05-31 14:57:35-07:00,34
@mileycyrus You shouldn't be nervous!!! You should be excited ,1984361837,2009-05-31 14:57:35-07:00,62
@mileycyrus wow i almost forgot the movie awards' today. thanks for remember me lol will you be there? niiice ,1984361843,2009-05-31 14:57:35-07:00,110
@mileycyrus i am voting right now! ,1984362194,2009-05-31 14:57:38-07:00,35
@mileycyrus You will be pure awesome.  Chill and just go with it ,1984362389,2009-05-31 14:57:39-07:00,65
@mileycyrus how can i support you in mtv awards? i'm Indonesian ,1984362659,2009-05-31 14:57:41-07:00,64
@mileycyrus hey just wanted to say good luck for tonight hope everything goes your way ,1984362889,2009-05-31 14:57:43-07:00,87
"@mileycyrus Miley, I wish you lucky, ",1984362927,2009-05-31 14:57:43-07:00,37
"@mileycyrus Miley, I wanted to say Thank You so much for your music, your book, your acting ... Read More: http://is.gd/Jn5l PLEASE READ! ",1984362990,2009-05-31 14:57:43-07:00,138
"@mileycyrus again, good luck tonight ",1984363144,2009-05-31 14:57:44-07:00,37
@mileycyrus good luck Miley  I hope you win !,1984377767,2009-05-31 14:59:31-07:00,45
@mileycyrus Good luck!! I hope you win ,1984377902,2009-05-31 14:59:32-07:00,39
[Wrong!] @mileycyrus good luckk! I hope you win  your the bestt miley! http://tinyurl.com/kmmcua,1984377938,2009-05-31 14:59:32-07:00,96
@mileycyrus DOMT WORRY MILEY !! YOU KNOW THE AWARDS IS IN YOUR HANDS!  <3,1984378131,2009-05-31 14:59:33-07:00,73
"@mileycyrus calm down miley, you'll be fine! your amazing ",1984378466,2009-05-31 14:59:36-07:00,58
@mileycyrus dont be nervous miley! you always do a great job!!   ~~peace,1984378478,2009-05-31 14:59:36-07:00,72
@mileycyrus have fun at the mtv awards and dont be nervous. you are awsome ,1984378540,2009-05-31 14:59:36-07:00,75
@mileycyrus Good luck tonight at the MTV awards Miley! ,1984378764,2009-05-31 14:59:38-07:00,55
@mileycyrus  you'll be fine!! i voted ,1984379213,2009-05-31 14:59:42-07:00,38
@mileycyrus: i KNOW you'll win. i only voted for you like a thousand and eighty four times. hahah  be strong miley.,1984379546,2009-05-31 14:59:44-07:00,115
@mileycyrus DONT WORRY MILEY !! YOU KNOW THE AWARDS IS IN YOUR HANDS!  <3,1984380089,2009-05-31 14:59:48-07:00,73
@mileycyrus not have nerves...everything will be fine ,1984395798,2009-05-31 15:01:32-07:00,54
@mileycyrus  Good Luck tonight!    have fun  x,1984396780,2009-05-31 15:01:39-07:00,46
"You'll do fine, @mileycyrus! Now worries  are you performing too?",1984396830,2009-05-31 15:01:39-07:00,65
@mileycyrus - Goodluck Miley at the MTV awards!! ,1984397189,2009-05-31 15:01:42-07:00,49
"@mileycyrus i wish i was in america to support you but i'm not, ive voted so many times. You will win i can feel it.  x",1984397235,2009-05-31 15:01:43-07:00,119
@mileycyrus you will rock the mtv awards you're amazing ,1984397706,2009-05-31 15:01:46-07:00,56
@mileycyrus Mileyyyyyyyyyyy RELAAAAAAAAAAX!! YOU THE BEST (H) obviesly wins  relax no the end of world ,1984413535,2009-05-31 15:03:37-07:00,103
@mileycyrus good luck ,1984414278,2009-05-31 15:03:43-07:00,22
"@mileycyrus you're going to be amazing. best of luck, beautiful  you're going to win!",1984414781,2009-05-31 15:03:47-07:00,85
@mileycyrus i'll play against you and pwn you. yeeee. btw i voted for you ,1984415014,2009-05-31 15:03:49-07:00,74
@mileycyrus i hope you win a award tonight ,1984415031,2009-05-31 15:03:49-07:00,43
@mileycyrus Awww...have fun playing tennis.  It's a great sport to get hooked into. ,1984430228,2009-05-31 15:05:35-07:00,84
"@mileycyrus good luck Miley <3 , I know you don't need it but anyway I wish you good luck ",1984430697,2009-05-31 15:05:38-07:00,90
@mileycyrus after you win an award then you can play tennis ,1984432224,2009-05-31 15:05:48-07:00,60
@mileycyrus OH I LOVE TENNIS!! but good luck tonight ,1984432368,2009-05-31 15:05:49-07:00,53
me and all the guys are jamming some @mileycyrus  good times! ,1984446393,2009-05-31 15:07:26-07:00,62
@mileycyrus take a deep breath girl! and pray.... im sure u will win ,1984449289,2009-05-31 15:07:46-07:00,69
"@mileycyrus God I love you Miley! lol! It's like, you're so excited for the awards but you want to play tennis?? It's random & I like it ",1984449659,2009-05-31 15:07:49-07:00,137
@mileycyrus Claire: you would be awesome with lady gaga....I wanna perform with you one day!! ,1984464562,2009-05-31 15:09:33-07:00,94
@mileycyrus haha i love the song true freind  i got it on my ipod all the ones you sing,1984466466,2009-05-31 15:09:46-07:00,87
@mileycyrus ha my sister would say that to me! good luck at the awards! i voted like a million timesss!  i made all my friends vote too!,1984466732,2009-05-31 15:09:48-07:00,136
@mileycyrus how is it possible to write such amazing meaningful songs I really admire you as not just a singer but also a songwriter  ilu,1984480758,2009-05-31 15:11:22-07:00,137
"@mileycyrus heeeey miley, how are you? ",1984481446,2009-05-31 15:11:27-07:00,39
@mileycyrus good luck ,1984501093,2009-05-31 15:13:49-07:00,22
@mileycyrus I voted for you sooo many times! ,1984516386,2009-05-31 15:15:37-07:00,45
@mileycyrus im praying for you and your family i think we would be good friends i'll see you in heaven and we can sing together for Jesus ,1984517982,2009-05-31 15:15:48-07:00,138
"twote from @mileymadjaz : "" @mileycyrus good luck, you're sure to win both awards lol x  even if u lose ur still a winner in our eyes""",1984532146,2009-05-31 15:17:31-07:00,134
good luck @mileycyrus! I hope my votes counted. ,1984532749,2009-05-31 15:17:35-07:00,48
@mileycyrus miley you will do great tonight! i cant wait to see pictures and your fans will always love you no matter what happens ,1984534069,2009-05-31 15:17:45-07:00,131
Cannot wait for the MTV awards (: @MileyCyrus Goodluck! ,1984548546,2009-05-31 15:19:30-07:00,56
"@mileycyrus i like your new hm song ""ice cream freeze."" so catchy. ",1984581736,2009-05-31 15:23:29-07:00,67
@mileycyrus miley cyrus is my hero.  i hope you win tonight   i voted every day! ,1984584285,2009-05-31 15:23:48-07:00,81
good luck @mileycyrus ,1984600440,2009-05-31 15:25:44-07:00,22
"@mileycyrus GOOD LUCK!!  i voted for you like a gazzillion times miles  i miss you, call me sometime ",1984600539,2009-05-31 15:25:45-07:00,101
@mileycyrus you're not the worst sister ever ! my cousin ties up her sister with a scarf and she has a big smile when she do this haha   !,1984616151,2009-05-31 15:27:40-07:00,138
@mileycyrus Miley  my idol! I think a good girl!  please come to Argentina!   love you!,1984618317,2009-05-31 15:27:55-07:00,87
"i love it that my living room is all clean  excited for the hills to come on!!! and the MTV movie awards, I hope @mileycyrus wins!!!",1984630935,2009-05-31 15:29:28-07:00,132
@mileycyrus good luck miley  i hope you will have fund ,1984633038,2009-05-31 15:29:43-07:00,55
@mileycyrus come too Sweden and I will give U some lessons ,1984650110,2009-05-31 15:31:43-07:00,59
"@mileycyrus Good luck, girl... you really didn't need that... ",1984650871,2009-05-31 15:31:48-07:00,62
"@mileycyrus my 10 year old grandson son is here with me, he would LOVE it if you would tell him hi. His name is Tyler. ",1984651061,2009-05-31 15:31:50-07:00,119
"@mileycyrus Good Luck Miley.    Crud, I'm gonna miss it.  I'm on my new computer.  Oh well they will air it again.",1984700323,2009-05-31 15:37:50-07:00,114
@mileycyrus i wish you good luck for tonight! ,1984700617,2009-05-31 15:37:52-07:00,46
@mileycyrus oh no i hope noah is ok good luck tonight ,1984732986,2009-05-31 15:41:52-07:00,54
@mileycyrus good luck tonight ,1984746530,2009-05-31 15:43:34-07:00,30
@mileycyrus good look tonight at the MTV Movie Awards ,1984747734,2009-05-31 15:43:44-07:00,54
@mileycyrus haha the story about noah's scar made me laugh  i love you miley<3 you'll do great tonight <3,1984779877,2009-05-31 15:47:36-07:00,105
@mileycyrus cyrus you'll win ,1984916396,2009-05-31 16:03:45-07:00,29
Good luck @mileycyrus hope u win at the mtv mvie awards  xox,1984936332,2009-05-31 16:06:04-07:00,60
"@mileycyrus lol, that's funny but mean at the same time. You'll get to play tennis soon enough, hehe. Keep the good songs comming ",1984968712,2009-05-31 16:10:00-07:00,130
@ijustine #ijmtv ask them if they like carrots  and see if you can get @mileycyrus. Have Fun !,1985018467,2009-05-31 16:15:52-07:00,94
@mileycyrus miley don't worry you will win ,1985232188,2009-05-31 16:41:54-07:00,43
Watchin the hills finale soon  and then the movie awards go miley!!!!!!!!!!!!!!! @mileycyrus,1985350488,2009-05-31 16:56:14-07:00,92
@mileycyrus LOL. I've never seen a 'cool' scar. ,1985437647,2009-05-31 17:06:06-07:00,48
watching the season finale of the hills  make sure you votevotevote for @mileycyrus for the mtv awards ,1985438021,2009-05-31 17:06:08-07:00,103
cant wait for the MTV Movie Awards! i hope @mileycyrus wins in her categories.. ,1985456858,2009-05-31 17:08:20-07:00,80
@mileycyrus have you prepared your speech ? ,1985490821,2009-05-31 17:12:17-07:00,44
super excited for the mtv awards  go @mileycyrus,1985491233,2009-05-31 17:12:20-07:00,48
"good luck @ashleytisdale,@MirandaBuzz,and @mileycyrus. i luvvv you guys! ",1985523445,2009-05-31 17:16:02-07:00,73
@mileycyrus Good luck 2night.. Hope you win.. I have voted for you like 10million times.. You REALLY deserve it... You're amazing.. ,1985525767,2009-05-31 17:16:18-07:00,132
watching the hills and mtv awards! wooooo! go @mileycyrus! <3 you! ,1985608968,2009-05-31 17:26:03-07:00,67
gooodluck @mileycyrus yourrr amazinggg ,1985611583,2009-05-31 17:26:22-07:00,39
@mileycyrus Umm no you're just STARSTRUCKK ,1985611694,2009-05-31 17:26:22-07:00,43
@mileycyrus i wish i was there right now. good luck! and we all love you! <3 ,1985627763,2009-05-31 17:28:13-07:00,77
excited for the mtv awards  hope you win one miley!!! @mileycyrus,1985627832,2009-05-31 17:28:13-07:00,65
"@mileycyrus your pops made jamie foxx sit down through a whole Texas country concert, i think your definitely gonna win ",1985628874,2009-05-31 17:28:20-07:00,120
"@mileycyrus LOL. Totally not. She's hot ;) not gonna lie, haha. ",1985629906,2009-05-31 17:28:28-07:00,64
@mileycyrus I wish you the best of luck!! I'll be watching!!! Love ya! ,1985643947,2009-05-31 17:30:06-07:00,71
@mileycyrus a little haha give a shout out to all of us miley followers on twitter ,1985644351,2009-05-31 17:30:09-07:00,83
Good luck Miley!   @mileycyrus,1985644607,2009-05-31 17:30:11-07:00,30
@mileycyrus epic sigh tear the background down ,1985647072,2009-05-31 17:30:26-07:00,47
good luck for the mtv awards @mileycyrus. i'll pray for you ,1985662092,2009-05-31 17:32:10-07:00,60
@mileycyrus i think everyone stares at megan fox so its okay ,1985664286,2009-05-31 17:32:25-07:00,61
@mileycyrus Good Luck ,1985698776,2009-05-31 17:36:18-07:00,22
@mileycyrus omg... miley ur dress is absolutly gorgerous and i feel in love with ur shoes u are such as diva tonight love u  xoxo,1985715562,2009-05-31 17:38:14-07:00,129
@mileycyrus I can't wait to see the photos so I can see how beautiful u look tonight! ,1985768524,2009-05-31 17:44:11-07:00,86
@mileycyrus dont worry cutie! youll do great! youre gonna win that award i just know it ,1985786594,2009-05-31 17:46:14-07:00,88
@mileycyrus hope you win miley  blessings have fun sweetie,1985789081,2009-05-31 17:46:32-07:00,58
@mileycyrus heeeeeeeeeeeeyyyy.   how are uuu !   please look at my youtube www.youtube.com/casbas94   i love uuu. come to australia ! ,1985802762,2009-05-31 17:48:08-07:00,134
@mileycyrus your dress is beautiful ,1985803116,2009-05-31 17:48:11-07:00,36
OMG @mileycyrus looks awesome i love the dress and the shoes ,1985820880,2009-05-31 17:50:13-07:00,61
@mileycyrus lol i just seen you lol on the red carped you told the guy good cuz he asked how you were lol your awesome ,1985821109,2009-05-31 17:50:14-07:00,119
@mileycyrus its getting so close mileyy! good luck  you deserve it.,1985822299,2009-05-31 17:50:21-07:00,67
@mileycyrus oh and dont worry you look fine heres a pic of you taken like 10 minutes ago  http://www.oceanup.com,1985874708,2009-05-31 17:56:15-07:00,112
@mileycyrus Good luck!!! ,1985876985,2009-05-31 17:56:32-07:00,25
"@mileycyrus Miley, i'm brazilian, and i'm twisting for you  I love you.",1985877088,2009-05-31 17:56:32-07:00,71
@mileycyrus of course not! ,1985891259,2009-05-31 17:58:14-07:00,27
You look PERFECT @mileycyrus God bless you ,1985909916,2009-05-31 18:00:20-07:00,43
"@mileycyrus Mileyy good luck! i'm sure you'll do incredible as always, wee love youuuu ",1985965596,2009-05-31 18:06:23-07:00,87
wtf is up with zac efron's new hair do???? i wanted @mileycyrus to win but i like @ashleytisdal too ,1986025778,2009-05-31 18:12:15-07:00,100
"Congrats @ashleytisdale!  @mileycyrus youll win for Last Song eventually, girl, dont worry!",1986048359,2009-05-31 18:14:24-07:00,91
"@mileycyrus i really really really hope you win some awards crossing my fingers, i voted a lot so hopefully ",1986091235,2009-05-31 18:18:30-07:00,108
"@mileycyrus that made me laugh :] megan fox is amazing, i'd be staring at her no worries lmao ",1986091603,2009-05-31 18:18:32-07:00,94
@theBrandiCyrus i saw you & @mileycyrus you guys look really pretty ,1986091881,2009-05-31 18:18:34-07:00,68
"Omg so im watching the mtv movie awards and i saw @mileycyrus miley, you look amazing!i love your dress & i love you!  ",1986174932,2009-05-31 18:26:26-07:00,119
"@mileycyrus likes The Beatles, yay  Best band ever!",1986175855,2009-05-31 18:26:31-07:00,51
Good Luck tonight!  @mileycyrus,1986192177,2009-05-31 18:28:06-07:00,31
Good luck @Mileycyrus tonight  i love yo,1986217187,2009-05-31 18:30:25-07:00,40
@mileycyrus have fun at the award show tonightt!  love youuu girlieee. you & ur sissy look gorgeous btw! <3,1986239248,2009-05-31 18:32:22-07:00,107
@mileycyrus I like your dress that you wore to the movie awards.  ,1986240880,2009-05-31 18:32:31-07:00,66
pray for @mileycyrus !! i hope you get it mileeyyy ,1986283601,2009-05-31 18:36:38-07:00,51
@mileycyrus no worries Miles you got this! ,1986284369,2009-05-31 18:36:42-07:00,43
@mileycyrus tu vestido es genial  !!  you'r dress is cute pink or cream?  the color is cute,1986307730,2009-05-31 18:38:55-07:00,91
why is twilight winning things? it was so shite!!!!!  grrr...   hope @mileycyrus wins best song! ,1986330312,2009-05-31 18:40:54-07:00,97
@mileycyrus not that creepy ,1986371673,2009-05-31 18:44:49-07:00,28
@mileycyrus goodluck ,1986495435,2009-05-31 18:54:53-07:00,21
"@mileycyrus it was the best dream ever, we were best friends and it was sad to wake up! please reply and FOLLOW ME!  ",1986498181,2009-05-31 18:55:07-07:00,117
@mileycyrus - all the best  I voted! ,1986569523,2009-05-31 19:01:02-07:00,37
C'mon @mileycyrus !!! You can win!!!! ,1986572808,2009-05-31 19:01:18-07:00,38
Sitting next to my BFF @mileycyrus wishing @ddlovato was here!!! Praaay Miley wins!! Love you girls ,1986619033,2009-05-31 19:05:13-07:00,100
@mileycyrus goodluck ,1986639585,2009-05-31 19:07:02-07:00,21
congrats @mileycyrus you deserved it ,1986664620,2009-05-31 19:09:06-07:00,37
YEAHHHHH! @mileycyrus  im so proud of you ,1986664639,2009-05-31 19:09:07-07:00,42
yay mileyyyyy  @mileycyrus congrats girl. you deserve it,1986664937,2009-05-31 19:09:08-07:00,56
Awwwwe  you go @mileycyrus,1986665071,2009-05-31 19:09:09-07:00,26
@mileycyrus congrats! i knew you'd win  ps you are so lucky to hug lil wayne.,1986665191,2009-05-31 19:09:09-07:00,77
@mileycyrus yay you won!! Congrads! ,1986665873,2009-05-31 19:09:12-07:00,36
@mileycyrus yay you won best song ,1986666228,2009-05-31 19:09:13-07:00,34
@mileycyrus CONGRATS MILEY! you deserve it ,1986666252,2009-05-31 19:09:14-07:00,43
"Miley deserves this one, congrats @mileycyrus. Leighton Meester rocks! @itsmeleighton ",1986666565,2009-05-31 19:09:15-07:00,86
Miley Cyrus won Best song from a movie! @mileycyrus Congrats girl!! ,1986666690,2009-05-31 19:09:16-07:00,68
@mileycyrus Congrats on the award! ,1986666806,2009-05-31 19:09:16-07:00,35
@mileycyrus yayy! thats so exciting ,1986667267,2009-05-31 19:09:18-07:00,36
@mileycyrus you did it!! Congrats!! You look great ,1986667548,2009-05-31 19:09:20-07:00,51
Omg you looked so pretty !  @mileycyrus,1986691617,2009-05-31 19:11:06-07:00,39
@mileycyrus CONGRATS MILEY !! SO PROUD OF YOU  (L),1986691764,2009-05-31 19:11:07-07:00,50
congrats @mileycyrus for winning best song in a movie!  im so happy for you and i voted at least a million times YOU GO GIRL!!! ILYYY,1986692394,2009-05-31 19:11:10-07:00,133
"@mileycyrus Well done Miley! Congratulations for the best music! By the way, this music is awesome! I love it! ",1986693869,2009-05-31 19:11:16-07:00,111
@mileycyrus CONGRATULATIONS Miley!!!  That song is AMAZING!  I aboslutely LOVE it!  Very Inspirational song! ,1986693903,2009-05-31 19:11:17-07:00,109
@mileycyrus Hey Miley Congrats on winning the award for Best Song from a Movie.... The Climb is an Amazing song ....    WTG,1986694581,2009-05-31 19:11:20-07:00,123
Correction to the last tweet: @mileycyrus now has an MTV Movie Award AND my undying love. lucky girl. ,1986694628,2009-05-31 19:11:20-07:00,102
CONGRATULATIONS @mileycyrus  ... i prayed for u... u are awesome!!!,1986694685,2009-05-31 19:11:20-07:00,67
"@mileycyrus CONGRADULATIONS MILEY  woooo i just watched u on tv, congrats girlll, yur my idoll ))",1986715215,2009-05-31 19:12:59-07:00,97
"@mileycyrus  great job! i'm glad you won! btw, nice shoutout to andy 'bout bein' on a boat ;D",1986715234,2009-05-31 19:12:59-07:00,93
"@mileycyrus congrats miley!! twilight was snatchin up everything at the movie awards, its about time someone else took one! ",1986716601,2009-05-31 19:13:06-07:00,124
"@mileycyrus MILEY *-* CONGRATULATIONS, YOU WON! OMG, I'M SO HAPPY  YOU WON, YOU WON! YAAAAAY, YOU'RE SO GOOD. LOVE YA, GOD BLESS <3",1986717545,2009-05-31 19:13:11-07:00,131
@mileycyrus CONGRATULATIONS!!!  told ya!! ;)  and there will  be more ,1986719024,2009-05-31 19:13:18-07:00,70
"@mileycyrus hey  congratulations  i really like ""the climb""",1986719789,2009-05-31 19:13:22-07:00,59
@mileycyrus omg congrats Miley! i knew you would've won. your deffs TALENTED. <3 ,1986739050,2009-05-31 19:15:02-07:00,81
@mileycyrus congrats on the award miley. you totally deserved it ,1986739109,2009-05-31 19:15:02-07:00,65
@mileycyrus you got it girl! THE CLIMB ,1986739814,2009-05-31 19:15:05-07:00,39
@mileycyrus Wooooo! Congratulations on the win for Best Movie Song  You totally deserved it!,1986764048,2009-05-31 19:17:07-07:00,92
@mileycyrus congrats! You so deserve it  p.s. I'm on a boattt!!!!,1986764099,2009-05-31 19:17:07-07:00,65
@mileycyrus CONGRATULATIONS on best song ina movie! u deserve it and i voted for that   was that eminem thing real cuz he looked mad lol,1986766496,2009-05-31 19:17:19-07:00,136
@mileycyrus WON AN AWARD!!!!! im so happy ,1986837610,2009-05-31 19:23:13-07:00,42
watching the mtv movie awards. no signs of the jobros. :[ congrats to @mileycyrus @ashleytisdale && others!. cnt wait for new moon btw!. ,1986858194,2009-05-31 19:25:07-07:00,137
@mileycyrus WON!!!!! CONGRATULATIONS MILEY  WE TOLD YOU YOU WERE GONNA WIN!!!! I LOVE YOU!!,1986860849,2009-05-31 19:25:21-07:00,91
"@mileycyrus Congratulations, Mile!  You deserve it!!",1986879662,2009-05-31 19:27:06-07:00,52
"@mileycyrus nobody should be hating on you, just ignore all of it cause so many people love you. I'll always support you 100% . Love you ",1986881959,2009-05-31 19:27:20-07:00,137
@mileycyrus:ahh congrats miley!!!!! you deserve it! im soo happy and i'm sure you are tooo ,1986904534,2009-05-31 19:29:26-07:00,91
@mileycyrus omg omg omg im soooooo happy u won i like screamed u deserved to win ,1986923111,2009-05-31 19:31:07-07:00,81
@mileycyrus LOL nahh not creepy at ALL....jk...i hope you win some awards! ,1986923558,2009-05-31 19:31:10-07:00,75
@mileycyrus Miley!!! yay congratulations girl!! U're amazing singer. I love u girl  I'm very happy 4 u,1986926175,2009-05-31 19:31:24-07:00,102
tottally watching the MTVMA  !! awsomeness.. congrats @mileycyrus you looked beautiful & you deserved that award! xoxo,1986948495,2009-05-31 19:33:30-07:00,118
"@mileycyrus dang girl, you look spicy! MTV super suit you babe! have a blessed week!!!!!!!!!!  PS how many twits do you get in 24 hours?",1986965254,2009-05-31 19:35:07-07:00,136
@mileycyrus congrats girl  i totally luv that song ,1986966227,2009-05-31 19:35:13-07:00,51
@mileycyrus congrats on your award! ,1988703262,2009-05-31 23:07:51-07:00,36
@mileycyrus Hey Miley im so glad you won congads. Tweet me back pretty please Mileycans ,1988713954,2009-05-31 23:09:41-07:00,88
@mileycyrus congrats miley! you deserved it  & your acceptance speech is hilarious! haha ,1988723447,2009-05-31 23:11:17-07:00,89
@mileycyrus CONGRATS ON YOUR AWARD       ,1988726098,2009-05-31 23:11:44-07:00,41
@mileycyrus I am your fan.ha. Youlove me ,1988747626,2009-05-31 23:15:23-07:00,41
@mileycyrus http://twitpic.com/6dvj4 - the glory is for GOD WRITE you COLOMBIA friend MARCE ,1988748765,2009-05-31 23:15:35-07:00,92
@mileycyrus you're welcome  congrattsss! .. you rock,1988758445,2009-05-31 23:17:20-07:00,52
"@mileycyrus Congrats! i'm so happy that you won.  ""I'M ON A BOAT"" lol",1988760859,2009-05-31 23:17:47-07:00,69
@mileycyrus the best fans are only for the best people!!   guess that makes you the best.,1988805071,2009-05-31 23:25:31-07:00,89
"@mileycyrus Congratz on winning Miley, you defiantly deserved it! I really liked your acceptance speech ",1988805238,2009-05-31 23:25:33-07:00,104
@mileycyrus Miley! give us a Shoutout Please? ,1988829068,2009-05-31 23:29:50-07:00,46
VOTE @MILEYCYRUS FOR MS TWITTERWORLD  http://bit.ly/Pmu0a,1988936218,2009-05-31 23:49:26-07:00,57
@mileycyrus http://twitpic.com/6dvj4 - congratulations miley!! and off course...as they told you..you look awesome!! ,1988946122,2009-05-31 23:51:19-07:00,117
@mileycyrus Congratulations! You definitely deserved your award ,1988969242,2009-05-31 23:55:49-07:00,64
@mileycyrus http://twitpic.com/67a0q - hehe i love that iphone app ,1988978179,2009-05-31 23:57:35-07:00,67
So tired but tonight was so much fun. Congrats again to @mileycyrus on her win  night guys!!!,1989076502,2009-06-01 00:16:05-07:00,93
I am so exited that @mileycyrus got an award at the MTVMovieAwards !!  She deserves it.,1989105315,2009-06-01 00:21:44-07:00,87
@mileycyrus http://twitpic.com/6dvj4 - you look gorgeous and congratulations!!! you deserve it !! i love you!!! ,1989191970,2009-06-01 00:39:36-07:00,112
@mileycyrus congratulations! ,1989203500,2009-06-01 00:42:01-07:00,29
@mileycyrus: Im soo happy for you you totally deserve it..and much much more i love what you do ,1989249758,2009-06-01 00:52:04-07:00,96
"@mileycyrus http://twitpic.com/6dvj4 - So beautiful ! I'm really happy for you,your the best young singer ",1989258168,2009-06-01 00:53:54-07:00,106
"@mileycyrus CONGRADS miley! your amazing & definately deserved that award  loved your speech aswell, haha!",1989259986,2009-06-01 00:54:17-07:00,106
@mileycyrus http://twitpic.com/6dvj4 - Congratulations! You deserve it  And that dress looks abselutely stunning!,1989288721,2009-06-01 01:00:18-07:00,113
i can believe @mileycyrus won im so proud  god im up way to early,1989309023,2009-06-01 01:04:20-07:00,65
@mileycyrus thank you miley  we are you best fans in the world *-* we luv u ,1989325388,2009-06-01 01:07:46-07:00,76
"@mileycyrus http://twitpic.com/6dvj4 - Oh my god, you look absolutely stunning! Congratulations ",1989338248,2009-06-01 01:10:27-07:00,96
"@mileycyrus we all love you, i think  and we're happy whith you  congratulations miley you're a great girl ",1989355895,2009-06-01 01:14:19-07:00,107
congrats to @mileycyrus for winning at the vmas ,1989408645,2009-06-01 01:25:52-07:00,48
@mileycyrus Aww im so glad you won miley  im super happy for you. YOU DESERVE IT! â¥,1989481946,2009-06-01 01:42:20-07:00,85
Congrats @mileycyrus for wining Best Song MTVMA 2009. Thanks cos you thanked to ur fans ,1989482354,2009-06-01 01:42:26-07:00,88
@mileycyrus http://twitpic.com/6dvj4 - you look wonderful  congratulations on the award you got! you deserve it! you're the best! i lo ...,1989500045,2009-06-01 01:46:27-07:00,138
"@mileycyrus http://twitpic.com/6dvj4 - you are always amazing, and congratulations ! ",1989506588,2009-06-01 01:47:57-07:00,85
"@mileycyrus http://twitpic.com/6dvj4 - You look beautiful, Miley ",1989514776,2009-06-01 01:49:53-07:00,65
@mileycyrus http://twitpic.com/6dvj4 - :O you look stunning!! That colour is amazing on you! ,1989514900,2009-06-01 01:49:55-07:00,93
Watching e! Special on @mileycyrus  yayy x,1989523815,2009-06-01 01:51:51-07:00,42
@mileycyrus Will your new movie be the last song? It is a drama? Please reply me ,1989525651,2009-06-01 01:52:16-07:00,81
"@mileycyrus U deserved it, Im happy for u  And then all our voting was worth <3 when u won the award <3 congrats <3 Love u <3",1989541492,2009-06-01 01:55:44-07:00,125
@mileycyrus http://twitpic.com/6dvj4 - you look graet miley i hope you had very fun ,1989562712,2009-06-01 02:00:08-07:00,84
"MTV MOVIE AWARDS 2009 IT WAS AWESOME!!!!!! i love @itsmeleighton, @mileycyrus ",1989593084,2009-06-01 02:06:15-07:00,78
"@mileycyrus http://twitpic.com/6dvj4 - love your dress, your hir, your make up, your shoes.. love u!  you look very pretty ",1989600398,2009-06-01 02:07:51-07:00,123
@mileycyrus congratulations miley I am sooooooooooo proud of you!  you really deserved that popcorn ,1989628513,2009-06-01 02:13:59-07:00,100
@mileycyrus congrats  love you xo,1989629191,2009-06-01 02:14:08-07:00,33
@mileycyrus Congrats to the award !  Your speech was cool xoxo,1989637289,2009-06-01 02:15:54-07:00,62
@mileycyrus you earned it!!!! enjoy.... ,1989649682,2009-06-01 02:18:36-07:00,40
"@mileycyrus oh gooood, Miley I love you sooo much!!, you're so cool and beautiful ",1989682951,2009-06-01 02:25:54-07:00,82
@mileycyrus Im soo happy for you Miley congrats you deserved it  <3,1989683758,2009-06-01 02:26:05-07:00,67
@mileycyrus enjoy ur day/night @>-'- ,1989692323,2009-06-01 02:28:02-07:00,37
hey @mileycyrus congratulations!! Best Song- MTV Movie Awards ,1989722705,2009-06-01 02:34:42-07:00,62
Butterfly fly away by @mileycyrus is beautiful  love ittttt.,1989730392,2009-06-01 02:36:19-07:00,60
omg just saw the mtv awards results ahh! well done @ashleytisdale and @mileycyrus ,1989766318,2009-06-01 02:44:06-07:00,82
@mileycyrus http://twitpic.com/5r808 - your dad is so cool ,1989787417,2009-06-01 02:48:35-07:00,59
@mileycyrus http://twitpic.com/6dvj4 - Miiiiiley that dress lookes soo amazing! Congratulation  but...what did u said with andy? coul ...,1989804875,2009-06-01 02:52:16-07:00,137
"@mileycyrus congratzz!! idk what award you won cuz I just woke up but I'll find out later (: LOVE U, U DESERVED IT!! ",1989871604,2009-06-01 03:06:07-07:00,117
"""@mileycyrus""you are the best!!!! I love you   can you give me your e-mail??? I want to write with you but I cant =(",1989883231,2009-06-01 03:08:32-07:00,116
Mornin twittervilllle another boilin day..yayy! Jst seen that @mileycyrus won her award...congrats! Her movie totali deserved it ,1989883666,2009-06-01 03:08:38-07:00,129
"""@mileycyrus""you are the best!!!! I love you  can you give me your e-mail??? I want to write with you but I cant =(",1989891995,2009-06-01 03:10:23-07:00,115
@mileycyrus congrats miles about the mtv movie awards.. you deserved it!! whats your next project? plz rep ,1989893507,2009-06-01 03:10:43-07:00,107
"""@mileycyrus""you are the best!!!! I love you  can you give me your e-mail?? I want to write with you but I cant =(",1989893598,2009-06-01 03:10:44-07:00,114
"""@mileycyrus""you are the best!!!! I love you  can you give me your e-mail???I want to write with you but I cant =(",1989899834,2009-06-01 03:12:05-07:00,114
"""@mileycyrus""you are the best!!!! I love you  can you give me your e-mail???I want to write with you but I cant =(",1989901536,2009-06-01 03:12:27-07:00,114
"""@mileycyrus""you are the best!!!! I love you  can you give me your e-mail???I want to write with you but I cant =(",1989902932,2009-06-01 03:12:46-07:00,114
"""@mileycyrus""you are the best!!!! I love you  can you give me your e-mail???I want to write with you but I cant =(",1989904109,2009-06-01 03:13:01-07:00,114
"""@mileycyrus""you are the best!!!! I love you  can you give me your e-mail???I want to write with you but I cant =(",1989909504,2009-06-01 03:14:08-07:00,114
@mileycyrus Congratulations ,1989911350,2009-06-01 03:14:32-07:00,28
"""@mileycyrus""you are the best!!!! I love you  can you give me your e-mail???I want to write with you but I cant =(",1989911719,2009-06-01 03:14:37-07:00,114
"""@mileycyrus""you are the best!!!! I love you  can you give me your e-mail???I want to write with you but I cant =(",1989912875,2009-06-01 03:14:51-07:00,114
"""@mileycyrus""you are the best!!!! I love you  can you give me your e-mail???I want to write with you but I cant =(",1989930613,2009-06-01 03:18:32-07:00,114
"""@mileycyrus""you are the best!!!! I love you  can you give me your e-mail???I want to write with you but I cant =(",1989932324,2009-06-01 03:18:54-07:00,114
"""@mileycyrus""you are the best!!!! I love you  can you give me your e-mail???I want to write with you but I cant",1989932712,2009-06-01 03:18:59-07:00,111
"""@mileycyrus""you are the best!!!! I love you  can you give me your e-mail???I want to write with you but I cant =(",1989933270,2009-06-01 03:19:05-07:00,114
"""@mileycyrus""you are the best!!!! I love you  can you give me your e-mail???I want to write with you but I cant",1989934394,2009-06-01 03:19:19-07:00,111
@mileycyrus Miley I love you ALWAYS even if i'm dead I will keep you safe and watch over you from haven I really wish you a happy life ,1989953483,2009-06-01 03:23:19-07:00,135
@mileycyrus you look absouletely stunning!! No joke!!  beatiful!!!!,1990021925,2009-06-01 03:37:06-07:00,67
@mileycyrus http://twitpic.com/6dvj4 - I love your shoes ,1990091277,2009-06-01 03:51:03-07:00,57
@mileycyrus Congratulations ,1990130876,2009-06-01 03:58:47-07:00,28
"Hi, what time is it? here in my country is 08:10  @mileycyrus",1990202914,2009-06-01 04:11:42-07:00,61
"@mileycyrus http://twitpic.com/6dvj4 - Nice dress, and you look gorgeous.  Congradulations on the award by the way. ",1990234325,2009-06-01 04:17:15-07:00,116
@mileycyrus http://twitpic.com/6dvj4 - you are the most beautiful!!!   ,1990281538,2009-06-01 04:25:42-07:00,71
@mileycyrus http://twitpic.com/6dvj4 - you look gorgeous! love the dress and you hair ,1990281824,2009-06-01 04:25:45-07:00,86
congrats to @mileycyrus who won 1 out of her 2 MTV MOVIE AWARDS. Show's on tonight 9pm on Mtv One ,1990292526,2009-06-01 04:27:40-07:00,98
@mileycyrus congratz miley.  you really deserve the award.  ily. godbless. tceee,1990293925,2009-06-01 04:27:56-07:00,80
@mileycyrus  SOOOOO HAPPY YOU WON!!!!  YOUR YOU ROCK!  ,1990303833,2009-06-01 04:29:42-07:00,55
"@mileycyrus Congrats on winning 'Best Song In Movie'. You looked so pretty. Can't wait to see HM Movie, so soon ",1990317635,2009-06-01 04:31:59-07:00,112
@mileycyrus  So happy for you Miley! Congratulations on the award!,1990325507,2009-06-01 04:33:20-07:00,66
"go to cinema in a few hours...  watch ""hannah montana-the movie""... love you @mileycyrus",1990361979,2009-06-01 04:39:36-07:00,88
"@mileycyrus Your victories, they make to me happy as fan that I am!!!  Kiss!!  ",1990459265,2009-06-01 04:55:45-07:00,79
@mileycyrus Congratulation for your award  you deserved it,1990496924,2009-06-01 05:01:31-07:00,58
@mileycyrus Congratulations! ,1990500920,2009-06-01 05:02:08-07:00,29
@mileycyrus http://twitpic.com/6dvj4 - Congrats Miley on winning!  You look so beautiful and so elegant!   Thank you to everyone w ...,1990523129,2009-06-01 05:05:33-07:00,134
#musicmonday @jonasbrothers @mileycyrus @ddlovato @selenagomez truly amazing people  i love them all <3 love England :],1990577452,2009-06-01 05:13:58-07:00,119
"@mileycyrus Apprenlty some idiots been saying your 'fat', whether its true or not... just wonna say your really really arnt!! ",1990591898,2009-06-01 05:16:11-07:00,126
@mileycyrus http://twitpic.com/6dvj4 - Well Done!!  I am really happy for you winning Best Song Award. I found out you won about 3 hou ...,1990641530,2009-06-01 05:23:45-07:00,138
@mileycyrus honestly you REALLY deserved it . congradulations  the climb is one of my favorite songs ever . im really happy you won,1990655324,2009-06-01 05:25:46-07:00,131
"@mileycyrus http://twitpic.com/6dvj4 - Aboustly stunning Miley! Congrats about your award, you really deserved it! ",1990671664,2009-06-01 05:28:09-07:00,115
@mileycyrus http://twitpic.com/6dvj4 - miley congrats on the awards  I woke up at 3 amm to see u live at the mtv movie awards on the g ...,1990698223,2009-06-01 05:31:54-07:00,138
saw @mileycyrus on Kids Choice Awards. she was so G for GERGOUS! ,1990726999,2009-06-01 05:36:02-07:00,65
@mileycyrus congratulations for your award !!! ,1990755149,2009-06-01 05:40:03-07:00,47
@mileycyrus hello lol i'm new on this thought i;'d say hi x  i'm reading your book at the moment  im loving it aha,1990771602,2009-06-01 05:42:18-07:00,114
the best song ..''the climb'' ! congratulations @mileycyrus you're the best!!!! ,1990771856,2009-06-01 05:42:21-07:00,80
"@mileycyrus http://twitpic.com/6dvj4 - I loveee your dress, its so pretty  you look beautiful ",1990811927,2009-06-01 05:47:56-07:00,94
@mileycyrus You looked awesome on the Awards. Congratulations for winning.  You deserved it.,1990935908,2009-06-01 06:04:04-07:00,92
@mileycyrus did you win an mtv award? ,1991018596,2009-06-01 06:14:20-07:00,38
@mileycyrus http://twitpic.com/6dvj4 - WE LOVE YOU MILEY^^ YOU ARE THE BEST! (L) PLS VISIT MILEY-CYRUS.TK ;) AND PLS COMMENT  (L),1991033986,2009-06-01 06:16:11-07:00,129
@mileycyrus loooove your song The Climb ,1991151948,2009-06-01 06:30:14-07:00,40
@mileycyrus http://twitpic.com/6dvj4 - You are pretty ! ,1991277104,2009-06-01 06:44:31-07:00,56
@mileycyrus http://twitpic.com/6dvj4 - Miley congratulations!! My hand was shaking when they said that you won the award  Love you so  ...,1991329632,2009-06-01 06:50:27-07:00,138
@mileycyrus you looked amazing at the awards  xx,1991345902,2009-06-01 06:52:15-07:00,48
@mileycyrus http://twitpic.com/67a0q - hahah  miley means crazyness,1991586802,2009-06-01 07:18:30-07:00,67
"@mileycyrus AHHHHHHH You won an MTV award? Gosh, I'm so happy for you  The show never showed in Sweden. Happy for u! love you ",1991606695,2009-06-01 07:20:36-07:00,126
@mileycyrus Miles cngratulations 4 the award  you totally deserve it! love ya,1991623153,2009-06-01 07:22:24-07:00,77
@mileycyrus Good luck! ,1991642689,2009-06-01 07:24:31-07:00,23
@mileycyrus i love you so much it would be amazing if you rplied. you're going to be amazing in the last song ,1991643628,2009-06-01 07:24:36-07:00,110
@mileycyrus How are you ?  ,1991644558,2009-06-01 07:24:42-07:00,27
@mileycyrus i love you so much it would be amazing if you rplied. you're going to be amazing in the last song  x,1991644841,2009-06-01 07:24:44-07:00,112
"@mileycyrus listenin to the climb, i love your voice it has such recognition value, enjoy your last Hannah Montanna 3 week ",1991683660,2009-06-01 07:28:53-07:00,123
@mileycyrus    Enjoy every minute of this last week! ,1991736432,2009-06-01 07:34:28-07:00,53
"@mileycyrus your film ""the last song "" it's gonna be awesome! like your songs, like the episodes of Hannah Monta  i love you!",1991736964,2009-06-01 07:34:32-07:00,125
@mileycyrus noo! i don't want hannah montana to end!!! i love it!!! why? why? i wanna sue disney! lol ,1991738413,2009-06-01 07:34:41-07:00,102
@mileycyrus MILEY! I love Mitchel Musso. He came to Darien Lake and I was all like WOAHHH marry me. ,1991758438,2009-06-01 07:36:48-07:00,100
@mileycyrus hey do u have fun on set ,1991833537,2009-06-01 07:44:40-07:00,37
"@mileycyrus, hi miley ! how is your day ? please rep. I m very like you and your songs. your'e my inspiration. on styles and music ",1991835070,2009-06-01 07:44:49-07:00,131
@mileycyrus Congrats for your award ,1991852548,2009-06-01 07:46:39-07:00,36
"@mileycyrus CONGRATULATIONS!you won!  voted for you :> oh i want to watch the last song too!nicholas sparks :"">",1991888917,2009-06-01 07:50:28-07:00,111
@mileycyrus hey! congrats! love watching hannah montana! please check your multiply. ,1991889691,2009-06-01 07:50:33-07:00,85
@mileycyrus hey there ypu totally earned that award.... congrats on that.. *dot dot curve* ,1991931205,2009-06-01 07:54:54-07:00,91
"... but at least @mileycyrus and @ashleytisdale won something .  i thought i could ride and not be sore, but i was wrong. ",1991948768,2009-06-01 07:56:42-07:00,122
@mileycyrus http://twitpic.com/6dvj4 - wow you look great  congrats on the award ,1991967932,2009-06-01 07:58:39-07:00,81
Watchin Hannah Montana  // @mileycyrus it's when Oliver finds out,1992009498,2009-06-01 08:02:44-07:00,65
@mileycyrus wow I've just managed to see the MTV results- Congrats!!!!! You really deserved the win ,1992049284,2009-06-01 08:06:47-07:00,100
"@mileycyrus MILEY! if you could PLEASE watch this video of me singing bottom of the ocean, i would love you forever! ",1992109785,2009-06-01 08:12:52-07:00,117
"@mileycyrus When I feel like I might throw up, I always take Cherry Pepto Bismol. Makes my tummy feel better! ",1992166798,2009-06-01 08:18:51-07:00,110
@mileycyrus just do the inhale-exhale routine ,1992167798,2009-06-01 08:18:57-07:00,46
@mileycyrus congrats to yesterday you desurve it ,1992168858,2009-06-01 08:19:03-07:00,49
@mileycyrus eat some bread  that helps me sometimes.,1992168945,2009-06-01 08:19:04-07:00,52
@mileycyrus are you ok? I think you're a cutiiiiiiiiie ,1992188133,2009-06-01 08:20:52-07:00,55
@mileycyrus i so get you there ,1992205230,2009-06-01 08:22:30-07:00,31
@mileycyrus only all the time ,1992229610,2009-06-01 08:24:50-07:00,30
"@mileycyrus hahaha  yeahh of course! , in fact mine still sleeping lol u are so telented CONGRAtS for the MTV ",1992232313,2009-06-01 08:25:06-07:00,110
@mileycyrus CONGRATULATIONS miley for your award! ,1992232865,2009-06-01 08:25:09-07:00,50
"@mileycyrus hahah definitely  in fact, thats how i am feeling right about now :I ahhah",1992252132,2009-06-01 08:27:00-07:00,86
@mileycyrus http://twitpic.com/5qcpi - Love it ,1992253339,2009-06-01 08:27:07-07:00,47
@mileycyrus http://twitpic.com/67a0q - like a topmodel  very nice ,1992253445,2009-06-01 08:27:09-07:00,66
congrats to @mileycyrus for last night  you deserved it x,1992293787,2009-06-01 08:31:06-07:00,57
@mileycyrus almost every day i guess! usually the turn on botton is coffe   BTW congratz for the awards!!!! i'm so happy for ya!!,1992331786,2009-06-01 08:34:50-07:00,129
"@mileycyrus well done on winning that award  u deserved it, also can u join mileyworld if u live in the UK?",1992332479,2009-06-01 08:34:55-07:00,107
"@mileycyrus hahaha, now that i think about it, yes! lol ",1992333623,2009-06-01 08:35:02-07:00,56
@mileycyrus what? ,1992375141,2009-06-01 08:39:07-07:00,18
"@mileycyrus If you say me ""HELLO"" in Twitter I give you a gift! :B. Please, say me ""HELLO"" please please!!!!! ",1992375740,2009-06-01 08:39:10-07:00,110
@mileycyrus u did it  im so proud of u and many other fans too (there are some who dont like justin)... but is that so bad??? ... NO! ,1992456830,2009-06-01 08:47:03-07:00,134
@mileycyrus just felt like that. i woke up this morning far too early and i'm JUST started too actually wake up. ,1992459248,2009-06-01 08:47:17-07:00,113
@mileycyrus YES it does... like when you fly back from somewhere and jetlag makes u feel do tired and suddenly ur brain starts working! ,1992478702,2009-06-01 08:49:12-07:00,136
@mileycyrus fix me some too ok ,1992542023,2009-06-01 08:55:22-07:00,31
@mileycyrus You're so lucky you have such a supporting family. ,1992557439,2009-06-01 08:56:56-07:00,63
Just thinking I better write something now people are following me! Especially now @mileycyrus is following me.... I love you miley!! ,1992560256,2009-06-01 08:57:13-07:00,134
@mileycyrus hey miley check this out: http://bit.ly/10X2ju   ,1992580441,2009-06-01 08:59:13-07:00,61
@mileycyrus haha that video is funny ,1992580954,2009-06-01 08:59:16-07:00,37
@mileycyrus what? ,1992627491,2009-06-01 09:03:44-07:00,18
"@mileycyrus CONGRATZ Miley..  No one cesreves it more than you.. Btw, you looked amazing.. ",1992647137,2009-06-01 09:05:41-07:00,91
@mileycyrus omg! is there gonna be a fourth season? i really hope so. i love the show. ,1992668151,2009-06-01 09:07:45-07:00,87
@mileycyrus awww miley ill do that as soon as i get home from school ! ,1992688287,2009-06-01 09:09:44-07:00,71
"@mileycyrus Congratulation!! "" The climb"" won the bet song from the movie ",1992707965,2009-06-01 09:11:37-07:00,74
"@mileycyrus ""last song"".  I sent my resume!!  seems like a good story.",1992750337,2009-06-01 09:15:43-07:00,70
@mileycyrus  did you win anyting-sorry in England I dont know ,1992813821,2009-06-01 09:21:50-07:00,62
@mileycyrus hey miley... i love your new sing 'the climb'!!! it is so inspiring  thankyou for making such amazing music  ly x,1992893596,2009-06-01 09:29:44-07:00,125
@mileycyrus All the time lol. Just thought I'd leave a reply. Now i'm gone. Au Revoir ,1992895499,2009-06-01 09:29:56-07:00,86
@mileycyrus I voted for you Miley! SO did my sis.  and she's only 8! ,1992995995,2009-06-01 09:39:46-07:00,69
"@mileycyrus YOU WAAAAN! congratulations, we from brazil love you ",1992996933,2009-06-01 09:39:51-07:00,65
http://twitpic.com/6epyj - @mileycyrus i made this for you ,1993016825,2009-06-01 09:41:48-07:00,59
@mileycyrus I hope you see it and like it ,1993058106,2009-06-01 09:45:48-07:00,42
Congratulations to all the winners last night. Big thumbs up to @mileycyrus congrats on the award. you deserved it ,1993144130,2009-06-01 09:54:11-07:00,115
@mileycyrus please follow me x  it would make my 1st hune 2009 day  x,1993225731,2009-06-01 10:02:04-07:00,69
@mileycyrus http://twitpic.com/6dvj4 - youÂ´re so beautiful!  congratulations miley ,1993413996,2009-06-01 10:20:17-07:00,84
"Miley Cyrus (@mileycyrus), Leighton Meester Among Movie Awards' Best-Dressed Females!  Do you agree??",1993624036,2009-06-01 10:40:31-07:00,101
@mileycyrus http://twitpic.com/6dvj4 - you were looking very very well  congrats for the best song!,1993644645,2009-06-01 10:42:28-07:00,99
@mileycyrus  bet u were laughing at eminem and Bruno. I've just seen seen it on utube hilarious ,1993793373,2009-06-01 10:56:28-07:00,96
"@mileycyrus congratulations, Miley . You deserve. You're a winner ",1993837913,2009-06-01 11:00:29-07:00,66
"@mileycyrus hahah, i have alot to say to you.. so..CONGRATULATIONS!im so happy for you  and haha staring at megan fox?well her hair..",1993906221,2009-06-01 11:06:45-07:00,133
"@mileycyrus CONGRATULATIONS MILEY!! I knew you would win that award, its because your amazing, you deserve it ",1993924900,2009-06-01 11:08:29-07:00,110
beddy bye time for little miss clumsy  I have school tomorrow - night @IAMtheCOMMODORE @mitchelmusso @Jonasbrothers @ddlovato @mileycyrus,1994144588,2009-06-01 11:29:00-07:00,137
@mileycyrus is loving miley cyrus and her music ,1994185928,2009-06-01 11:32:48-07:00,48
"@mileycyrus I know what Youtube vid your talking about. True fact u and him sound just alike, country as hell! ",1994188142,2009-06-01 11:33:01-07:00,111
Making my party playlist. I love @mileycyrus @ddlovato + jonas brothers & taylor swift cause I don't remember her twitter name ,1994955847,2009-06-01 12:43:26-07:00,127
http://twitpic.com/6f4a2 - Who wore it better?  @cosgrovemirana or @mileycyrus ? ,1995043123,2009-06-01 12:51:35-07:00,81
@mileycyrus Yeah I couldnt agree more with what Justin told you... Were all so proud of you ,1995296634,2009-06-01 13:15:51-07:00,92
@mileycyrus i watcheeedd  soo happy you wonn !! reallyyy proud of youu. i votedd ,1995445788,2009-06-01 13:30:12-07:00,81
@mileycyrus congrats on winning best song from a movie on mtv movie awards last night!!! ,1995446160,2009-06-01 13:30:13-07:00,89
@mileycyrus Yaaayyy!! you win!!  :]     xD,1995468058,2009-06-01 13:32:17-07:00,42
@mileycyrus like everyone is saying... gratz for ur award ,1995469810,2009-06-01 13:32:27-07:00,58
@mileycyrus Congrates on your award Miley  xx,1995594841,2009-06-01 13:44:32-07:00,45
WOOP !!!! that @mileycyrus won you are awsome ,1995779564,2009-06-01 14:02:04-07:00,46
"@mileycyrus , wow miley you looked fab at the mtv awards ",1996002378,2009-06-01 14:22:53-07:00,57
HEY PPL FOLLOW ME @ddlovato Pleasee follow mahhh please  and @mileycyrus and @jonasbrothers but jonasbrothers think there to cool  lol jjk,1996087063,2009-06-01 14:30:52-07:00,138
@mileycyrus http://twitpic.com/6dvj4 - congrats miley! u r the best  the climb is the best song ever!!! i love u.,1996109552,2009-06-01 14:32:58-07:00,113
"@mileycyrus Hannah Montana Rocks  Your a REALLY good actress, I watch it everyday haha x",1996130823,2009-06-01 14:34:57-07:00,88
"@mileycyrus Congrats on the MTV award! You so deserve it! Yay miley....  i adore u, smiley miley cyrus <3 hahah",1996310584,2009-06-01 14:52:24-07:00,111
@mileycyrus Hi Miley! I am your biggest fan! my sister and i wake up 2 ur music in the morning! ,1996690426,2009-06-01 15:31:05-07:00,96
"@mileycyrus mileyy i love youu, every day i wake up thinking that i wish i could meet you, that is my lifetime goal! please make it true! ",1996692443,2009-06-01 15:31:17-07:00,138
"@MileyCyrus Yeah! Your song ""The Climb"" is the Better, It cheers to me that you have won in MTV ",1997067176,2009-06-01 16:11:39-07:00,96
@mileycyrus Yes! like all the time ! ,1997214966,2009-06-01 16:27:28-07:00,37
@mileycyrus you deserved the awards ,1997290797,2009-06-01 16:35:28-07:00,36
@mileycyrus http://twitpic.com/6dvj4 - your dress is beautiful and you look awesome! congrats again ,1997697228,2009-06-01 17:18:04-07:00,100
Listening to @jonasbrothers and @selenagomez and @mileycyrus ,1997717279,2009-06-01 17:20:09-07:00,61
 sweet @mileycyrus the winneerr is.......MILEY CYRUS!!! I love you giirll,1997736923,2009-06-01 17:22:09-07:00,73
"@mileycyrus you are good at tennis because you trained me  so ask her ""who do u think u r?",1997851514,2009-06-01 17:33:59-07:00,90
@mileycyrus haha don't worry =] you're definitely better than me ,1997852816,2009-06-01 17:34:07-07:00,65
@mileycyrus Mileeyyy your amazing!!  youu lokked lovely at music awards,1997853223,2009-06-01 17:34:09-07:00,71
@mileycyrus Tennis? Is that an elective? ,1997853263,2009-06-01 17:34:10-07:00,41
@mileycyrus :O the tennis teacher say that?! She didn't mean it right? I can teach you tennis you just have to come to puerto rico ,1997853997,2009-06-01 17:34:14-07:00,131
@mileycyrus he's jealous haha you're the best student ever! ,1997869245,2009-06-01 17:35:48-07:00,60
@mileycyrus Who cares about tennis when YOUR SONG IS PLAYING ON MY RADIO RIGHT NOW ,1997869508,2009-06-01 17:35:50-07:00,83
@MileyCyrus :O! Fire them! Haha just kidding! ,1997871017,2009-06-01 17:36:00-07:00,46
@mileycyrus Tennis? U mean Wii tennis? Or real tennis? Girl wins gold popcorn and is now playing tennis. U r too much.....why we <3 u. ,1997871738,2009-06-01 17:36:04-07:00,135
@mileycyrus The whistle goes woo wooooo  so funny!,1997872093,2009-06-01 17:36:06-07:00,50
"@mileycyrus this is my quote: ""Live Always Hopes""  hope you like it@mileycyrus @mileycyrus @mileycyrus @mileycyrus @mileycyrus @mileycyrus",1997872264,2009-06-01 17:36:07-07:00,138
"@mileycyrus That's interesting. lol. I've never played Tennis. I suck at Racket ball and Ping Pong, so I bet I suck at Tennis too. ",1997872789,2009-06-01 17:36:11-07:00,131
"@mileycyrus, i guess you really dont put the tenn in tennesse! haha ",1997889646,2009-06-01 17:38:00-07:00,68
@mileycyrus haha thats terrible!!! you cant be that bad ,1997890186,2009-06-01 17:38:03-07:00,56
@mileycyrus its ok miley.. i play tennis for my high school and im not good! but ur probably wayy better than me! ,1997891520,2009-06-01 17:38:11-07:00,114
@mileycyrus hey man. nice job on the movie. ,1997909020,2009-06-01 17:40:02-07:00,44
"@mileycyrus I'm a big fan of u n I like so much ur music! It's a real pleasure for me to have ur news...so what's called ""ur last  song"" ",1997947380,2009-06-01 17:44:01-07:00,137
@mileycyrus  OMG Miley... you've got to watch heidi & spencer in the jungle.  it's hilarious ,1998025435,2009-06-01 17:52:00-07:00,93
@mileycyrus Well does he/she know who they're talking to? haha I love you Miley  can you twitter back? please,1998048756,2009-06-01 17:54:23-07:00,109
@mileycyrus PRACTICE MAKES YOU PERFECT -hoedown throwdown  your own song ,1998067277,2009-06-01 17:56:18-07:00,73
"@mileycyrus http://twitpic.com/6dvj4 - lolol you always show you're back.  But whtv, you are pretty!! ",1998067678,2009-06-01 17:56:20-07:00,102
"@mileycyrus  you was SOOOO beautiful on mtv movie awards ! i'm brazilian, talk to me ",1998190478,2009-06-01 18:08:33-07:00,85
@mileycyrus Congrats! You looked so pretty  keep up the good work <3,1998373815,2009-06-01 18:26:37-07:00,68
@mileycyrus ok thats kinda funny  but im sur ur not really that bad...,1998630264,2009-06-01 18:52:06-07:00,70
@mileycyrus http://twitpic.com/6dvj4 - haha you went back to eyeliner!!! XD!! i love it  you look amazingly beautiful!!! love ya      ...,1998758061,2009-06-01 19:04:37-07:00,137
@mileycyrus http://twitpic.com/6fvzh - aww  you two are so cute haha ,1998840343,2009-06-01 19:12:37-07:00,69
@mileycyrus Awww you guys are my role models..i <3 that pic  Is season 3 the end of hannah montana? :'(,1998841329,2009-06-01 19:12:43-07:00,103
@mileycyrus http://twitpic.com/6fvzh - aww! you two are too cute ,1998842483,2009-06-01 19:12:49-07:00,65
@mileycyrus I love you ,1998859032,2009-06-01 19:14:29-07:00,23
@mileycyrus http://twitpic.com/6fvzh - You guys are so cool. ,1998862307,2009-06-01 19:14:49-07:00,61
@mileycyrus hey miley please please reply to me ... it'll be such a honor ,1998898374,2009-06-01 19:18:21-07:00,74
@mileycyrus http://twitpic.com/6fwg3 - You're so pretty! ,1998901122,2009-06-01 19:18:38-07:00,57
@mileycyrus How cool ,1998903129,2009-06-01 19:18:50-07:00,21
@mileycyrus Hey Miley can u give me a shout out please and follow me  ps do u have a personal myspace ?,1998919267,2009-06-01 19:20:27-07:00,103
@mileycyrus http://twitpic.com/6fwg3 - emo? i think pretty! ,1998923476,2009-06-01 19:20:52-07:00,60
@mileycyrus good job last night at the movie awards ,1998934652,2009-06-01 19:22:00-07:00,52
@mileycyrus http://twitpic.com/6fwg3 - it's not to bad! I thiink the picture is great!! hey Mileyy! come to San Antonio again!!! ,1998935554,2009-06-01 19:22:05-07:00,129
@mileycyrus Do you reply to your fans? ,1998937449,2009-06-01 19:22:17-07:00,39
@mileycyrus http://twitpic.com/6fwg3 - yeah look kinda sad.. but still pretty  youÂ´re a goddessâ¥ Argentina loves you ,1998959929,2009-06-01 19:24:35-07:00,120
@mileycyrus http://twitpic.com/6fvzh - haha cutiesss  Lovee you girls!,1998962108,2009-06-01 19:24:48-07:00,70
@mileycyrus So not emooo! you look pretty ,1998975313,2009-06-01 19:26:04-07:00,42
@mileycyrus http://twitpic.com/6fwg3 - Great pic! ,1999002337,2009-06-01 19:28:44-07:00,50
"@mileycyrus http://twitpic.com/6fwg3 - It may be emo, but its still a good pic ",1999020150,2009-06-01 19:30:28-07:00,79
Loving @mileycyrus E! Special  She's unique.. wonderful.,1999023061,2009-06-01 19:30:45-07:00,56
@mileycyrus http://twitpic.com/6fwg3 -  I luv iT ...,1999063560,2009-06-01 19:34:47-07:00,52
@mileycyrus http://twitpic.com/6fwg3 - why are you so pretty? ,1999123520,2009-06-01 19:40:54-07:00,62
@mileycyrus http://twitpic.com/6fvzh - So that's what Miley looks like with no eyes. lol.  Cool pic though. ,1999175431,2009-06-01 19:46:13-07:00,108
@mileycyrus http://twitpic.com/6fwg3 - hahha perfect...beautiful ,1999176976,2009-06-01 19:46:22-07:00,65
@mileycyrus http://twitpic.com/6fvzh - cute nail polish! kinda matches your jacket ,1999355339,2009-06-01 20:04:32-07:00,83
@mileycyrus my bad its your E special! ,1999412591,2009-06-01 20:10:26-07:00,39
hi i love @mileycyrus gets me thru everything! youre such an inspiration! dk what id do without youuu! ,1999431616,2009-06-01 20:12:23-07:00,103
@mileycyrus your on KDWB the climb!  FAVORITE SONG.,1999453041,2009-06-01 20:14:38-07:00,51
"@zoemyers, @mileycyrus and @taylorswift13 Those stupid boys missed out on amazing people ",1999569622,2009-06-01 20:26:55-07:00,89
"@mileycyrus im watching a show on E! about you.. i admire you in many different ways now, grettings from Colombia, South America ",1999651232,2009-06-01 20:35:11-07:00,129
@mileycyrus That's because your talent was tied up elsewhere. ,1999781764,2009-06-01 20:48:45-07:00,62
@mileycyrus GA!!! ARE YOU SEROIUS? WHEN? ,1999781973,2009-06-01 20:48:46-07:00,41
@mileycyrus miley your awesome please reply back!!!!!!! it would mean the world to me ,1999802197,2009-06-01 20:50:58-07:00,86
@mileycyrus hi miley! i want to congratulate you for winning at MTV Awards..hope you reply..ima huge fan of yours!  love you!,1999802658,2009-06-01 20:51:01-07:00,125
@mileycyrus see you in Savannah or on set ,1999818845,2009-06-01 20:52:52-07:00,42
@mileycyrus The episode of Hannah Montana with the Jonas Brothers is showing right now in the Philippines. Can't help but laugh. Hahahah. ,1999838485,2009-06-01 20:55:04-07:00,138
@mileycyrus hey miley  how are you  the climb is a really beautiful song well done on the vid its beautiful ,1999860463,2009-06-01 20:57:27-07:00,108
@mileycyrus http://twitpic.com/5ut6j - awe.  thats so cutee ,1999966828,2009-06-01 21:09:13-07:00,60
@mileycyrus you are going to love Georgia! ,2000070845,2009-06-01 21:21:08-07:00,43
@mileycyrus 	 Psalm 1:2 before your pleasure is the law of the Lord and meditates on his law by day and night    ,2000205396,2009-06-01 21:37:23-07:00,113
@mileycyrus http://twitpic.com/6fvzh - tonight I saw you on E!  I wanna be like you! (LLL),2000287001,2009-06-01 21:47:34-07:00,90
"@mileycyrus If at first you don't suceed, try and try again ",2000320559,2009-06-01 21:51:55-07:00,60
@mileycyrus hi 'penny'  how's bolt??,2000473526,2009-06-01 22:11:40-07:00,36
@mileycyrus did you just start tennis?  i play tennis.,2000476788,2009-06-01 22:12:07-07:00,54
@mileycyrus http://twitpic.com/6dvj4 - u look fabulous! congrats on the award  ily!!,2000670928,2009-06-01 22:39:49-07:00,84
@mileycyrus http://twitpic.com/4cykv - you look like a baby doll.. love it. ,2000709342,2009-06-01 22:45:39-07:00,76
listing to my @taylorswift13 @JonasBrothers @ddlovato @honorsociety @mitchelmusso and @mileycyrus playlist before going to bed..g'night ,2000851184,2009-06-01 23:07:58-07:00,136
"@mileycyrus I just saw the results for the MTV awards. Congratulations! I love that song, so happy you won! ",2000971289,2009-06-01 23:28:16-07:00,108
@mileycyrus http://twitpic.com/6fwg3 - lol (: its pretty though  xo,2000994038,2009-06-01 23:32:04-07:00,67
@mileycyrus http://twitpic.com/6fvzh - cool pic  love ya both xo,2000997118,2009-06-01 23:32:35-07:00,64
"@mileycyrus Hey Miley how are you?! CONGRATULATIONS on your award you deserve it, I hope everything goes well ",2001077944,2009-06-01 23:46:37-07:00,110
@mileycyrus http://twitpic.com/5r808 - i wish me and my father was just as close.. ,2001088843,2009-06-01 23:48:32-07:00,83
@mileycyrus love the hoodie in your pic w emz  tis cool! Cool pic to lol. +i bet you didnt kno your pic was gonna b took in emolicious lol,2001109612,2009-06-01 23:52:12-07:00,138
@mileycyrus http://twitpic.com/6fwg3 - WOW!!! Totally Artsy!  I love the way you're shooting photographs. You've got the eye! Thanks f ...,2001166904,2009-06-02 00:02:22-07:00,138
@mileycyrus http://twitpic.com/336u5 - i liked.. adam. :/ but i liked her too!! ,2001178870,2009-06-02 00:04:30-07:00,80
Lil Wayne and @MileyCyrus duet? I really need it to happen. ,2001236149,2009-06-02 00:14:44-07:00,60
"@mileycyrus hey, miley. Just wanna ask u, will there be a 4th season for hannah montana? I hope so! ",2001311858,2009-06-02 00:28:48-07:00,100
@mileycyrus http://twitpic.com/6fwg3 - thats not emo. you look so gorgeous! you always do  you preetty person.,2001413681,2009-06-02 00:48:18-07:00,110
I'm so in wonder about @mileycyrus's cheeks  They're soo cute! ...But don't you think Ashley Tisdale lost too much weight? mhh =(,2001828287,2009-06-02 02:12:47-07:00,129
@mileycyrus http://twitpic.com/6fwg3 - one of my favourite pics              LOVE YA                              BY UR BIGGEST  ...,2001897711,2009-06-02 02:27:26-07:00,132
@mileycyrus http://twitpic.com/549fx - UR MOM IS SO BEAUTIFUL AS U   by the way ( Happy birthday ),2001976725,2009-06-02 02:43:35-07:00,98
"@mileycyrus hey i would defernatly take you up for that Prom offer  if not then hope you get to go to prom, in aussie we call it a ""Deb""",2002002287,2009-06-02 02:48:53-07:00,136
On my way to Tescos  @mileycyrus just used Wake Up America in my english exam. Feel the love!,2002002840,2009-06-02 02:49:00-07:00,93
"@mileycyrus http://twitpic.com/6fvzh - Miley, Love Your Blue Nail Polish..  You Two Look So Cute ",2002013024,2009-06-02 02:51:02-07:00,97
@mileycyrus http://twitpic.com/6fvzh - Nice pic  You two look so great together > 3,2002025637,2009-06-02 02:53:38-07:00,83
justin gaston is so sexy! so jealous of miley cyrus! OH HEY ANTHONY  hehe. @mileycyrus u rock!!!,2002035250,2009-06-02 02:55:36-07:00,96
@mileycyrus you aren't miley  i know it  you're a good student ,2002115272,2009-06-02 03:11:32-07:00,63
@mileycyrus http://twitpic.com/6fwg3  every picture of you is really beautiful miley  respect ,2002133794,2009-06-02 03:15:15-07:00,94
its my birthdayyy todayyy yay!    wish i could have my party at disneyland like @mileycyrus !,2002172207,2009-06-02 03:23:07-07:00,93
@mileycyrus http://twitpic.com/6fvzh - You guys are too cute! ,2002225897,2009-06-02 03:33:49-07:00,62
@mileycyrus http://twitpic.com/6fwg3 - know a great lookin' guy in vegas lookin' for a prom date ,2002232253,2009-06-02 03:35:03-07:00,97
@mileycyrus http://twitpic.com/5usde - ... yeah I know... i read it in a magazine ,2002296194,2009-06-02 03:47:26-07:00,82
reports are saying @mileycyrus starts filming season 4 of HM in 2010+is allowed time of to shoot her movie. link in next tweet ,2002376418,2009-06-02 04:01:52-07:00,127
"@mileycyrus LoL , i play tennis for like 8 years , so i'm pretty good at it ",2002400045,2009-06-02 04:06:00-07:00,76
@mileycyrus You both look cute . i loved the sweatshirt ,2002420389,2009-06-02 04:09:41-07:00,56
@mileycyrus http://twitpic.com/6fwg3 - its so amaaaaaaaaazing! You're very pretty diva ,2002422065,2009-06-02 04:10:01-07:00,87
@mileycyrus you are amazing for loving john lennon just like i do  its a shame not many teenagers like the beatles music but im obsessed!x,2002431071,2009-06-02 04:11:33-07:00,138
"@mileycyrus http://twitpic.com/6fvzh - Very pretttyy, it looks well cooll ",2002466689,2009-06-02 04:17:52-07:00,74
@Yeeeunaholic - HAHAHAHA! Hey! I'm a big big big fan until I name my pet @mileycyrus!  i didnt see you online one?,2002500653,2009-06-02 04:23:48-07:00,114
i love @mileycyrus hair in the hannah montana 'song sung bad' episode ,2002534148,2009-06-02 04:29:30-07:00,70
@mileycyrus http://twitpic.com/6fvzh - you two look great ,2002672240,2009-06-02 04:51:58-07:00,58
@mileycyrus won YAAAAAAAAY  and I voted for her.. like the million fans also did.. whatever ,2002698348,2009-06-02 04:56:05-07:00,92
@mileycyrus i love you! ,2002737628,2009-06-02 05:02:02-07:00,24
@mileycyrus http://twitpic.com/6fwg3 - you're so beautiful! ,2002900967,2009-06-02 05:26:08-07:00,60
@mileycyrus http://twitpic.com/6fvzh - Sweet  â¥ Love you and emmy ,2002954573,2009-06-02 05:33:33-07:00,68
@mileycyrus have you thought of starring in TV shows like Heros?? It wold be great to see you having powers! ,2003143107,2009-06-02 05:58:07-07:00,109
"@mileycyrus Miley you are so cool  Hannah Montana the Movie, is the best^^",2003335082,2009-06-02 06:20:41-07:00,74
@mileycyrus can i upload your pics in my profile cause im a fan ,2003815519,2009-06-02 07:11:41-07:00,64
"http://twitpic.com/6gqg7 - @mileycyrus won the prize, yeah ""The Climb"" won. I think we,fans, made Miley very happy one more time. ",2003910755,2009-06-02 07:21:21-07:00,130
e news named @mileycyrus as the best dressed last mtv music awards. daily 10 didn't like her look.  i totally agree w/ E NEWS.. ,2004139352,2009-06-02 07:43:51-07:00,128
@mileycyrus congratulation to the award  i love your dress so cute xoxo p.s. i love your song The Climb,2004430057,2009-06-02 08:11:20-07:00,103
@mileycyrus http://twitpic.com/6dvj4 - i reeeally love ur dress!! you're aaawesome!! ,2004701928,2009-06-02 08:36:34-07:00,85
@Mileycyrus I love that song. ,2004917574,2009-06-02 08:56:31-07:00,30
@mileycyrus so much more to see than the 7 wonders.  like Car Henge in Nebraska.  ,2004963244,2009-06-02 09:00:35-07:00,82
@mileycyrus 'cause you've got all the love you need and that's all that truly matters... right? ,2004963741,2009-06-02 09:00:37-07:00,96
@mileycyrus you should come out with your own line of organic products i would use it! ,2004963900,2009-06-02 09:00:38-07:00,87
@mileycyrus I pretty sure you'are looking good ,2005442929,2009-06-02 09:42:12-07:00,47
@mileycyrus hey miley i love you!!!! Could you give a shout out to mitchel about his album we are trying to get it number one on itunes ,2005513327,2009-06-02 09:48:15-07:00,136
@mileycyrus I just know you from tv and all that things you know ,2006037788,2009-06-02 10:33:40-07:00,65
@mileycyrus http://twitpic.com/6dvj4 - You won Best Song in a movie! You go girl! Congratulations! ^^ ,2006368576,2009-06-02 11:03:57-07:00,102
"@mileycyrus it's my birthday today, plz wish me a happy birtday  I love u",2006529624,2009-06-02 11:18:07-07:00,73
@mileycyrus http://twitpic.com/6h7ex - you're both are awesome ,2006617781,2009-06-02 11:25:57-07:00,63
I love you @mileycyrus always! <3  are you goin to come to sweden sometime?,2006625955,2009-06-02 11:26:40-07:00,75
@mileycyrus http://twitpic.com/6h7ex - awww! this pic is adorable! I'm a big fan of both of you! ,2006653685,2009-06-02 11:29:09-07:00,97
@mileycyrus heyy my friend is your # 1 fan she loves you her name is danielle wallace her twitter name is daniloves miley ,2007109400,2009-06-02 12:09:37-07:00,122
@mileycyrus congrats on wining your award  im soooo nice,2007110024,2009-06-02 12:09:41-07:00,56
@mileycyrus Hey miley! Me & Cat & Jo LOVE you & we would like you to come to montreal please. Loveyousomuch! your awesome ,2007164829,2009-06-02 12:14:36-07:00,122
"@mileycyrus http://twitpic.com/6h7ex - you guys look cute together  Mitchel is hot and you're really pretty,Mies (:",2007238746,2009-06-02 12:21:10-07:00,115
"@mileycyrus aah, miley, congratulations fot your award! the climb is awesome  well, the whole HM soundtrack is awesome!",2008027707,2009-06-02 13:30:46-07:00,119
"@mileycyrus http://twitpic.com/6fwg3 - even if it is ""emo-ish"" you are still beautiful. ",2008177892,2009-06-02 13:44:19-07:00,88
@mileycyrus Hey YOU  !!! XOXO ,2008428431,2009-06-02 14:07:01-07:00,30
"@mileycyrus Only people who follow you can see that. Perhaps you could ask your followers to tweet about following you. I'd do it,  ",2008428434,2009-06-02 14:07:01-07:00,132
@mileycyrus http://twitpic.com/6h7ex - that pic is so cute   please follow me? xox form Argentina!,2008428816,2009-06-02 14:07:03-07:00,98
@mileycyrus pshh you already have like more followers than anyone else!! ,2008429186,2009-06-02 14:07:05-07:00,73
@mileycyrus im gonna tell my friends to follow you ,2008443909,2009-06-02 14:08:24-07:00,51
"@mileycyrus if ppl arent following, they wont be able to see the twitter asking them to follow you...just a hint. ",2008444773,2009-06-02 14:08:29-07:00,114
@mileycyrus hey miley its my birthday! i hope you could wish me a happy birthday! ,2008445838,2009-06-02 14:08:34-07:00,82
@mileycyrus ..and 4 more  ha thats crazyy! btw i just watched the hannah movie 4 the third time its out since yesterday here in germany,2008446555,2009-06-02 14:08:38-07:00,135
@mileycyrus hey miley!I'm following you for a long time you're amazing! please can you follow me? please  Answer  From Argentina !!,2008446743,2009-06-02 14:08:39-07:00,131
"@mileycyrus Hi princess, been following you for a while but u never say hello when I do. . LOL! Im starting to wonder. . . ",2008560279,2009-06-02 14:18:48-07:00,123
"@mileycyrus I already follow you, Miley!!! Thank you for allowing me to follow you! I enjoy reading your twitter ",2008966613,2009-06-02 14:56:26-07:00,113
@mileycyrus you're** ,2009021827,2009-06-02 15:01:35-07:00,21
@mileycyrus I am please follow me!! Thx!! ,2009051429,2009-06-02 15:04:21-07:00,42
@mileycyrus http://twitpic.com/6fwg3 - You are beautiful! Uoooo! Love you Miley ,2009185591,2009-06-02 15:17:04-07:00,80
if your not already plllleassee follow me!!!     (via @mileycyrus) Is this a request to people already following you Ms. Cyrus?,2009586829,2009-06-02 15:56:40-07:00,127
@mileycyrus IM FOLLOWING YOU! ,2010535234,2009-06-02 17:32:43-07:00,30
@mileycyrus um i say we play tennis with @justinmgaston and @jordanyup and then ditch them and get our nails done ,2011015223,2009-06-02 18:20:24-07:00,114
I'm so mad right now. I need someone *cough* @mileycyrus *cough* to respond to me so I feel better. Is that weird? ,2011015996,2009-06-02 18:20:29-07:00,115
@mileycyrus  Hey am I your best friend?,2011162880,2009-06-02 18:34:54-07:00,39
@mileycyrus @mitchelmusso you are both amazing friends to each other  mitchel i LOVE the new album!,2011166122,2009-06-02 18:35:13-07:00,99
"@mileycyrus your gorgeous and so talented, never change honestly your incredible, my hero  xo thanks for being so amazingggg",2011166807,2009-06-02 18:35:16-07:00,124
@mileycyrus is going on tour again! woooooo ,2012504323,2009-06-02 20:46:12-07:00,44
"@mileycyrus Hopefully you're not down anymore, but if you need someone to cheer you up, I'm here for you.  Well, on Twitter at least, lol.",2012969135,2009-06-02 21:38:47-07:00,138
@mileycyrus ooo are you going on tour too??? Possibly with Mitchel Musso?? I would love to see you on tour!!! So would my nieces!! ,2013329081,2009-06-02 22:25:05-07:00,131
@mileycyrus You play tennis? ,2013329338,2009-06-02 22:25:08-07:00,29
@mileycyrus ooooooh exciting ,2013329841,2009-06-02 22:25:11-07:00,29
"@jennettemccurdy @mileycyrus - its my bday, wish me a happy one?? ",2013330536,2009-06-02 22:25:17-07:00,66
@mileycyrus oh sure make me anxious! ha jk  I'm almost done with your book and it's official. You're my rolemodel. So thank you.  <3,2013332233,2009-06-02 22:25:31-07:00,132
@mileycyrus you're gonna have a 4th season of Hannah Montana ,2013402538,2009-06-02 22:35:24-07:00,61
@mileycyrus what is itttt? ,2013443021,2009-06-02 22:41:16-07:00,27
"@mileycyrus - omgosh, WHATS THE ANNOUNCEMENT?!  ",2013444601,2009-06-02 22:41:31-07:00,48
@hearme_roarr Hi! Follow me and let's prove to @mileycyrus that it's a necessity for her to do an asian Tour! ,2013456834,2009-06-02 22:43:15-07:00,110
@mileycyrus that'd be so cool if @jonasxoxolove and I could see you on your upcoming tour ,2013483167,2009-06-02 22:47:12-07:00,90
@mileycyrus 	 Miley has a great night dream of the angels   â¥â¥â¥â¥â¥â¥,2013509269,2009-06-02 22:51:05-07:00,78
@mileycyrus I watchedHannah Montana today! ,2013535108,2009-06-02 22:55:05-07:00,43
@mileycyrus im so excited bout the announcement ,2013537347,2009-06-02 22:55:24-07:00,48
@mileycyrus I cant wait to hear it ,2013537406,2009-06-02 22:55:25-07:00,35
"@mileycyrus Miss you, hun ",2013670683,2009-06-02 23:15:45-07:00,26
"@mileycyrus heyy, nice picture, pretty creative! ",2013695058,2009-06-02 23:19:39-07:00,49
@mileycyrus: AAAAAAAAAAAAAAAANH thanks for love me ,2013879564,2009-06-02 23:50:00-07:00,51
@Yeeeunaholic - hahaha!  thanks. ilyt <3 i love @mileycyrus and @taylorswift13 and YOU! not in a lesbian way ,2013949748,2009-06-03 00:01:52-07:00,109
@mileycyrus http://twitpic.com/549fx - hapi birthday to your mum~ ,2014022673,2009-06-03 00:14:05-07:00,66
@mileycyrus http://twitpic.com/64x8j - The most lovely horse!!! And Miley here in general a beauty! ,2014224227,2009-06-03 00:50:19-07:00,100
@mileycyrus http://twitpic.com/56j5l - Oh...probably Noah doesn't like a boat  She very cute!!! ,2014420873,2009-06-03 01:28:24-07:00,96
@mileycyrus PLEASE. ,2014448440,2009-06-03 01:33:54-07:00,20
@mileycyrus i want to make for you a remix  ,2014469846,2009-06-03 01:38:12-07:00,44
I asked @mileycyrus to greet @sammerlejano happy birthday. I aamm hoping she wiiilll.  ),2014481330,2009-06-03 01:40:32-07:00,88
@mileycyrus follow me on twitter please i think your amazing  glad you won the MTV awards you totally ROCKED. i love you movie aswell. x x,2014526614,2009-06-03 01:49:51-07:00,138
@mileycyrus Can't wait untill Hannah Montana The Movies comes to Viet Nam !! Love your songs so much  I'll vote for U ,2014569341,2009-06-03 01:58:25-07:00,118
@mileycyrus http://twitpic.com/64x8j - I love it. Miley you're a beauty. ,2014579913,2009-06-03 02:00:21-07:00,73
@mileycyrus http://twitpic.com/5ppwd - Bacon & Toast. 'haha this Story is rlly great. Miles are Bacon & Emily is Toast. ,2014592610,2009-06-03 02:02:37-07:00,120
"i am really loving ""the climb"" by @mileycyrus! shes so inspiring ",2014612845,2009-06-03 02:06:26-07:00,65
@mileycyrus http://twitpic.com/4fzo7 - Brandi's hair looks rlly amazing! but you'res too Miley  and your Eyes. So woow!,2014614423,2009-06-03 02:06:46-07:00,119
@mileycyrus anyway  I just watched your show with my little sis and I am so in a good mood right now  thanks miley  have a good day ,2014694713,2009-06-03 02:22:43-07:00,132
@mileycyrus keep up the good work  love y'all!,2014736267,2009-06-03 02:31:02-07:00,46
I'm watching BOLT played by @mileycyrus again ,2014754190,2009-06-03 02:34:37-07:00,46
@mileycyrus trust me miley u dont need anymore people 2 follow u. you have thousands and i have 5. PLLEEEEEEAAASSSEEE follow me!! ,2014884677,2009-06-03 03:00:24-07:00,130
@mileycyrus hiiyyya we r gunna c u in comnncerrt pllz come to england we love u n i love ur book your amazzing !!! plz follow me ,2015030013,2009-06-03 03:28:58-07:00,129
@mileycyrus Congrats miley on winning the MTV award. Your dress was beauuutiful  I want one.,2015049114,2009-06-03 03:32:27-07:00,92
@mileycyrus I saw on the news you signed for season 4 of Hannah Montana. That's great! ,2015153057,2009-06-03 03:51:47-07:00,87
@mileycyrus i already do this ,2015196432,2009-06-03 03:59:30-07:00,30
"@megelmurph, we have to go! @MileyCyrus at Philips Arena. November 29th. We can go in celebration of your three month wedding anniversary ",2015208244,2009-06-03 04:01:19-07:00,138
"@mileycyrus I might have an idea what it could be, but I won't say anything unless im wrong! ",2015401772,2009-06-03 04:34:02-07:00,93
"@mileycyrus Hey, just saw you on MTV movie awards and Congratulations to your award on the song The Climb. lol. ",2015402051,2009-06-03 04:34:04-07:00,112
i cant wait until 7 am pacific time!!!! @mileycyrus ,2015424695,2009-06-03 04:37:44-07:00,52
@mileycyrus can we all have a little hint? ,2015514684,2009-06-03 04:51:58-07:00,43
@mileycyrus what is your biiiiiggggg announcement it prob aint 7 where you are but it's 8 where i am!!! ,2015528076,2009-06-03 04:54:02-07:00,104
@mileycyrus http://twitpic.com/6h7ex - Yeah!! I'm sure that the album is really great!  CUTE PICTURE!,2015654904,2009-06-03 05:12:32-07:00,101
@mileycyrus can people see you if they'd come to toluca lake?  ,2015752724,2009-06-03 05:26:17-07:00,63
http://bit.ly/12OJyi  uuhh noie and ems cutest girls ever  @mileycyrus @thebrandicyrus @tracecyrus @billyraycyrus,2015753140,2009-06-03 05:26:21-07:00,113
@mileycyrus We get it... You got nerve...  kidding cant wait. ,2015797248,2009-06-03 05:32:11-07:00,62
@mileycyrus http://twitpic.com/6fwg3 - you look really pretty ,2015907032,2009-06-03 05:46:42-07:00,62
"@mileycyrus  hey, could you follow me, please?! ",2015953588,2009-06-03 05:52:35-07:00,48
Its been confirmed tht @mileycyrus has signed up for HM4  :d,2016089446,2009-06-03 06:08:46-07:00,60
"@mileycyrus Hi am so excited to know the news from mileyworld, i have the page open and i am still waiting ",2016555318,2009-06-03 06:58:53-07:00,107
@mileycyrus of course ill follow you ,2016621158,2009-06-03 07:05:17-07:00,37
omg im sooo excited!!!! well.. off to school... LAST DAY WOOHOO THIS IS THE BEST DAY EVER thanks to @mileycyrus  lol,2016725722,2009-06-03 07:15:34-07:00,116
Going to see @mileycyrus either October 12th in Tulsa or October 24th in Little Rock. Happy birthday to me!!!!! ,2016807473,2009-06-03 07:23:34-07:00,112
@mileycyrus http://twitpic.com/4ukqe - Lovely photo ,2016808752,2009-06-03 07:23:41-07:00,52
@mileycyrus the CLIMB! ,2016940006,2009-06-03 07:36:15-07:00,23
I am sooooo excited that @mileycyrus is going on tour!!!!! Can't wait for Boston!!! ,2017086462,2009-06-03 07:50:19-07:00,84
@mileycyrus i hope you visit the Philippines! ,2017358933,2009-06-03 08:15:45-07:00,46
@mileycyrus  hey! this is hella tight they way they've put it up. My daughter ran over as soon as she saw it. But i'm a fan too ,2017360286,2009-06-03 08:15:53-07:00,128
@mileycyrus OMG!! woah..clothing line??aaahh..can't wait  It's gonna be freakishly aweosme :],2017360626,2009-06-03 08:15:55-07:00,93
@mileycyrus i'm so excting about your clothing line ! i hope it will come to germany too ,2017361010,2009-06-03 08:15:57-07:00,89
@mileycyrus girl your going on tour and you didn't tell me? make the tickets less expencive so I can go ,2017361243,2009-06-03 08:15:59-07:00,104
@mileycyrus thats AWESOME! I really hope I can get to a show Miley + Metro Station = AMAZING! ,2017401626,2009-06-03 08:19:57-07:00,94
@mileycyrus OMG...that's awesome... are you coming to Italy?? we want u in italy ,2017401775,2009-06-03 08:19:58-07:00,81
@mileycyrus Miiley i luv you thanks sooo muchhh i can't wait too see you .x ,2017401950,2009-06-03 08:19:59-07:00,76
@mileycyrus this is awsome!! are you coming to london? ,2017402170,2009-06-03 08:20:00-07:00,55
It would be perfect if @mitchelmusso @mileycyrus @themasonmusso and @tracecyrus ALL touring together! ,2017422108,2009-06-03 08:21:54-07:00,102
@mileycyrus Please tour in the UK!  *cough* Manchester *cough* x,2017423101,2009-06-03 08:22:00-07:00,64
@mileycyrus come to the uk! WORLD TOUR ,2017439167,2009-06-03 08:23:33-07:00,39
@mileycyrus It would be nice if you came to Brazil with Metro Station! ,2017440346,2009-06-03 08:23:40-07:00,71
@mileycyrus Oh and have a great time at Elizabeth Glaser Pediatric Foundation at the Time for Heroes Event this Sunday  You so rock! ; ),2017465688,2009-06-03 08:26:10-07:00,136
@mileycyrus OMG Cannot wait  I get my presale code for Miley World  When are the Europe dates being announced?! So excited xxx,2017466527,2009-06-03 08:26:15-07:00,126
"@mileycyrus YOU HAVE TO COME TO AUSTRALIA! [perth]  ITS NOT FAIR ON US!! no one comes here, and would be so awsome seeing you live!!  x",2017484893,2009-06-03 08:28:03-07:00,135
@mileycyrus beyond excited ,2017544291,2009-06-03 08:33:48-07:00,27
"@mileycyrus yayyyy, you are coming to ohio  i cant wait to finally see my idol again ! i misss you sooo sooo sooo much ! xoxo abby",2017575533,2009-06-03 08:36:50-07:00,130
@mileycyrus omg! this is amazing news!!! i can't wait to see you and metro station!!! ,2017683278,2009-06-03 08:47:14-07:00,86
"@mileycyrus  miley!!!  I'm so excited about your tour! you're coming to my home town. I'm so excited. Thank You Miley, so so much   ",2017703336,2009-06-03 08:49:10-07:00,132
Hey @mileycyrus I am soooo excited to see you! I am most likely going! ,2017704144,2009-06-03 08:49:15-07:00,71
@mileycyrus COME TO HOLLAND! ,2017818886,2009-06-03 09:00:05-07:00,29
@mileycyrus congrtualtions mileyyyy! And u+metrostation=WOOOHOOOO haha ,2017930752,2009-06-03 09:10:18-07:00,71
MiLeY CyRuS/MeTrO StAtiOn ToUr Is CuMiN Up Go2@TraceCyrus or@mileycyrus 4more info ,2017931481,2009-06-03 09:10:23-07:00,83
@emzyjonas I know! Hopefully @mileycyrus will do a WORLD TOUR asap. and it would be great if @mitchelmusso opened for her!  x,2017932299,2009-06-03 09:10:27-07:00,125
"@mileycyrus I'm sorry to hear about Ticketmaster (gougers), but gratz on the tour and clothes! ",2018039984,2009-06-03 09:20:32-07:00,95
@mileycyrus I so wanna go see you live  ooh and metro station of course,2018228818,2009-06-03 09:38:22-07:00,71
WAAAAAAY to excited for @mileycyrus .. out with my best friends ,2018354589,2009-06-03 09:50:16-07:00,64
"@mileycyrus OK,I'll have to find a way to save money or see if my parents can help.I DON'T WANT TO MISS THE DOPEST TOUR OF ALL TIME! ",2018482846,2009-06-03 10:02:07-07:00,133
"is listening to @mileycyrus, can you believe it? I mean... I used to hate her so much but now I love her too much ",2018509757,2009-06-03 10:04:36-07:00,114
http://twitpic.com/6lsvm - @mileycyrus i made this cuz im xicted for the tour!!!!!!!!!!!!!! ,2031131240,2009-06-04 09:22:36-07:00,92
"@mileycyrus i'm from ga!  great place, great people.",2032506847,2009-06-04 11:21:24-07:00,52
@ddlovato @mileycyrus @tracecyrus @emilyosment @therealtiffany @comeagainjen you all rock. i love you  xoxo,2032750514,2009-06-04 11:42:49-07:00,107
@mileycyrus @MandyyJirouxx  best girlies in da world and make more videos to watch u shuld make a movie togeta that'll be cool ,2033316405,2009-06-04 12:31:54-07:00,127
"@MileyCyrus um, thats retorical. Of course. I have 15 ",2033878682,2009-06-04 13:18:50-07:00,54
@mileycyrus I do have ray ban  hihi,2033879248,2009-06-04 13:18:53-07:00,35
@mileycyrus http://twitpic.com/6mi2s -  I love this pic!!! you look sooo cute 2gether! ,2039884067,2009-06-04 23:03:17-07:00,87
@MILEYCYRUS IS THE SPECIAL GUEST ON BEFORE THE STORM! YAAAAAAAAAAAAAAAAAAAAAAY!!!  I'M SO HAPPPPPPPPY ,2039898322,2009-06-04 23:05:27-07:00,102
@mileycyrus are you touring the UK in december?  if so can you get tickets on pre sale if you are a miley world member? xxxx,2043932205,2009-06-05 08:37:32-07:00,124
@Jessie__Ann You were in my dream lastnight! I surprised you with @selenagomez and @ddlovato and @mileycyrus AND @Jonasbrothers!  HAHA,2044195197,2009-06-05 09:00:28-07:00,134
@mileycyrus http://twitpic.com/6mo9z - lol you're so cute ,2044577386,2009-06-05 09:33:17-07:00,58
@mileycyrus http://twitpic.com/6mi2s - i love mitchels hair!! you are beautiful guys ,2044603060,2009-06-05 09:35:10-07:00,85
@mileycyrus I hope you have a good time while your here. We don't get many celebs here in bentonville besides our wal-mart visitors! ,2045129716,2009-06-05 10:16:45-07:00,133
@mileycyrus hey I LOVE YOU.!! ,2045198377,2009-06-05 10:22:47-07:00,30
I cannot wait for the @mileycyrus tour in december  best 21st birthday present ever!,2045220392,2009-06-05 10:24:42-07:00,84
@mileycyrus i love your music!!!!! Are you coming down to south africa anytme soon? cyaa ,2045320289,2009-06-05 10:33:21-07:00,89
"Doesn't @mileycyrus live NEAR Nashville, TN? In Franklin, TN, right? Is that CLOSE to Nashville? and @taylorswift13 lives in Nashille ",2045383191,2009-06-05 10:38:49-07:00,134
follow friday  @emilyosment @jordanmccoy @selenagomez @Rochii @ddlovato @thedebbyryan @mileycyrus @jennettemccurdy,2045707490,2009-06-05 11:07:07-07:00,114
"@mileycyrus your my inspiration to keep on going, no matter what people say. thank you   shyanne from england.",2046684080,2009-06-05 12:32:26-07:00,110
@MileyCyrus Hannah Montana cereal is great.  how do I get my face all up on a box of cereal?,2046685646,2009-06-05 12:32:34-07:00,92
does anyone know how much @mileycyrus tickets are  ?,2047283658,2009-06-05 13:25:21-07:00,52
"@mileycyrus 'The Climb' finally a song i can appreciate. which is a big step for me,...for you. KUDOS! ",2047368129,2009-06-05 13:32:55-07:00,103
@mileycyrus  Hope you can get through and remember god knows the truth. Just don't let them get to you. Much Luv! ,2047880352,2009-06-05 14:19:15-07:00,114
"@laurinchen15 yes ! i love @ddlovato and @mileycyrus ! i go off now. i love talking to you  see you tomorrow, yes ? love you â¥",2047966151,2009-06-05 14:27:16-07:00,128
@mileycyrus guess wat???? ur cumin to dublin in december!!!! wuhooozZzaaa!!! soooo....happy ,2048010085,2009-06-05 14:31:21-07:00,92
I'm seriously considering buying tickets to @mileycyrus for her dublin show in december! ,2048452156,2009-06-05 15:13:19-07:00,89
follow them @mileycyrus @ddlovato and @selenagomez ,2048576177,2009-06-05 15:25:35-07:00,51
@mileycyrus You should come to Liverpool in December!  xo,2048576259,2009-06-05 15:25:36-07:00,57
@mileycyrus You should put up a new picture ,2048595455,2009-06-05 15:27:30-07:00,44
@mileycyrus hey Mile when r u bringing out a new song? ,2048596267,2009-06-05 15:27:35-07:00,55
@mileycyrus http://twitpic.com/6mo9z - very funny the faces ,2049086615,2009-06-05 16:16:20-07:00,60
@mileycyrus http://twitpic.com/6fwg3 - very beautiful the color of your eyes! I love you Miley ,2049203514,2009-06-05 16:28:36-07:00,95
"@mileycyrus ,so u on mtv movie awards lol, u were great  and u looked fab .  i love the way u said robert pattinson on your show.",2049324715,2009-06-05 16:41:01-07:00,129
There's always gonna be another mountain   Congrats @mileycyrus for winning the best song in a movie at the MTV Movie Awards ,2049344775,2009-06-05 16:43:06-07:00,125
@mileycyrus LOVED your performance at Shareholders today!!!!  Will we see you at Sat morn meeting tomorrow???? ,2049463100,2009-06-05 16:55:31-07:00,111
@Noahcyrus8 is a fake until @mileycyrus proves otherwise  jeeeeeez some ppl are so gullible lol. prove meeeee wrong :],2049478912,2009-06-05 16:57:12-07:00,118
@mileycyrus http://twitpic.com/6mo9z - Very funny! The two are pretty here â¥â¦ Miley Brazil need you here ! Add me in the twitter ,2049745403,2009-06-05 17:25:30-07:00,133
"@mileycyrus your uk tour dates just announced! Hope me and my friend can get good seats in manchester, cant wait to see you live again!  x",2049840042,2009-06-05 17:35:37-07:00,138
"Oh. My. Gosh. So, apparantly, on the @jonasbrothers facebook chat I missed, they said @mileycyrus was featured on the album! YESSS! ",2050678737,2009-06-05 19:06:05-07:00,132
@mileycyrus Again....PLEASE COME TO MEXICO CITY!!! p.s. I'm your only #1 fan!!!I love yaaah ,2050885879,2009-06-05 19:28:15-07:00,92
@mileycyrus http://twitpic.com/6mi2s - Awww this is the cutest picture! lol  He made an excellent album!,2050921792,2009-06-05 19:32:11-07:00,104
"@mileycyrus Step brothers eh? do you know them? My sister is going to university in Tennessee, how is it? ",2051068972,2009-06-05 19:48:19-07:00,106
"Mane i feel feminine today, jammin to @MileyCyrus ' The Climb Hehe  love it though",2051174141,2009-06-05 20:57:44-07:00,82
"@mileycyrus Miley, I love your voice in Before the Storm! I'm excited for the full song and album! ",2051223653,2009-06-05 21:12:17-07:00,99
@mileycyrus omg miley i love the song u did with JB ur awsome i cant wait for ur tour its gonna be amazing ,2051224502,2009-06-05 21:12:35-07:00,107
@mileycyrus it was awesome to see you perform! you did an AMAZING job! so stoked that you came out to sing with your bff! <3 ,2051250398,2009-06-05 21:20:08-07:00,125
Last minute Follow Friday @mitchelmusso and @mileycyrus - The 2 most amazing people ever  LOVE YOU GUYS!!!,2051302020,2009-06-05 21:34:31-07:00,106
@mileycyrus congratulations Miley ,2051691616,2009-06-05 22:34:29-07:00,34
@mileycyrus ahh! I'm excited ,2051692597,2009-06-05 22:34:37-07:00,29
@mileycyrus  hey miley and @ddlovato demi.  Beauti girls ,2051692786,2009-06-05 22:34:38-07:00,57
it's a good thing that @mileycyrus is going to make the 4th season of Hannah Montana! yayy! yay! yay! lol ,2051692934,2009-06-05 22:34:40-07:00,106
@mileycyrus yay ! can't wait for the 4th season !!  I love yah Miley !!xoxoxo,2051693038,2009-06-05 22:34:41-07:00,77
@mileycyrus Can't wait ti'll the new season  && i love your friends for change comerical  love ya girl,2051693374,2009-06-05 22:34:43-07:00,102
@mileycyrus woah! that's awesome! good luck with that ,2051693454,2009-06-05 22:34:44-07:00,54
@mileycyrus. Awwww and yay.  Nighty night. Sweet Dreams...,2051693749,2009-06-05 22:34:46-07:00,58
"@mileycyrus  Can't wait for Season 4 Miley  I Always support you, I'm sad for End of season 3 too",2051710202,2009-06-05 22:37:06-07:00,97
@mileycyrus Wee! 4th season! ,2051721240,2009-06-05 22:38:43-07:00,29
@mileycyrus me & @camileyx are watching Hannah Montana 3 ! here in Chile is not ended yet ,2051721284,2009-06-05 22:38:43-07:00,90
@mileycyrus can't wait to hear the full song of your duet with Nick Jonas !!!! love ya ,2051721356,2009-06-05 22:38:44-07:00,87
@mileycyrus 4th seasonnn!! wooowwwwwwwwwwwwwwww. love you mileey ,2051733253,2009-06-05 22:40:32-07:00,65
"HEY @mileycyrus i'm brazilian and here, right now, is 2:40pm. i'm totally sleepless...any advice?    ",2051734031,2009-06-05 22:40:39-07:00,101
"@mileycyrus good luck with season 4, and im sure it will be just as good, if not better than season 3. ",2051747262,2009-06-05 22:42:37-07:00,103
@mileycyrus I can't stop thinking abouut your tour! I am SOO SOOO SOO excited! Omgosh  I love youuu.,2051750016,2009-06-05 22:43:02-07:00,100
@mileycyrus YAY HANNAH MONTANA IS NOT ENDING  haha,2051750100,2009-06-05 22:43:03-07:00,50
@mileycyrus you'll have a 4th season at hannah montana?OMG! goodluck with that.! i'll wait for it ,2051751034,2009-06-05 22:43:12-07:00,98
@mileycyrus 	 Miley I am happy for the 4 season of Hannah   â¥â¥â¥â¥,2051762285,2009-06-05 22:44:54-07:00,72
@mileycyrus YAYYYYYY there's season 4!!! yayyyyyyy!! I'm soooo happy! I love Hannah Montana as well as you ,2051789043,2009-06-05 22:48:54-07:00,107
@mileycyrus ahh! there`s goina be a season 4? awesome. good luck! god bless  loveya miley!!,2051815248,2009-06-05 22:52:55-07:00,91
"@mileycyrus i am so glad your doing a 4th season of hannah, i just love the show ",2051882927,2009-06-05 23:03:06-07:00,81
@mileycyrus good !! got 4th season ,2051967944,2009-06-05 23:16:50-07:00,35
@mileycyrus U have NO idea how happy ur fans are right now. NO idea. Many of us cried. I did! NILEY....Forever....for Always....for LOVE ,2051990150,2009-06-05 23:20:33-07:00,137
@mileycyrus  seeing Hannah montana 3 in Disney Channel Argentina  The episode of the dancer's accident. Love you ,2052026198,2009-06-05 23:26:46-07:00,113
@mileycyrus and @jonasbrothers i can't stop listening to before the storm its my favorite song and always will be ,2052050660,2009-06-05 23:30:59-07:00,114
"@mileycyrus miley, i'm brazilian, and i love you, you and selena are friends? i love selena and you ",2052051115,2009-06-05 23:31:03-07:00,100
BRING @MILEYCYRUS TO COSTA RICA AND AUSTRALIA ,2052083871,2009-06-05 23:36:49-07:00,46
"@mileycyrus u know, Miley.. i've never watche Hannah Montana! but i'll watch it asap! ",2052262992,2009-06-06 00:09:22-07:00,86
@mileycyrus omg a part of before the storm was leaked on youtube and fell in love with it!!! you are an inspiration to your peers & me!! ,2052280735,2009-06-06 00:12:38-07:00,137
saw @mileycyrus today  It was amazing!,2052314349,2009-06-06 00:19:08-07:00,38
@mileycyrus i cant wait for the new season either! still waiting for more new episodes of season 3 though! ,2052355735,2009-06-06 00:27:19-07:00,107
@JonasBrothers I can't wait to hear the duet with @MileyCyrus! ,2052455818,2009-06-06 00:47:23-07:00,63
@mileycyrus Are there any backstage passes for your concert in the UK in december? ,2052513139,2009-06-06 00:59:35-07:00,83
finished watching Hannah Montana The Movie.... hahaha!  Love @mileycyrus' The Climb and Butterfly Fly Away.,2052586394,2009-06-06 01:15:01-07:00,107
@mileycyrus will b Waiting for iT!!! ,2052668765,2009-06-06 01:33:49-07:00,37
@mileycyrus  plzzzzzz miley cyrus i am inviting u to come to egypt\cairo there is no one doesnt know u in egypt...plz think about it ,2052703371,2009-06-06 01:41:45-07:00,133
"Goodmoring  I still can't stop listening to ""before the storm"" by @mileycyrus and the @jonasbrothers  it's so awsome!",2052720198,2009-06-06 01:45:36-07:00,117
@mileycyrus http://twitpic.com/6dvj4 - Love this  miley u deserved ur award  xx,2052832802,2009-06-06 02:11:57-07:00,79
I can't sleep .....auuuggghh. Thanks to @kaz2251 @iloveicecream1 @minymax @bigdbc @mileycyrus @JonasBrothers ..all ur faults ,2052833728,2009-06-06 02:12:09-07:00,125
@mileycyrus http://twitpic.com/5usde - Trace Cyrus rockkkksss!!! he is amazin live  an i lovee the tattoos an the bike  x,2052840454,2009-06-06 02:13:45-07:00,121
@mileycyrus excited for season 4.. ,2052841841,2009-06-06 02:14:06-07:00,35
@mileycyrus is my Idol I love Miley ,2052859086,2009-06-06 02:18:14-07:00,36
im loving 'Before The Storm' by @Jonasbrothers feat. @mileycyrus ,2052859635,2009-06-06 02:18:21-07:00,65
"@mileycyrus haha my twin sisters love your show..not gna lie i saw it once or twice  lol, you got a sick voice",2052864579,2009-06-06 02:19:34-07:00,110
@mileycyrus yes. you are beautiful. 9 POSTERS OF MILEY IN MY BEDROOM ,2053012514,2009-06-06 02:55:32-07:00,69
they show it later here.. CONGRATULATIONS @mileycyrus for the award  I want one too :] just lissenig to HM the movie CD it's awsome I love,2053015715,2009-06-06 02:56:19-07:00,138
my 3500th update goes to @jonasbrothers @selenagomez @ddlovato @mitchelmusso @jaketaustin @mileycyrus @taylorswift13 @shontelle_layne ,2053039343,2009-06-06 03:01:55-07:00,134
@mileycyrus http://twitpic.com/64x8j - this is such a cute horsey ,2053057216,2009-06-06 03:06:03-07:00,66
HAHAHAHAAAAAAAAAA!!! @mileycyrus THANKYOU THANKYOU THANKYOU! uk tourdatess!! yayyy!! ,2053057407,2009-06-06 03:06:06-07:00,85
@mileycyrus hiay from england cant wait for you to come back over here for your concerts  so excited love amy xxx and all your UK fans,2053131904,2009-06-06 03:23:57-07:00,134
@mileycyrus I can't wait for the 4th season on HM ,2053217781,2009-06-06 03:44:14-07:00,50
watch video whit @mileycyrus and @mitchelmusso  you rock  love yaa (K),2053242399,2009-06-06 03:50:03-07:00,70
"@mileycyrus 4th season! that sounds amazing! Cyrus, u rock! ",2053244632,2009-06-06 03:50:32-07:00,60
@mileycyrus http://twitpic.com/6dvj4 - wow i love that dress you are a great actress and you deserve the award loved the film ,2053269488,2009-06-06 03:56:10-07:00,126
"@mileycyrus http://twitpic.com/6pxxd - @mileycyrus - yayyy!! so cute ! rock  ~.~ pls, pls add me. ohh and btw cant wait for hannah mon ...",2053378788,2009-06-06 04:20:28-07:00,138
"@mileycyrus http://twitpic.com/6mo9z - Hehe, GREEEEENY eyes ",2053394283,2009-06-06 04:23:55-07:00,60
@mileycyrus http://twitpic.com/384nw - thats the perfect haircolor I think  your just naturally beautiful,2053396242,2009-06-06 04:24:21-07:00,105
Mitchel's house it's GREAT! Miley's house too. Can't wait for see their there!  @mitchelmusso.. I love you and @mileycyrus i love you too!,2053414589,2009-06-06 04:28:22-07:00,138
@mileycyrus is there going to be a fourth season of hannah montana ? ,2053432966,2009-06-06 04:32:12-07:00,69
@mitchelmusso @mileycyrus sooo... explain to me why you two don't duet more often?  ,2053510690,2009-06-06 04:48:49-07:00,84
@thebrandicyrus u inited @mileycyrus 2 my partii 2nite with u well GREAT XOXO Lurv ya both xox ,2053603100,2009-06-06 05:07:02-07:00,95
"@mileycyrus Congrats on wrapping, goodluck with the next season  Movie was awesome, kids loved it  xox",2053622295,2009-06-06 05:10:43-07:00,102
@mileycyrus wow. Do you EVER rest. Your lif seems CRAZY hectic ,2053640812,2009-06-06 05:14:23-07:00,63
@mileycyrus you did sooo good at mitchels ,2053673043,2009-06-06 05:20:39-07:00,42
Listening to @mileycyrus The climb! ,2053868977,2009-06-06 05:56:41-07:00,36
"@mileycyrus season 3 ?!! you've got to be kidding me. im overwhelm with hannah montana, but still cant wait to see mooore !! huge fan ",2053920847,2009-06-06 06:05:06-07:00,134
"@mileycyrus http://twitpic.com/6mo9z - miley is so awesome. if she is reading this, U ROCK! ",2053946423,2009-06-06 06:09:16-07:00,92
@MileyCyrusFC hei. i listens to the climb by @mileycyrus hihi. ,2054022619,2009-06-06 06:21:19-07:00,63
http://bit.ly/3edzkY  @mileycyrus @mitchelmusso i love youuuu ,2054276717,2009-06-06 06:59:36-07:00,62
@mileycyrus i cant stop smiling  i cant believe u r coming to the UK AN near me  wayyy!! wooooo see u in mancvil ,2054424912,2009-06-06 07:19:26-07:00,113
@mileycyrus http://twitpic.com/6mo9z - cool eyes !! xD  love you,2054471612,2009-06-06 07:25:34-07:00,64
i think that @mileycyrus & @ddlovato & @selenagomez should make a movie together. It would be really neat. Ya'll think about it. ,2054519117,2009-06-06 07:31:46-07:00,129
So excited for @mileycyrus tour ,2054641261,2009-06-06 07:47:23-07:00,32
@mileycyrus i might be going to your tour in Novemeber! ,2054796106,2009-06-06 08:06:02-07:00,56
"@mileycyrus Haha, that's so cute. ",2054796499,2009-06-06 08:06:04-07:00,34
"@mileycyrus hey miley, coome to brazil please ",2054799053,2009-06-06 08:06:22-07:00,46
@mileycyrus hello. i'm excited for hannah montana season 4! ,2054813495,2009-06-06 08:08:04-07:00,60
"@mileycyrus yeah.. My dog its crazy like me  Well, thinking about it... He is the craziest dog ever hahaha XD but im not the craziest girl",2054827208,2009-06-06 08:09:44-07:00,138
@mileycyrus haha aww . sofie is the cutest dog ever ,2054841682,2009-06-06 08:11:26-07:00,52
@mileycyrus please come to denmark soon!  <33,2054859863,2009-06-06 08:13:37-07:00,45
@mileycyrus you have to play in san diego ,2054860037,2009-06-06 08:13:38-07:00,42
@mileycyrus Hey Miley ! How are you ?  When will you come to Poland....??? Love you ,2054860475,2009-06-06 08:13:42-07:00,84
@mileycyrus YOUR COMING TOO IRELAND  immmm soooooo stocked yaayyy ,2054872710,2009-06-06 08:15:09-07:00,66
@mileycyrus i hope i get to see in during your tour miley! todays my birthday that'd be awesome if you replied ,2054872800,2009-06-06 08:15:11-07:00,111
@mileycyrus You sound AMAZING in Before The Storm! I'm so happy you're in it ,2054872803,2009-06-06 08:15:10-07:00,77
"Aww, @mileycyrus, you rock! ",2054873702,2009-06-06 08:15:16-07:00,28
@mileycyrus wicked !!  we do too ! ,2054873752,2009-06-06 08:15:16-07:00,35
"@mileycyrus aww u love your fans  I love that! We want you on Mexico, too! you can eat tacos in here haha",2054873943,2009-06-06 08:15:17-07:00,105
@mileycyrus What about Australia? Hehe. ,2054875210,2009-06-06 08:15:26-07:00,40
@mileycyrus we'll be waiting for u ,2054876000,2009-06-06 08:15:32-07:00,35
"@mileycyrus you're amazing miley, hope to see you one day in argentina  LOVE YOUUUU",2054890146,2009-06-06 08:17:13-07:00,83
@mileycyrus you should come and play in australia! please  and can you please follow me?,2054890186,2009-06-06 08:17:14-07:00,88
"@mileycyrus brazil loves you too, girl! we hope to see you around soon! ",2054890193,2009-06-06 08:17:14-07:00,72
@mileycyrus I hope you come to Australia one day. ,2054901796,2009-06-06 08:18:36-07:00,50
"@mileycyrus Taiwan fans want you, too! ",2054901916,2009-06-06 08:18:37-07:00,39
"@mileycyrus yay! you're amazing  i can't wait to see you, come to brazil please <3 we love you diva!",2054901979,2009-06-06 08:18:37-07:00,100
"@mileycyrus Hey Miley ,can u pls come to southeastern Europe???pleaseee ...its the only way to come to ur concert ",2054916815,2009-06-06 08:20:24-07:00,114
@mileycyrus @ashleytisdale you're incredible! Both divas the brazil love you n' too your frindship.... the best singer ,2054916831,2009-06-06 08:20:24-07:00,119
@mileycyrus if u reply to me u would make me the happiest person in the world 4 the rest of my life i luv u ,2054918112,2009-06-06 08:20:32-07:00,108
"@mileycyrus I'm from Brazil, thank you Miley. You are amazing ",2054918821,2009-06-06 08:20:37-07:00,62
@mileycyrus what about your Florida fans ,2054933399,2009-06-06 08:22:24-07:00,41
@mileycyrus any idea when your clothing line at walmart comes out? good luck on tour! ,2054952720,2009-06-06 08:24:42-07:00,86
@mileycyrus Hey Miley  I love your voice (L),2054967087,2009-06-06 08:26:24-07:00,44
@mileycyrus the first love is unique but the others are bests  i remeber u  for this quote,2054967438,2009-06-06 08:26:27-07:00,90
@mileycyrus I LOVE U!! SPAiN HOPE U SOON! (CANARY ISLANDS) haha ,2054979910,2009-06-06 08:27:58-07:00,64
@mileycyrus Miley ! and Ireland! looove you! come here asap seriously!  we NEED ya lol! ,2054981564,2009-06-06 08:28:10-07:00,88
"@mileycyrus OMG ! *---* m if you come will be the best year of my life   , love you !",2054983072,2009-06-06 08:28:21-07:00,85
@mileycyrus Finished reading you auto biography :/ rough times following by goood times  i never knew you emily didnt get on  x,2055012873,2009-06-06 08:31:48-07:00,127
@mileycyrus oh miley we love you too ! you're amazing and pretty ! can't wait to see you in brazil  please come as soon as possible !,2055013179,2009-06-06 08:31:51-07:00,133
@mileycyrus what about canada ????? ,2055041270,2009-06-06 08:35:08-07:00,36
@mileycyrus That tweet made my day!  I cant wait to see you here in Brazil! LUV YA,2055043222,2009-06-06 08:35:21-07:00,82
"@mileycyrus that's like my dog she copies everything I do (if I'm fussy so is she or lazy, she wants to be extra lazy)... it's adorable ",2055056637,2009-06-06 08:36:54-07:00,136
@mileycyrus we love u 2 miley! cant wait to see u here in brazil!  you're amazing! x,2055059354,2009-06-06 08:37:13-07:00,84
@mileycyrus Miley I love you  -Julia,2055075992,2009-06-06 08:39:10-07:00,36
"@mileycyrus  you made a song w.jb! soo happy, i love youu ",2055090241,2009-06-06 08:40:46-07:00,58
@mileycyrus Brazil is waiting for you!Please come soon!!!We love you ,2055091568,2009-06-06 08:40:55-07:00,69
@mileycyrus thanks  you rock!,2055119590,2009-06-06 08:44:06-07:00,29
two days until i can buy my @mileycyrus tour tickets!! ,2055119879,2009-06-06 08:44:08-07:00,55
@mileycyrus i love you! 	 because you're not a typical celebrity you do this with your heart and that is what matters. Chile love u! ,2055119933,2009-06-06 08:44:08-07:00,133
"@mileycyrus OMG MILEY , i love you , i can't believe you said that ! Brazil loves you . we waiting for you ",2055120383,2009-06-06 08:44:12-07:00,107
@mileycyrus what about all your AUSTRALIAN FANS?? We love you Miley!!! plz come down under soon  xoxo,2055121193,2009-06-06 08:44:18-07:00,101
@mileycyrus try to get to 1 of your London concerts.    Soooo Happy!  Have a great weekend!,2055153624,2009-06-06 08:47:58-07:00,91
@mileycyrus miley ur amazing i will always be a fan of u ur so talented  and awsome  please reply it would be a dream come true,2055196885,2009-06-06 08:52:55-07:00,127
@mileycyrus ahhh. cant wait for your new season. you keep getting better ,2055273677,2009-06-06 09:01:12-07:00,73
@mileycyrus thats sooooooo sweet of u too go and support him ,2055319997,2009-06-06 09:06:04-07:00,61
@mileycyrus we love you milez ,2055322537,2009-06-06 09:06:20-07:00,30
"@mileycyrus OH, and ARGENTINIAN FANS LOVE YOU TOO  Don't forget about us, pleaase! ",2055385824,2009-06-06 09:13:13-07:00,83
@mileycyrus hey  what's up?,2055399923,2009-06-06 09:14:47-07:00,27
"@mileycyrus will you be preforming in Ireland in the next 6 months In, Derry perhaps..I wish..Lol..please comment back . bye your Amazing ",2055400917,2009-06-06 09:14:53-07:00,138
"@mileycyrus woow!! you read our replies  can't wait to see you here in Brazil, Miley!! You're awesome! ",2055403210,2009-06-06 09:15:07-07:00,103
@mileycyrus awrite. Sure tweet me when it's out ;). I can't talk now I gotta study. Ill txt u later ,2055416086,2009-06-06 09:16:31-07:00,100
@mileycyrus yaaaaaaaay ther is a 4th season i read in a magazine that its only 3 i was sooo sadbut now im soo not ,2055432087,2009-06-06 09:18:19-07:00,114
@mileycyrus @tracecyrus you guys are so cute ,2055447983,2009-06-06 09:20:05-07:00,45
@mileycyrus You should come to Liverpool when you come to the UK in November!  xo,2055462960,2009-06-06 09:21:43-07:00,81
@mileycyrus have a good and wonderful day ,2055477171,2009-06-06 09:23:17-07:00,42
@mileycyrus i think u should come to south america  all your argentinians and brazilians fans are going crazy hahaha! please reply ,2055490922,2009-06-06 09:24:49-07:00,131
@mileycyrus i love uu do u ever come to the netherland? my support 4 u  reply back,2055491138,2009-06-06 09:24:50-07:00,82
@mileycyrus  im so glad that you are comming to the uk in December for your tour ,2055491574,2009-06-06 09:24:53-07:00,81
@mileycyrus i love u do u ever come to the netherland? my support 4 u  reply back,2055492316,2009-06-06 09:24:58-07:00,81
@mileycyrus hey miley can u follow me?  xxx,2055524914,2009-06-06 09:28:37-07:00,43
@mileycyrus hey miley!i'm a brazilian fan and i'm so happy  I love you so much and your movie it's perfect love you â¥,2055571005,2009-06-06 09:33:36-07:00,119
@mileycyrus is the most amazin person in this world i swear shes my hero. she gets me thru everythin n i will always support her  yaymiley,2055665968,2009-06-06 09:44:06-07:00,138
@mileycyrus Heyy  Biggest fan  your movie was the best.. you okayy??,2055682356,2009-06-06 09:45:53-07:00,68
@mileycyrus visit Mexico..it would be amazing ,2055683809,2009-06-06 09:46:02-07:00,46
@mileycyrus my little sister is watching disney channel right now dancing to hoedown throwdown!   come to ireland! we loooove youu! ,2055714437,2009-06-06 09:49:23-07:00,132
"@mileycyrus Demi, Miley.. Togehter  haha.. Thats cool.. You should come to Argentina Miley.. Demi had a blast here.. Its your time now â¥",2055715599,2009-06-06 09:49:30-07:00,138
@mileycyrus we're waiting for you miley!! come to brazil soon  love ya,2055727395,2009-06-06 09:50:46-07:00,70
"@MileyCyrus Oh yeah, have fun  Send my 'HI' to @ddlovato",2055760744,2009-06-06 09:54:26-07:00,56
@mileycyrus Thank you so much for coming to the UK in december  <3,2055774478,2009-06-06 09:55:55-07:00,66
@mileycyrus You should come to Argentina ,2055776223,2009-06-06 09:56:07-07:00,41
"@mileycyrus You are my idol, hope u come to Argentina some day, I don't lose hopes. love ya. look my pictures, i do it somethin' for you ",2055831396,2009-06-06 10:02:03-07:00,137
"@nooshin369 haha thanks, ik  maybe ill see the amazing @mileycyrus! haha ;)",2055833160,2009-06-06 10:02:14-07:00,75
@mileycyrus you scare me sometimes. ,2055956379,2009-06-06 10:15:42-07:00,36
@mileycyrus hey are you the real Miley Cyrus? im just wondering im not saying i don't think you are  xx,2055958506,2009-06-06 10:15:57-07:00,103
@MileyCyrus YOU WHERE SO DOPE @ THEGROVE but SING MORE SONGS NEXT TIME  XOXXX,2056208405,2009-06-06 10:43:27-07:00,77
@mileycyrus you are wonderful! â¥ // We are waiting for you in Brazil! ,2056426712,2009-06-06 11:07:24-07:00,72
my father is the best man in the whole wide world  I'll see you at the @mileycyrus concert in October!,2056445603,2009-06-06 11:09:29-07:00,102
@mileycyrus PLEASE come to scotland on your UK tour! <3 p.s im gonna keep doing this until you say your coming! ,2056501851,2009-06-06 11:15:38-07:00,112
@mileycyrus WHAT ABOUT YOUR PERUVIAN FANS?...TRUST ME U GOT MORE THAN MILLIONS.. REPLY U'D MAKE MY LIFE ,2056518670,2009-06-06 11:17:29-07:00,104
"@mileycyrus Awhhh, haha. Hope you guys are well, and bless you all <3 ! Post a photo ! And what's the song about? ",2056572136,2009-06-06 11:23:28-07:00,114
@mileycyrus lucky you. have fun ,2056572315,2009-06-06 11:23:29-07:00,32
"@mileycyrus the music you guys make together is ALWAYS the best! can't wait to hear ""Before the Storm""...and more!!!! ",2056572625,2009-06-06 11:23:31-07:00,118
"@mileycyrus are you right now with nick J? please, tell him that i'll see him next saturday in Madrid  xx",2056573468,2009-06-06 11:23:37-07:00,105
@mileycyrus A new song with Nick!?? yay! Loveeee you!  come to ireland! ,2056573810,2009-06-06 11:23:39-07:00,72
@mileycyrus say to nick that i love him ,2056574249,2009-06-06 11:23:42-07:00,40
@mileycyrus Ha. Sounds fun? Say hi to him for me ,2056574779,2009-06-06 11:23:45-07:00,49
"@mileycyrus thank you. with that one tweet you have flooded my homepage with ""NILEYYYYYYYYYYY!"" thanks. ",2056590290,2009-06-06 11:25:28-07:00,104
@mileycyrus Egg plant plaid? Cool  hope its a great song. I know it will be ;),2056591880,2009-06-06 11:25:38-07:00,78
@mileycyrus  your so lucky! ,2056593386,2009-06-06 11:25:48-07:00,28
@mileycyrus Ooh sorry for that last reply it was meant to be a update! + What is the song about? ,2056608477,2009-06-06 11:27:30-07:00,97
"@mileycyrus just heard a clip of that song, its really good ",2056609249,2009-06-06 11:27:35-07:00,60
@mileycyrus That sounds good Miley! ,2056610901,2009-06-06 11:27:46-07:00,36
"@mileycyrus aw, so cool <3 I can't wait to see these song ",2056624166,2009-06-06 11:29:19-07:00,58
@mileycyrus OMG tell Nick that i Love him && that He's gonna be my husband someday  lol!,2056624182,2009-06-06 11:29:20-07:00,88
@jonasbrothers @mileycyrus @ddlovato @selenagomez are alll together  cannn any of youu say hi to kaitlyn in arizona? I love you alll!,2056624269,2009-06-06 11:29:20-07:00,133
@mileycyrus I Hope Your Having A AWESOME TIME!! ,2056624494,2009-06-06 11:29:22-07:00,48
@mileycyrus cool! tell nick I said hi! ,2056662133,2009-06-06 11:33:35-07:00,39
"@mileycyrus ooh miley, you're so cute, we brazilians love you  s2",2056700252,2009-06-06 11:37:50-07:00,65
@mileycyrus Â¬Â¬ I love you. But I just don't care what you do with Nick. Seariously. Anyways I LOVE YOU. ,2056715492,2009-06-06 11:39:34-07:00,106
@mileycyrus pleasee put down prices for uk shows or i can't go.nick ily see you in 9 days  x x also..is niley back? x please reply x,2056718211,2009-06-06 11:39:53-07:00,132
@mileycyrus Can't wait for you to come to O2 in Decemeber!   Am getting tickets the minute they're out! x,2056718324,2009-06-06 11:39:54-07:00,105
@mileycyrus  send a twitpic of you and nick ,2056735815,2009-06-06 11:41:49-07:00,44
@mileycyrus you rock it  wanna have u in Switzerland for a Gig...,2056753150,2009-06-06 11:43:44-07:00,65
wow Hannah Montana the movie was amazing  @mileycyrus D,2056790125,2009-06-06 11:47:55-07:00,55
@mileycyrus you rock. love Youuu! ,2056823025,2009-06-06 11:51:39-07:00,34
@mileycyrus i'm sure this song gonna be awesome ,2056824051,2009-06-06 11:51:47-07:00,48
@mileycyrus mm.. Miley Cyrus & Jonas Brothers Together in Chile  ... Perfect! <3,2056841513,2009-06-06 11:53:47-07:00,80
It's very surreal seeing updates from @mileycyrus and @ddlovato after just seeing them on tv.  its cool as cookies mannn! ,2056858922,2009-06-06 11:55:46-07:00,122
@mileycyrus soooo happy for what i have just read! ,2056877038,2009-06-06 11:57:49-07:00,51
@mileycyrus damn girl !!! you love this guy !!  just get back together with him !! PLEASE !! ,2056937023,2009-06-06 12:04:16-07:00,93
"PerezHilton :""@mileycyrus Nooooooooo! Keep @ddlovato AWAY from @TraceCyrus!!!!!!!!"" Why?  || I â¥ ice-cream! *____* xoxo <3",2056973766,2009-06-06 12:08:15-07:00,124
"@mileycyrus, if you're still ""writing"" with nick j, you should take a pic of you two and post it! ",2057066112,2009-06-06 12:18:26-07:00,98
@mileycyrus haha miley you just made my day ,2057134844,2009-06-06 12:26:14-07:00,44
I just finished Miles To Go by @mileycyrus in less than a day!  Now I don't know what do now because I'm really bored...,2057190969,2009-06-06 12:32:31-07:00,120
@billyraycyrus Pleaseee dad cyrus come to Puerto Rico with @mileycyrus !! and all your beautiful family ,2057191208,2009-06-06 12:32:34-07:00,104
@mileycyrus im very jealous of you right now! ,2057226140,2009-06-06 12:36:26-07:00,46
@mileycyrus sounds awesome! hope you're having a blast ,2057243555,2009-06-06 12:38:23-07:00,55
Baby V and @mileycyrus are my idols  I love them!! ,2057352261,2009-06-06 12:50:37-07:00,51
@mileycyrus I'd love to be doing that right now  it's so dull and rainy here in England! I'd love to be anywhere else right now!,2057387734,2009-06-06 12:54:43-07:00,128
kinda annoyed with @mileycyrus 1. overpriced tickets 2. tweeting about nick lol i swear she does it to make us jealous  still love u miley,2057405396,2009-06-06 12:56:43-07:00,138
@mileycyrus Miley you have no idea how much i'm freakin out right now about the dark theater thing  u guys r soooo cute <3,2057423420,2009-06-06 12:58:46-07:00,122
BEFORE THE STORM with @mileycyrus and @jonasbrothers is my new favorite song ,2057475813,2009-06-06 13:04:31-07:00,77
i love @mileycyrus! I'm sooo excited about her tour!!! ,2057568824,2009-06-06 13:14:50-07:00,55
realllllllly wanna see @mileycyrus in december. hopinggg ,2057587559,2009-06-06 13:16:56-07:00,57
@mileycyrus heyy just wondering when r u coming to chicago on your tour?? i really wanna go ,2057637259,2009-06-06 13:22:38-07:00,92
@mileycyrus Im coming to see you in Manchester OMG!! i cannot wait iv just seen the tickets on ticketmaster & nearly fell of my chair ,2057638792,2009-06-06 13:22:49-07:00,134
i think that @mileycyrus and nick jonas should back together ,2057655632,2009-06-06 13:24:44-07:00,61
@mileycyrus hope to see u here soon ,2057765559,2009-06-06 13:37:11-07:00,36
@mileycyrus you said you're coming to savannah. when?! i'm a big fan and i would drive up to see you! (i live in decatur.) a date please! ,2057784050,2009-06-06 13:39:15-07:00,138
"@mileycyrus haha, that good. What song is? Im excited ",2057784887,2009-06-06 13:39:21-07:00,54
Just bought @mileycyrus's book miles to go  can't wait to read it.,2058131205,2009-06-06 14:19:39-07:00,66
"@mileycyrus in a DARK theater?? ""writing""??.... well if that's what you wanna call it. be safe or be safe at it ",2058180777,2009-06-06 14:25:37-07:00,112
@mileycyrus: Hello miley!! i love u!!!! you are very very very pretty ,2058264403,2009-06-06 14:35:38-07:00,70
"@mileycyrus hello ,my name is christina.. Im from Norway.. And im gonna be on VG Topp 20 where youre brother gonna sing  i cant wait..xoxo",2058280692,2009-06-06 14:37:35-07:00,138
@mileycyrus @ddlovato Hello Miley and Demi My name is Mathilde. I'm a french fan. I hope that you will do a concert in France soon! ,2058397558,2009-06-06 14:51:38-07:00,132
@mileycyrus it's my favourite thing when he wears any shade of purple ,2058431189,2009-06-06 14:55:44-07:00,70
@mileycyrus you rock! I love the duet you did with the jonas bros! You really do rock!  luv you!,2058449493,2009-06-06 14:58:00-07:00,96
"@mileycyrus Hey Miley I'm back from Orlando, Florida I went to Universal Studios, Magic Kingdom & the beach I had a blast!  ",2058465116,2009-06-06 14:59:57-07:00,124
i can't stop of send them a lot of comennts until @mileycyrus & @MandyyJirouxx reply me ,2058533636,2009-06-06 15:07:51-07:00,88
"@mileycyrus Seen your movie miley  was epic, your pretty good in acting hehe.. take care!",2058724715,2009-06-06 15:30:26-07:00,89
"@mileycyrus isn't Nick always wearing something odd?? Oh wait, that's Joe  well we love them anyways",2058726852,2009-06-06 15:30:41-07:00,100
http://twitpic.com/6s6m2 my enchiladas!!!!  I love @mileycyrus by the way! ,2058877886,2009-06-06 15:48:30-07:00,75
@mileycyrus ooh ur withh nickk :] tell i sed hii ,2058894887,2009-06-06 15:50:30-07:00,49
@mileycyrus hey i love you toooooooooo... I'm from brazil... say ''hi'' to me please... come with demi.... I LOVE YOU BOTH ,2058897485,2009-06-06 15:50:48-07:00,123
@mileycyrus http://twitpic.com/6mns3 - Please miley reply me ,2058913781,2009-06-06 15:52:44-07:00,61
@mileycyrus can u upload a pic of this guy whos rockin a fadded egg plant shirt ,2058928066,2009-06-06 15:54:31-07:00,80
@mileycyrus have fun ,2058944965,2009-06-06 15:56:31-07:00,21
@mileycyrus Can i come ,2058945167,2009-06-06 15:56:32-07:00,23
"@mileycyrus  are u happy ? oh , im . Because u exist ",2058945749,2009-06-06 15:56:37-07:00,53
@mileycyrus make a youtube videooo! ,2058946232,2009-06-06 15:56:40-07:00,36
@mileycyrus you should take pictures ,2058946286,2009-06-06 15:56:41-07:00,37
@mileycyrus Ya'll should make a youtube video  say hi to mee haha!!,2058947575,2009-06-06 15:56:51-07:00,67
@mileycyrus have fun  tell them i said hi..frm their biggest fan(s) including sis.. ily so much. ,2058961075,2009-06-06 15:58:29-07:00,97
@mileycyrus Heyy miley u rockk i love u so muchh!!!!!!!! u  r the best i love ur smile and your voice!!!!!!!!!  -xoxo sophie,2058961509,2009-06-06 15:58:32-07:00,124
@mileycyrus i just had a sleepover with all my bffs last night ,2058961694,2009-06-06 15:58:33-07:00,63
"@mileycyrus You're such an inspiration to young girls everywhere! Keep being yourself, bloody amazing ",2058962196,2009-06-06 15:58:37-07:00,102
@mileycyrus no selena?  love you girls!,2058962228,2009-06-06 15:58:37-07:00,39
@mileycyrus That's so cool! ,2058962343,2009-06-06 15:58:38-07:00,28
@mileycyrus aaaawww   have fun girls <3,2059015506,2009-06-06 16:04:47-07:00,39
@mileycyrus I was watchin your concert in Disney Channel Brazil ,2059031325,2009-06-06 16:06:36-07:00,64
@mileycyrus Its ok Miley just think your going to be haveing a great time making The Last Song hope you have fun out there ,2059031554,2009-06-06 16:06:38-07:00,123
listening wake up america; and others @mileycyrus songs ,2059032323,2009-06-06 16:06:44-07:00,56
@mileycyrus : But then home to TN!  Thought you missed it!,2059033009,2009-06-06 16:06:49-07:00,58
@mileycyrus come to ENGLAND  its the way forward!,2059033114,2009-06-06 16:06:50-07:00,49
@mileycyrus please follow me?  ily!,2059048399,2009-06-06 16:08:39-07:00,35
@mileycyrus are you completley excited for UK !!!!? coz i know i am!!!! ,2059048708,2009-06-06 16:08:41-07:00,72
@mileycyrus hey miley! here in wisconsin they are giving away your concert tickets!! we are so lucky to have you coming here! cant wait! ,2059048985,2009-06-06 16:08:43-07:00,137
@mileycyrus Oooooh. That sounds FUN! Have a GREAT time! ,2059064525,2009-06-06 16:10:32-07:00,56
"@mileycyrus   miley, I tell you something, you're my idol!  , you're the best! <3",2059066239,2009-06-06 16:10:44-07:00,81
@mileycyrus u know it pnlinevso I hope u let me know if there may be conert in Scotland? If stayed up untill 2 to wait for u to come on ,2059067129,2009-06-06 16:10:51-07:00,136
"@mileycyrus so enjoy it  hav fun u & demi! i love u guys! & please come to ARGENTINA! demi tells her about how wonderfull country is, lol.",2059118229,2009-06-06 16:16:59-07:00,138
@mileycyrus I think you should try lower the prices of your tickets ,2059135875,2009-06-06 16:19:07-07:00,68
@mileycyrus Cool! have fun at Slepover ,2059167811,2009-06-06 16:23:03-07:00,39
"@mileycyrus OMG, I love you! I can't wait to see you in BRAZIL ",2059169104,2009-06-06 16:23:13-07:00,63
@mileycyrus You are AMAZINGG! I love you! ,2059201877,2009-06-06 16:27:14-07:00,42
@mileycyrus  awww.. Is Niley coming back. I hope it is cause Niley is the cutest thing ever. ,2059214347,2009-06-06 16:28:46-07:00,93
"@mileycyrus ahhh don't be sad, you'll love Savannah. it's awesome like you! ",2059316864,2009-06-06 16:41:15-07:00,76
@mileycyrus miiiiiiiileeeeeeeeeey  i hope you come to argentina some day!! we love you guuurl!,2059332080,2009-06-06 16:43:07-07:00,94
@mileycyrus im your brazillian fan! Come here soon ,2059514021,2009-06-06 17:05:11-07:00,51
@mileycyrus where are you going miley?  <3 love you,2059516335,2009-06-06 17:05:27-07:00,51
@mileycyrus- i might go to the concert in illinois  im sooo excited!,2059600767,2009-06-06 17:15:35-07:00,68
wants to go see @mileycyrus on tour  hope i get tickets ,2059663982,2009-06-06 17:23:14-07:00,56
@mileycyrus  Hi Miley!! I wish you could come to Peru!!! plz reply!!! ,2059715941,2009-06-06 17:29:36-07:00,70
Today i see the Mtv movie awards.. I really liked the dress I use @mileycyrus.. Shes really nice! ,2059730142,2009-06-06 17:31:16-07:00,98
"@mileycyrus Cool, any sparks? ",2059746303,2009-06-06 17:33:15-07:00,30
"@mileycyrus you're walkin' on sunshinee, wooah ohh ",2059748510,2009-06-06 17:33:31-07:00,51
@mileycyrus http://twitpic.com/6shtr - Where ya at? LOL luv the shirt ,2059749247,2009-06-06 17:33:36-07:00,70
@mileycyrus http://twitpic.com/6shtr - its beautiful fans of Brazil loves you   Love Baby â¥â¥â¥â¥â¥â¥â¥,2059762898,2009-06-06 17:35:14-07:00,111
@mileycyrus that's a lovely view you've got thete ,2059765578,2009-06-06 17:35:33-07:00,50
@mileycyrus http://twitpic.com/6mns3 - wow emily looks really pretty in this pic!! ,2059765606,2009-06-06 17:35:33-07:00,83
"@mileycyrus you should check this out, miles: http://www.fanforum.com/f322 we love you ",2059778421,2009-06-06 17:37:10-07:00,87
@mileycyrus the defacto voice ofa generation just chillaxin...sweet!!! ,2059780670,2009-06-06 17:37:26-07:00,71
@mileycyrus next time you're with alyson from hollywood.tv .. please get a pic! we need to see what he looks like lol. hope you're well ,2059795667,2009-06-06 17:39:14-07:00,136
"@mileycyrus watch the stars at night on the yard  or write a song about what you are feeling, it helps when u are down.. love you!",2059833253,2009-06-06 17:43:41-07:00,130
@mileycyrus Hi! miley  pleaseee come  to MEXICO (cool)here are many fans of yours!! bye!!! we love  u!!!!!  ,2059847889,2009-06-06 17:45:27-07:00,108
"@mileycyrus Dear Miley, I don't see your photo. I hate my computer :@ Miley your the best you deserve in life, you are a amazing person ",2059880651,2009-06-06 17:49:28-07:00,136
@mileycyrus http://twitpic.com/6shtr - Miley come to Santa Ana - see the gangs & violence. Just Kidding. Everyone love you - even me ,2059897895,2009-06-06 17:51:31-07:00,133
@mileycyrus UR LIFE IS PRETTY COOL not everyone gets to be a singer  i mean look at my life it sucks ,2059915179,2009-06-06 17:53:40-07:00,101
@mileycyrus http://twitpic.com/6shtr - COME TO BRAZIIIIIIIIIIL AND THINK ABOUT LIFE HEEEERE! ,2059931025,2009-06-06 17:55:35-07:00,93
@mileycyrus awww make the most if it then  xx,2059982817,2009-06-06 18:01:44-07:00,45
@mileycyrus http://twitpic.com/6shtr - MILEY COME TO BRAZIL !!!!!!!! You can find sunshines in Brazil!  â¥ 2,2060000661,2009-06-06 18:03:50-07:00,109
@mileycyrus http://twitpic.com/6shtr - YOU ARE THE BEST FOR EVER! ,2060016242,2009-06-06 18:05:38-07:00,66
"@mileycyrus http://twitpic.com/6shtr - Every day I'm amazed, I admire you! I wanna be like you  Beautiful picture Miley!! really ",2060048589,2009-06-06 18:09:30-07:00,129
@mileycyrus http://twitpic.com/6shtr - i like miley  is beatiful,2060100062,2009-06-06 18:15:25-07:00,64
@mileycyrus http://twitpic.com/6shtr - nice pic  please come to chile!! we all love u !!!!! ALL SOUTH AMERICA loves u smiles!!!  n p ...,2060121284,2009-06-06 18:17:57-07:00,136
@mileycyrus http://twitpic.com/6shtr - Nice shot ,2060157841,2009-06-06 18:22:13-07:00,49
"@mileycyrus http://twitpic.com/6shtr - Nice place! Where is it? Miley, Argentina want to see you, please  i love you so much",2060189613,2009-06-06 18:25:58-07:00,124
"@mileycyrus http://twitpic.com/6shtr - Miley, come to Brazil! Brazil want a Miley's concert! ",2060190207,2009-06-06 18:26:02-07:00,93
@mileycyrus http://twitpic.com/6fwg3 - I love your eyes ,2060191738,2009-06-06 18:26:12-07:00,56
@mileycyrus @ddlovato wow whem im 15 im still gonna have sleepovers like u! haha never knew u gys were friends! ,2060206052,2009-06-06 18:27:49-07:00,112
@mileycyrus just remember life is a journey not a destination ,2060260862,2009-06-06 18:34:09-07:00,62
"@mileycyrus no worries, you have someone out there praying for you ",2060262162,2009-06-06 18:34:19-07:00,67
@mileycyrus you have a ton of fans waiting for u!  we'll be waiting!  Monterrey is waiting for you! ,2060295140,2009-06-06 18:38:13-07:00,100
@mileycyrus yo miley haha hope I got ur attention what r u nd demi gonna do at the sleepover? ,2060331125,2009-06-06 18:42:14-07:00,94
@mileycyrus Hey Miley.. Do you have YM? Can we chat sometimes? ,2060347125,2009-06-06 18:44:14-07:00,63
@mileycyrus http://twitpic.com/6shtr - You look so peaceful there  And beautiful ofcourse  Love u Miley :3,2060381488,2009-06-06 18:48:03-07:00,106
@mileycyrus http://twitpic.com/6shtr - hey miley  looking very pretty ,2060399899,2009-06-06 18:50:06-07:00,70
@mileycyrus can u still do that 'BOOM SNAP CLAP' cheer w/ Tori???? p.s.i saw it on youtube ,2060453077,2009-06-06 18:56:06-07:00,91
"@mileycyrus ""Never miss a precious minute of your life thinking about people you do not like    Brazil Love you Baby â¥â¥â¥â¥",2060455635,2009-06-06 18:56:24-07:00,129
"@mileycyrus that is soo cute, i agree...best bro of the year award ",2060456347,2009-06-06 18:56:28-07:00,67
@mileycyrus its good 2 c u have a gr8 relationshop wi ur bro  its dead sweet x,2060474296,2009-06-06 18:58:30-07:00,78
@mileycyrus: thats good  cant wait to see u in october!,2060489826,2009-06-06 19:00:12-07:00,55
@mileycyrus im glad you had a good day ,2060490467,2009-06-06 19:00:15-07:00,39
@mileycyrus well thats nice... see what a little sunshine can do?   ,2060490680,2009-06-06 19:00:17-07:00,68
@mileycyrus r u gunna do a tour in Canada? pleeasee reply ,2060491541,2009-06-06 19:00:22-07:00,58
@mileycyrus im glad u had a good day ,2060491613,2009-06-06 19:00:22-07:00,37
@mileycyrus I hate you Miley Cyrus ,2060491765,2009-06-06 19:00:23-07:00,35
@mileycyrus Good for you Miley! You deserve a nice day every once and a while. ,2060491966,2009-06-06 19:00:25-07:00,79
"@mileycyrus ""Do not add days to your life, but life to your days.""  Love Miley Baby  â¥â¥â¥â¥",2060493159,2009-06-06 19:00:32-07:00,97
@mileycyrus OMG miley cyrus your amazing  good romdel ! im gunna upload a photo of you i made..,2060508694,2009-06-06 19:02:15-07:00,95
@mileycyrus you always deserve to have a wonderful day! youre such a sweet person to all your fans! your amazing! keep doing what you do! ,2060509449,2009-06-06 19:02:20-07:00,138
@mileycyrus you better be just in there 'actually' writing  a song and doing nothing else and ill be fine  (dont ruin my day),2060526714,2009-06-06 19:04:17-07:00,125
@mileycyrus that good  what did ya do todayy? x wb pls btw ur ausome ,2060580115,2009-06-06 19:10:23-07:00,69
@mileycyrus http://twitpic.com/6shtr - So beautiful miley  please add me ,2060580247,2009-06-06 19:10:23-07:00,73
@mileycyrus http://twitpic.com/6shtr - BRAZIL LOVE YOU MILEY   BRAZIL LOVE YOU MILEY   BRAZIL LOVE YOU MILEY   BRAZIL LOVE YOU MIL ...,2060598621,2009-06-06 19:12:30-07:00,134
@mileycyrus http://twitpic.com/6shtr - BRAZIL LOVE YOU MILEY  BRAZIL LOVE YOU MILEY  BRAZIL LOVE YOU MILEY  BRAZIL LOVE YOU MILEY  ...,2060615822,2009-06-06 19:14:30-07:00,134
@mileycyrus And u HAVE to do the ghost tour. Savannah is one of the most haunted cities in the US....sleep with the light on ,2060632344,2009-06-06 19:16:28-07:00,125
@mileycyrus http://twitpic.com/6shtr - BRAZIL LOVE YOU MILEY  BRAZIL LOVE YOU MILEY   BRAZIL LOVE YOU MILEY   BRAZIL LOVE YOU MILE ...,2060633182,2009-06-06 19:16:33-07:00,134
@mileycyrus I am so happy you are going to London at the exact same time I will be there from Australia  I'm so pumped to get tickets!!!,2060718713,2009-06-06 19:26:40-07:00,136
@mileycyrus good to hearrr! me too ,2060718742,2009-06-06 19:26:40-07:00,35
@mileycyrus you're lucky to find each other ,2060734824,2009-06-06 19:28:35-07:00,44
@mileycyrus you look really beautiful in that picture Miley... as always ,2060819625,2009-06-06 19:38:24-07:00,73
@mileycyrus I love you miley!!!<3 ,2060820436,2009-06-06 19:38:29-07:00,34
@mileycyrus http://twitpic.com/6shtr - poor miley...haha brazilians will never give up  go people go,2060820950,2009-06-06 19:38:32-07:00,100
"@mileycyrus http://twitpic.com/6shtr - NEW YORK, MEXICO AND BRAZIL = ALL WAITING FOR THE DIVA   NEW YORK, MEXICO AND BRAZIL = ALL WAI ...",2060821184,2009-06-06 19:38:34-07:00,137
Waiting for my bestie  and im so happy im gonna get my tickets to go see @mileycyrus and @metrostation ,2060823045,2009-06-06 19:38:48-07:00,103
@mileycyrus http://twitpic.com/6shtr - now i can see it  aw i like it its a pretty shoot,2060873484,2009-06-06 19:44:43-07:00,88
@mileycyrus I am so glad  I did too!,2060891108,2009-06-06 19:46:45-07:00,36
"@mileycyrus ended up having a wonderful day 'cause of nick j, riiight? ",2060905978,2009-06-06 19:48:27-07:00,71
listening to @mileycyrus's Hoedown Throwdown on the radio... boom boom clap! ,2060923528,2009-06-06 19:50:27-07:00,77
@mileycyrus That's always good to hear. ,2060941384,2009-06-06 19:52:31-07:00,40
@mileycyrus that's great milez and hope tomorrow will be an awesome day too ,2060944112,2009-06-06 19:52:50-07:00,76
Excluding weekends and holidays and work days I have 43 days left at school FOREVER  @ddlovato @Jonasbrothers @mileycyrus @mitchelmusso ,2060960394,2009-06-06 19:54:44-07:00,136
@mileycyrus http://twitpic.com/6shtr - Beautiful photo. Thinking life is good. Take a sun too. Come to Brazil ... Better yet! ,2061082363,2009-06-06 20:08:36-07:00,126
@mileycyrus visit mexico!!!!! pleeeeeeeeeeaseeee!! ,2061083639,2009-06-06 20:08:45-07:00,51
@mileycyrus hey follow me && also follow ur biggest fan @taylorfan508 ,2061084961,2009-06-06 20:08:55-07:00,70
@mileycyrus there is always a rainbow after the storm. ,2061181564,2009-06-06 20:20:35-07:00,55
"@ddlovato YOU ROCK,@mileycyrus DOES NOT  YOU RE AN EXCELLENT PERSON DEMI",2061198224,2009-06-06 20:22:39-07:00,72
@mileycyrus I'm glad u had a wonderful day!  Maybe a certain Nick J had somethin to do with it... who knows...,2061200291,2009-06-06 20:22:54-07:00,110
@mileycyrus http://twitpic.com/6shtr - this picture is gorgeous  its so prettty there!,2061280957,2009-06-06 20:32:37-07:00,86
"@mileycyrus i am more happy now  ,i am watching the climb for the third time in brazilian tv today!  S2 LOVE U 4EVER I SWEAR!",2061314329,2009-06-06 20:36:42-07:00,125
@mileycyrus  You're brudder's gonna be in Manila. I hope you'll come too!! ,2061346139,2009-06-06 20:40:38-07:00,75
@mileycyrus ; i love you!! COME TO MALAYSIA PLEASE!!  YOU ROCK MY LIFE !!!!!!!!!!!!!! I LOVE YOU SO MUCH!!!!!!!!!!!!!!!!,2061381516,2009-06-06 20:45:02-07:00,120
@mileycyrus http://twitpic.com/6mo9z - i really realy want your eyes ,2062038716,2009-06-06 22:11:12-07:00,69
"@mileycyrus http://twitpic.com/6shtr - GOD IS WHIT YOU.. NEVER FORGET, HE LOVE YOU  BLESSES FROM COLOMBIA  !!!",2062121899,2009-06-06 22:23:22-07:00,110
@mileycyrus http://twitpic.com/6shtr - VocÃª Ã© linda miley  you are beautiful!,2062213156,2009-06-06 22:37:08-07:00,79
@mileycyrus good to hear it ,2062241796,2009-06-06 22:41:36-07:00,28
"@mileycyrus 	 ""Love without passion is sad; passion without love is horrific  ",2062253899,2009-06-06 22:43:32-07:00,78
"@mileycyrus aww, glad to hear you two still write together!  makes me happyy!!",2062328401,2009-06-06 22:55:42-07:00,78
"@mileycyrus me too! but busy and full of fun! congrats grads Brittany and Louie!! class of 2009, I love you ",2062347740,2009-06-06 22:59:01-07:00,108
@mileycyrus SMILEY MILEY... YOU'RE THE BEST ,2062480083,2009-06-06 23:21:13-07:00,44
@mileycyrus http://twitpic.com/6pxxd - cool performance ;) love ur eyes.. ,2062573090,2009-06-06 23:37:50-07:00,74
@eonline @mileycyrus Thats great ! ,2062604198,2009-06-06 23:43:33-07:00,35
@mileycyrus holaaaaa hiii please come to peru we love you here please please please  God bless you Miley cyrus byee,2062656960,2009-06-06 23:53:25-07:00,115
@mileycyrus is the most amazing girl ive even know.she totally changed my life ,2062657005,2009-06-06 23:53:26-07:00,79
"@mileycyrus http://twitpic.com/5ncuz - Miley, I love your shoes on this Pic ",2062699216,2009-06-07 00:01:19-07:00,76
"@mileycyrus I seriously wish you could come to Australia. We all love you here, and waiting patiently...  You are one in a million Miles!!",2062794428,2009-06-07 00:19:19-07:00,138
@hawxby i see your following @PhillyD @MileyCyrus @trvsbarker and a few others! OH AND @metrostation! NICE ,2062866310,2009-06-07 00:33:48-07:00,107
@mileycyrus http://twitpic.com/6dvj4 - You look oh so stunning! Simple Beautiufl! Very jelous   lol,2062922879,2009-06-07 00:45:18-07:00,99
@mileycyrus AHH! i will be your friend in Georgia! i can show you all around savannah! its like a 2nd home to me! ,2063060563,2009-06-07 01:13:43-07:00,114
"@mileycyrus http://twitpic.com/6shtr - Wow ! Love the Place, you`re so Pretty ",2063144845,2009-06-07 01:31:58-07:00,78
I want @mileycyrus to come to Malaysia because she is awesome  Haha. Come to M... Read More: http://is.gd/RmKw,2063152674,2009-06-07 01:33:43-07:00,110
"@mileycyrus http://twitpic.com/6shtr - WOW, awesome pic! Miley u're amazing!!! I Love U â¥ Hey Guys, please follow me ",2063154099,2009-06-07 01:34:02-07:00,119
@mileycyrus that's good ,2063191092,2009-06-07 01:42:04-07:00,24
@mileycyrus http://twitpic.com/6shtr - You're such AMAZING girl ! ,2063198804,2009-06-07 01:43:49-07:00,66
@mileycyrus pleeeeease come to germany one day !!  please please please your are THE BEEEEEEST pleeease i love you so so so so so much <3,2063348070,2009-06-07 02:17:48-07:00,137
"@mileycyrus well done at the MTV awards, you totally deserved it ",2063375299,2009-06-07 02:24:22-07:00,65
"@mileycyrus http://twitpic.com/6shtr - @noortjedg  yepp, that's true she doesn't look gorgeous SHE'S SOO GORGEOUS! hah ",2063390428,2009-06-07 02:28:04-07:00,119
"@mileycyrus miley, i really need to know who is real on facebook cos i might have a paedo following me :s haha  Miley RayCy-is that real?",2063416941,2009-06-07 02:34:20-07:00,137
Finish watching Hannah Montana  @mileycyrus rocks! come to malaysia!!,2063448496,2009-06-07 02:42:04-07:00,69
"@mileycyrus http://twitpic.com/6shtr Such A beautiful picture, you look so at peace, Enjoy filming The Last Song ",2063512257,2009-06-07 02:57:51-07:00,113
@mileycyrus looks like an amazing place to be ,2063520613,2009-06-07 02:59:56-07:00,46
"@mileycyrus Hey, Miley. When do your tickkets go on sale for the UK part of your tour? Lots of love. Sophie ",2063522784,2009-06-07 03:00:19-07:00,108
watching a documentery on @mileycyrus i love her!  ,2063581638,2009-06-07 03:14:42-07:00,51
@mileycyrus http://twitpic.com/6shtr - You have beautiful skin and lovely hair ,2063595783,2009-06-07 03:18:13-07:00,79
@mileycyrus http://twitpic.com/6shtr - Miley you're so beautiful  xoxo,2063610016,2009-06-07 03:21:44-07:00,70
@mileycyrus http://twitpic.com/6shtr - This is so damn beautiful  Miley you are sooooo gorgeous I love u,2063621337,2009-06-07 03:24:34-07:00,104
"I'm on a super high right now!! cheer up everybody, after all....doot da doo life's good! priority @mileycyrus tickets BO'YEAH  xoxo",2063629175,2009-06-07 03:26:31-07:00,132
@missjaneo watching @MileyCyrus on Sixty Minutes too  Can i borrow that book after you ,2063636503,2009-06-07 03:28:23-07:00,87
@mileycyrus @RespectMileyC was right awesome interview! come 2 Australia!! The Kangaroos r cuter in person (or animal) i promise ,2063669928,2009-06-07 03:36:27-07:00,129
bye people.maybe the rain will stay away today? haha i doubt it. no matter what tho keep on smiling  @mileycyrus teehee smiley miley ,2063686729,2009-06-07 03:40:35-07:00,133
@mileycyrus looked awsome on the cover of ATREVIDA!  x,2063701268,2009-06-07 03:44:11-07:00,54
@mileycyrus http://twitpic.com/6shtr - Wow...a really cute pic ,2063703227,2009-06-07 03:44:40-07:00,63
@mileycyrus http://twitpic.com/6shtr - this picture is really lovely.   Where is it?,2063751181,2009-06-07 03:56:04-07:00,84
@mileycyrus the picture of you on the grass was cool lol . u look really peaceful . remember things isnt always as bad as they seem  u rok,2063760898,2009-06-07 03:58:28-07:00,138
"@mileycyrus Miley, You are smart,that you gained a prize  The Climb,really superb song. ;)",2063780423,2009-06-07 04:02:47-07:00,90
@mileycyrus Im getting the tickets to your tour tomorrow....your amazing and im soo soo grateful of you doing a tour!!! thank you  xxx,2063785960,2009-06-07 04:04:07-07:00,134
"@TraceCyrus @mileycyrus @ddlovato - BEST TWITTERERS/CELEBRITIES/PEOPLEIDON'TKNOW, EVER. ;) thank you for making my life more fun. ",2063794121,2009-06-07 04:05:59-07:00,130
"@mileycyrus Hey Miley, i'm Claudia from Italy  i think Demi it's soo nice and sweet, also you (of course) i'm your biggest fans ",2063839807,2009-06-07 04:16:44-07:00,128
@mileycyrus http://twitpic.com/6shtr - wooow...you are soo beautiful ,2063847946,2009-06-07 04:18:43-07:00,69
"@mileycyrus playing at the Grove with @mitchelmusso, ",2063855399,2009-06-07 04:20:26-07:00,53
@mileycyrus http://twitpic.com/6shtr - Miley you are beahtuful ,2063889879,2009-06-07 04:28:27-07:00,63
@mileycyrus http://twitpic.com/6pxxd - okay! i just realized i love @mitchelmusso! he is so cute!! so r u miles ,2063933897,2009-06-07 04:38:20-07:00,112
@mileycyrus http://twitpic.com/6shtr - fabulous!  great view!,2063998368,2009-06-07 04:52:37-07:00,61
Reading a magazine with @mileycyrus on it  I love her  She's so cool!,2064026707,2009-06-07 04:58:45-07:00,69
@mileycyrus that's great to hear ,2064027238,2009-06-07 04:58:52-07:00,33
"I'm going to spend my afternoon listening to @Taylorswift13 @MileyCyrus @JonasBrothers and @ddlovato songs, just because I feel like it ",2064033601,2009-06-07 05:00:08-07:00,136
"Woops, missed one out I'm going to spend my afternoon listening to @Taylorswift13 @MileyCyrus @JonasBrothers @ddlovato and @metrostation ",2064058150,2009-06-07 05:04:53-07:00,137
@mileycyrus http://twitpic.com/6shtr - nice pic  ... miley come to montreal please !,2064177066,2009-06-07 05:28:42-07:00,84
@mileycyrus @billyraycyrus  - Im watching the hannah montana movie!! and so far I LOVE IT!!!!!   best movie ever!!!  hehe xxx,2064221032,2009-06-07 05:37:14-07:00,125
@mileycyrus That pictures awesome! Some well earned rest ,2064280858,2009-06-07 05:48:45-07:00,57
"@mileycyrus http://twitpic.com/6shtr - wow, this is so pretty ",2064350587,2009-06-07 06:01:16-07:00,62
@mileycyrus http://twitpic.com/6shtr - That looked nice  You always look so beautiful!,2064359891,2009-06-07 06:02:50-07:00,86
@mileycyrus http://twitpic.com/6shtr - You look so pretty in this pic ,2064408069,2009-06-07 06:10:59-07:00,70
@mileycyrus you are my inspiration to become an actor.  your the best  love ya and I hope to work with you someday,2064409967,2009-06-07 06:11:18-07:00,114
@mileycyrus http://twitpic.com/6shtr - nauw Miley your so cute ,2064422289,2009-06-07 06:13:21-07:00,63
@mileycyrus good u had a good day miley how have u been ,2064506112,2009-06-07 06:27:17-07:00,56
"@mileycyrus http://twitpic.com/54a51 - Justin can kiss you, haha ",2064518456,2009-06-07 06:29:22-07:00,65
"@mileycyrus http://twitpic.com/6shtr - come on to recife, brasil. here we have a lot of sunshines ",2064606624,2009-06-07 06:43:11-07:00,98
@mileycyrus LOVD YOU ON 60 MINUTES TONIGHT AND I LOVE YOUR DOG SOPHIE  SUCH A CUTIE.,2064644742,2009-06-07 06:49:09-07:00,84
I love music @mileycyrus and @ddlovato. I can not wait for season 4 HM ,2064672335,2009-06-07 06:53:18-07:00,71
"@mileycyrus miley, please, come to spain on tour. Spain loves u! ",2064674200,2009-06-07 06:53:36-07:00,65
"@mileycyrus hi miley... The song ""before the storm"" is incredible  i love it... Congratulations ;)",2064756147,2009-06-07 07:05:39-07:00,98
@mileycyrus heyyy mileyyy i'm jessica from milwaukee and i really am hoping to get tickets to your concert in octoberr!! ,2064854709,2009-06-07 07:19:59-07:00,121
@billyraycyrus say to @mileycyrus that brazil loves her.. and u 2 ,2064867442,2009-06-07 07:21:49-07:00,66
still listening to You'll always find your way back home - @mileycyrus !! YOU ROCK!I'm still happy and a bit exhausted ,2065027454,2009-06-07 07:43:54-07:00,119
@mileycyrus is gonna be in concert in december i am so going! ,2065044752,2009-06-07 07:46:13-07:00,62
@mileycyrus http://twitpic.com/6shtr - BRAZIL SCREAMS IN ONE VOICE : WE LOVE MILEY CYRUS! ,2065149231,2009-06-07 08:00:07-07:00,90
"@mileycyrus hey   can u say me, which of this youtube sites is your personal site?   OfficialShmiley  mileycyrusPersonal",2065180974,2009-06-07 08:04:04-07:00,120
"@mileycyrus Saw you on an Australian TV Show Tonight..""60 Minutes""..it was a really good interview..nice to see sofie there too  - Courts",2065182989,2009-06-07 08:04:19-07:00,137
@mileycyrus http://twitpic.com/6dvj4 - well done for best song in a movie award ,2065196876,2009-06-07 08:06:02-07:00,80
"@mileycyrus http://twitpic.com/6shtr - My best diva   ""come on to rio de janeiro, brasil. here we have a lot of sunshines  "" Â²  WE L ...",2065298667,2009-06-07 08:18:29-07:00,137
@mileycyrus http://twitpic.com/6shtr - so peacful. ,2065332867,2009-06-07 08:22:43-07:00,51
@mileycyrus you're adorable and amazing! one of my idols.. ,2065378691,2009-06-07 08:28:25-07:00,59
http://twitpic.com/6tz2f - I love @mileycyrus & Nick @jonasbrothers ,2065381250,2009-06-07 08:28:45-07:00,68
@mileycyrus http://twitpic.com/6shtr - you are such a beautiful girl ,2065609840,2009-06-07 08:56:46-07:00,69
"@mileycyrus Miley, when you come to Brazil? ",2065816615,2009-06-07 09:20:52-07:00,44
@noahcyrus it says in @mileycyrus's biography that your room is full of animals. That is so awsome and I want mine like that very soon. ,2065835979,2009-06-07 09:23:10-07:00,136
@mileycyrus hi miley!please come to spain in your world tour!!!! we love u!!! travel to england are so expensive! we love u in here ,2065853101,2009-06-07 09:25:10-07:00,132
@mileycyrus come to brazil with billy ,2065940314,2009-06-07 09:35:09-07:00,38
@mileycyrus hey miley .... a pleasure to have your twitter pierina my name and I would love to meet you on here! ,2066210290,2009-06-07 10:05:33-07:00,113
@mileycyrus http://twitpic.com/6shtr - I love it!! You are really cute in this photo!!! Greetings from Venezuela ,2066301771,2009-06-07 10:15:41-07:00,113
@mileycyrus and also my boss is letting me come home early just so i cant get my tickets!! good thing i work on a farm with a cool boss! ,2066357057,2009-06-07 10:21:58-07:00,137
@mileycyrus hi miley! Just wanna tell u that maybe u should reply ur fans more. Some of them are just dying to get a reply from you. xoxo ,2066425614,2009-06-07 10:29:52-07:00,138
@mileycyrus please come to Argentina in your tour! ,2066500942,2009-06-07 10:38:21-07:00,51
"@mileycyrus Hey Miley !! Your song ""the climb"" is sooooo cool - the best song of the world ",2066790569,2009-06-07 11:10:36-07:00,91
@mileycyrus http://twitpic.com/3o4az - awww this is a sweet pic ,2066866027,2009-06-07 11:18:58-07:00,64
"@mileycyrus "" BRAZIL SCREAMS IN ONE VOICE WE LOVE MILEY CYRUS!  """,2067144187,2009-06-07 11:49:39-07:00,65
"@mileycyrus when's send it on coming to iTunes? I want that song BAAD! I've never heard the full version, but it seems great. Rock on ",2067180419,2009-06-07 11:53:37-07:00,134
wants to see @mileycyrus on december 13th ,2067199304,2009-06-07 11:55:41-07:00,42
"@mileycyrus http://twitpic.com/6pxxd - will u come to BARCELONA, Spain  ?",2067257424,2009-06-07 12:01:44-07:00,73
"@mileycyrus i watched da MTV movie awards, i loved your dress,!!! where did you get itt? PLEASE SAY HIII  xxxxxxxx",2067296183,2009-06-07 12:05:44-07:00,114
@mileycyrus Hey Miley  I'm a biiiig fan of you!  I totally love you! Follow me PLEASE!,2067296303,2009-06-07 12:05:45-07:00,86
"@mileycyrus OMG Miley ! You're just matching so well with nick i'm so happy to see that your friends again ""just friends"" ",2067296671,2009-06-07 12:05:48-07:00,122
@mileycyrus MILEY YOU ARE AWESOME! .... I LOV U SO MUCH  ...please come to PERU ..,2067333597,2009-06-07 12:09:41-07:00,82
@mileycyrus please add Scotland to your UK tour? ,2067334172,2009-06-07 12:09:45-07:00,49
"@mileycyrus I saw the Hannah Montana movie today...OMG, it was so amazing! Miley, you rock ",2067335685,2009-06-07 12:09:55-07:00,91
@mileycyrus i cant wait to see in concert when you come to england ,2067394286,2009-06-07 12:15:58-07:00,67
"@mileycyrus you shall love Savannah. It's truly fabulous. I know, I live there. ",2067396480,2009-06-07 12:16:12-07:00,80
"its 3am, I should be sleeping and not wandering. Gah!  Goodnight! have a great day @catalinaloves @aplusk @mileycyrus @Petro_DrIg_Eng",2067415018,2009-06-07 12:18:10-07:00,133
@mileycyrus http://twitpic.com/6shtr - love this ,2067416096,2009-06-07 12:18:17-07:00,49
@mileycyrus http://twitpic.com/6shtr - This is a really nice picture ,2067416115,2009-06-07 12:18:17-07:00,69
@mileycyrus cant wait to see you dec23!! ,2067433479,2009-06-07 12:20:08-07:00,41
"@mileycyrus is the Elizabeth Pediatric AIDS event the one that you talked about in ""Miles to Go""? Have fun ",2067453600,2009-06-07 12:22:15-07:00,107
@mileycyrus miley you should go to the breast cancer walk September 26 ,2067470463,2009-06-07 12:24:06-07:00,71
http://twitpic.com/6ulb6 - @Jonasbrothers @mileycyrus Thank you for giving us Niley fans hope!  Please don't crush it again!  I looo ...,2067528392,2009-06-07 12:30:18-07:00,136
@mileycyrus good luck at the show today  jess,2067549395,2009-06-07 12:32:32-07:00,45
"been listening to @mileycyrus the whole day, I'm loving the hoedown throwdown. I know all the moves aswell  haha",2067565716,2009-06-07 12:34:15-07:00,112
@mileycyrus next time you're with alyson from hollywood.tv .. please get a pic! we need to see what he looks like lol. hope you're well ,2067569143,2009-06-07 12:34:37-07:00,136
"@mileycyrus http://twitpic.com/6shtr - Hey Mile's, I thinkk someone wants you to come to Mexico. VV  Justa guess. ",2067585376,2009-06-07 12:36:20-07:00,114
@mileycyrus so excited ur cumin 2 Dublin u rock!! U'll love Ireland ,2067585539,2009-06-07 12:36:21-07:00,68
"@mileycyrus If this twitter gets hacked, then You know that I dont hate you you can just tell by my username ",2067586772,2009-06-07 12:36:30-07:00,109
@mileycyrus 	 Miley is not cansadinha listening a song cool you happy quick   â¥â¥â¥,2067588433,2009-06-07 12:36:40-07:00,87
@mileycyrus I love that song from the HM 3 CD! ,2067605822,2009-06-07 12:38:28-07:00,47
"@mileycyrus http://twitpic.com/6shtr - B-E-A-U-T-I-F-U-L  you look so young, and your makeup is flawless.",2067606106,2009-06-07 12:38:30-07:00,105
@mileycyrus im mixed up ,2067624965,2009-06-07 12:40:27-07:00,24
"@mileycyrus Know this ....the ""STORM"" is over ....you love rainbows right? I see a beautiful one on Just Jared Jr. ",2067627819,2009-06-07 12:40:45-07:00,115
@mileycyrus i wish you'd come to Brazil someday  i adore Hannah  and Miley too of course ;P â¥,2067644801,2009-06-07 12:42:32-07:00,95
"@mileycyrus mmm what feeling girl?? lov ya  and if u need help, i'm here! kisses from argentina <333",2067647167,2009-06-07 12:42:47-07:00,100
"@mileycyrus hi miley! come to spain in tour, please.  good luck!",2067662779,2009-06-07 12:44:28-07:00,64
@mileycyrus Already know you are gonna LOVE City Market. Wait until u eat at Vinny Van Go Go's ....awesome Pizza/Pasta ... ,2067663100,2009-06-07 12:44:30-07:00,123
http://twitpic.com/6umwn - that's me! - a photo to win a violet guitar signed by @mileycyrus. had to take a rock pic!  Not the best!,2067663556,2009-06-07 12:44:33-07:00,132
@jonasbrothers teenies are gonna choke on their own saliva and die when they see the send it on candids. @mileycyrus NILEY FTW ,2067665274,2009-06-07 12:44:44-07:00,127
@mileycyrus miley!!!!! plzzzzzzzzzzz tweet back n say hi!!  plz plz plz plz plz plz am goin to both of ur dates in dublin!!!! plz plz plz,2067704808,2009-06-07 12:48:51-07:00,137
"@mileycyrus keep in mind that you are unique not for what you have, but for the great girl you are inside ",2067720768,2009-06-07 12:50:32-07:00,106
"@mileycyrus @mileycyrus there's a world outisde America and England and I need you to visit it, come to Sweden!!  <3",2067720884,2009-06-07 12:50:32-07:00,116
@emilymatthews my number 1 is this is me... havnt listened to it since march though! mines full of the saturdays & @mileycyrus !  ....,2067722028,2009-06-07 12:50:40-07:00,134
"@mileycyrus ""im so mixed up, can somebody help me""  love that song!!",2067722068,2009-06-07 12:50:40-07:00,68
I cant wait to get my @mileycyrus tickets tomorrowwww. ,2067748791,2009-06-07 12:53:32-07:00,55
@mileycyrus it would be very nice and important for me when your answer my question (backroundsinger) ,2067749547,2009-06-07 12:53:36-07:00,102
@mileycyrus can't wait to hear the song that you and nick j wroteeee ! you guys are so cute ,2067778896,2009-06-07 12:56:44-07:00,92
"@mileycyrus miley, girl. i hope you have a safe flight. i can't wait till oct. your coming to texas! ",2067779191,2009-06-07 12:56:46-07:00,101
#dontfollowsunday @mileycyrus @ddlovato and any other disney children ,2067819034,2009-06-07 13:00:51-07:00,70
@mileycyrus im so glad you had a nice time yesterday  *cough* YouandNick*cough*,2067859030,2009-06-07 13:05:00-07:00,79
"@mileycyrus I love u so much, Miley!!! Come to Brazil, plz!!! We are waiting for u!!! ",2068057607,2009-06-07 13:25:31-07:00,86
"@mileycyrus i hope you have a great time!! is it your first trip to Savannah?? it is B-E-A Utiful there!!!  (no bias, since i''m from GA) ",2068059813,2009-06-07 13:25:44-07:00,138
@mileycyrus I LIKE IT! ,2068078209,2009-06-07 13:27:39-07:00,23
@mileycyrus I hope you'll feel better...and just relax it help trust me ,2068078222,2009-06-07 13:27:39-07:00,72
Guess what? My mom is being nice enough and decided to lend me her credit card to buy the @mileycyrus tickets!! Yayyy. I guess I'm going. ,2068079039,2009-06-07 13:27:46-07:00,138
NILEY FOR LIFEEEE!  love them.. sooo cute ;] @mileycyrus you will see.. @weSupportNiley is rght :],2068136452,2009-06-07 13:33:41-07:00,98
@mileycyrus Your duet with Nick Jonas is beautiful  [Before The Storm],2068237864,2009-06-07 13:44:15-07:00,70
@mileycyrus please come to Argentina in tour!!!!!!!!!!!!!!!!!  We looovee youuuuuuuu,2068513752,2009-06-07 14:12:39-07:00,84
"@mileycyrus  I am a big fan of the world, much like he won the prize for best music!   Congratulations ",2068536830,2009-06-07 14:15:06-07:00,103
@mileycyrus text me when you get to the airport ,2068557088,2009-06-07 14:17:14-07:00,48
omg @metrostation are backing @mileycyrus in Dublin xD i HAVE to go ,2068799204,2009-06-07 14:43:13-07:00,68
first official tweet from Jewel for me. I MISS YOU @mileycyrus !! Love you lotss! ,2068836171,2009-06-07 14:47:14-07:00,82
"@mileycyrus http://twitpic.com/6shtr - I saw the pictures of you, Selena, Demi & JB  you guys looked like your were having fun at that ...",2068870503,2009-06-07 14:51:03-07:00,138
Sat at bus stop listening to @mileycyrus eating a pear ,2068963678,2009-06-07 15:01:14-07:00,55
"@mileycyrus ""The affection is responsible for nine-tenths of a solid and durable happiness exists in our lives   ",2069007788,2009-06-07 15:05:49-07:00,113
@mileycyrus Gettin your book Miley Cyrus : Miles To Go tommorrow woo ,2069101334,2009-06-07 15:15:50-07:00,69
@mileycyrus http://twitpic.com/6dvj4 - You were rather funny when you got your award :')! Nice dress  xx,2069118618,2009-06-07 15:17:43-07:00,104
@mileycyrus http://twitpic.com/6shtr - miley makes a rest DDDDDD lets do sleep than you have it become   you are so busy ::))),2069268426,2009-06-07 15:34:03-07:00,126
@mileycyrus Would you like coming to Argentina? because we want a concert!  We love u miley â¥,2069268996,2009-06-07 15:34:05-07:00,95
@mileycyrus http://twitpic.com/3o5f1 - This made me LOL ,2069306102,2009-06-07 15:38:10-07:00,56
http://twitpic.com/6v57g - @mileycyrus performing live right now. ,2069360818,2009-06-07 15:44:10-07:00,66
@mileycyrus when are you gonna come to nz miley? your daddy came here bout 15 years ago i think... my dad went to see him ,2069450847,2009-06-07 15:54:12-07:00,122
"sooo excited, going to see @mileycyrus on tour in december ",2069624174,2009-06-07 16:13:12-07:00,59
@billyraycyrus Everyone stop typing Im trying to get @mileycyrus @billyraycyrus attention TAKE A PAUSE PLEASE ,2069638559,2009-06-07 16:14:52-07:00,110
mom_on_mission@billyraycyrus Everyone stop typing Im trying to get @mileycyrus @billyraycyrus attention TAKE A PAUSE PLEASE ,2069677234,2009-06-07 16:19:17-07:00,124
"@mileycyrus "" BRAZIL SCREAMS IN ONE VOICE WE LOVE MILEY CYRUS!  """,2069751843,2009-06-07 16:27:41-07:00,65
@mileycyrus That's a beautiful quote  x,2069771274,2009-06-07 16:29:52-07:00,39
@mileycyrus that is so true girl! haha tell my boyfriend that!  lol -Life Is Gd -,2069772335,2009-06-07 16:30:01-07:00,81
"@mileycyrus soo true miley, having a little trouble i'm guessing? cheer up beautiful  im not a creeper haha dont worry.",2069789969,2009-06-07 16:31:53-07:00,119
NEW FAVORITE SONG: BEFORE THE STORM - @Jonasbrothers ft. @mileycyrus cant wait to hear it completee! ,2069790775,2009-06-07 16:31:58-07:00,101
@MileyCyrus: ï¿¼ U GOT THAT RIGHT! ,2069809675,2009-06-07 16:34:03-07:00,35
"@mileycyrus im mixed up, somebody help me ",2069847101,2009-06-07 16:38:09-07:00,42
@mileycyrus http://twitpic.com/6shtr - please come to argentine ,2069863999,2009-06-07 16:40:04-07:00,64
@mileycyrus I thought it was say not express XD but eh ur verison! ,2069865257,2009-06-07 16:40:12-07:00,67
@billyraycyrus @mileycyrus Please fans!! help Miley to win http://bit.ly/gnCLm Miley needs your votes!!! ,2069882814,2009-06-07 16:42:10-07:00,105
@mileycyrus thats an interesting concept ... ,2069883472,2009-06-07 16:42:15-07:00,45
@mileycyrus Ican't wait to see you in brazil! I will go to all the cities you will perform here! xoxo lave ya! ,2069884016,2009-06-07 16:42:19-07:00,111
@mileycyrus i cant wait for ur 2009 tour. i love you and your such a good role model and inspiration! ,2069900042,2009-06-07 16:44:06-07:00,102
"@mileycyrus hi miley  , would you follow me please  ? love emma xx",2069918989,2009-06-07 16:46:14-07:00,66
"@mileycyrus life is like a mirror, it smiles at you if you look at it smiling ",2070172270,2009-06-07 17:13:14-07:00,78
"@mileycyrus if you find it out, explain me, please ",2070346642,2009-06-07 17:32:01-07:00,51
@mileycyrus it hurts because that person has impacted your life in some sort and you dont want to say good bye  thats why it hurts,2070347866,2009-06-07 17:32:08-07:00,130
@mileycyrus to make saying hello feel so good the next time ,2070347960,2009-06-07 17:32:08-07:00,60
"@mileycyrus its just a part of life, i guess. hoping for the best with presales tomorrow. im gonna die if i actually get tickets ",2070367776,2009-06-07 17:34:15-07:00,129
"@mileycyrus because saying good bye means your never gonna see them again, thts y u say see you later ",2070368325,2009-06-07 17:34:18-07:00,102
@mileycyrus because the person you said goodbye to hugged you too hard and crushed you ,2070389260,2009-06-07 17:36:29-07:00,87
"@mileycyrus heey, miley come to brazil! ",2070404790,2009-06-07 17:38:08-07:00,40
@mileycyrus Try farewell instead of goodbye. It leaves the door open for a return. Smile ,2070405688,2009-06-07 17:38:13-07:00,89
@mileycyrus http://twitpic.com/6shtr - please con to VENEZUELAAAAAAAA... you look so gorgeous! VENEZUELA LOVES YOU ,2070406716,2009-06-07 17:38:20-07:00,115
@mileycyrus it only hurts when you can't say hello again. ,2070426287,2009-06-07 17:40:23-07:00,58
"@mileycyrus I totally agree with you! But it feels so good when you back, or see someone after a longe time  Come to Brazil, Miley!",2070429904,2009-06-07 17:40:46-07:00,131
"@mileycyrus I hope you're alright, Miley. Just know that you'll NEVER have to say goodbye to the fans  We're always here!",2070467182,2009-06-07 17:44:50-07:00,121
@mileycyrus - Show tonight rocks. ,2070523214,2009-06-07 17:50:48-07:00,34
@mileycyrus my brother is exactly 2 days older than you! hahaha i love you and your show ,2070581856,2009-06-07 17:57:09-07:00,89
@mileycyrus don't let him know that! He might start charging you! ,2070582552,2009-06-07 17:57:13-07:00,66
@mileycyrus $10000000 says I'd rival your dad for good therapy. Helping people with their problems is my favorite thing to do ,2070620410,2009-06-07 18:01:06-07:00,126
"@mileycyrus  do u have any facebook? if yes, can I add u as friend? ",2070661553,2009-06-07 18:05:16-07:00,68
@mileycyrus Have fun in Savanah  Im guessing you are leaving to film the Last Song for the next 2 months huh? Anywho have fun ,2070726078,2009-06-07 18:11:38-07:00,126
I can't wait! Tomorrow is the Mileyworld pre-sale for @mileycyrus concert!!!!  ahhhhhh!!!,2070788468,2009-06-07 18:17:55-07:00,89
"@mileycyrus i have this awesome quote for you miley  our greatest glory is not in never falling, but in rising everytime we fall. xoxo em",2071364655,2009-06-07 19:16:34-07:00,137
@mileycyrus nick just wrote beautiful things about you  i'm so happy ! i totally agree with him ... you're AMAZING !,2071542642,2009-06-07 19:33:57-07:00,116
@mileycyrus I would love to know if you'll possibly perform in Canada one day! You're an awesome singer/performer!!! Please reply to me! ,2071730729,2009-06-07 19:50:25-07:00,137
@mileycyrus you're going to be soooooo HAPPY when I tell you this. Lesley has a twitter! ,2071771416,2009-06-07 19:54:13-07:00,89
@tessalee AHHH. Im so exicted for @mileycyrus like GAHHHHHHH ,2072167485,2009-06-07 20:31:13-07:00,61
@mileycyrus http://twitpic.com/6shtr - Which Myspace Is Yours ? Theres So Many? Arrrgh Cutee Picture ,2072245653,2009-06-07 20:39:42-07:00,101
"@mileycyrus best quote I've heard THE CLIMB makes me cry  I love it, my friend & I made a video  to your song ",2072390609,2009-06-07 20:56:10-07:00,110
"@mileycyrus thats cool (: im excited for season 4, cause season 3 was awesome lol!  can i ask you for some advice, please?",2072444764,2009-06-07 21:02:17-07:00,122
@mileycyrus may God protect on ur trip God Bless You ,2072481110,2009-06-07 21:06:31-07:00,53
"@mileycyrus omgggg, duuuuudeeeeeee  i wanna know your sn so we can ichat  lmao. thadd be frickin insanneee!! heres mine  xkellyxcrazyx",2174376350,2009-06-14 22:25:28-07:00,134
@mileycyrus http://twitpic.com/47uaq - awwwww!!it is similar to my cubbie wendy cool ,2174392056,2009-06-14 22:27:27-07:00,85
@mileycyrus heard your in savannah; hope you're enjoying georgia.  maybe i'll see ya when me and my bestie go down to tybee.,2174554019,2009-06-14 22:47:53-07:00,124
"@mileycyrus P.S 3 years ago my heart broke cause we couldnt have a baby, thanks 2 IVF look@my pic, lovelyl twin girls, life turns around ",2174630214,2009-06-14 22:58:00-07:00,137
"@mileycyrus http://twitpic.com/7fdyd - awww this is a great picture miley!  i see the sun was shining, unlike MIAMI over here >_",2174663136,2009-06-14 23:02:07-07:00,128
"""i learned from you"" -@mileycyrus & her dadddyy is an amazing song ",2174677018,2009-06-14 23:03:57-07:00,67
"@mileycyrus dont worry about the state of your heart, if you dwell on how much it hurts, it takes longer to heal, think of the good times ",2174751654,2009-06-14 23:13:59-07:00,138
@mileycyrus are you sad because magic lose? cheer up!! next season will be theirs!!! ,2174807390,2009-06-14 23:21:45-07:00,85
@mileycyrus and @ddlovato it would be so awesome to meet and pray with you/them... what a wonderful day that would be! ,2174906581,2009-06-14 23:35:56-07:00,119
"Aint about whats waiting on the other side, it's the CLIMB! Get the new @mileycyrus ringtone 4 ur Aussie mobile http://tinyurl.com/ldhs6t ",2174908637,2009-06-14 23:36:14-07:00,138
"@mileycyrus http://twitpic.com/7e01t - love this picture, and ur sunnies ",2174957919,2009-06-14 23:43:40-07:00,73
@mileycyrus great song ,2174973426,2009-06-14 23:46:02-07:00,23
"@mileycyrus http://twitpic.com/6wjhb - miley you are so beautiful I love you, blessings. ",2174986850,2009-06-14 23:48:05-07:00,89
"@MileyCyrus ""The Climb"" made me love you!!!!!!! ",2175053689,2009-06-14 23:58:26-07:00,48
@mileycyrus http://twitpic.com/7fdyd - AWW! she is the cutest!  u both look beautiful!,2175093773,2009-06-15 00:04:12-07:00,86
@mileycyrus http://twitpic.com/7e01t - U LOOK SOOOOOOOO GORGOUSE! i â¥ ur ipod! its cute! i want an ipod bor my b-day....july 20th ,2175107055,2009-06-15 00:06:08-07:00,132
P.s my default it the miley cyrus look haha  i love her. So i tried and i cant @mileycyrus,2175119010,2009-06-15 00:08:00-07:00,90
@mileycyrus http://twitpic.com/75jdc - miley! i â¥ ur hair! its-its-its INCREDIABLE! n i â¥ ur shades.! cute! p.s i â¥ ur nose ring too! ,2175122376,2009-06-15 00:08:32-07:00,140
@mileycyrus http://twitpic.com/7fdyd - just cute a younger miley  arent little sister's awesome!,2175310068,2009-06-15 00:38:06-07:00,96
@MileyCyrus i'm just like @PerezHilton listening to The Climb on repeat. i love that song sweety ,2175363599,2009-06-15 00:46:51-07:00,97
and that the world misses @mileycyrus smile ,2175470985,2009-06-15 01:04:44-07:00,44
@mileycyrus thankyou for being human. Not just a hollywood robot. Ur a legend babe ,2175504950,2009-06-15 01:10:30-07:00,83
@mileycyrus http://twitpic.com/7fbzf - that's so beautiful  really  i want to see that in one day ,2175519855,2009-06-15 01:13:04-07:00,98
Ive Just Started Reading @mileycyrus's Book Makes Me Cry Everytime  She Is Truely A Star x So Down To Earth ,2175529544,2009-06-15 01:14:42-07:00,108
@mileycyrus http://twitpic.com/7f5fy - This pic is great  Your smile is pretty ,2175530384,2009-06-15 01:14:51-07:00,79
"@mileycyrus http://twitpic.com/78urd - Miley, u look soooo much better like this...  its soooo laid back!",2175530660,2009-06-15 01:14:54-07:00,105
"@mileycyrus ...100% agree, that and watching funny videos on youtube ...cheer up, life will get better when you least expect it ",2175552794,2009-06-15 01:18:49-07:00,128
"@mileycyrus http://twitpic.com/7e01t - miley you are so sweet at this pic ,and omg i have the same ipod and glasses ",2175564159,2009-06-15 01:20:43-07:00,116
@mileycyrus http://twitpic.com/3pksr - Lol.. im with u.. i LOVE Starbucks! ,2175609216,2009-06-15 01:28:34-07:00,75
@mileycyrus http://twitpic.com/7e01t - so pretty... and i have That IPOD TO ,2175610040,2009-06-15 01:28:44-07:00,76
@mileycyrus are u not in your mood?maybe it's bcause all-black-and-white pictures & background.u just need some color and u'll be happy ,2175610388,2009-06-15 01:28:47-07:00,136
@mileycyrus coming to guest perform @Jonasbrothers concert?!  no wayyyyy.,2175610842,2009-06-15 01:28:53-07:00,73
"@mileycyrus thats show is so funny, over here (in the UK) we have ""you've been framed"" its hilarious ",2175713394,2009-06-15 01:46:44-07:00,101
@mileycyrus http://twitpic.com/7fdyd - your sister isn't beautiful as you ,2175816138,2009-06-15 02:04:51-07:00,74
@mileycyrus http://twitpic.com/7e01t - i really love ur shades. ,2175897334,2009-06-15 02:19:01-07:00,64
@mileycyrus http://twitpic.com/7fdyd - ur hairs likkkkke so longgg lol  sweet pic  x,2176114292,2009-06-15 02:57:31-07:00,84
@mileycyrus http://twitpic.com/7fdyd - yeah its true!!! being kid is so good   ps!i love ur tan ,2176137978,2009-06-15 03:01:24-07:00,96
@mileycyrus pleaseee come to Malaysia!! PRETTY PLEASE!!  xoxoxo,2176161981,2009-06-15 03:05:27-07:00,63
@mileycyrus http://twitpic.com/7e01t - we have the same ipod! lol cool! ,2176221751,2009-06-15 03:15:55-07:00,72
Bye. Gotta eat my dinner. Doing some of my rquirements.  Before the Storm - @mileycyrus and @nickjonas. Hi to @keeeeesh. See ya tomrw. ,2176374080,2009-06-15 03:41:58-07:00,135
@mileycyrus http://twitpic.com/7fdyd - woow man yu all must have a lot of sun  .. ohh heyy miley i can tell by your status thingys tha ...,2176397754,2009-06-15 03:45:51-07:00,138
hey @mileycyrus! how can you forget to wear your live jacket on a jetski??? BE CAREFULL!!  xoxo. lol,2176469452,2009-06-15 03:57:47-07:00,100
@mileycyrus http://twitpic.com/7e01t - ahh..iÂ´ve got the same ipode ..which song so you listen?love ya ,2176511817,2009-06-15 04:04:13-07:00,104
@mileycyrus http://twitpic.com/7f5fy - love your smile!!!  i wonder who the person is? loL  ,2176566015,2009-06-15 04:12:32-07:00,92
@mileycyrus http://twitpic.com/7e01t - I HAVE THE SAME IPOD.... ,2176590806,2009-06-15 04:16:17-07:00,64
"@mileycyrus  I will try to heal my hearth too with ""Americas funniest home videos""  from you#1 fan in italy, I hope you have a nice day",2176695264,2009-06-15 04:31:56-07:00,135
@mileycyrus http://twitpic.com/7fdyd - i agree . being a kid you dont have to worry about anything  except what game to play lol . she ...,2176737750,2009-06-15 04:38:06-07:00,138
@mileycyrus i love that song  its beautiful,2176971511,2009-06-15 05:10:19-07:00,43
Good Morning Twitter.  I read Miles To Go. @mileycyrus Your book is Amazing. ,2176991198,2009-06-15 05:12:55-07:00,77
@mileycyrus http://twitpic.com/7e01t - and what is your favourite song? ,2177131251,2009-06-15 05:30:49-07:00,72
@mileycyrus http://twitpic.com/7f5fy - YouÂ´re funny and pretty  IÂ´ll try it too xD,2177212378,2009-06-15 05:40:51-07:00,84
Song of day....... Maybe Bla.... No Hmmm. Song of day is........ tam tam tam rammm Before the storm.   <3333 @mileycyrus @jonasbrothers,2177261931,2009-06-15 05:46:50-07:00,135
@mileycyrus http://twitpic.com/7fdyd - nice picture .. very nice weather... We have hot too!  I love swim in the pool.. ItÂ´s fun ,2177348905,2009-06-15 05:56:53-07:00,130
"@mileycyrus http://twitpic.com/7fdyd - miley i love you, please come in out village in germany...!!   ;)",2177390098,2009-06-15 06:01:20-07:00,104
@mileycyrus http://twitpic.com/7fdyd - awww...!!! it's sooo cute ,2177486125,2009-06-15 06:11:25-07:00,65
I still can't beleive that me and @mileycyrus have d same glasses ! ,2177502470,2009-06-15 06:13:11-07:00,68
@mileycyrus the eventually do. I hope your troubles go away soon ,2177504341,2009-06-15 06:13:23-07:00,65
"@mileycyrus http://twitpic.com/7f5fy - You are pure gawjuss!!!! I total wish ah was yhoo, lol!!!!  xxxxxxx",2177642246,2009-06-15 06:27:34-07:00,106
@mileycyrus http://twitpic.com/7e01t - oo   I've got same iPod  Ä± love you miley ,2177719660,2009-06-15 06:35:21-07:00,82
@mileycyrus http://twitpic.com/7fbzf - Michael Buble's song  Mmm...,2177739346,2009-06-15 06:37:21-07:00,67
"@mileycyrus http://twitpic.com/7e01t - I love this picture, you look so chilled out!  oh and i want your sunnies!  xx",2178078760,2009-06-15 07:09:47-07:00,117
@mileycyrus http://twitpic.com/7fdyd - even you where like 10 years old ... ,2178257078,2009-06-15 07:25:56-07:00,76
@mileycyrus Heyy.  goodmorning sunshine! How are you doing?,2178437493,2009-06-15 07:42:03-07:00,59
@mileycyrus in my own personal oppinion they do  and do cry hun x,2178501941,2009-06-15 07:47:44-07:00,65
@mileycyrus  in my own personal oppinion they do run dry  and don't cry hun. cheer up  x,2178518570,2009-06-15 07:49:12-07:00,88
@mileycyrus your voice is soooooooooo amazing and bottom of the ocean is the best song youÂ´ve ever written ,2178554876,2009-06-15 07:52:20-07:00,108
"@mileycyrus today its my birthday, could you please send me a shout out  im from chile, I LOVE U MILES ",2178575071,2009-06-15 07:54:08-07:00,103
@mileycyrus http://twitpic.com/7fdyd - so what can i say... so cute ,2178815825,2009-06-15 08:14:41-07:00,68
@mileycyrus have fun ,2179035066,2009-06-15 08:33:10-07:00,21
@mileycyrus SO interesting miley! i love you! smile please ,2179057906,2009-06-15 08:35:04-07:00,59
"@mileycyrus when you have your first day off, come visit me in ft.pierce florida!  we can go to the beach! ",2179058046,2009-06-15 08:35:05-07:00,107
@mileycyrus  Let it roll! ,2179058355,2009-06-15 08:35:07-07:00,26
"@mileycyrus Good Luck, you will do awsome as always  ",2179058801,2009-06-15 08:35:09-07:00,53
@mileycyrus I'm happy for you ,2179060512,2009-06-15 08:35:17-07:00,30
@mileycyrus i hope to see u soon in brazil ,2179081951,2009-06-15 08:37:07-07:00,43
"@mileycyrus good luck, hope you have an awsome time. ",2179083017,2009-06-15 08:37:12-07:00,53
@mileycyrus hi miley just wanted to ask what inspired you to become an actor?? please reply ,2179084841,2009-06-15 08:37:21-07:00,92
Heyllo! just leaving some love.  @mileycyrus,2179152755,2009-06-15 08:43:04-07:00,44
@mileycyrus I hope you have a great days Miley! you deserve that and much more  I love you for life â¥,2179278054,2009-06-15 08:53:17-07:00,103
@mileycyrus miley I created a chat for you!!!I hope you like it ,2179341059,2009-06-15 08:58:31-07:00,64
@mileycyrus awesomee  Hopee it goes well  X,2179342057,2009-06-15 08:58:36-07:00,43
@mileycyrus ps.i'm watching your dad singing 'i want my mullet back' right now on hannah montana haha its airing on disney channel brazil ,2179342154,2009-06-15 08:58:36-07:00,138
@mileycyrus see u in december ,2179518259,2009-06-15 09:12:48-07:00,30
Getting my make-up done while listening to @mileycyrus - Girls just wanna have fun ,2179518606,2009-06-15 09:12:50-07:00,83
@mileycyrus you are and odd girl.  but we love you ,2179556102,2009-06-15 09:15:53-07:00,51
@mileycyrus Awesome! I'm already stoked for this movie. ,2179557692,2009-06-15 09:16:00-07:00,56
@mileycyrus Miley I love their songs are very beautiful! ,2179602916,2009-06-15 09:19:48-07:00,57
@mileycyrus http://twitpic.com/7f5fy - Miles u r so pretty  and u lovely with your nose ring. =] xx,2179826494,2009-06-15 09:38:15-07:00,99
@mileycyrus Have fun miley  let me know how you liked filming the Last song.,2179875845,2009-06-15 09:42:16-07:00,76
@mileycyrus http://twitpic.com/47uaq - the dog is more beatifull dan you ,2179951460,2009-06-15 09:48:29-07:00,73
"@mileycyrus aaww........ someone should send you a pizza........ unofrtunately, im not a celeb.... but you need a pizza... ",2180073178,2009-06-15 09:58:33-07:00,123
listening to the climb by the one & only @mileycyrus  i love this song <3,2180076292,2009-06-15 09:58:48-07:00,73
"@mileycyrus Hey Miley, how did the first day of shooting your new movie go? Hope u had a great time. ",2180179534,2009-06-15 10:07:03-07:00,101
"@mileycyrus ya, you're soooooooo bad ",2180254291,2009-06-15 10:13:07-07:00,37
"@mileycyrus can't wait until i'll be able to watch ""last song""  it's probably going be one of the best movies ever! i think... xD",2180523649,2009-06-15 10:35:12-07:00,129
@mileycyrus -- SAVANNAH IS VERYYYY BORING!!! but  i know the right places to go  ,2180550454,2009-06-15 10:37:22-07:00,81
"ohh, the new @mileycyrus background is sooo lovely ",2180575398,2009-06-15 10:39:25-07:00,51
@mileycyrus good luck miley on the first day of shooting. i know the movie is gonna turn out awesome because you're in it <3  ;),2180576361,2009-06-15 10:39:29-07:00,128
"@mileycyrus i got tickets to your show in november! ahh can't wait, love your music ",2180623702,2009-06-15 10:43:20-07:00,84
@mileycyrus I'm going to see Hannah Montana on DC w/ my lil sis it's for times like this that I like your show...thank you and producers ,2180725147,2009-06-15 10:51:35-07:00,137
@sophieede yeah.....  I got told i look like Kristen Stewart and that i sing like @mileycyrus i was like ... AWESOME!,2180822760,2009-06-15 10:59:38-07:00,117
@mileycyrus hey girl are you going to the Galen Center on July 18? Cause the new band bittersweet is going to be there! ,2181078248,2009-06-15 11:20:14-07:00,120
going to @mileycyrus concert in manchester on 28th december!!! cant wait!! ,2181078724,2009-06-15 11:20:16-07:00,75
"@mileycyrus Hey Miley, love your songs  Keep up the good work. You're a great role model for young girls ",2181151356,2009-06-15 11:26:15-07:00,105
@mileycyrus wow!! well done! Good Luck  xxx,2181875021,2009-06-15 12:24:59-07:00,43
@mileycyrus You deserve it ,2181876474,2009-06-15 12:25:06-07:00,27
@mileycyrus woww  ) seeing you in concertt at the o2 decemberr 14thh so excitedd x,2181897950,2009-06-15 12:26:52-07:00,82
@mileycyrus congratulations!!! i'll vote for you ,2181898025,2009-06-15 12:26:52-07:00,49
@mileycyrus you deserve them all ,2181900353,2009-06-15 12:27:04-07:00,33
i just got twitter like 2 days ago and 21 people are already following me?lmao btw @mileycyrus im definitley voting for you  love you tehe,2181900837,2009-06-15 12:27:07-07:00,138
@mileycyrus; well done  Hope you win ,2181922057,2009-06-15 12:28:53-07:00,37
@mileycyrus CONGRATS i hope you win them all ,2181922404,2009-06-15 12:28:55-07:00,45
@mileycyrus omg thats amazing!!! congrats for the nominations! i hope you win them all! you deserve the wins.what are they for?reply plz ,2181922713,2009-06-15 12:28:56-07:00,137
@mileycyrus you deserved all those nominations ,2181923339,2009-06-15 12:28:59-07:00,47
@mileycyrus congratulation ! Im happy for youu ,2181924458,2009-06-15 12:29:05-07:00,47
@mileycyrus you deserve that ,2181924562,2009-06-15 12:29:05-07:00,29
"@mileycyrus woohoo, im voting for ya  <3 u deserve it!",2181924668,2009-06-15 12:29:06-07:00,54
@mileycyrus con gratulations miley. thats amazing ,2181946650,2009-06-15 12:30:49-07:00,50
@mileycyrus It's amazing Mileyyyyyyyyyy! you going win every award!  I love you!,2181947094,2009-06-15 12:30:51-07:00,80
@mileycyrus And us fanns are going to try and get you ALL! ,2181948392,2009-06-15 12:30:57-07:00,59
@mileycyrus well you do deserve all the nominations and of course to win them! You rock actually like! I'm voting for ya right now ,2181948651,2009-06-15 12:30:58-07:00,131
@mileycyrus OMG I'm so happy for you! I'll vote for you a hundred percent!! ,2181949933,2009-06-15 12:31:05-07:00,76
@mileycyrus you'r welcome! ,2181950405,2009-06-15 12:31:07-07:00,27
@mileycyrus wow thats amazing  I will vote for you every day .. ,2181950604,2009-06-15 12:31:08-07:00,64
"@mileycyrus miley, i'm loving the nose piercing! looks nice  did it hurt? xxx",2181950843,2009-06-15 12:31:09-07:00,77
@mileycyrus Congrats!!! I'm gonna vote for you and tell everybody to do it too ,2182024978,2009-06-15 12:37:08-07:00,79
@mileycyrus Congrats hope you have a new display cabinet on order ,2182045729,2009-06-15 12:38:50-07:00,66
@mileycyrus @nickjonas OMG before the storm is amazing. it's beautifully written and sung ,2182050951,2009-06-15 12:39:16-07:00,90
"@mileycyrus: you deserve all your nominations miley, youâre the best ",2182051555,2009-06-15 12:39:20-07:00,71
"@mileycyrus http://twitpic.com/7fdyd - Aww, that's basically the cuttest picture I've ever seen! Sister love  Miley please follow me ",2182122414,2009-06-15 12:45:05-07:00,133
@mileycyrus  hey gorgeous  do you have a bebo?  x,2182125636,2009-06-15 12:45:20-07:00,49
"@mileycyrus i just voted for you,Miles  you rock xo",2182148419,2009-06-15 12:47:08-07:00,51
@mileycyrus yes you deserve it ! It's awesome ! Of course i voted for you 10 times ,2182198082,2009-06-15 12:51:09-07:00,83
Heyy Heyy @mileycyrus thrilled you have been nominated for 10 teen choice awards!! Congrattss! ,2182223532,2009-06-15 12:53:13-07:00,95
Congrads @mileycyrus Im a huge fan and i think you are so amazing! I really see u as just a normal teenager with big dreams! Keep rockin! ,2182224191,2009-06-15 12:53:17-07:00,138
@mileycyrus Wow those are so many nominations!! I'm sure you will win at least 8 of all of them ,2182225723,2009-06-15 12:53:24-07:00,96
@mileycyrus http://twitpic.com/5kahh - Wow. People can be cruel.  I have yet to read Kite Runner. It's sitting on my shelf collecting  ...,2182275537,2009-06-15 12:57:27-07:00,138
@mileycyrus I believe i respect u more NOW  then ever :]  haha I Love You ,2182427880,2009-06-15 13:09:23-07:00,74
@mileycyrus: Hey Miley(: My name is kaeli. I know you don't know me but im hoping we can be friends  When you have time reply back! Bye(:,2182478284,2009-06-15 13:13:26-07:00,137
@mileycyrus OMG well done thats AMAZE sooo many ,2182577928,2009-06-15 13:21:26-07:00,48
@mileycyrus yaaahh you're gonna win  beacause everyone looooves you and gonna vote for you !! like mee  everyday ;) <33 i love you â¥,2182626309,2009-06-15 13:25:17-07:00,134
@mileycyrus yay congrats! for all the ones where your in it..i voted for you. ,2182627225,2009-06-15 13:25:21-07:00,78
"@mileycyrus congrats for the nominations, I know I'm going to be voting for you! ",2182654008,2009-06-15 13:27:30-07:00,81
@mileycyrus awesome =D voting right now! good luck  ... cant wait to see you in the UK =D its guna be awesomeeee! <3,2182680798,2009-06-15 13:29:39-07:00,116
Vote for @mileycyrus in the teen choice awards!  http://www.teenchoiceawards.com/ she's up for 10 awards!,2182782954,2009-06-15 13:37:48-07:00,105
@mileycyrus aww we love you tooo! ,2182836227,2009-06-15 13:41:58-07:00,34
@mileycyrus  Congratulations On Being Nominated For 10 Teen Choice Awards! I Will Be Voting! ,2182889070,2009-06-15 13:46:06-07:00,93
@mileycyrus so you taking home ten surfboards at teen choice this year or what? ,2182970085,2009-06-15 13:52:32-07:00,80
"following @MileyCyrus reminds me of when i was young, hopeful and inspired...(albeit not famous  and reminds me to hold onto that.",2182995605,2009-06-15 13:54:34-07:00,130
"@mileycyrus miley you are amazing!, i love all of your songs! ",2183125791,2009-06-15 14:04:49-07:00,62
@mileycyrus http://twitpic.com/7fdyd - cute! was that b4 or after noah went on a jet ski wit em and her boy scotty? lol  cute video!,2183227168,2009-06-15 14:13:04-07:00,132
@mileycyrus i voted like a lot of times.... hahaha  ,2183548223,2009-06-15 14:39:26-07:00,52
@mileycyrus umm can you tell me were i can vote? thanks ,2183548411,2009-06-15 14:39:27-07:00,56
@mileycyrus i am defo gonna vote for you ,2183548440,2009-06-15 14:39:27-07:00,41
@mileycyrus i can't believe it either. i'm not voting for you. but i will be voting for @selenagomez for femal icon thingy. ,2183549416,2009-06-15 14:39:32-07:00,124
@mileycyrus wow congrats miley  don't worry we're all gonna vote for you 2 win!!,2183549471,2009-06-15 14:39:32-07:00,80
"Everyone go vote for @itschelseastaub, @ddlovato, @jonasbrothers, @mileycyrus AND Rob Pattinson & the cast of Twilight for the TCA2009 ",2183598706,2009-06-15 14:43:38-07:00,135
@mileycyrus i voted for you  i love you & ill vote everyday!,2183601873,2009-06-15 14:43:54-07:00,60
@mileycyrus of course you'll win! ,2183625422,2009-06-15 14:45:50-07:00,34
TEEN CHOICE AWARDS' 09  please vote for the 3 amazing stars  @selenagomez @emilyosment and @mileycyrus guys ,2183696789,2009-06-15 14:51:42-07:00,108
@mileycyrus Congrats Miley! You can count on my vote. I will be voting everyday ,2183699315,2009-06-15 14:51:55-07:00,80
@mileycyrus HOW DO WE VOTE? ,2183723174,2009-06-15 14:53:55-07:00,28
I'm voting for @mileycyrus for the teen choice awards!!  You should vote too! She is awesome and I love her,2183723754,2009-06-15 14:53:58-07:00,107
@mileycyrus you can count on my vote ,2183748329,2009-06-15 14:55:59-07:00,37
@mileycyrus ...is such an amazing song. One of the best I've heard in a while. Thanks for bringing it into the world! ,2183769490,2009-06-15 14:57:44-07:00,118
@mileycyrus NO MILEY IM NOT VOTING FOR YOU >=( HHAHAHAH JOKES OF COURSE I WILL ,2183770896,2009-06-15 14:57:51-07:00,79
"http://twitpic.com/7hwuw - ""Shine a light and send it on"" - @ddlovato @selenagomez @mileycyrus ",2183822879,2009-06-15 15:02:02-07:00,95
"Just voted in Teen Choice Awards. @mileycyrus, @jonasbrothers && @ddlovato were my favorite. love you ",2183870232,2009-06-15 15:05:51-07:00,102
@mileycyrus Goodluck to the TeenChoice Awards. I'm know you'll win. I'll vote for you! ,2183871605,2009-06-15 15:05:58-07:00,87
@ddlovato I'm praying you wuin all 3 tca's! I hope @mileycyrus wins all 10 she's up for too ,2183917897,2009-06-15 15:09:50-07:00,92
"@mitchelmusso is Oliver in ""that's so sweet life of hannah Montana""? @mileycyrus@EmilyOsment@selenagomez@David_Henrie@theDebbyRyan thanks ",2184095167,2009-06-15 15:24:54-07:00,138
@mileycyrus How Do I Votee  ?,2184184604,2009-06-15 15:32:31-07:00,29
"just voted for @mileycyrus @ddlovato and @emilyosment 4 the kids choice awards, and only 182 days till @mileycyrus in concert in london! ",2184254246,2009-06-15 15:38:35-07:00,137
"@mileycyrus Whoa! You're all wet, barely a shirt on, he's holding you... Whoa! That's one intense kiss ",2184367897,2009-06-15 15:48:26-07:00,103
@mileycyrus Nice work if ya can get it ,2184368244,2009-06-15 15:48:28-07:00,39
@mileycyrus i think the samee ,2184370690,2009-06-15 15:48:41-07:00,30
@mileycyrus http://twitpic.com/7dx9p - preety eyes  loolz ,2184370966,2009-06-15 15:48:43-07:00,58
@mileycyrus who are you dating then? ,2184390576,2009-06-15 15:50:27-07:00,37
"@mileycyrus yes, we know it, job is job, haha, we love you mileey, Argentina support you, ",2184394579,2009-06-15 15:50:48-07:00,90
@mileycyrus i think you have started a new journey in your life. you are showing the world Miley Cyrus as herself not Miley Cyrus as HM. ,2184415786,2009-06-15 15:52:43-07:00,137
@mileycyrus I can't believe my eyes! I guess I'm not used to you like this because I'm usually watching you on disney channel... hehe ,2184436050,2009-06-15 15:54:31-07:00,134
"@mileycyrus he's very good looking, let me tell you that. ",2184436282,2009-06-15 15:54:32-07:00,58
@mileycyrus i voted for you mileyyy ,2184436653,2009-06-15 15:54:34-07:00,36
"@mileycyrus I voted for you, just now!!!  yayaya!!",2184438271,2009-06-15 15:54:43-07:00,50
@mileycyrus http://twitpic.com/7e01t - i like this pic  and i have the same iPod as you !! hehe,2184461486,2009-06-15 15:56:48-07:00,95
@mileycyrus shoot I want your job! He's hottt ,2184483033,2009-06-15 15:58:42-07:00,46
@mileycyrus i think youre amazing  your my idol and would love to meet you one day ,2184485182,2009-06-15 15:58:53-07:00,83
@mileycyrus haha yeah your a veryyy luckyy girl ms. cyrus  haha,2184505954,2009-06-15 16:00:37-07:00,63
@mileycyrus Hi Miley! You are a girl list ,2184507038,2009-06-15 16:00:42-07:00,42
@mileycyrus OMGOSH.. I saw the pics.. that was awesome! *.* i'm really sooo excited to see the movie  i cant wait :x,2184507852,2009-06-15 16:00:46-07:00,116
"WOW @mileycyrus and liam hemsworth kiss on ""Last Song"" is pretty damn hot. I wouldn't mind    x",2184508607,2009-06-15 16:00:50-07:00,95
@mileycyrus really not a bad job. i wouldn't mind that at all. lool ,2184509682,2009-06-15 16:00:55-07:00,68
@mileycyrus i just voted for you in all your ten nominations for the TCA ,2184530403,2009-06-15 16:02:44-07:00,73
"@mileycyrus miiiiley , good night , ",2184576733,2009-06-15 16:06:40-07:00,36
@mileycyrus good job clearing up a rumor before it starts ,2184600269,2009-06-15 16:08:44-07:00,58
"@mileycyrus I voted for you from 3 different computers, and i really hope you win!  Can you please follow my profile? Need some edvice ",2184627181,2009-06-15 16:11:06-07:00,135
"@mileycyrus nice nose piercing, I had one but then got a bull ring  It just didn't look right together!",2184647015,2009-06-15 16:12:47-07:00,103
"@mileycyrus please come to Brazil in your tour, Brazil loves you ",2184648626,2009-06-15 16:12:56-07:00,65
@mileycyrus how can u not expect ur up for teen choice? ur WORLD famous babe and you should know it! ur gonna win em all  im voting 4 you,2184716535,2009-06-15 16:18:54-07:00,137
@mileycyrus OMG! I'm so happy you got nominated for 10 Teen Choice awards! I bet you'll win at least 4 or 5! ,2184718533,2009-06-15 16:19:05-07:00,109
@mileycyrus I vote for you on the Teen Choice Awards; you win! I feel happy that are you nominated in several categories ,2184739099,2009-06-15 16:20:54-07:00,121
@mileycyrus  he's HOT miley haha and you're a lucky girl yepp haha LOVE YOU and please come to argentina ,2184830626,2009-06-15 16:29:06-07:00,105
@mileycyrus http://twitpic.com/7fbzf - heey! Beautiful photo  have a nice evening Mileey:*,2184855049,2009-06-15 16:31:10-07:00,90
@mileycyrus HaHa I can`t belive that so many thought that u 2 was dating ,2184968066,2009-06-15 16:41:13-07:00,73
"voted for @mileycyrus , @selenagomez , @ddlovato , and @taylorswift13 for the teen choice awards ",2185078450,2009-06-15 16:51:11-07:00,97
@mileycyrus Congratulations on your 10 Teen Choice Awards nominations  We are sure going to vote for you so u can win them all ten awards,2185079264,2009-06-15 16:51:15-07:00,137
"@mileycyrus Congrats on the nominations! I just voted, good luck! Have fun in Georga ",2185102820,2009-06-15 16:53:25-07:00,85
@mileycyrus miley when r u touring in ireland my little sister loves you she would love to see you perform  and so would I ,2185238188,2009-06-15 17:05:11-07:00,123
@mileycyrus i think you're the most nominated  im glad for you.,2185239369,2009-06-15 17:05:17-07:00,63
@mileycyrus im glad you're happy down there  and congrats on all of your teen choice award nominations!,2185330648,2009-06-15 17:13:16-07:00,103
"@mileycyrus  I hope you're fine, Miley  ",2185331408,2009-06-15 17:13:21-07:00,40
@mileycyrus yayyy i'm happy for you milez ,2185332630,2009-06-15 17:13:27-07:00,42
@mileycyrus hey congrats on the nominations!!! Thats awesome you earned it ,2185354083,2009-06-15 17:15:20-07:00,75
@mileycyrus and i love your music ,2185355007,2009-06-15 17:15:25-07:00,34
@mileycyrus the Kissing scene Was romantic and can't Wait for the last Song Hope you have fun filming ,2185355380,2009-06-15 17:15:27-07:00,102
@mileycyrus =P Loove Youu Miley..! ,2185355856,2009-06-15 17:15:29-07:00,35
@mileycyrus my two girls say hello! http://twitpic.com/7i9jq  They been bugging for me to say hi to you. ,2185357172,2009-06-15 17:15:36-07:00,105
@mileycyrus smileee  you're amazing. And an inspiration to a lot of people! i hope you feel better soon xo.,2185376271,2009-06-15 17:17:18-07:00,107
"@mileycyrus haha no it's not a bad job at all! i'm glad you're having fun in Savannah, that's great!! ",2185378971,2009-06-15 17:17:33-07:00,102
"@mileycyrus ive learned its okay to smile, even when its the last thing you want to do. one smile can turn the world around ",2185379377,2009-06-15 17:17:35-07:00,124
@mileycyrus see you happy miley is very good  *-*,2185398470,2009-06-15 17:19:19-07:00,49
@mileycyrus I'm in love with Savannah too. ,2185424092,2009-06-15 17:21:39-07:00,43
@mileycyrus aw yay im so happy for you!! i saw pics of you filming  looks like fun!! cant waitt! i know its gonna be AMAZING,2185442988,2009-06-15 17:23:21-07:00,124
"@mileycyrus yep, thats the spirit. and congratulation for being nominated, ill support you ",2185445186,2009-06-15 17:23:33-07:00,91
@mileycyrus weren't you with the model-guy? ,2185464981,2009-06-15 17:25:20-07:00,44
"@mileycyrus i voted for you, neways i think i voted  like 5 times i think its possible but neways good luck  your Smacking Awesome!",2185511742,2009-06-15 17:29:34-07:00,131
@mileycyrus http://twitpic.com/7fdyd - awh  Yall are both Precious! I love you Miley! I live in GA! Maybe I'll see you before you go!,2185536083,2009-06-15 17:31:41-07:00,133
@mileycyrus We did a project and I got to play U and HM we did ep1. The concert scene is great You'd have a good laught about it!  Loveyou,2185578850,2009-06-15 17:35:34-07:00,138
@mileycyrus tomorrooooww its my birthay!!! ,2185579374,2009-06-15 17:35:37-07:00,43
"@mileycyrus aww u need to smile, your gorgeouss! haha well i hope u stay happy. and i cant wait to see u on tour in november  <3",2185579398,2009-06-15 17:35:37-07:00,128
@mileycyrus you are so blessed & its good to know you're smiling again ,2185668406,2009-06-15 17:43:40-07:00,71
@mileycyrus holy pictures of you and liam  intensee .,2185669851,2009-06-15 17:43:48-07:00,53
@david_henrie @ddlovato @mileycyrus @jonasbrothers Following me  Thanks,2185690503,2009-06-15 17:45:39-07:00,71
@mileycyrus  great miley!!,2185708051,2009-06-15 17:47:15-07:00,26
"@Mileycyrus Miley, whats your favorite song by demi? ",2185756601,2009-06-15 17:51:31-07:00,53
"@Mileycyrus Hey Miley  i was wondering, whats your favorite song by demi? ",2185777802,2009-06-15 17:53:28-07:00,74
@mileycyrus Love the new background  Beatles <3,2185804077,2009-06-15 17:55:50-07:00,47
@mileycyrus http://twitpic.com/75jdc - u  look so pretty love ur hair. and the piercing rocks you own it ,2185823359,2009-06-15 17:57:33-07:00,105
@mileycyrus we're making progress together ,2185826087,2009-06-15 17:57:48-07:00,43
@mileycyrus...I tried emailing you from that email of FB lol then lesley told me it was only for FB! hahahah ne ways going swimmin soon ,2185964137,2009-06-15 18:09:41-07:00,136
@mileycyrus http://twitpic.com/6mi2s - omg mitchel looks reallllllly hot here  haha,2186036421,2009-06-15 18:15:52-07:00,83
"@mileycyrus I watched Hannah Montana - The Movie and it's great! Miley, you rock ",2186057701,2009-06-15 18:17:40-07:00,81
"@mileycyrus Miley, I voted for you in every category that you were nominated for  I'm gonna try to vote everyday too!! Good Luck ",2186080227,2009-06-15 18:19:41-07:00,129
@mileycyrus mine too. i love home by michael buble..such a great song ,2186081729,2009-06-15 18:19:48-07:00,70
@mileycyrus im happy 4 u.... i hope that everyday life gives u more reasons to smile! ,2186106575,2009-06-15 18:21:54-07:00,86
@mileycyrus yeahh and was really awesomeeeeeee ur so rpofecional and really was  amaingg love yaa i cant wait for see the movie...!! haha ,2186293738,2009-06-15 18:37:57-07:00,138
@mileycyrus yeahh and was really awesomeeeeeee ur so pofecional and really was  amaingg love yaa i cant wait for see the movie...!! haha ,2186295593,2009-06-15 18:38:07-07:00,137
oh my gossh ! @mileycyrus vote for you !  always !,2186342865,2009-06-15 18:42:12-07:00,50
@mileycyrus http://twitpic.com/7ii0x I can't wait for the movie! haha  nice movie couple!,2186433658,2009-06-15 18:50:02-07:00,89
@mileycyrus u have my vote ,2186529139,2009-06-15 18:58:18-07:00,27
@mileycyrus not the way the tabloids expect you to ! Your an amazing actress and a wonderful singer/songwriter ! Stay true to YOURSELF ,2186577885,2009-06-15 19:02:16-07:00,135
@mileycyrus I'll vote obsessivly tomorrow @ school!  YOU WILL WIN atleast. .. 5 awards.. if not more ,2186601461,2009-06-15 19:04:15-07:00,101
"@mileycyrus I'm glad you're doing better. I'm praying for you, stay strong. ",2186623931,2009-06-15 19:06:08-07:00,76
@mileycyrus http://twitpic.com/7fdyd - goodnight miley ..! ,2186835129,2009-06-15 19:24:23-07:00,59
@mileycyrus http://twitpic.com/7f5fy - **and Ill be the first to admit it!! ,2186974601,2009-06-15 19:36:25-07:00,76
"@mileycyrus Congratulation!!!! I love allll your songsss,Miley!!!! ",2186998451,2009-06-15 19:38:32-07:00,67
@mileycyrus Feature me on it ,2187043724,2009-06-15 19:42:27-07:00,29
@mileycyrus That's awesome ,2187044455,2009-06-15 19:42:31-07:00,27
@mileycyrus Miley I love you (: Come chack to Brazil with The Jonas Brothers PLEASE ,2187064348,2009-06-15 19:44:18-07:00,84
@mileycyrus Come to peru w DAD CYRUSS ,2187067246,2009-06-15 19:44:33-07:00,38
@mileycyrus Miley ! youre awesome ! I wanna know u ! please come to chile  I love u !  youre so fearless !,2187089351,2009-06-15 19:46:27-07:00,106
"@mileycyrus -applauds Miley- So.... Whats the song called?  LOL No seriously, Im dying to know D:",2187089404,2009-06-15 19:46:28-07:00,97
@mileycyrus i voted for you! hope you win some great awards! good luck!!! and praying for you!!! ,2187093130,2009-06-15 19:46:47-07:00,97
@mileycyrus lol that's kinda Awkward lol  - syris,2187112397,2009-06-15 19:48:29-07:00,49
@mileycyrus Can i fight Nick for you? I'd so win ,2187114382,2009-06-15 19:48:39-07:00,49
"@mileycyrus lol? Miley june, 16th is my bday  Can you wish me a happy bday? That would made my day *â¢*",2187138147,2009-06-15 19:50:42-07:00,104
@mileycyrus You go girl.!  ,2187159498,2009-06-15 19:52:39-07:00,27
@mileycyrus you and justin have both seemed so depressed. if you both are sad why not just be together? thats my advice for you ,2187159853,2009-06-15 19:52:41-07:00,128
georgia is the most beautiful state in allll of america  @mileycyrus,2187205351,2009-06-15 19:56:42-07:00,68
@mileycyrus just had pink berry thought of you ,2187251949,2009-06-15 20:00:45-07:00,47
@mileycyrus I want to listen to it. ,2187322826,2009-06-15 20:06:49-07:00,36
As a matter of fact i DO want my nose pierced bc of @mileycyrus ,2187413722,2009-06-15 20:14:46-07:00,64
@mileycyrus i wanna hear the new song ,2187414408,2009-06-15 20:14:50-07:00,38
wow @mileycyrus and @nickjonas kissed while he was dating @selenagomez. @nickjonas just follow your heart babe ,2187459436,2009-06-15 20:18:46-07:00,111
@mileycyrus ouu  its prob good cause you wrote it <3,2187461503,2009-06-15 20:18:57-07:00,52
"@mileycyrus love the fact you write your own material, songs.  thats someone genuine,, ;D",2187550711,2009-06-15 20:26:55-07:00,89
@mileycyrus What brings you to Savannah? I love it there! Lots of good shopping on the strip! Don't forget to check out the Starbucks! ,2187619486,2009-06-15 20:33:02-07:00,135
@mileycyrus OMG NEW SONG!! ,2187684270,2009-06-15 20:38:56-07:00,27
"@mileycyrus - so.. @xMileyCyrus was your old twitter right...?! meaning when you replied to me on there, it was actually you!?! ",2187728533,2009-06-15 20:42:56-07:00,128
@mileycyrus i voted for u on the kids choice awards  ALL of ur nominations. they dont stand a chance agaisnt u ,2187775939,2009-06-15 20:47:16-07:00,111
@mileycyrus I would like to hear it must be great ... is so great that you're happy 'cause a smile always is better ,2187793983,2009-06-15 20:48:57-07:00,116
http://twitpic.com/7iruy - The last book I have read .  @mileycyrus  it was Really greatt ,2187796422,2009-06-15 20:49:11-07:00,90
@mileycyrus i just ordered the last song book i so cant wait to read it before i see the movie when does the movie come out ,2187989800,2009-06-15 21:07:14-07:00,124
im reading @mileycyrus twitter  its fun. shes so interesting. watching NCIS,2188249821,2009-06-15 21:33:30-07:00,75
Just like @MileyCyrus ,2188286963,2009-06-15 21:37:28-07:00,22
@mileycyrus I LOVE YOU 2 MILEY HAHA JOKES  HOW ARE YOU?,2188431796,2009-06-15 21:53:18-07:00,55
@mileycyrus Mee aww ur so sweet jk I'm sure that person misses u too!!  Sleep time Now???,2188432093,2009-06-15 21:53:20-07:00,89
@mileycyrus awww.im about to vote for you!!!teen choice awards!!!and one for @ddlovato!so you both have one ,2188433262,2009-06-15 21:53:28-07:00,108
@Mileycyrus miss you! Im in Wdw watching hannah on my laptop   cant wait for the movie on bluray!,2188468743,2009-06-15 21:57:24-07:00,97
@mileycyrus or maybe from lack of oxygen to the brain from all that kissing u did today ,2188489419,2009-06-15 21:59:44-07:00,88
"@mileycyrus Miley! Pumpkin Pie, Cupcakes, Brownies, you're the sweetest ",2188507784,2009-06-15 22:01:35-07:00,72
@mileycyrus i love you miley and forget those people who talk bad about you...i will always stay true to you no matter what! ,2188595661,2009-06-15 22:11:20-07:00,125
@mileycyrus AWWW! Miley you are so cute! Dave Barnes songs...and in love. BTY I agree you don't need makeup your perfect in every way. ,2188598288,2009-06-15 22:11:38-07:00,135
@mileycyrus did u hear about ONTD? its a fansite dedicated to u ,2188650192,2009-06-15 22:17:35-07:00,64
"@mileycyrus 3. I <3 matchbox20 went to their concert when I was 3, and my mom played their Cd all the time in the car. I know every word ",2188684319,2009-06-15 22:21:31-07:00,137
@mileycyrus miley u rock  small words of a fan  from mexico cya ,2188716701,2009-06-15 22:25:18-07:00,64
@mileycyrus 'You' a drew drop in june. UR d sun. UR d moon. YOUR my You. ,2188716841,2009-06-15 22:25:19-07:00,73
"@mileycyrus I've been praying for you, I'm glad your feeling better.  Jesus loves you and so does your fans!!! God bless",2188788101,2009-06-15 22:33:57-07:00,120
"@mileycyrus When i text u, it means i am missing u. When i don't, it means i am waiting for u to miss me <3 (seemed like u) ",2188801401,2009-06-15 22:35:32-07:00,124
@mileycyrus love it ,2188881560,2009-06-15 22:45:41-07:00,20
"@mileycyrus Unless you're talking about God/Jesus or playing with heads ofDrama-hungry teen girls (hehe  ), girl, do a direct message :-p",2189068385,2009-06-15 23:10:12-07:00,137
@mileycyrus really good kiss  You're the best actress that I ever seen. I love you! =D,2189111130,2009-06-15 23:15:59-07:00,86
@mileycyrus I cant wait to watch the film ,2189126303,2009-06-15 23:18:05-07:00,42
@mileycyrus http://bit.ly/ILI4s    i had to make a BG for it! ,2189181189,2009-06-15 23:25:47-07:00,62
"@mileychugefan is right,you can give critics @mileycyrus but dont hate her. is it im right? ",2189195202,2009-06-15 23:27:46-07:00,92
@mileycyrus  im good for the LOL.,2189212893,2009-06-15 23:30:16-07:00,33
"@mileycyrus I'm still stoked about ""The Last Song"" ",2189336312,2009-06-15 23:48:10-07:00,51
@mileycyrus i went voting crazy on hannah montana  ILY! <3,2189381887,2009-06-15 23:54:02-07:00,58
http://twitpic.com/7j287 - and this ones for that @Mileycyrus chick too ,2189422572,2009-06-15 23:59:54-07:00,72
@mileycyrus http://twitpic.com/2xcwa - Real Cute. Hopefully One Day You Find Love Like Dat ,2189549985,2009-06-16 00:18:03-07:00,91
@mileycyrus Hey Miles are you coming to the June 20th Dallas concert? You should. You and Nick can perform Before the Storm. ,2189575981,2009-06-16 00:21:52-07:00,125
@mileycyrus i support you and you will get through this ,2189697340,2009-06-16 00:40:25-07:00,56
@mileycyrus I have a VERY dirty photo of you. Cant wait til it gets out! ,2189699153,2009-06-16 00:40:41-07:00,73
"@mileycyrus 10!! You're sure to win one! If you win over 5 you can give me one if you want, I'm cool with that  ",2189723023,2009-06-16 00:44:31-07:00,112
@mileycyrus stay strong! the new pic is obviously fake! All ur true fans will support you through this  dnt listen to any of those haters!,2189736530,2009-06-16 00:46:34-07:00,138
Ganna try & go to sleep @mileycyrus your in my prayers Love & Support You!!!    night night-_-,2189762710,2009-06-16 00:50:37-07:00,94
@mileycyrus you're on the television where im eating dinner right now. you're more of a rocker than I thought ,2189784592,2009-06-16 00:54:09-07:00,110
@mileycyrus you are sooooo talented ,2189849452,2009-06-16 01:04:19-07:00,36
vote for @mileycyrus in all TEN! of her KCAs www.teenchoiceawards.com ,2189996040,2009-06-16 01:28:28-07:00,70
@mileycyrus i just voted for you ,2190011828,2009-06-16 01:31:00-07:00,33
"Had such gd time @jonasbrothers gig,nw ave no voice.bout 2 vote 4 @mileycyrus which every1 should do ",2190058651,2009-06-16 01:39:01-07:00,101
@mileycyrus i totally voted for you for teen choice awards! and i will keep voting everyday!  xoxoxoxoxox,2190126216,2009-06-16 01:50:33-07:00,105
@mileycyrus Yepp still voting ! =]  Really hope you win loads of awards ! ,2190302863,2009-06-16 02:20:27-07:00,74
"Voted for @ddlovato , @selenagomez , @taylorswift13 and @mileycyrus for Teen Choice Awards today! I think YOU should too! Go Do It NOW! ",2190587910,2009-06-16 03:09:29-07:00,136
Listening to @mileycyrus 's The Climb for the 37th time  you rock Miley Love yaaaa!!!,2190608423,2009-06-16 03:13:05-07:00,85
"@mileycyrus did u recorded it..? Btw, nice to meet you.. ",2190610411,2009-06-16 03:13:26-07:00,57
now @mileycyrus cant wait to see again nick ,2190654431,2009-06-16 03:21:03-07:00,44
@mileycyrus I LOVE YOUR MOVIE !! .. It's the Best !!!  .. are you coming to germany again !? =P,2190750120,2009-06-16 03:37:16-07:00,95
@mileycyrus your background :O since when did u like the beatles ? HI-5 ,2190834192,2009-06-16 03:51:19-07:00,72
@mileycyrus Love it to follow you  Twitter is a great thing. Waiting for more updates ;),2190861054,2009-06-16 03:55:40-07:00,88
"@mileycyrus When will we get to hear the ""new song"" I can't wait to hear it ! ",2190872069,2009-06-16 03:57:27-07:00,78
@mileycyrus i have voted for you for the teen choice awards ,2190882228,2009-06-16 03:59:08-07:00,60
@mileycyrus awesome miley! i hope that song u wrote will be featured soon. ,2191005382,2009-06-16 04:17:30-07:00,75
"voted for @ddlovato, @selenagomez, @taylorswift13 and @mileycyrus for Teen Choice Awards today! i think YOU should too! GO DO IT NOW! ",2191117926,2009-06-16 04:33:45-07:00,134
@mileycyrus wow..hehe i think i didn't get that  *tc* ^____^,2191146563,2009-06-16 04:37:47-07:00,60
@mileycyrus Please do another concert in Manchester in UK. Could not buy tickets and really me and my mates want to go your concert. ,2191203531,2009-06-16 04:45:43-07:00,133
I just finished my @mileycyrus @ladygaga @katyperry music video! WOOHOO!  haha. maybe i'll upload it tomorrow though. x|,2191450480,2009-06-16 05:18:06-07:00,120
@mileycyrus: milees! when can we listen your new song? im exited! lovee youu ,2191925952,2009-06-16 06:12:46-07:00,77
"@Mileycyrus Don't worry, that icture is photoshopped, we know it's not you. I will ALWAYS support you. ",2192249112,2009-06-16 06:44:52-07:00,103
Hey @mileycyrus I voted for you at the teen choise awards.Hope you'll win all of them.Pleaase follow me ,2192336083,2009-06-16 06:52:58-07:00,104
@mileycyrus http://twitpic.com/7f5fy - I love you Miley!  you're amazing and so gorgeous. Please come to Sweden ,2192768714,2009-06-16 07:31:21-07:00,112
@mileycyrus i see the photos of your KISS iss beauutifull and so romantic ,2193052811,2009-06-16 07:55:55-07:00,74
"@mileycyrus i am definitley definitley getting tickets for your concert in december, at manchester evening news arena  i love ya! <3xxxx",2193155701,2009-06-16 08:04:20-07:00,136
@mileycyrus  well  hello miley  hows life as a big star dont you get sick of all  the paps ???  message me back )),2193400885,2009-06-16 08:24:29-07:00,114
