content,id,timestamp,length
@tommcfly hey saw u guys play @ pushover..didn't get 2 meet u tho cuz of th HUGE line  i was very upset ='( lol..a msg would make up 4 it!,1468210813,2009-04-07 00:19:09-07:00,138
@tommcfly Good morning Tom! Why can't I send you a message? This is too short for the question I have  Well to bad for me I guess..,1468233211,2009-04-07 00:26:52-07:00,131
@tommcfly did you know that johnsons baby use animals like cute bunnies to test their products? ,1468391638,2009-04-07 01:23:07-07:00,96
"@dougiemcfly @tommcfly good morning guys, how are you all? You know, it's frustrating, I never get a reply  ",1468502040,2009-04-07 02:03:41-07:00,108
"@tommcfly hey, no chance of adding brighton or eastbourne to the UCAP tour? gutted im missing out this time round  i love you guys!",1468618787,2009-04-07 02:46:02-07:00,131
"@tommcfly have fun tom, i need to buy eclipse too but i have no money. sad timess ",1468674970,2009-04-07 03:05:49-07:00,82
@tommcfly are you coming to play at Plymouth again this year cus i cant go to the ucap tour cus you arent coming anywhere near me  oxo,1468945705,2009-04-07 04:31:47-07:00,134
@tommcfly :O starbucks! never tehe oooh now i want one ,1469438932,2009-04-07 06:23:07-07:00,55
@tommcfly aw i want a starbucks ,1469466152,2009-04-07 06:28:08-07:00,32
@tommcfly i have to still read eclipse as well! don't watch twilight the movie though if you want to keep liking the books. movie's bad ,1470070258,2009-04-07 08:15:31-07:00,136
@tommcfly http://twitpic.com/3iquy - i miss your old hairstyle daniel  but you still look great,1550756646,2009-04-18 07:10:30-07:00,95
@tommcfly hoping you love amsterdam! enjoy your sunbathing? lol its cloudy over here in america ,1551392511,2009-04-18 08:56:22-07:00,96
@tommcfly I wish i'd be there with you guys ,1551586698,2009-04-18 09:26:57-07:00,44
@tommcfly awww  when are you coming back? because are you going to the star trek premier? xx,1551745459,2009-04-18 09:51:55-07:00,92
"@tommcfly i feel sad, i couldn't travel to see you guys in Amsterdam!  can you come to Norway soon?",1551773189,2009-04-18 09:56:15-07:00,99
@tommcfly awww ive been trying to get you  played on the radio and they  not playing u ,1551773481,2009-04-18 09:56:17-07:00,87
@tommcfly you know you love brazil more than anyone country  *I'm jealous* Love you,1553074976,2009-04-18 13:18:25-07:00,83
@tommcfly I hope you'll come to Germany one day... I really would like to see you guys live one day! ,1553109894,2009-04-18 13:23:56-07:00,101
@tommcfly Are you ever gonna come to Sweden?!  x,1553114498,2009-04-18 13:24:39-07:00,48
"@tommcfly Hey, Tommy!! How was the concert here in Amsterdam? I wish I could be there! but I couldn't  ..... srry for that! Love you xoxo",1553171840,2009-04-18 13:33:39-07:00,137
"@tommcfly anyway, i take it your comin home tomorrow? the weathers been rubbish today, well in newcastle anyway ",1553390858,2009-04-18 14:08:23-07:00,112
"@tommcfly why didn't you twitter during the gig, tom? im upset  ;)",1553516215,2009-04-18 14:28:42-07:00,66
@tommcfly If only there were no time zones....i only start getting your morning tweets as i go to bed...  Solution: move to the US ;),1556378783,2009-04-18 22:36:34-07:00,133
"@tommcfly baby, upppppp earlyyyyyy a lotttttt. :O give me your breakfast? ",1556381047,2009-04-18 22:37:05-07:00,74
"@tommcfly hey tom, hope you guys have a great tour, i live in australia so i cant go  ",1556483220,2009-04-18 23:00:47-07:00,86
"@tommcfly http://twitpic.com/3kygb - uuuh that seems much more delicious that my poor coffee  It's like 4 am here, I didn't even go t ...",1556742603,2009-04-19 00:07:57-07:00,137
@tommcfly ive never been on a plane.  so sorry no. how many times have you been on a plane?,1556844861,2009-04-19 00:37:50-07:00,91
@tommcfly i always set the alarm off. ALWAYS. ,1556854553,2009-04-19 00:40:46-07:00,46
@tommcfly nah. had my sweets taken away though. my poor ears hurt like hell the whole flight. ,1556854992,2009-04-19 00:40:53-07:00,94
@tommcfly  TOM!!!! you're a pilot??? since when..u still didn't show us your ray-bans!! ,1556868542,2009-04-19 00:45:02-07:00,88
@tommcfly I wish that I could tweet from England. ,1556943093,2009-04-19 01:08:29-07:00,50
@tommcfly no i haven't  hey but you guys are back in England!!! Welll it was super great last night!! Can't wait for the next gig!,1556976952,2009-04-19 01:19:52-07:00,130
"@tommcfly Yes!!!!! It always beeps, and then I get even more nervous and embarrassed. It's the braces ",1557033069,2009-04-19 01:38:23-07:00,102
@tommcfly haha poor you coming from nice warm weather to rubbish cold one ,1557035339,2009-04-19 01:39:10-07:00,74
@tommcfly well ive never even been on a plane before ,1557074066,2009-04-19 01:52:08-07:00,53
"@tommcfly excuse me, I'm very disappointed that Amsterdam got Down Goes Another One and Sydney didn't!!!    ",1557210460,2009-04-19 02:40:20-07:00,108
@tommcfly heeey! Will you please do a Ucap Tour in Ireland? We only see you once a year & that sucks  please tweet back! & make my day! xx,1557356307,2009-04-19 03:36:23-07:00,138
@tommcfly My mum cba to make 1 for me   X,1557407101,2009-04-19 03:55:43-07:00,41
"@tommcfly mmm Tasty, you'r making me hungry now ",1557419277,2009-04-19 04:00:10-07:00,48
"@tommcfly eh, are yous cooming back to oz sooon? cus i didnt get to see yous play last time cus i was grounded.        plss come back =] x",1557429067,2009-04-19 04:03:34-07:00,138
@tommcfly i just had dinner  so full had stickii date pudding for pudding hahaha XD,1557454389,2009-04-19 04:12:54-07:00,83
"@tommcfly http://twitpic.com/3l9e5 -  we don't have starbucks here! i was there only last year whaen i was in london, and i invited a ...",1557563696,2009-04-19 04:51:38-07:00,137
@tommcfly Hi guys! u were rocking that stage yesterday @ A'dam! but we waited for 2 hours after it but u were gone  when's ur next visit?,1557569557,2009-04-19 04:53:39-07:00,137
owch my leg hurts cut it whalst shaving  want starbucks   nowcause of @tommcfly grrrr,1557614361,2009-04-19 05:07:55-07:00,85
@tommcfly i missed it last night  is it good ? and is it on the tv atm ?,1557999708,2009-04-19 06:53:38-07:00,72
"@tommcfly omg, you came out of the hotel! we thought it was too far away, but it was soo close  well, we'll see you in 11 days anyway! x",1558047154,2009-04-19 07:04:10-07:00,136
@tommcfly did you cry when that wee boy sang the michael jackson song? I did  haha,1558062140,2009-04-19 07:07:28-07:00,82
@tommcfly  well i cant watch britain's got talent..cos im in mexico  haha but i dont cry with america's got talent..and im a girl!!   ha,1558088785,2009-04-19 07:13:18-07:00,136
@tommcfly why arent you coming to Nottingham ! ,1558088999,2009-04-19 07:13:21-07:00,47
@tommcfly love your glasses! are they wayfarers? I had a few pairs but had to sell ,1558133433,2009-04-19 07:22:51-07:00,83
"@tommcfly http://twitpic.com/3l9e5 - my sunglasses were EXACTLY like yours, but my mother broke it. ",1558141589,2009-04-19 07:24:35-07:00,100
@tommcfly you've made me want a starbucks frappuccino  that's just cruel,1558191850,2009-04-19 07:34:55-07:00,72
@tommcfly where r u Tom!!!  miss u!,1558583124,2009-04-19 08:48:52-07:00,35
"@tommcfly are u going to add more dates in south america?  i can't believe that u are just going to argentina, brazil and mexico ",1558852444,2009-04-19 09:34:53-07:00,129
@tommcfly i saw that last night!! than belly dancer man was so funny lol! i'm losing followers ,1558966929,2009-04-19 09:53:54-07:00,95
@tommcfly hahaha aww poor gi! take me take me! i want to gooooooooooooooo! ,1559541595,2009-04-19 11:24:44-07:00,75
@tommcfly please come to south wales in your tour or near to us. please ,1559542778,2009-04-19 11:24:56-07:00,72
"@tommcfly did you see the german flag in the crowd at amsterdam? pleeease come to germany anytime soon, PLEASE ",1559771128,2009-04-19 12:00:28-07:00,111
@tommcfly Back to the future!!  And have a great tour! Shame I can't come see you. ,1563849293,2009-04-20 00:32:53-07:00,83
"@tommcfly Are you comming back to Amsterdam this year? I loved the gig soo much! Made awesome pics! Not from you, you were to far away!  X",1563851477,2009-04-20 00:33:30-07:00,138
"@tommcfly Break a leg on tour!! ^^ I'm sure,it'll be incredible!! I would love see you so much in this tour  ...",1563882796,2009-04-20 00:42:19-07:00,112
@tommcfly have a good time on tour. Wish I was coming to see you but I live in Wales  xx,1564006896,2009-04-20 01:17:59-07:00,88
"@tommcfly hahaha i wish i was in England, Tom ",1564198402,2009-04-20 02:16:44-07:00,46
@tommcfly heya . .aww so sad ur not cumin 2 ireland  im just home from skul . . .went home sick on 1st day bk haha ahh well GOOD LUCK xOxO,1564251553,2009-04-20 02:33:17-07:00,138
@tommcfly you should do a european tour i would defo go to that! I was going to fly to UK for this one but had my exams the same time ,1564252212,2009-04-20 02:33:29-07:00,134
"@tommcfly i would if i lived in england, but i live in aus ",1564277591,2009-04-20 02:41:34-07:00,59
@tommcfly Are you going to be going near Darlington today (NorthEast)? Iï¿½m back at collage now  Be glad youï¿½re not doing AS Biology!,1564449593,2009-04-20 03:32:46-07:00,136
@tommcfly good luck for your tour!! i really wish to come to the uk to watch but atm getting ready to go through a month of o'level hell ,1564487060,2009-04-20 03:43:26-07:00,137
@tommcfly awww that sucks ,1564498803,2009-04-20 03:46:46-07:00,26
@tommcfly lol aww you'll just had to scrounge - gigs and tours have cocked up too still dont have my ticket 4 ur edin gig on friday ,1564660080,2009-04-20 04:27:12-07:00,132
"@tommcfly i wish i lived in england then i could c like a zillion of your shows, this is when u dnt like living in Australia  cum bak soon",1564707425,2009-04-20 04:37:56-07:00,138
@tommcfly maby some day you will come to make show in israel ?  i sure you gonna enjoy in here to ! ,1564980876,2009-04-20 05:32:58-07:00,100
@tommcfly i wanna see you in a bath ,1565010625,2009-04-20 05:38:16-07:00,36
"@Tommcfly @ddlovato @mileycyrus .. how do you get a rhythm to a song you write? I've written quite a few songs, but I can't do it  .. ilu",1565189369,2009-04-20 06:08:12-07:00,137
@tommcfly  you guys are literally a few mins drive away and i cant come to see you. Been to all your other wolves gigs  X,1565645264,2009-04-20 07:14:22-07:00,121
"where are @tommcfly, @Dannymcfly, @mcflyharry and the loser kid, @dougiemcfly? twitter gets a bit boring without them ",1565685525,2009-04-20 07:19:47-07:00,118
@mcflyharry @tommcfly @dannymcfly @dougiemcfly   GUYS!!  no updates???..miss u all!! ...xx,1573581311,2009-04-21 01:51:21-07:00,90
@tommcfly  GOOD LUCK! i bet it will be amazing- i totally wish i had the money to go to one of the dates ,1573635737,2009-04-21 02:06:44-07:00,105
"@tommcfly Good luck on the tour, not that you need it. i cant come and see any of your shows  bad times       xx",1573647587,2009-04-21 02:10:11-07:00,112
"@tommcfly goodluck on your tour. Play your heart out, Cant wait 4 the next time ur in OZ Hope you have Fun Touring! so whish i was going ",1573793684,2009-04-21 02:53:24-07:00,137
@tommcfly http://twitpic.com/3pgwv - I wish i was there. I won't be there until like 3 ,1573877323,2009-04-21 03:16:39-07:00,87
"@tommcfly Yeah tom, you are always the one that gets caught on the toliet  ",1574082913,2009-04-21 04:10:39-07:00,75
@tommcfly McFly has lost me. I'm not a fan of what you are now  Your like all the other music. I miss your old music.,1676961195,2009-05-01 23:53:02-07:00,117
@tommcfly I wish I could hear mcfly on my radio  we had busted at work today though ,1677355127,2009-05-02 01:39:08-07:00,84
@tommcfly ooo starbucks. damn for me not having radio 1 on though ,1677373343,2009-05-02 01:44:44-07:00,66
@tommcfly Mmmm im starving and stuck at work   if Tom tour man is with you i have just text him say hi to him it will be so funny  x,1677394900,2009-05-02 01:51:21-07:00,132
@tommcfly OMG am i ever gonna see u guys! i was down for Mexico and now the Swine Flu! Gah fate is against me  its ok i have dvd's ,1677448888,2009-05-02 02:07:56-07:00,131
"@tommcfly awwwh :') congrates to her (:, and yeaah its weird but its miracles, you wouldnt be here otherwise and then no hero fro us then ",1677817547,2009-05-02 04:08:59-07:00,138
@tommcfly how are babies made tom? my mum won't tell me ,1677820300,2009-05-02 04:09:51-07:00,56
@tommcfly your music helps me when im sad  thanks !,1677892889,2009-05-02 04:32:20-07:00,51
@tommcfly hey tom how did the t4 thing go please reply i would be greatful i never get a reply back  ,1678110567,2009-05-02 05:32:21-07:00,101
@tommcfly oh yeah i so wanted to go to t4 but i cant  xx,1678196137,2009-05-02 05:52:39-07:00,56
@tommcfly hey tom how did the t4 thing go please reply i would be greatful i never get a reply back  ,1678277121,2009-05-02 06:10:01-07:00,101
@tommcfly i missed falling in love on radio 1 > and i haven't yet seen it on the music channels  cannot wait to hear it live in June! ,1678359002,2009-05-02 06:27:00-07:00,134
"@tommcfly haha i met dan at my last dream, so funny.. Wish it was true  i'll try to meet you now, ha! Xxx",1684920958,2009-05-02 22:27:47-07:00,105
"@tommcfly i just wanna say that you were such an idiot when you didnt say a word about the fletcher day! i still love you, but im sad ",1685093405,2009-05-02 23:02:25-07:00,134
"@tommcfly Ahhh, I tried. But it didn't work..  I'm knackered... but I'm seeing you guys on Tuesday, so I'm HAPPY HAPPY HAPPY  xxx",1685678230,2009-05-03 01:31:19-07:00,129
@tommcfly TOOOOOOOOOOOOOOM *---------* I luv u and Gio s2s2s2 please Giovanna in Brasil in 29may  xx HAPPY POYNTER'SDAY & HOPPUSDAY,1685838915,2009-05-03 02:21:06-07:00,131
@tommcfly awwww sorry Tom ,1685840878,2009-05-03 02:21:45-07:00,26
"@tommcfly Is it really nearly all over already?  It always seems to fly by.  Oh well, that just makes it even closer to the next tour ;)",1685849632,2009-05-03 02:24:33-07:00,136
@tommcfly i really wanted to get a t shirt or a hoodie but there was a huge crowd in hammersmith  is there anywhere i can get any? xx,1685863443,2009-05-03 02:29:06-07:00,133
@tommcfly i only got a programme in london.  i was getting squashed in the que for the t shirts. ,1685873846,2009-05-03 02:32:14-07:00,97
"@tommcfly awwwh, they are mean not giving the hoodies you want  x",1685881110,2009-05-03 02:34:27-07:00,65
@tommcfly @gfalcone601 TOOOOOOOM *---------* I luv u and Gio s2s2s2 please Giovanna in Brasil in 29may  xx HAPPY POYNTER'SDAY & HOPPUSDAY,1685965371,2009-05-03 03:01:40-07:00,137
@tommcfly i want starbucks today ,1685979129,2009-05-03 03:06:08-07:00,33
@tommcfly the merch looks amazing this year! just a shame i havent got any money at all   x,1686037490,2009-05-03 03:25:33-07:00,91
@tommcfly umm dunno im dippy lol i aint seen u on t4 yet ,1686064501,2009-05-03 03:34:07-07:00,57
"@tommcfly its rather depressing that we dont have a star bucks here, i want one lol and wats even more depressing iv never been to one ",1686066718,2009-05-03 03:34:50-07:00,135
"@tommcfly hmm, i kind of agree... first thing i ever bought was a singing gizmo. aww. its broken now though ",1686199331,2009-05-03 04:17:10-07:00,108
@tommcfly ah so your all going? why wasnt i invited?  xx,1686232779,2009-05-03 04:27:35-07:00,56
@tommcfly Awk  Will you be selling it on the website if it doesn't arrive on time? xox,1686240521,2009-05-03 04:30:01-07:00,86
@Tommcfly  watching you on t4 cant hear it tho as all my family are talking over it ,1686242422,2009-05-03 04:30:28-07:00,84
@tommcfly Please do not dislike Japan ,1686280746,2009-05-03 04:41:54-07:00,38
"smell ya later twitter, muchosss lovosssss @tommcfly have a good lunch...i'm jealous  xxxxxxxxxxx",1686291728,2009-05-03 04:45:12-07:00,97
@tommcfly  don't go too international! the english will miss you ,1686566149,2009-05-03 05:57:37-07:00,65
@tommcfly WHY DONT YOU REPLY TO ME? XD YOU SHOULD COME TO GERMANY! really  ,1686569411,2009-05-03 05:58:23-07:00,75
@tommcfly international touring? no wayyyy   xx,1686569849,2009-05-03 05:58:29-07:00,47
@tommcfly thatss nice  but why you guys dont come in canada for tour?? id love to see you in a show! but i cant ,1686607962,2009-05-03 06:07:02-07:00,112
@tommcfly international touring? maaan! we'll miss you  but you guys deserve a break from the UK so have fun & tweet all the time ;D xx,1686616249,2009-05-03 06:09:00-07:00,135
@tommcfly Your life seems really sweet. Have good times on tour bus? Well coz of time difference I'm bout to sleep when your up and about ,1686748369,2009-05-03 06:37:55-07:00,138
@tommcfly OMG! R u guys going to the premiere of Star Trek? I'm going to the midnight showing...too bad they don't have he original cast ,1687177087,2009-05-03 07:59:25-07:00,137
@tommcfly wish i could go see a show of you guys! but i live too far away ,1687797473,2009-05-03 09:36:48-07:00,74
"@tommcfly  you canceled the concerts here in Brazil? it's because the rumors are saying that you canceled. And please, answer me. ",1688815130,2009-05-03 11:59:13-07:00,130
@tommcfly I have the biggest craving for crunchy nut thanks to you. ,1694103673,2009-05-04 01:06:03-07:00,68
@tommcfly  Why do they say such things   Ruined my happy night. Don't like people D:,1694194270,2009-05-04 01:30:26-07:00,84
"@tommcfly http://twitpic.com/3ttav do you remember from blackpool? hope you saw it, but you didnt read it out!  boohoo. lots of love!! xxx",1695918019,2009-05-04 07:13:53-07:00,138
"@tommcfly hi tom! I miss when you spoke Portuguese in google translate! I love you so much man! Please, answer me! I need you man!  xx",1751429131,2009-05-09 19:25:46-07:00,134
@tommcfly please reply tom  we need your help!!! please please tommy please ,1753609487,2009-05-10 02:30:17-07:00,76
"@tommcfly hi tom! I miss when you spoke Portuguese in google translate! I love you so much man! Please, answer me! I need you man!  xx",1753964503,2009-05-10 04:20:46-07:00,134
"@tommcfly hi tom! I miss when you spoke Portuguese in google translate! I love you so much man! Please, answer me! I need you man!  xx",1753982295,2009-05-10 04:25:59-07:00,134
"@tommcfly hi tom! I miss when you spoke Portuguese in google translate! I love you so much man! Please, answer me! I need you man!  xx",1753995459,2009-05-10 04:29:56-07:00,134
"@tommcfly hi tom! I miss when you spoke Portuguese in google translate! I love you so much man! Please, answer me! I need you man!  xx",1754023196,2009-05-10 04:37:24-07:00,134
"@tommcfly hi tom! I miss when you spoke Portuguese in google translate! I love you so much man! Please, answer me! I need you man!  xx",1754040788,2009-05-10 04:42:20-07:00,134
"@tommcfly OMGhow hot was it last night  , i fancied that coke that came with pizza lol,  tbh i think every1 did",1754087452,2009-05-10 04:55:13-07:00,111
"@tommcfly hi tom! I miss when you spoke Portuguese in google translate! I love you so much man! Please, answer me! I need you man!  xx",1754130579,2009-05-10 05:06:11-07:00,134
"@tommcfly hi tom! I miss when you spoke Portuguese in google translate! I love you so much man! Please, answer me! I need you man!  xx",1754201344,2009-05-10 05:23:33-07:00,134
@tommcfly lol!! wish i could see u!!  xxx,1754325005,2009-05-10 05:52:17-07:00,41
"@tommcfly I cant belive this time last sunday i would've been gatehanging for you, i miss you ",1754326360,2009-05-10 05:52:35-07:00,94
@tommcfly I cant belive this time last sunday i would've been gatehanging for you ,1754328411,2009-05-10 05:53:03-07:00,82
@tommcfly haha kwl... wish u wud play newcastle on the last date coz u always do something crazy on the last show  lol. cant grumble tho x,1754344584,2009-05-10 05:56:36-07:00,138
"@tommcfly amazing tour! Literally shed blood, sweat and tears haha. Gutted it's over now  x",1754346355,2009-05-10 05:57:00-07:00,91
"@tommcfly Can I just clarify that the last comment I sent, about Spanish Orals, means Spanish speaking exam. I got teased for saying it ",1754348683,2009-05-10 05:57:31-07:00,136
@tommcfly wish i was goin to cambridge! cant believe tours over im gutted  xx,1755026732,2009-05-10 08:03:33-07:00,77
"@tommcfly Hey, get well soon!! Ive got a sore throat as well  lyl xx",1770890196,2009-05-11 22:32:26-07:00,68
@tommcfly aw  Hope you get better soon! xx,1771058345,2009-05-11 23:03:49-07:00,42
"@tommcfly  I feel for you, man. when do you head out to South America? I hope you're well by then!",1771077678,2009-05-11 23:07:30-07:00,98
"@tommcfly Aww Tom, your up very early  i hope you get beter soon.. IF you havnt fnished Breaking Dawn yet you could?? reply =] xxx",1771103801,2009-05-11 23:12:26-07:00,130
@tommcfly I had that about 2 weeks ago. It's horrible  hope you feel better soon x,1771107370,2009-05-11 23:13:07-07:00,82
"@tommcfly Oh Tom, I'm so sorry! I wish you could be just fine... ",1771108303,2009-05-11 23:13:18-07:00,65
"@tommcfly U never get up this early!! wow, u must be really ill!!  ily xxx",1771112224,2009-05-11 23:14:01-07:00,74
"@tommcfly yes tom you mean mean party pooper! haha, sorry i have only just caught up on all your tweets. stupid time change!  xx",1793201201,2009-05-14 01:46:05-07:00,128
@gfalcone601 yes i'm okay thankyou yourself? i bet the party was good? @tommcfly has given me the cold ,1793220079,2009-05-14 01:50:34-07:00,103
"@tommcfly Arwhh, feel better soon (Y) JLC wont be the same tonight though  I am in food tech atm ;) weeeheeyy  have a lovely walk. x x x",1793481936,2009-05-14 02:51:50-07:00,136
@tommcfly wel im glad sum1s getin better...cz i feel rough as a bears arse! ,1793499691,2009-05-14 02:55:59-07:00,76
@tommcfly A lad in my class doesn't believe your the real Tom  I think you should tweet back because of the distress i am going through...,1793502208,2009-05-14 02:56:32-07:00,138
@tommcfly I felt the same after I finished them aswell  you should try Reading his dark materials by Philip Pullman. Best books EVER,1793568573,2009-05-14 03:11:31-07:00,132
"@tommcfly fave followers that is. We don't follow her face, haha. I hate iPhone predictive text ",1793583385,2009-05-14 03:14:57-07:00,96
"@tommcfly Check out the Midnight Sun draft! Twilight from Edwards point of view. Its good, its a shame Stephenie Meyer has shelved it ",1793614091,2009-05-14 03:21:54-07:00,134
@tommcfly went to get ur dvd and didnt get it cuz it didnt cum it so unhappy now  ive it ordered online now so happy lol cnt wait #mcfly,1793648656,2009-05-14 03:29:54-07:00,136
"@tommcfly It's just the fact you live across the sea, but I think I feel the same as you do..I think I'm getting the flue....NO! ",1793721982,2009-05-14 03:45:50-07:00,129
@tommcfly not me ,1794742411,2009-05-14 06:28:10-07:00,17
@tommcfly I cant i live in holland and I GOT to work ,1794772500,2009-05-14 06:31:45-07:00,53
@tommcfly get well soon tom! Any of idea when the next uk tour will be?! Missin you guys already!  please reply ;)x,1794784518,2009-05-14 06:33:12-07:00,115
@tommcfly not me  I'm stuck on me lonesome in Southampton (but normally dont live too far away from MK) Hope you feel better soon. xx,1794822555,2009-05-14 06:37:46-07:00,133
@tommcfly I'm going to MK but haven't got a wristband  have to go to the dentist first too ,1794867852,2009-05-14 06:43:06-07:00,91
"@tommcfly ..  nope,, the joys of being stuck at work in an office.. bad times",1794902841,2009-05-14 06:47:10-07:00,77
"@tommcfly i cant , its way to far  if i had the train money i would goo all the way from caterham xxx",1794907361,2009-05-14 06:47:41-07:00,101
"@tommcfly HaHa!! Im Still In Bed,, I Feel So Lazy!!! I Do Feel Ill Tho  Tweet Me And Make My Day Plz,, Gutted I Cant Go To The Signing!! x",1794943772,2009-05-14 06:51:48-07:00,138
"@tommcfly I must be invisible, because you never answer me :/ sorry, but this leaves me quite sad. ",1795226799,2009-05-14 07:23:34-07:00,99
"@tommcfly  you are not there for what I'm talking, I should really be invisible in your life ",1795259858,2009-05-14 07:27:12-07:00,93
"@tommcfly ok I give up! I always try to send messages to you, but you never answer me  you'll NEVER ansewr me right?",1795263728,2009-05-14 07:27:38-07:00,116
@tommcfly do you know if your coming back to plymouth on the next tour?? because i couldnt come to up close and personal ,1795403963,2009-05-14 07:42:46-07:00,121
"@tommcfly i hate deal or no deal at the moment, clowns ",1796168473,2009-05-14 08:59:43-07:00,55
@tommcfly feel better soon sweetheart  go back to sleep!!,1823612485,2009-05-16 22:27:23-07:00,57
"@tommcfly awn Tom, im so sorry for you! you need to feel better soon ",1823623220,2009-05-16 22:29:19-07:00,69
@tommcfly I sympathise with you.. I was in your place 2 weeks ago.. I can't believe you are still sick!! ,1823626153,2009-05-16 22:29:50-07:00,105
@tommcfly get back to sleep...sleeping beauty  do u want some hot tea?,1823648022,2009-05-16 22:33:34-07:00,70
@tommcfly pleeeease get better   and take care of yourself to feel good 'till monday ok?,1823683226,2009-05-16 22:39:52-07:00,88
@tommcfly i know what u mean! Being sick sucks!  im sick nw 2,1823780072,2009-05-16 22:57:54-07:00,61
"@tommcfly agreed  being ill sucks i can hardly breath, havnt got any sleep! i dont wanna get quarentined at the airport :'/",1824380672,2009-05-17 01:08:08-07:00,123
@tommcfly  ah get well soon! tweet the pain away haha,1824468886,2009-05-17 01:30:58-07:00,53
@tommcfly i woke up at like 4am coughing! how depressing is this ,1824499962,2009-05-17 01:38:58-07:00,65
@tommcfly  Norway ,1824677231,2009-05-17 02:26:18-07:00,18
@tommcfly don't stay away from the uk too long ,1824684537,2009-05-17 02:28:20-07:00,47
@tommcfly NORWAY. i liked sweden ,1824726617,2009-05-17 02:39:38-07:00,33
@tommcfly Tom can we feel poorly together? I can't breathe still ,1824826051,2009-05-17 03:06:16-07:00,65
@tommcfly Hey tom put me in plane with u and the guys i want back to brazil for see my family ,1824834679,2009-05-17 03:08:42-07:00,94
"@tommcfly ha ha , how it must feel to be so popular , I have nil point followers , it feels kinda sad  ha ha",1824841827,2009-05-17 03:10:41-07:00,108
@tommcfly I sound a cross between  an 80 year old who's smoked 40 fags all her life and mr squeeky from toy story 2  ,1824916196,2009-05-17 03:30:48-07:00,117
(via @amy__xx) @tommcfly I sound a cross between an 80 year old who's smoked 40 fags all her life and mr squeeky from toy story 2  htt ...,1824933203,2009-05-17 03:35:18-07:00,138
@tommcfly Norway won  - I actually voted for UK - you guys should've won!!,1825098862,2009-05-17 04:20:20-07:00,74
"@tommcfly No. I can't enjoy your tweets, 'cause you never tweet me back ",1825210196,2009-05-17 04:49:01-07:00,72
@tommcfly I think I've got your cold ,1826238511,2009-05-17 08:01:46-07:00,37
@tommcfly we'll be waiting for you in Mexico ,1827067081,2009-05-17 09:55:25-07:00,45
@tommcfly Why didn't you say you were on radio one today?! Didn't get to listen to you  xxx,1827343030,2009-05-17 10:30:39-07:00,91
@tommcfly U're not coming  2 years waiting for this!! Damned flu!! Please don't forget us! Good luck with the Latinamerican tour. Love u!,1827520364,2009-05-17 10:53:08-07:00,137
"@tommcfly Hi, Norway has winning Eurovision. I hope that United KIngdom has winning, but they don't  have a nice day ;) <3 McFly",1827584018,2009-05-17 11:01:12-07:00,128
"@tommcfly @dougiemcfly @dannymcfly @mcflyharry you guy were wicked on radio and tom, you were ill! Shame you didnt read my text though  x",1827649593,2009-05-17 11:09:25-07:00,137
@tommcfly i sent in 24 texts on radio 1 asking for you to say hi to me but you didnt ,1827683922,2009-05-17 11:13:47-07:00,85
@tommcfly Norway  Jade Ewen (UK) came fifth ,1828069764,2009-05-17 12:01:37-07:00,44
@tommcfly well if it would arrive any time soon i would do haha! damn swedish post service ,1834113644,2009-05-18 01:40:48-07:00,91
@tommcfly that's not fair for you! everytime you come to brazil is cold here! ,1834135248,2009-05-18 01:45:52-07:00,78
@tommcfly OMG!! You're gonna be off to South America for 16 days??????? I'm gonna die.  xxx,1834146275,2009-05-18 01:48:27-07:00,91
"@tommcfly , we cant get your DVD  cause we live in NZ where we dont get anything a little bit cool",1834153048,2009-05-18 01:50:03-07:00,98
@tommcfly I would've gotten it if it was in my region code. ,1834207051,2009-05-18 02:02:26-07:00,60
@tommcfly What do u do when u get a writing block.  Please help me i have one  and its depressing me i cant write a good melody  ly xx,1834519501,2009-05-18 03:14:43-07:00,134
@tommcfly hey dude... what is mcfly doing today? can we hope for a new album in 2009?  ...havenï¿½t got the chance to buy you dvd.... ,1834676985,2009-05-18 03:49:46-07:00,134
@tommcfly omg i saw that last night too! well wasn't expecting that at the end! shouldn't have done it! now jack and kate will never meet ,1834720002,2009-05-18 03:58:48-07:00,138
@tommcfly No America while you're in the Western hemisphere? ,1835200663,2009-05-18 05:24:34-07:00,61
@tommcfly under the house??! oh dear... ,1835458749,2009-05-18 06:02:18-07:00,40
@tommcfly What book are  you taken on tour with you this time Tom  xx  (please reply as im feeling poorly like you were last week ) ,1835954074,2009-05-18 07:05:09-07:00,132
@tommcfly awhhh my cats gone missing since tuesday! What The hell is sucks  x,1836194782,2009-05-18 07:33:13-07:00,77
"@tommcfly I don't want you to go to brazil, i will miss you ",1836301213,2009-05-18 07:45:09-07:00,60
@tommcfly I know how you feel I was a loner yesterday because my 3 best friends have left me! ,1879931846,2009-05-21 23:34:17-07:00,94
@tommcfly Bummer you have to wait a year  Think on the plus side. You get to see him for one lasttime before he retiries  Be amazing xxx,1879937747,2009-05-21 23:35:22-07:00,136
@tommcfly Tom! Is ok to use She Falls Asleep pt1??? Its for a REALLY good cause and I need your permission to broadcast it apparently!  xx,1879999634,2009-05-21 23:47:10-07:00,138
"@tommcfly Annoying innit, my tickets are for march aswell now, but it's on a monday, so i can't go anymore . Really wanna see him tho ",1880248326,2009-05-22 00:35:09-07:00,134
@tommcfly im sorry for you ,1880248608,2009-05-22 00:35:11-07:00,27
"@tommcfly why aren't you doing t4 on the beach this year??  This is like, your first year of not doing it!",1880642657,2009-05-22 01:58:43-07:00,106
@tommcfly next year?? how can they move a set concert to nxt year?? Thats kinds stupid. POOR TOM   xoxox,1881068111,2009-05-22 03:29:35-07:00,104
@tommcfly you have tickets :o I've been online for 6 hours trying to get one but nothing ,1881610034,2009-05-22 05:07:11-07:00,89
@tommcfly my show got changed too  not fair! but I'm going on another day too so that makes it a bit better.,1882041466,2009-05-22 06:06:41-07:00,108
"@tommcfly That sucks, poor you ",1882725975,2009-05-22 07:22:47-07:00,31
"@tommcfly morning *-* where are the photos  hahahaha, hahahaha, when you go away of Manaus?",1883177878,2009-05-22 08:08:00-07:00,91
@tommcfly hehe have a nice day in Amazon...we want Giovanna in Sï¿½o Paulo 28/05 ,1883202707,2009-05-22 08:10:25-07:00,81
@tommcfly i love u to bits so therefor u officially get my 900 tweet. most of them ive sent to u tho. but u never answer me  loveyou! Xxx,1883265105,2009-05-22 08:16:26-07:00,137
"@tommcfly I'm very happy that you're enjoing brazil, but feels bad that I coudn't buy my ticket to go to the rio's concert ",1883356203,2009-05-22 08:25:18-07:00,123
@tommcfly wooooooo it feels like nothing here its wet and rainy  ohwell atleast i hav my trusty pal deanna,1883362982,2009-05-22 08:25:58-07:00,106
"@tommcfly You do know it's just May, right? Christmas is half a year away ",1883443299,2009-05-22 08:33:35-07:00,74
"@tommcfly TOM, PLEASE REPLY ME ",1932270812,2009-05-26 21:08:38-07:00,31
"@tommcfly aw, poor little second unappreciated toe  hah,",1956102018,2009-05-28 21:11:31-07:00,56
@tommcfly OH NO!   I'm coming to nurse that little toe!,1956106102,2009-05-28 21:11:59-07:00,55
"@tommcfly Tom   You say you love all your fans, but I don't think you love us in America, especially me. McFly never come here ",1956141542,2009-05-28 21:16:05-07:00,127
@tommcfly awww poor Tom!! you've been sick or hurt a lot lately ,1956155635,2009-05-28 21:17:45-07:00,64
"@tommcfly Hi, You can only answer yes or no, but.. you arrived at the show in a black van? please answer me ",1956330881,2009-05-28 21:39:04-07:00,108
@tommcfly you met the fans on wednesday at hilton's bar. meet us! haha  i know you tired but we spent lost of money here just to see you ,1956408591,2009-05-28 21:48:57-07:00,137
@tommcfly you met the fans on wednesday at hilton's bar. meet us! haha i know you tired but we spent lost of money here just to see you ,1956435931,2009-05-28 21:52:27-07:00,136
@tommcfly you met the fans on wednesday at hilton's bar. meet us! haha i know you tired but we spent lost of money here just to see you ,1956442725,2009-05-28 21:53:20-07:00,136
@tommcfly ,1956491916,2009-05-28 21:59:55-07:00,10
@tommcfly did you see a poster write : back from the future just for you  ? it was mee hope you see it *-* i try to trouth it but i cant ,1956540521,2009-05-28 22:06:07-07:00,137
@tommcfly Yesterday I was out of the hotel and just saw you so far. But today was incredible! Hope I'll can give to you a hug tomorrow ,1956613309,2009-05-28 22:16:07-07:00,135
"@tommcfly Because my friend knew you,and is not fair if I can't know you too  I want to give to you my Buz Lightyear yet!",1956636043,2009-05-28 22:19:21-07:00,121
"@tommcfly Awe, im sorry you broke your toe. IT BITES!  I love your music.",1956687009,2009-05-28 22:26:34-07:00,73
"@tommcfly, @dannymcfly, @mcflyharry and @dougiemcfly i think you should come home now ",1957542198,2009-05-29 00:49:49-07:00,86
@claireyjonesy LMAO i want him to reply  booooo you @tommcfly REPLY TO ONE OF US lmfaoooo,1960211736,2009-05-29 07:36:11-07:00,89
@tommcfly I'm depressed ! I want to know you and kiss you all ,1960302289,2009-05-29 07:44:58-07:00,62
"@tommcfly Tom! @buonotomato and I were wondering if you'd do a tour in Asia, specifically the Philippines. Any chance you will soon? ",1960554443,2009-05-29 08:08:40-07:00,133
"@tommcfly Tom! Do a tour in the Philippines, please?  That would be so awesome!",1960631340,2009-05-29 08:15:52-07:00,79
@tommcfly Will we see you guys in the Philippines?  That would be the coolest thing ever! Always wanted to go to one of your concerts!,1960763784,2009-05-29 08:28:09-07:00,134
@tommcfly Is it true that you love brazil more than australia  nitey,1960907183,2009-05-29 08:41:19-07:00,68
@tommcfly We're running out of things to tweet to you.  Wish we could get your reply! Come to the Philippines?  TWEEET!,1960992673,2009-05-29 08:49:18-07:00,119
"@tommcfly My eyes are starting to hurt. So late. But must reach 200 updates due to tweets sent to youuuu! Philippines tour, pleeease? ",1961002608,2009-05-29 08:50:13-07:00,134
"@tommcfly Would love it if you guys toured here, really! Philippines tour? ",1961087162,2009-05-29 08:58:00-07:00,75
@tommcfly Will we be seeing McFly in the Philippines soon? ,1961102764,2009-05-29 08:59:27-07:00,59
"@tommcfly It's 12AM! @buonotomato, @bluejeriberry and I are still up, sending you as much tweets as we can! Philippines tour please? ",1961172825,2009-05-29 09:05:40-07:00,133
@tommcfly I need to watch Star Trek ,1961181483,2009-05-29 09:06:26-07:00,36
"@tommcfly Philippines tour, please? Please? Please? ",1961183530,2009-05-29 09:06:37-07:00,52
@tommcfly Please don't forget french fans ! We are HERE ! ,1961191747,2009-05-29 09:07:21-07:00,58
@tommcfly Do a tour in the Philippines sometime.  A lot of fans here would really love that!,1961213958,2009-05-29 09:09:24-07:00,92
"@tommcfly @dougiemcfly broken little toe? vai the doctor! Hoje vocï¿½ vai na 89FM, quero vï¿½-lo atravï¿½s da Internet. got to see it ",1961221791,2009-05-29 09:10:08-07:00,134
@tommcfly I don't know what to write anymore! My mind must be tired. It's past midnight here already. Do a tour in the Philippines? ,1961246776,2009-05-29 09:12:25-07:00,132
"@tommcfly Oh no! A lot of people are starting to tweet again! Hope you could still read our multiple tweets  Philippines tour, please? ",1961278370,2009-05-29 09:15:19-07:00,135
"@tommcfly My eyes are starting to hurt! It's getting super late. But I just gotta keep tweeting. Haha! Philippines tour, please, Tom? ",1961287800,2009-05-29 09:16:12-07:00,134
"@tommcfly It's 12:30AM, @buonotomato stopped tweeting, my brain's not functioning. I wanna cry. Haha. Philippines tour, please?  Love ya!",1961431402,2009-05-29 09:29:35-07:00,137
@tommcfly I'm starting to get really dizzy. Do a tour in the Philippines?  So we'd feel the bliss of knowing our efforts were worth it!,1961475223,2009-05-29 09:33:36-07:00,135
"@tommcfly Tom , today my school played POV at the break , and I almost cryed !  your show in sao paulo is today ! I wish i could be there!",1961481653,2009-05-29 09:34:12-07:00,138
"@tommcfly I'm running out of things to say, and I'm starting to think you'll hate me for flooding your inbox with ""Philippines tour?"" ",1961501155,2009-05-29 09:35:59-07:00,134
"@tommcfly Toooooom! Do a tour in the Philippines, pleeease?  I'm risking my health to get your reply. Haha!",1961570469,2009-05-29 09:42:28-07:00,107
@tommcfly Have you guys heard about the flu that's been going around? Swine Flu? Hope you guys are safe  There've been deaths already. :-S,1961689749,2009-05-29 09:53:40-07:00,138
"@tommcfly I really hope you see my tweets. Sent you so much, I swear. Do a tour in the Philippines, please?  *prays*",1961767865,2009-05-29 10:00:51-07:00,116
@tommcfly sweet .. Englands becoming lamer and lamer since you guys left ,1962016973,2009-05-29 10:23:40-07:00,73
@tommcfly  and you only respond to ddlovato that is not your fan ,1962653785,2009-05-29 11:24:04-07:00,65
"@tommcfly helllllloooooooooooo tom, gig tonight? sorry im not sure when your shows are over there! miss you in the UK  HI HI HI HI HI xx",1962994658,2009-05-29 12:02:35-07:00,136
@tommcfly tom do u have plans to germany?  answer this for ur germany fas,1963049093,2009-05-29 12:07:29-07:00,73
"@tommcfly i miss so much the old animations... i really loved Hercules, from Disney. haha by the way, awesome show yesterday, guys.  Xx",1963065130,2009-05-29 12:08:57-07:00,135
"@tommcfly (2) in commentary @flahmanow , I was with her, was sad, very sad ",1963165023,2009-05-29 12:18:12-07:00,75
@tommcfly Tom are the MITO tour dvd's still being made cos no where seem to be stealing them and i really want a copy ,1963211575,2009-05-29 12:22:38-07:00,118
@tommcfly apparently were not as good as the Brazillians tho' ,1963348647,2009-05-29 12:35:17-07:00,62
i can't find my woody and buzz toys  but i've got my bullseye teddy! @tommcfly do you have toy story toys? 8-),1963474910,2009-05-29 12:46:43-07:00,110
"@tommcfly tweet me, have a convo i will tell you whats happening in BGT!did you watch the final of lost? i was like noo dont end it there ",1963498244,2009-05-29 12:48:52-07:00,138
"@tommcfly maybe you could go outside to meet some fans?  im not even from sao paulo, im from rio, but.. idk, just saying :/",1963502110,2009-05-29 12:49:13-07:00,123
"@tommcfly say hi to me, i'm depressed cause i cant see you ",1963518981,2009-05-29 12:50:44-07:00,59
"@tommcfly you and the guys should come down here, we are fucking freezing out here! ",1963565183,2009-05-29 12:55:00-07:00,84
@tommcfly why you will so little time in rio de janeiro? forgive babelfish! ,1963569465,2009-05-29 12:55:24-07:00,76
@tommcfly say a hi to me tom  please please,1963596370,2009-05-29 12:57:54-07:00,43
"@tommcfly hey tom, i'm happy that you're enjoying brazil, but i'm sad cuz i'm not goin to see you in your show ",1963599538,2009-05-29 12:58:12-07:00,111
@tommcfly you didn't come to see the hosts at hilton mr. thomas. we spent lots of money for nothing. that's boring ,1963606061,2009-05-29 12:58:47-07:00,115
@tommcfly do you remember my spok-5? ,1963648518,2009-05-29 13:02:31-07:00,37
"@tommcfly talk to me isn't a good idea?  i'm going to buy a gift to my friend, so you have 20 mins...",1963704457,2009-05-29 13:07:23-07:00,101
@tommcfly Why do you not respond me? ,1963814520,2009-05-29 13:17:24-07:00,37
@tommcfly wishing i could be in sï¿½o paulo for the show  but fortunately i went to the brasilia one! haha,1963987898,2009-05-29 13:33:13-07:00,106
@tommcfly can't you write a song without your guitar? i thought you could  look for something to do!,1963995822,2009-05-29 13:33:57-07:00,100
@tommcfly i can't believe that you guys are gonna stay just one day here in Rio de Janeiro again ,1964008953,2009-05-29 13:35:10-07:00,97
@tommcfly i hate feeling like this ,1964009223,2009-05-29 13:35:11-07:00,35
@tommcfly aww bless  haha your cute Tom,1964015233,2009-05-29 13:35:43-07:00,39
@tommcfly How dare you apologize to the UK for being gone for a while but don't apologize to america for never touring here at all!!! ,1964951155,2009-05-29 15:04:46-07:00,134
"@tommcfly >>i donï¿½t live in UK, so I canï¿½t say what i think... ",1965369734,2009-05-29 15:48:00-07:00,67
"@tommcfly Tom, get ready, here in Porto Alegre is really cold ",1965543260,2009-05-29 16:06:19-07:00,62
"wish i could be in via funchal  yesterday, @tommcfly, @Dannymcfly, @dougiemcfly, @mcflyharry were PERFECT, the best day in my life XX",1966252257,2009-05-29 17:25:01-07:00,133
"@tommcfly I wish I was there, again ",1967285577,2009-05-29 19:18:05-07:00,36
@tommcfly hope you guys come back soon!! ohh I wanted soo bad to go to that soow! can't believe I missed it!!  but happy you guys enjoyed!,1967329832,2009-05-29 19:23:01-07:00,138
"@tommcfly only of thinking that lost that show :/    I will still see you , I believe  ;)",1967350170,2009-05-29 19:25:12-07:00,89
"@tommcfly I want go to your concert next tour in Brazil, I'm depressed that will not see you this year ",1967357305,2009-05-29 19:25:59-07:00,103
"@tommcfly HELP I CANT SLEEP!not even listening to all the ""silent"" songs from McFly & busted help  I tried to sleep for 4 hours",1967693285,2009-05-29 20:02:46-07:00,127
@tommcfly the followers isn't enought? ,1967693431,2009-05-29 20:02:47-07:00,39
@tommcfly i couldnt go to the conceeeeeert  how it was??,1967699219,2009-05-29 20:03:23-07:00,56
"@tommcfly HELP I CANT SLEEP!Not even listening to all the ""silent"" songs from McFly & busted help  I tried to sleep for 4 hours =[",1967699366,2009-05-29 20:03:24-07:00,130
@tommcfly so sad that this is your last night in Sao Paulo.. we're really going to miss you guys! ,1967748519,2009-05-29 20:08:32-07:00,98
@tommcfly Feeling ignored after so many tweets makes me feel frustrated  Doesn't matter tweeting to you is fun anyways LOL,1967769538,2009-05-29 20:10:47-07:00,122
@tommcfly that's pretty sad!  How was your day ?,1967775408,2009-05-29 20:11:23-07:00,48
@tommcfly - last night I'd have a dream about you. you was mad ,1967807277,2009-05-29 20:14:48-07:00,63
"@tommcfly HELP I CANT SLEEP!!!Not even listening to all the ""silent"" songs from McFly & busted helps  I tried to sleep for 4 hours =[",1967847567,2009-05-29 20:19:07-07:00,133
"@tommcfly TOOOOOOM. Did you even read @buonotomato's, @bluejeriblue's and my tweets?  Sent you soooo much.",1967875955,2009-05-29 20:22:14-07:00,106
@tommcfly Tom i need u guys to cheer me up i feel like crap!!:/ i wish i was in brazil tho ,1968211862,2009-05-29 20:58:58-07:00,91
"@tommcfly toom ! I hope you come back to brasilia, cuz I cant go to the gig  and you'll can do it better lol",1968392955,2009-05-29 21:20:36-07:00,108
"@tommcfly out) for you and everything I did wrong and i passed out before the show starts  ,more today at least I was when I saw them on",1968799697,2009-05-29 22:14:49-07:00,136
"@tommcfly even a ""dude, get a life"" or ""go and spend your time doing something useful, like studying math!"" would be nice  x",1968825529,2009-05-29 22:18:36-07:00,124
@tommcfly The UK has missed you terribly  xxx,1970266258,2009-05-30 03:08:37-07:00,45
"@tommcfly hi, today my sister and couse <or&roni> have birthday and they are huge mcfly fans, can you plz tell them happy birthday? xX ",1970293065,2009-05-30 03:15:30-07:00,135
@FrankieTheSats @LittleFletcher @DebbieFletcher @tommcfly @dannymcfly @dougiemcfly @gfalcone601 can u plz say Happy b-day Or&Roni? ,1970319339,2009-05-30 03:22:19-07:00,131
@FrankieTheSats @LittleFletcher @DebbieFletcher @tommcfly @dannymcfly @dougiemcfly @gfalcone601 can u plz say Happy birthday Or&Roni?   xx,1970399148,2009-05-30 03:42:42-07:00,138
"@tommcfly Toy story 3 looks like its gonna be awesome, shame we have to wait til next june  <3",1970432558,2009-05-30 03:50:49-07:00,94
"@tommcfly plz say ""Happy Birthday Or , Roni & Mickey!"" plz plz plz ",1970466620,2009-05-30 03:59:12-07:00,67
"@tommcfly plz say ""Happy Birthday Or , Roni & Mickey!"" plz plz plz   x",1970467189,2009-05-30 03:59:22-07:00,70
"@tommcfly plz say ""Happy Birthday Or , Roni & Mickey!"" plz plz plz   xx",1970467579,2009-05-30 03:59:27-07:00,71
"@tommcfly plz say ""Happy Birthday Or , Roni & Mickey!"" plz plz plz ",1970468303,2009-05-30 03:59:38-07:00,67
"@tommcfly plz say ""Happy Birthday Or , Roni & Mickey!"" plz plz plz  x",1970469386,2009-05-30 03:59:55-07:00,69
"@tommcfly plz say ""Happy Birthday Or , Roni & Mickey!"" plz plz plz ",1970470090,2009-05-30 04:00:03-07:00,67
"@tommcfly plz say ""Happy Birthday Or , Roni & Mickey!"" plz plz plz   xx",1970470858,2009-05-30 04:00:08-07:00,71
"@tommcfly plz say ""Happy Birthday Or , Roni & Mickey!"" plz plz plz   x",1970474288,2009-05-30 04:00:48-07:00,70
"@tommcfly plz say ""Happy Birthday Or , Roni & Mickey!"" plz plz plz ",1970475666,2009-05-30 04:01:10-07:00,67
"@tommcfly plz say ""Happy Birthday Or , Roni & Mickey!"" plz plz plz  xx",1970476319,2009-05-30 04:01:18-07:00,70
"@tommcfly plz say ""Happy Birthday Or , Roni & Mickey!"" plz plz plz ",1970478533,2009-05-30 04:01:48-07:00,67
"@tommcfly plz say ""Happy Birthday Or , Roni & Mickey!"" plz plz plz  x",1970481293,2009-05-30 04:02:26-07:00,69
"@tommcfly @tommcfly plz say ""Happy Birthday Or , Roni & Mickey!"" plz plz plz ",1970490733,2009-05-30 04:04:42-07:00,77
"@tommcfly plz say ""Happy Birthday Or , Roni & Mickey!"" plz plz plz  x",1970491001,2009-05-30 04:04:46-07:00,69
"@tommcfly plz say ""Happy Birthday Or , Roni & Mickey!"" plz plz plz  they are huge fans of mcfly and it's will make them very happy ! x",1970492567,2009-05-30 04:05:07-07:00,134
"@tommcfly plz say ""Happy Birthday Or , Roni & Mickey!"" plz plz plz ",1970493212,2009-05-30 04:05:15-07:00,67
"@tommcfly plz say ""Happy Birthday Or , Roni & Mickey!"" plz plz plz  x",1970493702,2009-05-30 04:05:22-07:00,69
"@tommcfly plz say ""Happy Birthday Or , Roni & Mickey!"" plz plz plz ",1970494100,2009-05-30 04:05:27-07:00,67
"@tommcfly plz say ""Happy Birthday Or , Roni & Mickey!"" plz plz plz  xx",1970494672,2009-05-30 04:05:35-07:00,70
"@tommcfly plz say ""Happy Birthday Or , Roni & Mickey!"" plz plz plz  x",1970495184,2009-05-30 04:05:42-07:00,69
@tommcfly      We'll make you win tom.!      Wow this feels weird i dont know what to say and i may have wasted your time   But anyway(:,1970495312,2009-05-30 04:05:44-07:00,136
"@tommcfly plz say ""Happy Birthday Or , Roni & Mickey!"" plz plz plz  comon comon comon Tom! i know you here. x",1970497846,2009-05-30 04:06:21-07:00,109
"@tommcfly plz say ""Happy Birthday Or , Roni & Mickey!"" plz plz plz ",1970498223,2009-05-30 04:06:26-07:00,67
"@tommcfly plz say ""Happy Birthday Or , Roni & Mickey!"" plz plz plz  x",1970500195,2009-05-30 04:06:56-07:00,69
"@tommcfly plz say ""Happy Birthday Or , Roni & Mickey!"" plz plz plz ",1970500437,2009-05-30 04:07:00-07:00,67
"@tommcfly plz say ""Happy Birthday Or , Roni & Mickey!"" plz plz plz  x",1970500684,2009-05-30 04:07:03-07:00,69
"@tommcfly plz say ""Happy Birthday Or , Roni & Mickey!"" plz plz plz ",1970501006,2009-05-30 04:07:08-07:00,67
"@tommcfly plz say ""Happy Birthday Or , Roni & Mickey!"" plz plz plz  x",1970502904,2009-05-30 04:07:36-07:00,69
"@tommcfly plz say ""Happy Birthday Or , Roni & Mickey!"" plz plz plz ",1970503109,2009-05-30 04:07:39-07:00,67
"@tommcfly plz say ""Happy Birthday Or , Roni & Mickey!"" plz plz plz  x",1970503567,2009-05-30 04:07:47-07:00,69
"@tommcfly plz say ""Happy Birthday Or , Roni & Mickey!"" plz plz plz ",1970505205,2009-05-30 04:08:11-07:00,67
"@tommcfly plz say ""Happy Birthday Or , Roni & Mickey!"" plz plz plz  x",1970506495,2009-05-30 04:08:30-07:00,69
"@tommcfly plz say ""Happy Birthday Or , Roni & Mickey!"" plz plz plz ",1970506943,2009-05-30 04:08:37-07:00,67
"@tommcfly plz say ""Happy Birthday Or , Roni & Mickey!"" plz plz plz  xx",1970507238,2009-05-30 04:08:41-07:00,70
"@tommcfly plz say ""Happy Birthday Or , Roni & Mickey!"" plz plz plz  x",1970507515,2009-05-30 04:08:46-07:00,69
"@tommcfly plz say ""Happy Birthday Or , Roni & Mickey!"" plz plz plz ",1970507779,2009-05-30 04:08:50-07:00,67
"@tommcfly plz say ""Happy Birthday Or , Roni & Mickey!"" plz plz plz  x",1970508200,2009-05-30 04:08:57-07:00,69
"@tommcfly plz say ""Happy Birthday Or , Roni & Mickey!"" plz plz plz  xx",1970508667,2009-05-30 04:09:03-07:00,70
"@tommcfly plz say ""Happy Birthday Or , Roni & Mickey!"" plz plz plz ",1970509154,2009-05-30 04:09:10-07:00,67
"@tommcfly plz say ""Happy Birthday Or , Roni & Mickey!"" plz plz plz ",1970514341,2009-05-30 04:10:22-07:00,67
"@tommcfly plz say ""Happy Birthday Or , Roni & Mickey!"" plz plz plz  x",1970515011,2009-05-30 04:10:31-07:00,69
"@tommcfly plz say ""Happy Birthday Or , Roni & Mickey!"" plz plz plz ",1970516979,2009-05-30 04:10:57-07:00,67
"@tommcfly plz say ""Happy Birthday Or , Roni & Mickey!"" plz plz plz  xx",1970517332,2009-05-30 04:11:02-07:00,70
"@tommcfly plz say ""Happy Birthday Or , Roni & Mickey!"" plz plz plz  x",1970517615,2009-05-30 04:11:06-07:00,69
"@tommcfly plz say ""Happy Birthday Or , Roni & Mickey!"" plz plz plz ",1970517887,2009-05-30 04:11:10-07:00,67
"@tommcfly plz say ""Happy Birthday Or , Roni & Mickey!"" plz plz plz  x",1970518171,2009-05-30 04:11:14-07:00,69
"@tommcfly plz say ""Happy Birthday Or , Roni & Mickey!"" plz plz plz  xx",1970518433,2009-05-30 04:11:18-07:00,70
"@tommcfly plz say ""Happy Birthday Or , Roni & Mickey!"" plz plz plz  x",1970518704,2009-05-30 04:11:22-07:00,69
@tommcfly what about starbucks ,1970555078,2009-05-30 04:20:07-07:00,31
@tommcfly i am absolutely tired but i saw ur concert on the 1st and 2nd round lol. i cried loads when i got home!  wanna see u closer :/,1970578773,2009-05-30 04:25:42-07:00,136
@tommcfly Have a nice show. I'm rotting at home  xx,1970585484,2009-05-30 04:27:21-07:00,51
@tommcfly feels like you've been in brazil forever ,1970588113,2009-05-30 04:28:01-07:00,51
@tommcfly Okay have fun dude! And hurry up over there your english fans are missing you like hell dude! NOT GOOT (N) ,1970590231,2009-05-30 04:28:33-07:00,117
i am the most jealous of @tommcfly  i wish i was going to rio today!,1970611580,2009-05-30 04:33:32-07:00,68
"@tommcfly OK I'm obsessed. I watch the Wonderland Tour DVD, EVERY week 4 or 5times. I looove it.  But I'm sad that I can't see ya live. ",1970680465,2009-05-30 04:49:23-07:00,136
"@tommcfly do not believe you did a show in sao paulo, and I was not! oh cruel life!   good luck in the river!",1970944339,2009-05-30 05:44:36-07:00,109
@tommcfly why don't you like Rio as the other citys ? you will just spend some hours here ,1971047720,2009-05-30 06:03:36-07:00,90
"@tommcfly Good luck tonight Tom ! I wish I'll be there to see you again  ! One day you will come back to Sao Paulo, right? Soon, I hope !",1971281181,2009-05-30 06:42:48-07:00,137
"@tommcfly Oow! Today, made a week you were here in Fortaleza. ",1971285313,2009-05-30 06:43:30-07:00,62
@tommcfly I'm so sad about that though ,1971407570,2009-05-30 07:02:19-07:00,39
@tommcfly argh allergies have been an absolute betch this year ,1971556828,2009-05-30 07:22:33-07:00,63
"@tommcfly i wanted you to be all mine too.  just kidding! LOL, where's harry? i wanted him to be all mine! that would be good.",1971576658,2009-05-30 07:25:05-07:00,126
@tommcfly i wanna see another concert here in Sao Paulo ,1971598356,2009-05-30 07:28:09-07:00,56
@tommcfly ahh i'm so jealous! i want to be in rio  hope you get some sleep soon! xx,1971652468,2009-05-30 07:35:34-07:00,83
"@tommcfly omg, ur not in the hotel anymore? ",1971660772,2009-05-30 07:36:43-07:00,44
@tommcfly Why do u just reply when ppl say bad things to u?  I just wanna know if u received my present.. http://twitpic.com/5v1sq *cry*,1971673819,2009-05-30 07:38:34-07:00,136
@tommcfly UK is pretty sunny today aswell! Don't forget your fans over here please  xxxxxxxxxxxxxx,1971755047,2009-05-30 07:49:37-07:00,98
@tommcfly ooh here it's raining nad cold  take care tom!!,1971772966,2009-05-30 07:51:58-07:00,57
"@tommcfly ...to the sherwood forest gig in june, is ther  neway of getting VIP tickets for that? looked on the net but cant find nething? ",1971776421,2009-05-30 07:52:25-07:00,138
"@tommcfly ...to the sherwood forest gig in june, is ther neway of getting VIP tickets for that? looked on the net but cant find nething? ",1971856837,2009-05-30 08:02:53-07:00,137
"@tommcfly ...to the sherwood forest gig in june, is ther neway of getting VIP tickets for that? looked on the net but cant find nething? ",1971865724,2009-05-30 08:04:00-07:00,137
"@tommcfly i would give anything to go to your shows here in brazil, but my father won't let me  YOU ARE SO CUTE TOM!",1972261375,2009-05-30 08:53:29-07:00,116
"@tommcfly oh no, you are no longer here in sao paulo  come back next year or before please! -sorry, i don't speak english very well! xx",1972398591,2009-05-30 09:09:02-07:00,135
@tommcfly i wish that i could watch shows that you guys are on..america cant play uk shows even on the internet  please visit. orlando ,1972415897,2009-05-30 09:10:58-07:00,135
 @tommcfly hi when ur back & when ur next in mk i am gona need 1 of your really good hugs that only you and my friend liam can give ok.,1972701307,2009-05-30 09:43:25-07:00,135
@tommcfly http://twitpic.com/64l1e - wow thats actually amazing ... why don't my doodles ever look this good  haha,1972997258,2009-05-30 10:16:48-07:00,114
"@tommcfly sunny? sunny? sun-ny? perversity, only because I got a new coat for the concert today   ps: wich tv show?? casseta & planeta?",1973365380,2009-05-30 11:00:31-07:00,135
"@tommcfly will be very funny this program but im not in brazil  uhhuuh Im a loser T-T aaaaaah i will cry i miss my family,mcfly n brazil",1973568781,2009-05-30 11:24:24-07:00,136
"@tommcfly will be very funny this program but im not in brazil  uhhuuh Im a loser T-T aaaaaah i will CRY i miss my family,mcfly n brazil",1973570979,2009-05-30 11:24:41-07:00,136
"@tommcfly hope u had a good time filming it, haha! I wanted soooo bad to meet u guys, but i gave up  xx",1973571400,2009-05-30 11:24:43-07:00,103
"@tommcfly I've never been in any favela, but it's so sad to know that there's people that live in a underworld ",1973595364,2009-05-30 11:27:35-07:00,111
@tommcfly toooooooooom don't goo ,1973800276,2009-05-30 11:51:34-07:00,33
"@tommcfly aww whats wrong with him, im sick too  good luck tonight have fun! X",1974404418,2009-05-30 13:04:09-07:00,78
"@tommcfly kl x poor dougie  cant belive he's ill hope he gets better soon, hope its not hard! im getting 1 on monday for my birthday!! xx",1974405238,2009-05-30 13:04:15-07:00,137
@tommcfly Why do u just reply when ppl say bad things to u?  I just wanna know if u received my present.. http://twitpic.com/5v1sq *cry*,1974425934,2009-05-30 13:06:43-07:00,136
"@tommcfly I hope you enjoy Rio, because I really enjoyed the two gigs in Sao Paulo! When it ended last night I couldn't stop crying! ",1974426678,2009-05-30 13:06:49-07:00,133
@tommcfly Wooow! I'm in Rio and I both wanted to be there with you!  Have a wonderful show! Brazilian Kisses!,1974427456,2009-05-30 13:06:54-07:00,109
@tommcfly poor Dougie... wish I could do something for him! ,1974434559,2009-05-30 13:07:46-07:00,60
"@tommcfly ton, I miss you  '. I love you so much.",1974491125,2009-05-30 13:14:33-07:00,49
"@tommcfly tom, I miss you  '. I love you so much.",1974493337,2009-05-30 13:14:49-07:00,49
@tommcfly what happened to him? ,1974496069,2009-05-30 13:15:08-07:00,32
@tommcfly I wanted so much to have the oportunity to thank you in person for everything mcfly's been doing for the brazilian fans ,1974501427,2009-05-30 13:15:45-07:00,130
@tommcfly ouch please don't .. I'm too young to die ,1974541417,2009-05-30 13:20:36-07:00,52
@tommcfly hope you are all okay.. and get well wishes to doug! :O can he not play tonite ?  <3 xoxox,1974543087,2009-05-30 13:20:49-07:00,100
@tommcfly The sun was out back here in Britain today and you guys missed it  Can you give us a clue about the new song!? :-D,1975146064,2009-05-30 14:32:34-07:00,124
@tommcfly AH BGT WAS AMAZING. you missed it  BOOOO x,1975194932,2009-05-30 14:38:48-07:00,52
@tommcfly Why do u just reply when ppl say bad things to u?  I just wanna know if u received my present.. http://twitpic.com/5v1sq *cry*,1975248020,2009-05-30 14:45:31-07:00,136
"@tommcfly tooom, answer me someday   ",1975248562,2009-05-30 14:45:35-07:00,37
is wayyy wayyy jealous of them brazilians and wants to meet mcfly againnnn  (L) @tommcfly,1975342254,2009-05-30 14:57:30-07:00,89
@tommcfly good concert tonight! I'm crying right now.. I want to be here in Rio to see you ,1976025192,2009-05-30 16:25:33-07:00,91
@tommcfly I'd like to give this drawing to Harry http://twitpic.com/3joif but I think ur producers wouldn't let me see u all at the hotel ,1976081681,2009-05-30 16:32:42-07:00,138
@tommcfly That Hurt My Feelings  Ha!ii Joke Dude,1976104670,2009-05-30 16:35:43-07:00,48
"@tommcfly I need to hug you this time, if not I'll stay in depression  hahaha",1976117092,2009-05-30 16:37:22-07:00,77
"Sometimes I think, why do we have to wake up? For once, I was the lucky one in a mcfly related event  for once. @tommcfly @dougiemcfly",1976455871,2009-05-30 17:22:17-07:00,134
@tommcfly so jealous of you right now ,1976810125,2009-05-30 19:08:34-07:00,38
@tommcfly Rio is a fucking city! I LOOOOOOOVE RIO DE JANEIRO! Want to be there now ,1976823277,2009-05-30 19:11:14-07:00,83
@tommcfly Lucky...a beach...no beach here  and it's cold outside,1976851738,2009-05-30 19:17:54-07:00,64
@tommcfly But ... wrong airport! mimimi was not my time to meet you . ,1976865549,2009-05-30 19:21:19-07:00,70
@tommcfly good !! *-*' we'll miss you ,1976869001,2009-05-30 19:22:10-07:00,38
"@tommcfly i love the way the waves sound, just listening to them... it's so inspiring. oh god, i miss the ocean ",1976976055,2009-05-30 19:45:23-07:00,112
@tommcfly toooooooooooooom  tell me that you'll be right back to Brazil soon ,1976983155,2009-05-30 19:46:43-07:00,77
@tommcfly The show today was totally KICK ASS! Loved it! Hope you guys come back to Rio soon ,1977028552,2009-05-30 19:54:48-07:00,93
@tommcfly  I'm sad just to think that in a few days you'll be so far away to me again  and i know you'll never answer me.,1977057456,2009-05-30 19:59:30-07:00,121
"@tommcfly Rio is amazing, isn't it? I just love watching (?) the ocean.., oh, one week since i saw you, guys. i already miss ya ",1977144478,2009-05-30 20:12:39-07:00,128
"@tommcfly i can't believe that i saw you, that i heard your voice yet. Brazil isn't the same when you guys are here, please don't go ",1977325392,2009-05-30 20:42:14-07:00,133
@tommcfly: LUCKY!!! I wish i was there... I  dont even know what the ocean looks like... Only in the movies.  ill see the ocean someda ...,1977329268,2009-05-30 20:42:51-07:00,138
@tommcfly stop rubbing it in ,1977822364,2009-05-30 21:47:18-07:00,29
"@tommcfly tomorrow you come for Sï¿½o Paulo again? i hope see you, really  is my last chance to meet you in Sï¿½o Paulo. sorry for my english!",1978051518,2009-05-30 22:19:11-07:00,142
"@tommcfly tom!!!!! I alredy miss you in Sï¿½o Paulo !! but I'm glad you back tomorrow  !! wish I could see you,take a picture with you ",1978103843,2009-05-30 22:27:06-07:00,135
@tommcfly I'd like to be with you ,1978113085,2009-05-30 22:28:34-07:00,34
@tommcfly ALREADY MISSING YOU ,1978253515,2009-05-30 22:50:15-07:00,30
@tommcfly i'm so sad for not having gone into any of the shows... I wanted to see you!! ,1979262411,2009-05-31 02:17:49-07:00,88
@tommcfly 's tweet made me miss thailand even more. ,1979483606,2009-05-31 03:14:35-07:00,52
@tommcfly your really making me want to go the beach now  it's gorgeous in the uk!,1979694543,2009-05-31 04:07:39-07:00,82
"@tommcfly : aaaw, poor Tom.  maybe you can swim later? hope you have fun, nevertheless. much love from Germany, you know.  xx",1979695143,2009-05-31 04:07:47-07:00,125
"@tommcfly Awwwwwwww poor Tom, your lucky your even there, i'm stuck in shitty belfast with no beautiful beaches ",1979697168,2009-05-31 04:08:17-07:00,112
@tommcfly naww!!  poor tom! haha i was just watching wonderland tour. haha you guys are hilarious!,1979699399,2009-05-31 04:08:51-07:00,98
"@tommcfly I want to meet you before you leave  so go to the hotel's lobby today, PLEASE ",1979701291,2009-05-31 04:09:19-07:00,88
@tommcfly i would do anything to meet you! i missed meeting you both the times you came out to aus  x,1979704999,2009-05-31 04:10:12-07:00,101
@tommcfly your sooo lucky..I wanna go and sunbathe on a sunny beach..for just one day lol..im stuck in the rain  xx,1979706324,2009-05-31 04:10:31-07:00,115
@tommcfly  i feel like swimming in the sea now too...,1979707132,2009-05-31 04:10:42-07:00,53
@tommcfly tweet me back tom! pleasee?? im so happy for you! i want to meet you so badly!!  will that day ever come? xx,1979719348,2009-05-31 04:13:49-07:00,118
@tommcfly I love the sea but I can't swim ,1979750294,2009-05-31 04:21:09-07:00,42
@tommcfly TOOOOOM!! do you like Russel Brand?! do you miss australia at all?  xx,1979753505,2009-05-31 04:21:59-07:00,80
@tommcfly  Video not available in the UK,1979774630,2009-05-31 04:27:14-07:00,40
@tommcfly we can't see the video  what is it?,1979774644,2009-05-31 04:27:14-07:00,45
@tommcfly  thats not available in the uk,1979775727,2009-05-31 04:27:31-07:00,40
@tommcfly  Can't view it in the UK. Sadtimes,1979776868,2009-05-31 04:27:48-07:00,44
@tommcfly I can't see it  It's not avaliable over here apparently... xxx,1979777079,2009-05-31 04:27:52-07:00,72
@tommcfly can't see it in the UK ,1979777143,2009-05-31 04:27:53-07:00,33
@tommcfly it says the video isnt avaliable in your country ,1979777145,2009-05-31 04:27:53-07:00,59
@tommcfly On the link you just said it says the video's not available in this country  What was it? x,1979777411,2009-05-31 04:27:57-07:00,101
@tommcfly Not available to view in the UK  faaaaaaaail,1979779038,2009-05-31 04:28:21-07:00,54
"@tommcfly Possibly a BGT vid that can only be viewed in Brazil, but us UK peeps can't see it... ",1979781259,2009-05-31 04:28:54-07:00,96
@tommcfly won't let me watch it ,1979781622,2009-05-31 04:28:59-07:00,32
"@tommcfly we cant watch it. its not available in our country  let downnnn, i wanna see it!",1979808002,2009-05-31 04:35:17-07:00,90
@tommcfly hey tom congrats on having 50114 followers. cant wait until the 20th june! im seeing u then! in pain rite now hurt neck ,1979814882,2009-05-31 04:36:57-07:00,130
@tommcfly that youtube link isnt avaliable in england  Xx,1979823631,2009-05-31 04:39:03-07:00,57
@tommcfly it says that video is not avaiable in this counrty  dayymm haha,1979834395,2009-05-31 04:41:38-07:00,73
@tommcfly The youtube link doesn't work  Mr Twitteruniverse can probably sort that out though right?! lol xx,1979857160,2009-05-31 04:47:10-07:00,108
@tommcfly HELP! I have woke up to having Uvulitis ,1979905594,2009-05-31 04:58:37-07:00,50
@tommcfly so unfair           ,1979932660,2009-05-31 05:04:35-07:00,30
@tommcfly that video is not available in my country apparently  x,1979986847,2009-05-31 05:16:43-07:00,65
@tommcfly I wanted to watch thatr video you posted... but its not available here ,1980026951,2009-05-31 05:25:33-07:00,81
@tommcfly own Tom i wish i could meet you  you were amazing yesterday!,1980148303,2009-05-31 05:51:10-07:00,70
@tommcfly you shouldnt leave rio today ,1980155392,2009-05-31 05:52:38-07:00,39
"@tommcfly tom, the show in brasilia, was amazing, was my birthday, and i love you sow much, why aren't you talking to me ? ",1980160094,2009-05-31 05:53:35-07:00,123
"@tommcfly ""Dougie us still ill so I played bass."" means dougie didn't get on the stage??? om, how bad he is?  hope he recover soon!!!",1980160152,2009-05-31 05:53:35-07:00,133
"@tommcfly Why is it so hard to get a reply from you?  Please, just give a shoutout for me and/or the Philippines. WE LOVE YOU HERE!",1980189021,2009-05-31 05:59:29-07:00,131
"@tommcfly when you come to Porto Alegre? only tuesday? we wanted to have you here before, dude  pleeease",1980252949,2009-05-31 06:11:20-07:00,104
@tommcfly SUSAN BOYLE LOST THE BRITAIN'S GOT TALENT. AAAAAAHHN ,1980452739,2009-05-31 06:47:13-07:00,63
@tommcfly would you answer me? which was the best show in brazil? ,1980483661,2009-05-31 06:52:32-07:00,66
@tommcfly tweet us all?? including me  ? hope so ,1980552063,2009-05-31 07:03:36-07:00,49
"@tommcfly sorry, i dont know......  maybe Eminem??? xxx",1980588975,2009-05-31 07:09:25-07:00,55
"@tommcfly Great gig in rio. We were waiting at the hotel just for a simple ""hi"", we thought you guys would show up like everywhere else ",1980604539,2009-05-31 07:11:51-07:00,136
@tommcfly I know that you're promoting the new album but if you play just one music will be a dream for all brazilian fans  ....,1980627530,2009-05-31 07:15:28-07:00,128
@tommcfly awww that video you posted a link to earlier says its not available in england  what was it of? brazil sounds ace btw ,1980749298,2009-05-31 07:34:32-07:00,128
@tommcfly how can you tour in Brazil and not! come to the USA! ,1980979835,2009-05-31 08:08:08-07:00,63
"@tommcfly injustice! of my tits, dougie didn't say anything ",1981198541,2009-05-31 08:38:20-07:00,60
@tommcfly http://twitpic.com/3pgwv - Tom! you popular guy! i wanna meet you so bad   xxx,1981220385,2009-05-31 08:41:15-07:00,88
@tommcfly we cant access that vid here in england ,1981400996,2009-05-31 09:04:28-07:00,50
"@tommcfly you only ever reply to those who insult you  I pour my soul and emotions into the tweets I send you, and I never get a reply ...",1981842000,2009-05-31 10:00:15-07:00,138
"@tommcfly we made an insane plan to meet ya on may 29th, but it didn't work out cz they said some crazy fans tried to break into your van ",1981855073,2009-05-31 10:01:45-07:00,138
@tommcfly the show yesterday was absolutely AWESOME! I was waiting for you guys at the hotel today but you didnt show up ,1981884898,2009-05-31 10:05:21-07:00,121
"@tommcfly why did you say hello in the hotel Sheraton,RJ?many fans there stayed disappointed, i know that not your fault,but just a hello ",1982714306,2009-05-31 11:45:27-07:00,138
@tommcfly ahhhh tomm!!! i just found out your playing V festival .. PLEASE say your playin T4 on the beach otherwise i will cry  xx,1982717187,2009-05-31 11:45:46-07:00,131
"@tommcfly why did you not say hello in the hotel Sheraton,RJ? fans there stayed disappointed, i know that not your fault,but just a hello ",1982736080,2009-05-31 11:48:02-07:00,138
@tommcfly it may well be cool but not available in britain ,1982787544,2009-05-31 11:54:12-07:00,59
"@tommcfly I was at the hotel in Rio ,and you haven't showed up ",1982846732,2009-05-31 12:01:05-07:00,63
@tommcfly TOM! is it true that you're coming back in october? this year? pleeeeeeeease please answer me ,1982849677,2009-05-31 12:01:25-07:00,104
@tommcfly Come to Rioooo! Could get some waves today! ,1982872927,2009-05-31 12:04:05-07:00,54
@tommcfly I was at the hotel in Rio too ,1982882195,2009-05-31 12:05:07-07:00,40
@tommcfly reply summin funny to me .. Make me smile I think o broke my toe today  xx,1982885772,2009-05-31 12:05:32-07:00,84
"@tommcfly   i miss yuu not bein in the uk  :L  dont know if i have already told yu, but 25th April, Clyde Auditorium, was magical....",1982886369,2009-05-31 12:05:36-07:00,133
@tommcfly If you'd be on Minas you'd have some things to do  but left us out!,1982917127,2009-05-31 12:09:12-07:00,77
"@tommcfly and sorry for my baaad english, ",1982925645,2009-05-31 12:10:11-07:00,42
"@tommcfly You won't get this here, Tom, not this night. ",1982996159,2009-05-31 12:18:15-07:00,56
@tommcfly its amazing! but its like 10 seconds long ,1983008456,2009-05-31 12:19:41-07:00,52
"@tommcfly PLEEEASE, TALK TO ME  I'M COMPLETELY CRAZY ABOUT YOU!  YOU SHOULD COME MORE TIMES TO BRAZIL.",1983044195,2009-05-31 12:23:46-07:00,102
"@tommcfly PLEEEASE, TALK TO ME  I'M COMPLETELY CRAZY ABOUT YOU! YOU SHOULD COME MORE TIMES TO BRAZIL.",1983047074,2009-05-31 12:24:06-07:00,101
"@tommcfly are u leaving to porto alegre today? :/ awn, i'm gonna miss this mcfly chaos in here ",1983055053,2009-05-31 12:25:03-07:00,95
@tommcfly i wish i could be the massaging girl  HAHAHA,1983056182,2009-05-31 12:25:11-07:00,54
@tommcfly it's not on in the uk either  won't be for a while!,1983067918,2009-05-31 12:26:33-07:00,61
@tommcfly i need a massage too ,1983091924,2009-05-31 12:29:22-07:00,31
"@tommcfly there is a preview of new moon... im so excited :p, we dont get to see it in the uk till tomorrow night @ 9 on mtvone ",1983170187,2009-05-31 12:38:23-07:00,128
@tommcfly what channel is mtv awards on?:O i cant find it anywhere  xxx,1983180671,2009-05-31 12:39:38-07:00,71
"@tommcfly Mr.Fletcher!, Votre incroyable. Hurry up + revenir Ã  l'Angleterre, nous manquer ici!  - thought it would be cooler in french?? x",1983565298,2009-05-31 13:24:07-07:00,139
"@tommcfly you should go down at the front of the hotel, there are fans freezing on the rain out there! ans they have school tomorrow ",1983872906,2009-05-31 14:00:10-07:00,133
"@tommcfly you should go down at the front of the hotel, there are fans freezing on the rain out there! and they have school tomorrow ",1983907142,2009-05-31 14:04:03-07:00,133
"@tommcfly Do you intend return to Brazil? and if they want, have a date? not, right?  kisses.",1984169917,2009-05-31 14:34:40-07:00,93
"@tommcfly Do you intend to return to Brazil? and if they want, have a date? not, right?  kisses.",1984174511,2009-05-31 14:35:12-07:00,96
@tommcfly I want a massage too ,1984413244,2009-05-31 15:03:35-07:00,31
@tommcfly Why do u just reply when ppl say bad things to u?  I just wanna know if u received my present.. http://twitpic.com/5v1sq *cry*,1984413669,2009-05-31 15:03:38-07:00,136
@tommcfly Do you guys hate Rio or something?  You always just stay here for a day!,1984427614,2009-05-31 15:05:18-07:00,82
@tommcfly Why do you hate me?  I just wanna know if u received my present.. http://twitpic.com/5v1sq *cry*,1984427952,2009-05-31 15:05:20-07:00,106
"@tommcfly ...and I couldnt give it to him yesterday  You guys should stay in Rio more than 24hours, pleasee! Love ya.",1984431816,2009-05-31 15:05:46-07:00,117
"@tommcfly the fans out there are really quiet and organized! they are in a line, just waiting for you! come one, be nice to them ",1984438312,2009-05-31 15:06:31-07:00,129
"@tommcfly Tom, you don't have to leave Brazil. Stay here please!  ",1984445760,2009-05-31 15:07:21-07:00,66
"@tommcfly We've been working hard at having Danny in trending topics. Now you're back, hes gone out of trends...  x",1984508760,2009-05-31 15:14:45-07:00,115
@tommcfly when you are going back to UK? ,1984513297,2009-05-31 15:15:16-07:00,41
@tommcfly oh you gave dougie into trouble for not being able to spell  you missed an A in amazing ;),1984522963,2009-05-31 15:16:23-07:00,100
"@tommcfly I know that McFly are happy to be here in Brazil, but we fans wanted them to respond in Twitter ...we are sad ",1984575101,2009-05-31 15:22:40-07:00,120
"@tommcfly pleeease, stay here forever  (2)",1984909199,2009-05-31 16:02:55-07:00,42
@tommcfly TOM! SAY TO DANNY COME BACK TO TWITTER I MISS HE ,1984998054,2009-05-31 16:13:25-07:00,59
@tommcfly Did you recieve a lettler w/ 30 meters that security had delivered in the dressing-room in SÃ£o Paulo? Reply ,1985246755,2009-05-31 16:43:41-07:00,119
@tommcfly yes yes new moon preview is already on YouTube Is only 15seconds long tho...have 2 wait until for the longer one ,1985900565,2009-05-31 17:59:20-07:00,123
@tommcfly Why not return to Rio de Janeiro? Sao paulo is boring.. and has no beaches! ,1985967184,2009-05-31 18:06:33-07:00,86
@tommcfly tom there's like 10 girls outside from the hotel now  please come to see us :/ we're here waiting 4 you guys for so long please!,1985975280,2009-05-31 18:07:21-07:00,138
@tommcfly Do you guys hate Rio or something?  You always just stay here for a day!,1986181050,2009-05-31 18:27:03-07:00,82
"@tommcfly back to Rio tomorrow,please. I need you,I need see you ",1986230670,2009-05-31 18:31:36-07:00,65
"@tommcfly thanks for everything, please say : ""hola mexico y venezuela"" cmon just a once, im tired  im going to sleep bye",1988940704,2009-05-31 23:50:17-07:00,121
@tommcfly  i`m so annoyed and sad because you didn't come to Mexico and i think that isn't just because we love u very much ,1988979735,2009-05-31 23:57:54-07:00,124
@tommcfly what was so entertaining? stop teasiiiiiiiiiiing ,1989352119,2009-06-01 01:13:30-07:00,59
@tommcfly @dougiemcfly @dannymcfly @mcflyharry THE PHILIPPINES NEEDS YOU! PLEASE COME HERE  #mcflyinmanila #mcflyinmanila #mcflyinmanila,1991204043,2009-06-01 06:36:11-07:00,136
"@tommcfly Horrible, I thought of you guys when I read it. Please be careful whenever it is you're coming home. ",1992219027,2009-06-01 08:23:50-07:00,111
"@tommcfly yes,thats really sad ",1992226365,2009-06-01 08:24:31-07:00,31
@tommcfly Oh my gosh. I know. It's scary to think what might've happened to those 228 passengers. ,1992230460,2009-06-01 08:24:55-07:00,98
@tommcfly Aww. That's so sad.  Mind giving me a shoutout?,1992231101,2009-06-01 08:24:59-07:00,57
@tommcfly I agree with you. ,1992238827,2009-06-01 08:25:43-07:00,28
@tommcfly it must be terrible those that have waited for their loved ones in paris! very sad ,1992239678,2009-06-01 08:25:48-07:00,93
@tommcfly don't worry~!! and I wish everything is alright with the missing plane.. ,1992262539,2009-06-01 08:28:03-07:00,83
@tommcfly I know it's truely awful. Bet they're going out of their minds. How did it disappear though? Get hit by lightening?   xx,1992325689,2009-06-01 08:34:13-07:00,130
@tommcfly I want to swimmmmmm ,1992387757,2009-06-01 08:40:19-07:00,30
@tommcfly there was a Harry potter preview but it wasnt that great. ,1992391707,2009-06-01 08:40:42-07:00,68
@tommcfly we asked them to put the MTV awards yesterday at the bar but they didnt have MTV. ,1992469175,2009-06-01 08:48:16-07:00,92
@tommcfly Rio miss you! ,1992495876,2009-06-01 08:50:50-07:00,24
"@tommcfly tom, will you guys come back to brazil on october? please answer me! ",1992519971,2009-06-01 08:53:11-07:00,79
"@yuval050 yes, im agree with Yuval @tommcfly when are you coming to israel?! it's so unfair we never get to met you and the guys ",1992595485,2009-06-01 09:00:36-07:00,129
"@tommcfly tom, answer me pleeeeeeeeeease ",1992697594,2009-06-01 09:10:37-07:00,41
@tommcfly Dear me poached eggs...im getting hungry now  !!!!,1992723700,2009-06-01 09:13:08-07:00,60
@tommcfly When are you going to come back for Brazil?? I already miss u ,1992829577,2009-06-01 09:23:23-07:00,72
"@tommcfly haha Oh dear, if you can't say anything about it, it was definitely a great night! haha.. I'm shocked with Air France thing ",1992830981,2009-06-01 09:23:31-07:00,134
@tommcfly #mcflytoisrael .x so many israel fans trying to say it for you. and you dont listen to us. but why ? ,1992864190,2009-06-01 09:26:49-07:00,111
wouldn't have known about the Air France incident if it wasnt for @tommcfly. it's sad to hear. praying for them & their families. ,1992870972,2009-06-01 09:27:28-07:00,130
@tommcfly and one tabloid still got it wrong... ,1992927553,2009-06-01 09:33:00-07:00,48
@tommcfly Today I'll back to the hotel to try see you.Hope I can... that's so important to me.I just wanna a hug  It's my last opportunity,1992932973,2009-06-01 09:33:31-07:00,138
im pretty gutted that @tommcfly and @dannymcfly never reply to me! i love them to bits! ,1992970787,2009-06-01 09:37:13-07:00,88
"@tommcfly Tom, you don't like Rio, do ya? When you come to Brazil you only spend here a day! ",1993324794,2009-06-01 10:11:43-07:00,93
@tommcfly when are you coming to israel?! it's so unfair we never get to meet you and the guys ,1993340730,2009-06-01 10:13:14-07:00,95
"@tommcfly http://www.twitpic.com/4fu98 last year's gig, remember? so bad you couldn't get it on stage this year ",1993351727,2009-06-01 10:14:18-07:00,112
@tommcfly u said 'hi' to us at the hotel when u were goin to join the guys for dinner but we didn't get the chance to take a pic after it ,1993382543,2009-06-01 10:17:13-07:00,138
"@tommcfly tom, answer me, please ",1993428345,2009-06-01 10:21:41-07:00,33
"@tommcfly Please say hi to me first!  Please? I waited for you to tweet the whole day. I'm from Manila, we love McFly here!",1993656034,2009-06-01 10:43:33-07:00,123
@tommcfly I wanted to be in SÃ£o Paulo! ,1993662126,2009-06-01 10:44:08-07:00,40
@tommcfly i was in london from wednesday to friday and was hoping to bump into you...but unfortunately you were in brazil  lol xx,1993662675,2009-06-01 10:44:11-07:00,129
"@tommcfly fine, dont answer us. dont come to israel. dont make our dreams come true. we maby little but we have an heart! ",1993720086,2009-06-01 10:49:33-07:00,122
"@tommcfly i miss you  i need another tour like NOW. shame i can't go to iow festival or anything else...meh, i'll just watch the dvd (: xx",1993921649,2009-06-01 11:08:12-07:00,138
@tommcfly aww yer it's so sad... ,1993935428,2009-06-01 11:09:27-07:00,33
"@tommcfly Hi tom! After that tour here in Brazil, that I could not go    when is the next tour?  lol",1994139150,2009-06-01 11:28:29-07:00,100
"@tommcfly I went to Hilton three times and I stayed there all day, but u didnt show up, very sad ",1994143850,2009-06-01 11:28:56-07:00,97
"@tommcfly Oops! I've forgot, I'd like to say that you guys are so AMAZING! I haven't gone to your show in BRAZIL and I'm too bad for this ",1994698927,2009-06-01 12:19:15-07:00,138
@tommcfly aww hope it was nice x I'm stuck in bed... Ill and can't move  x the joys of being sick x x,1995008409,2009-06-01 12:48:21-07:00,101
"@tommcfly Hey, Tom 	 because you never answer me? HI one ",1995008605,2009-06-01 12:48:21-07:00,57
"@tommcfly  I miss you guys, come back to Rio ""/ crying crying ",1995015753,2009-06-01 12:49:02-07:00,62
"@tommcfly Wait.. pool? ughhh so, i'm freezing and you are swimming? not fair ",1995030655,2009-06-01 12:50:26-07:00,77
"@tommcfly aww, you back in England? What a bummer, we're not in the same time zone anymore ",1995037439,2009-06-01 12:51:03-07:00,91
"@tommcfly You really think so? I though the crowd wasn't too lound!  last year I though people were screamming more, dk. I was outta voice",1995203662,2009-06-01 13:06:52-07:00,138
"@tommcfly why did you not say hello in the hotel Sheraton,RJ? fans there stayed disappointed, i know that not your fault,but just a hello ",1995206126,2009-06-01 13:07:07-07:00,138
"@tommcfly why did you not say hello on the hotel Sheraton,RJ? fans there stayed disappointed, i know that not your fault,but just a hello ",1995213364,2009-06-01 13:07:49-07:00,138
@tommcfly toooooom don't go ,1995288819,2009-06-01 13:15:08-07:00,28
@tommcfly I bought a ticket to see your concert tomorrow and I guees I will not see  You don't have any idea how sad I am.,1995311189,2009-06-01 13:17:13-07:00,122
"@tommcfly  awwss, wish i could come for a swim   and omg init i wanna see that filmm :O  hoe bout me sasha you danny dougie and harry ;] x",1995317999,2009-06-01 13:17:51-07:00,138
"@tommcfly why didn't you come to say just hello for us? you can make this dream came true, but, feels like it doesn't matter for you ",1995336828,2009-06-01 13:19:41-07:00,133
@tommcfly tom when mcfly will come to israel?! plz do it. we love you here so much! plz answer me! ,1995353009,2009-06-01 13:21:16-07:00,99
"@tommcfly Only 2 days, and you will leave Brazil, right? ",1995359226,2009-06-01 13:21:51-07:00,57
"@tommcfly gosh, what kind of question do i have to make so u can reply to me? ",1995625382,2009-06-01 13:47:25-07:00,78
"@tommcfly i miss you so much, tom     it's a horrible feeling",1995931330,2009-06-01 14:16:12-07:00,61
"@tommcfly , Why u never answer me ?   - Have you ever eaten pÃ£o de queijo?",1996144631,2009-06-01 14:36:16-07:00,75
Really missing @tommcfly  cant wait til the boys are 'all ours' again xxxxx,1996393527,2009-06-01 15:00:38-07:00,75
"@tommcfly Oh Tom, you've been brainwashed ",1996861699,2009-06-01 15:49:31-07:00,42
@tommcfly hello Tom!!! how are the things here in brazil? i can't believe you're leaving ( no no no !!! this is a horrible nightmare. ,1997400355,2009-06-01 16:47:02-07:00,134
@tommcfly ewww. frogs legs. frogs are too cute to eat ,1997578536,2009-06-01 17:05:40-07:00,54
"@tommcfly tooooom, do you think you'll be back to manaus? i can't believe that i couldn't see you. it gets me so upset ",1997579344,2009-06-01 17:05:44-07:00,119
"@tommcfly my mum likes it, she says that it's like.. chicken, urgh. take a pic of everything! i miss japan a lot ",1997588132,2009-06-01 17:06:38-07:00,113
@tommcfly why do you need to be so fucking perfect? ,1997652360,2009-06-01 17:13:22-07:00,52
"@tommcfly You forgot your hat in Fortalezaaa, wish i could give it back to you  http://twitpic.com/5xmyl ",1997860408,2009-06-01 17:34:54-07:00,105
@tommcfly oww i love you  im so sad tom... i know is not important,1998522676,2009-06-01 18:41:25-07:00,66
"@tommcfly haha awww  i love how you saved yourself there, don't want to anger people again ;)",1998524596,2009-06-01 18:41:38-07:00,93
@tommcfly i just can't believe that in a few days you're leaving here  thats sounds so sad,1998588393,2009-06-01 18:47:58-07:00,90
"@tommcfly hey, tom! really wanna see you and the guys at the hotel in Porto Alegre! will you say hello to the fans there? please!   xoxo",1998591099,2009-06-01 18:48:14-07:00,136
"@tommcfly Tooom, good night!  good show tomorrow in Porto Alegre, which I will not be able to go ",1998598688,2009-06-01 18:49:00-07:00,97
"@tommcfly tom, i couldn't see you when you were here in manaus. do you think you'll be back ? reply me, please.. ",1998599705,2009-06-01 18:49:06-07:00,113
"i still have to study!  goodnight twitts! goodnight @tommcfly, @dannymcfly, @dougiemcfly, @mcflyharry! love you <3",1998718154,2009-06-01 19:00:45-07:00,114
Last night of @tommcfly @Dannymcfly @dougiemcfly and @mcflyharry in Sao Paulo. Sad sad sad ,1998827520,2009-06-01 19:11:21-07:00,91
@tommcfly VocÃª Ã© bonito. ,1998926508,2009-06-01 19:21:10-07:00,27
"@tommcfly (...) SOO COLD in SÃ£o Paulo, 9Âº, i'm not okay :S everything to see you and NOTHING  (...)",1998983588,2009-06-01 19:26:53-07:00,101
@tommcfly who is choosing the restaurants for you guys???  mad about this  Sao Paulo has wonderful place for dinner... what a pitty!!,1999195689,2009-06-01 19:48:19-07:00,133
@tommcfly i think my partner is cheating on me i need a hug       i m suicidal xx,1999259369,2009-06-01 19:54:49-07:00,81
"@tommcfly of you in my computer, LOL please answer me  <3",1999580980,2009-06-01 20:28:06-07:00,57
@tommcfly Can you say Hola Mexicanas please please?? juust wanna say that not is hard Â¬Â¬  you forget the mexican fans ,1999647969,2009-06-01 20:34:53-07:00,120
@tommcfly  Fine Fine dont reply bad man ,1999658453,2009-06-01 20:35:55-07:00,40
@tommcfly Can you say Hola Mexicanas please please?? juust wanna say that not is hard Â¬Â¬  you forget the mexican fans ,1999661344,2009-06-01 20:36:13-07:00,120
@tommcfly Can you say Hola Mexicanas please please?? juust wanna say that not is hard Â¬Â¬  you forget the mexican fans  he?,1999663352,2009-06-01 20:36:26-07:00,124
"@tommcfly put a picture of you with  danny's brother (the monkey)! I was searching, but because of Dougie and his flu,im sick now ",1999663991,2009-06-01 20:36:30-07:00,130
"@tommcfly i have 3 favs in just 1 photoshoot. you're so gorgeous, i can't choice just one  www.tr.im/tmf1 www.tr.im/tmf2 www.tr.im/tmf3 â¥",1999667997,2009-06-01 20:36:55-07:00,139
@tommcfly Can you say Hola Mexicanas please please?? juust wanna say that not is hard Â¬Â¬  you forget the mexican fans ,1999685162,2009-06-01 20:38:42-07:00,120
@tommcfly Can you say Hola Mexicanas please please?? juust wanna say that not is hard Â¬Â¬  you forget the mexican fans  finee...,1999686604,2009-06-01 20:38:51-07:00,129
@tommcfly Can you say Hola Mexicanas please please?? juust wanna say that not is hard Â¬Â¬  you forget the mexican fans  huh ?,1999693333,2009-06-01 20:39:33-07:00,126
@tommcfly dooooooon't say that  you have too much amazing pics of yourself ,1999715969,2009-06-01 20:41:45-07:00,75
@tommcfly dont reply to me?? please say HOLA MEXICO!! ,1999794774,2009-06-01 20:50:10-07:00,54
"@tommcfly hey if you dont reply you dont have more burritos in mexico, so say HOLA MEXICO and everything is fine :') im tired ",1999811487,2009-06-01 20:52:01-07:00,126
@tommcfly Tom..look...maybe im rude and im sorry..but understand me.. u canceled the concert and the stupid flu is not here anymore ,1999837787,2009-06-01 20:54:59-07:00,132
"@tommcfly NOOOO, please! black and white confused my mind, please ",2000205722,2009-06-01 21:37:25-07:00,66
@tommcfly Why do u just reply when ppl say bad things to u?  I just wanna know if u received my present.. http://twitpic.com/5v1sq *cry*,2000246074,2009-06-01 21:42:25-07:00,136
@tommcfly i'm upset ... you didn't even came down to say hi to us at the hotel... ,2000264978,2009-06-01 21:44:49-07:00,82
@tommcfly the 1st one wont load for us  but i love the pic you had x,2000312202,2009-06-01 21:50:48-07:00,68
"@tommcfly PLEASE REPLY! us american fans feel quite left out  and it takes a while for the photo to come up, it happened to me too haha",2000317374,2009-06-01 21:51:29-07:00,135
"@tommcfly Won't you reply to me, too?  lol it'll make my day! and school for me tomorrow  im nervous!!",2000331569,2009-06-01 21:53:20-07:00,102
@tommcfly when i tried to change my picture it disappeared on me too ,2000370646,2009-06-01 21:58:20-07:00,69
"@tommcfly You are soooo meaaannn!! I tweet you everyday and i don't get a reply from you.  Click ""delete current""!",2000387142,2009-06-01 22:00:23-07:00,114
@tommcfly I prefer the other one!hauahahaua Now you've got nothing ,2000393887,2009-06-01 22:01:13-07:00,67
"@tommcfly TOOOOMMMM!!!  To show your picture, click ""delete current"" coz same thing happened to me. Hope you'll reply. ",2000398222,2009-06-01 22:01:45-07:00,119
@isa_spn today was my 1rst day at new job and @tommcfly didn't care... he's a bad brother! I'll tell to mum @DebbieFletcher! ,2000413040,2009-06-01 22:03:43-07:00,125
@isa_spn today was my 1rst day at new job and @tommcfly didn't care... he's a bad brother! I'll tell everything to mum @DebbieFletcher! ,2000414922,2009-06-01 22:03:57-07:00,136
@tommcfly I'm like one of your biggest fans! So please reply to me. I love you A LOT! I'm even listening to your songs right now. PLEASE! ,2000432322,2009-06-01 22:06:09-07:00,138
"@tommcfly It's sort of hard to tweet you 100 times, then you don't reply.  So please, a simple hi would do. Please, just make my day! ",2000437987,2009-06-01 22:06:54-07:00,134
"@tommcfly My friend @patriciaco had the same problem with the picture thing. She said click ""delete current"" Reply to us please. ",2000445959,2009-06-01 22:07:59-07:00,129
"@tommcfly I already sent you 6 tweets, 7 if you count this one. I will keep on tweeting you until you reply. So please, just reply now. ",2000458748,2009-06-01 22:09:43-07:00,136
@tommcfly PLEASE JUST LET ME KNOW IF YOU'RE GETTING MY TWEETS.  Hope you'll replyyyy.,2000480368,2009-06-01 22:12:37-07:00,85
"@tommcfly I already sent you 9 tweets, 10 if you count this one. I will keep on tweeting you until you reply. So please, just reply now. ",2000488691,2009-06-01 22:13:47-07:00,137
@tommcfly Tom! I tweet you everyday and i don't get even one from you.  Please just reply to me even onceee?,2000499231,2009-06-01 22:15:12-07:00,108
"@tommcfly I already sent you 11 tweets, 12 if you count this one. I will keep tweeting you until you reply. So please, just reply now. ",2000503129,2009-06-01 22:15:45-07:00,135
@tommcfly It's hard to get a reply from you.  Haha but i'm not giving up! Hope you'll tweet me back. Please please please.,2000504941,2009-06-01 22:16:00-07:00,122
@tommcfly  are you guys ever going to come to america?! i'm gonna cry if you don't come here soon! :/ please come here..?,2000509291,2009-06-01 22:16:37-07:00,121
"@tommcfly A simple ""hi"" would do. Seriously. I tweet you everyday. It's kinda hard, you know. So just reply. Please. ",2000512955,2009-06-01 22:17:08-07:00,117
@tommcfly you don't reply to your fans a lot now ,2000528922,2009-06-01 22:19:19-07:00,49
"@tommcfly lol ,and you just ignored my photos    http://twitpic.com/6g486 and http://twitpic.com/6g44k    good photos,I promise",2000739154,2009-06-01 22:50:15-07:00,127
@dougiemcfly LOL! Hahaha don't sleep first!  Can you please reply to me? @tommcfly won't.  Please! I love McFly!,2000907348,2009-06-01 23:17:12-07:00,112
"@tommcfly i ain't got one as well, twitter is mean  , anyway , about yours, you should pick the first one, that's my fav pic of u ever! xx",2001151503,2009-06-01 23:59:53-07:00,138
"@tommcfly I want you again in BrasÃ­lia  I wanna meet you and hug you... shit, I'm with depression-after-McFly.",2001978243,2009-06-02 02:43:55-07:00,111
@tommcfly http://twitpic.com/2y9c6 - I'm reading Eclipse yet. I can't get out of the page number 295 ,2002068915,2009-06-02 03:02:17-07:00,101
"@tommcfly oh Tom, the same happenned to me  I wanted to change my pic and now I'm a blue mark. Twitter's joking with us!",2002143888,2009-06-02 03:17:18-07:00,120
"http://twitpic.com/6gkvc - Before the end of summer, I want to post @tommcfly 's tweet too.  This is @tomfelton 's tweet BTW. LOL.",2002891791,2009-06-02 05:24:54-07:00,130
keep havin dreams @dannymcfly @dougiemcfly @mcflyharry and @tommcfly finally tour the us & somethin stupid always stops me from going!! ,2003428775,2009-06-02 06:30:59-07:00,136
@tommcfly no tweet today?  x,2003508943,2009-06-02 06:39:47-07:00,28
"@tommcfly TOM. PLEASE GIVE ME A SHOUTOUT BEFORE LEAVING.  I tweet you everyday, every hour.. but i don't get one back. ",2003954068,2009-06-02 07:25:39-07:00,119
@tommcfly Don't leave! I just miss you already ,2004035089,2009-06-02 07:33:39-07:00,47
@tommcfly nooooooooooooooooo ,2004039006,2009-06-02 07:34:02-07:00,29
"@tommcfly Life is that ironic.. Have you heard about the song ""ironic?"" Haha! Can i just ask if you're getting my tweets? ",2004106644,2009-06-02 07:40:37-07:00,122
@tommcfly plz answer! you never answer to me!  http://twitpic.com/5f9e1,2004190235,2009-06-02 07:48:49-07:00,71
"@tommcfly i went straight to the tele + turned mtv on lmao, you are nt there  x",2004286452,2009-06-02 07:58:03-07:00,79
@dougiemcfly @tommcfly do you know how much it hurts when you guys don't reply?  a simple hi would do...,2004398533,2009-06-02 08:08:25-07:00,104
@tommcfly i'd love TO HAVE a SG too   haha,2004489396,2009-06-02 08:16:51-07:00,42
"@tommcfly tom, your new picture is perfect! i loved it â¥ i hope you likeyour last show today. come back soon, guys. i miss you yet. ",2004914623,2009-06-02 08:56:15-07:00,134
"@tommcfly i don't believe is the last show in Brazil, please don't go ",2005206684,2009-06-02 09:21:47-07:00,70
i agree with @Beckyrudd @tommcfly pleaseeeeeeeeeeeeeee play bubble wrap when you do the forest gigs  love to hear it live again!!!!   <<,2005939481,2009-06-02 10:24:38-07:00,136
"@tommcfly hard 2think its already the last show in brazil  well, hope u enjoyed ur stay n come back whenever u want!  #brazillovesmcfly",2007303778,2009-06-02 12:26:56-07:00,135
@tommcfly why are'nt you coming to israel??  it's so unfair!  life sux without meting you. ,2008052357,2009-06-02 13:32:58-07:00,91
"@tommcfly tooooom  come back soon to sao paulo! DID THE BEST THAT I COULD, but wasnt enough =/",2008053083,2009-06-02 13:33:02-07:00,94
"@tommcfly Toooooom, I just want to say ... love you, I'm a sweet hahaha ",2008071799,2009-06-02 13:34:42-07:00,72
"@tommcfly how is the weather in Porto Alegre? In Curitiba is really cold, like england, but without snow! I want snow in Brazil! haha ",2008072070,2009-06-02 13:34:43-07:00,134
@tommcfly aww  were u playing tonite??,2008127678,2009-06-02 13:39:44-07:00,38
@tommcfly Wish I were in Porto Alegre ,2008130248,2009-06-02 13:39:58-07:00,38
"@tommcfly I have to do a sucked homework.  watch a movie (""time to kill""; it's awesome!) and then answer some questions about law and the",2008961163,2009-06-02 14:55:54-07:00,137
@tommcfly guessing it sounds rather nice over there then haha? todays weather been rather cold compared to the rest of this week  !,2009600569,2009-06-02 15:58:04-07:00,131
@tommcfly answer me ,2009606302,2009-06-02 15:58:40-07:00,20
@tommcfly supposed to be raining tomorrow ,2010008079,2009-06-02 16:39:07-07:00,42
@tommcfly tom i've got a chemistry exam tomorrow. it's nearly 3 am here and i'm still revising... wish me luck please!  x,2011352220,2009-06-02 18:53:14-07:00,121
@tommcfly it's awful to say goodbye    ,2011405002,2009-06-02 18:58:24-07:00,39
@tommcfly tom i've got a chemistry exam tomorrow. it's nearly 3 am here and i'm still revising... wish me luck please!  x,2011405141,2009-06-02 18:58:25-07:00,121
"@tommcfly thanks for beeing here, tom.although i couldn't see u live,you touched my heart as if u were always here. i love you SO much! ",2011407927,2009-06-02 18:58:41-07:00,136
"@tommcfly I'm so sad, I couldn't go to the show  I'll cry!!!",2011412440,2009-06-02 18:59:06-07:00,60
@tommcfly please come to australia again but this time come to melbourne. i missed u guys last time ,2011424069,2009-06-02 19:00:10-07:00,100
@tommcfly it is over now. I can't believe it. I'll be missing you. comeback soon guys ,2011424695,2009-06-02 19:00:13-07:00,86
@tommcfly DON'T GOOOOOOOO PLEASE ,2011427008,2009-06-02 19:00:24-07:00,33
"@tommcfly tooom, we're gonna miss you A LOT  thaaanks for everything.",2011435565,2009-06-02 19:01:12-07:00,69
"@tommcfly we salute you too! i can't believe that you're backing to uk  it's really sad. please, back to brazil ASAP! we need you here!",2011490534,2009-06-02 19:06:09-07:00,135
@tommcfly you have not been away and I already feel a lack of you ,2011497964,2009-06-02 19:06:49-07:00,66
@tommcfly OMG guys you're leaving :/ i guess i'm gonna cry  hope you come back as soon as you can..missing you already :/ love you all <3,2011505734,2009-06-02 19:07:33-07:00,137
@tommcfly you have not been away and I already miss you ,2011512834,2009-06-02 19:08:14-07:00,56
"@tommcfly ooh, staaaaaay in braziiil  hahaha! pls, come back soon (: love ya!",2011568679,2009-06-02 19:13:26-07:00,77
"@tommcfly I can't believe it's over  Tom, thank you so much for everything! The two best weeks ever! Hope to see you soon. Love you xx",2011598167,2009-06-02 19:16:11-07:00,134
"@tommcfly don't leave brazil, we will miss you guys so much ",2011598560,2009-06-02 19:16:13-07:00,60
"@tommcfly here (in Rio) you don't forgot any word ... I guess, haha. you are leaving? when u come back again? ",2011633963,2009-06-02 19:19:34-07:00,110
@tommcfly  you have not been away and I already miss you ,2011691828,2009-06-02 19:25:06-07:00,57
@tommcfly are you guys ever going to come to America?  it seems like you guys will never come here! have you guys ever talked about it?,2011736393,2009-06-02 19:29:28-07:00,135
"@tommcfly the truth, you hate the Mexican fans? ",2012209830,2009-06-02 20:15:14-07:00,48
"@tommcfly you seem to really like twilight, eh? LOL. How about saying hi to me? Please. ",2012261849,2009-06-02 20:20:34-07:00,88
@tommcfly please come to the philippines!  or at least sell your merch here.. manila needs some mcfly love! #mcflyinmanila #mcflyinmanila,2012387830,2009-06-02 20:33:42-07:00,137
"@tommcfly the truth, you hate the Mexican fans? ",2012454843,2009-06-02 20:40:49-07:00,48
"@tommcfly you can't leave brazil, thomas! i won't let you do that, it'll be a terrible mistake! listen to what i'm saying! lol ",2012472600,2009-06-02 20:42:46-07:00,127
"@tommcfly the truth, you hate the Mexican fans?  Yes, not, maybe",2012478302,2009-06-02 20:43:23-07:00,64
@tommcfly say Hola Mexicanas please ! dont forget your fans ,2012478337,2009-06-02 20:43:23-07:00,60
@tommcfly say Hola Mexicanas please ! dont forget your fans  ok,2012480115,2009-06-02 20:43:35-07:00,63
"@tommcfly the truth, you hate the Mexican fans?  Yes, not, maybe",2012482441,2009-06-02 20:43:51-07:00,64
"@tommcfly the truth, you hate the Mexican fans?  Do you believe that the guilty is PAola Garin?",2012503274,2009-06-02 20:46:06-07:00,95
@tommcfly  im Paola Garin and i feel guilty waaaaa please please please just one update,2012530048,2009-06-02 20:49:06-07:00,87
"@tommcfly the truth, you hate the Mexican fans?  Do you believe that the guilty is PAola Garin?",2012549126,2009-06-02 20:51:09-07:00,95
"@tommcfly you're a bad guy with me, and i made all to see you. now, i want your reply  x",2012552264,2009-06-02 20:51:29-07:00,88
"@tommcfly the truth, you hate the Mexican fans?  Do you believe that the guilty is PAola Garin?",2012562966,2009-06-02 20:52:42-07:00,95
"@tommcfly the truth, you hate the Mexican fans? ",2012564701,2009-06-02 20:52:54-07:00,48
@tommcfly When will you guys leave Brazil?? ,2012639122,2009-06-02 21:01:05-07:00,44
@tommcfly Hi Tom! How are you? - please tweet back. just to make my day.. ,2012948354,2009-06-02 21:36:13-07:00,74
"Aww.. Bummer, @tommcfly didn't even reach 3rd place in @DIBSDaily 's poll for 'MALE CELEB YOU WISH HAD HIS OWN REALITY SHOW' ",2013131023,2009-06-02 21:59:16-07:00,125
@tommcfly sad times for youu  Not long left in brazil :O x,2013243108,2009-06-02 22:13:25-07:00,58
@tommcfly I think it's because he's ill though... ,2013287591,2009-06-02 22:19:20-07:00,50
"@tommcfly you were so nice person at Hilton and Terra, and here you ignore me and not even talk about MCFLYERS.COM.BR  SHAME ON YOU TOM!",2013293025,2009-06-02 22:20:06-07:00,136
"@tommcfly the truth, you hate the Mexican fans?  Yes? NOT? Maybe?",2013303597,2009-06-02 22:21:30-07:00,65
"Why is it so hard to get a reply from you, @tommcfly ? ",2013356499,2009-06-02 22:28:59-07:00,55
@tommcfly That sucks! Wish I could go and see him!  Think they're sold out now...is he even coming to Cardiff?? xx,2013377370,2009-06-02 22:31:51-07:00,114
@tommcfly has mj postponed all his dates  id love to see him!<3 x,2013404177,2009-06-02 22:35:40-07:00,65
"@tommcfly i love michael jackson, he is so awsome! i wish i was online when you tweeted tom..argh i always miss out!!  x",2013866012,2009-06-02 23:47:40-07:00,120
"@tommcfly  I realise too many people tweet and ask you this, but.... Just throwing it out there - I sound so pathetic...  Have a nice show",2014188611,2009-06-03 00:43:44-07:00,138
"@tommcfly mine too, bloody march next yeah. and apprently there is so many rumours that he isnt going to do it now ",2014309937,2009-06-03 01:06:25-07:00,115
@tommcfly next year?! perhaps he wants to attract everybody...  xxx,2014315980,2009-06-03 01:07:37-07:00,67
@tommcfly dude i kinda don't think your alive since you don't say anything back to me ,2014649067,2009-06-03 02:13:38-07:00,86
@tommcfly dude i don't think your alive since you don't ever reply to me  but hey your still pretty amazing,2014654230,2009-06-03 02:14:41-07:00,107
Will cry if @tommcfly @Dannymcfly @dougiemcfly and @mcflyharry don't play T4 On The Beach this year  :'(,2014928251,2009-06-03 03:08:56-07:00,104
@tommcfly i'm very upset cause i coulndt get to meet you guys in Rio. but it's OK. maybe next time.. right? ,2015391296,2009-06-03 04:32:19-07:00,108
@tommcfly i'm very upset cause i coulndt get to meet you guys in Rio. but it's OK. maybe next time.. right? ,2015575686,2009-06-03 05:01:03-07:00,108
"@tommcfly Argentina is ready, Brazil isn't  Don't goooo!",2015578212,2009-06-03 05:01:24-07:00,56
@tommcfly hey tom! could you answeeeeeer?  when are you leaving brazil?,2015579047,2009-06-03 05:01:31-07:00,71
@tommcfly You're leaving Brazil.  Promise you'll be back soon! :'/,2015587309,2009-06-03 05:02:43-07:00,66
@tommcfly Are you leaving Brazil?!    ,2015592404,2009-06-03 05:03:30-07:00,38
@tommcfly Good Morning Tom!!! (: if Argentina is not... Venezuela is sooo ready haha jk jk.... Venezuela wants McFly  ,2015596027,2009-06-03 05:04:03-07:00,118
@tommcfly i'm very upset cause i coulndt get to meet you guys in Rio. but it's OK. maybe next time.. right? ,2015602243,2009-06-03 05:04:58-07:00,108
@tommcfly i'm very upset cause i coulndt get to meet you guys in Rio. but it's OK. maybe next time.. right? ,2015607741,2009-06-03 05:05:44-07:00,108
"@tommcfly glad to know you've been listening, it's freezing here today! ",2015671679,2009-06-03 05:15:01-07:00,72
@tommcfly oh that sucks. what day were you meant to see him? Im seeing him on the 28th July and everybody keeps taking the piss. ,2015678126,2009-06-03 05:15:53-07:00,129
@tommcfly What happened the April Tom??  Darn overpopulation!,2015683188,2009-06-03 05:16:35-07:00,61
@tommcfly You guys do a lot missing here in Brazil!  .. Promise to come back soon? PLEASE? love ya xX,2015708814,2009-06-03 05:20:12-07:00,101
@tommcfly Hey Tom. This is my 200th tweet for you.. and i never got one back.  I'm about to give up... Haha. Just one shoutout!,2015760574,2009-06-03 05:27:21-07:00,127
"@tommcfly I hate when you tweet these, you just make me feel stupid  It's mean!",2015774072,2009-06-03 05:29:11-07:00,79
@tommcfly Because the tour of McFly in Brazil not gone through belo horizonte? I almost killed myself when I knew you would not here ,2015794981,2009-06-03 05:31:53-07:00,133
@tommcfly Because the tour of McFly in Brazil not gone through belo horizonte? I almost killed myself when I knew you would not here  ,2015798761,2009-06-03 05:32:23-07:00,134
@tommcfly Hope to see you at the airport todaaaaaay! sorry about me and my friend welling yesterday when you arrived.  love u,2015799907,2009-06-03 05:32:33-07:00,125
@tommcfly Because the tour of McFly in Brazil not gone through belo horizonte ?? I almost killed myself when I knew you would not here ,2015818497,2009-06-03 05:35:04-07:00,135
"@tommcfly I really really really love McFly. I hope someday you'll come here in Manila. We love you here, swear. Mind replying? ",2015818812,2009-06-03 05:35:07-07:00,128
@tommcfly Because the tour of McFly in Brazil not gone through belo horizonte? I almost killed myself when I knew you would not here  ,2015823122,2009-06-03 05:35:40-07:00,134
"@tommcfly Sorry about me and my friend welling yesterday when you arrived.  love u so, tks for the heart with your hands, it means a lot.",2015826521,2009-06-03 05:36:08-07:00,137
@tommcfly because the tour of McFly in Brazil not gone through belo horizonte? I almost killed myself when I knew you would not here ,2015828049,2009-06-03 05:36:20-07:00,133
@tommcfly It really makes me sad everytime other fans get replies from you while I don't. I really love McFly.  Just one shoutout!! (,2015839498,2009-06-03 05:37:50-07:00,133
"@tommcfly you keep ignoring me, all i aksed you is to look&say what you think!  http://www.twitpic.com/5hfjr http://www.twitpic.com/5f9e1",2015841180,2009-06-03 05:38:04-07:00,137
@tommcfly Because the tour of McFly in Brazil not gone through belo horizonte? I almost killed myself when I knew you would not here ,2015841977,2009-06-03 05:38:10-07:00,133
@tommcfly Because the tour of McFLY in Brazil not gone through belo horizonte? I almost killed myself when I knew you would not here ,2015843201,2009-06-03 05:38:21-07:00,133
@tommcfly that made my head hurt ,2015850871,2009-06-03 05:39:23-07:00,33
@tommcfly I tweet you everyday ever since i joined Twitter. And you haven't replied to me yet.  Or maybe you'll not reply to me ever...,2015857761,2009-06-03 05:40:18-07:00,135
"@tommcfly look you say ""answear it's nothing"" but if you will answer me it's will do my day my week even my year! so plzzz  x",2015872966,2009-06-03 05:42:15-07:00,125
@tommcfly you keep ignoring me and all i asked you is to look&comment http://www.twitpic.com/5hfjr & http://www.twitpic.com/5f9e1 ,2015885043,2009-06-03 05:43:51-07:00,130
@tommcfly  i found it.......... but u didnt say anything......  u never reply....  i'm invisible...... ,2015886037,2009-06-03 05:43:59-07:00,103
@tommcfly Tom israel wants mcfly ,2015887645,2009-06-03 05:44:11-07:00,33
"@tommcfly Good trip guys. Brazil will miss u!  i can't wait to see you again and say ""baby's coming back"". I really love u, thanks. xx",2015924842,2009-06-03 05:49:01-07:00,134
@tommcfly hey x do u have any vasaline i could borrow cos my nose is sore cos ive got a cold  would respect it if u have sum i could use!,2015941777,2009-06-03 05:51:06-07:00,137
@tommcfly stay in brazil! ,2015963748,2009-06-03 05:53:51-07:00,26
@tommcfly Did you get any shirt at the stage on saturday? With some drawings and stuff. Everybody loved it ,2015995598,2009-06-03 05:57:49-07:00,107
"@tommcfly Can't stay up much longer, its getting late. I was just hoping you'd reply to me tonight.  ohh Well, still know i love you. xx",2016000619,2009-06-03 05:58:25-07:00,136
"@tommcfly Tom, do you think you'll make it up to Scotland for any summer shows? I hate only getting to see you twice or so a year here! ",2016003760,2009-06-03 05:58:49-07:00,136
@tommcfly I am already missing you! really ,2016005736,2009-06-03 05:59:04-07:00,43
"@tommcfly Okay, obviously not my last comment cause im still writing, but OMG i really really want you to reply to me!   ily x",2016049869,2009-06-03 06:04:08-07:00,126
"@joaninha100 HEY!do i?thank you...but i am not depressed at all, believe me! i am actually stunned with @tommcfly's new pic!miss you too ",2016064432,2009-06-03 06:05:50-07:00,137
"@tommcfly How are you? Come to New Zealand, please! iLoveYou too much. I've sent so many messages hoping you would reply  x",2016071746,2009-06-03 06:06:40-07:00,123
"@trishababycakes Saaad. 'Cause I wasn't able to tweet @tommcfly a while ago, so no reply for me. ",2016503212,2009-06-03 06:53:28-07:00,97
@tommcfly Bye guys.... ,2016722447,2009-06-03 07:15:16-07:00,23
@tommcfly I can't believe you are leavin  Come back as soon as possible â¥,2016739529,2009-06-03 07:16:55-07:00,75
@tommcfly byee we're gonna miss u so much! you're welcome to come back whenever you want! And thank you for everithing! ,2016754947,2009-06-03 07:18:27-07:00,120
"@tommcfly We're really going to miss you  It was awesome! thanks for the concerts and everything, you're amazing! come back soon! love you",2016755324,2009-06-03 07:18:29-07:00,138
"@tommcfly nonono, i miss you  omg, love u  x",2016761700,2009-06-03 07:19:07-07:00,44
"@tommcfly NO TOM, PLEASE DON'T GO ",2016761824,2009-06-03 07:19:08-07:00,34
@tommcfly don't go ,2016818576,2009-06-03 07:24:40-07:00,19
"@tommcfly it's sad to read ""goodbye Brazil"", but.. it's the life  hahaha, Back soon!",2016818800,2009-06-03 07:24:41-07:00,84
@tommcfly We thank you all Tom! GoodBye  WE LOVE YOU SO MUCH â¥ eu te amo,2016819881,2009-06-03 07:24:47-07:00,74
"@tommcfly We'll really miss you guys.  Please, come back soon!",2016864905,2009-06-03 07:29:09-07:00,62
"@tommcfly WE'RE ALL ALREADY MISSING YOU  have a nice journey and PLEASE, come back! Xx",2016908402,2009-06-03 07:33:14-07:00,86
"@tommcfly DUDE, you don't look up in Porto Alegre show. i was thete. danny look, Dougie look. you did't look. i'm sad with you. ",2016932898,2009-06-03 07:35:36-07:00,128
@tommcfly Goodbye  hope you come back soon. thank you for every moment! #brazillovesmcfly <3,2016961181,2009-06-03 07:38:19-07:00,92
"@tommcfly DUDE, you don't look up in Porto Alegre show. i was there. danny look, Dougie look. you did't look. i'm sad with you AND harry. ",2017023869,2009-06-03 07:44:18-07:00,138
@tommcfly you became like brazilians now.. part of our hearts are going with you!! dont leaveeeeee!!!!!! ,2017059885,2009-06-03 07:47:46-07:00,105
@tommcfly you became like brazilians now.. part of our hearts are going with you!! dont leaveeeeee!!!!!! ,2017120501,2009-06-03 07:53:33-07:00,105
"@Dannymcfly @tommcfly thank you for the shows,thank you very much for everything and for all time here in Brazil. It was amazing.Good bye ",2017161871,2009-06-03 07:57:27-07:00,138
@tommcfly i'm crying  feels like you're always sliping away from me. please come back very soon. brazil loves you x,2017208490,2009-06-03 08:01:46-07:00,115
"@tommcfly I already miss you guys! One day you will come back to Brazil, won't you? ",2017349908,2009-06-03 08:14:53-07:00,84
@tommcfly bye ,2017419744,2009-06-03 08:21:40-07:00,14
"@tommcfly ooh, stay in brazil  hahaha pls, come back soon :]",2018018796,2009-06-03 09:18:33-07:00,60
"@tommcfly noooo tom, don't leave us ",2018074817,2009-06-03 09:23:51-07:00,36
"@tommcfly noooooo, don't leave Brazil ",2018276562,2009-06-03 09:42:50-07:00,38
"@tommcfly goodbye Tom, we'll miss you so much  back soon, love you  xx",2018499285,2009-06-03 10:03:37-07:00,70
"@tommcfly goodbye tom, we will miss you  COME BACK SOON! ",2018589554,2009-06-03 10:12:00-07:00,57
"@tommcfly now you're officially gone  and i'm officially missing you!! goobye, COME BACK OK? we love mcfly so much.",2018978716,2009-06-03 10:48:39-07:00,115
@tommcfly WHERE TOM! WHERE!!!!!?? I WANT TO GO ,2031900075,2009-06-04 10:28:53-07:00,47
"@tommcfly i want to meet you too! but i have to wait until next time you come to brazil  x, love ya lots.",2031900099,2009-06-04 10:28:53-07:00,105
"@tommcfly Tom, I want a tshirt of Back to the Future like yours! ",2031902775,2009-06-04 10:29:06-07:00,65
@tommcfly xool you gonna miss big brother !!  get yo ass back here dude ! Xxxxxx,2033640875,2009-06-04 12:59:40-07:00,80
@tommcfly brazil miss you ,2044115566,2009-06-05 08:53:33-07:00,26
"@tommcfly Hey! I've been waiting ouside the hotel for... like 2 hours and you didn't come out  But, really, I didn't know where...",2045288293,2009-06-05 10:30:36-07:00,130
@tommcfly aw ,2046168121,2009-06-05 11:47:28-07:00,13
"@tommcfly Good Afternoon Miss Twitter!  Tom thank you for the days he was in Brazil, not even going to show  - I do not know speak English",2046386186,2009-06-05 12:06:15-07:00,138
@tommcfly I misssssss you ,2046396509,2009-06-05 12:07:09-07:00,26
@tommcfly oh tom  are you ok?,2046497232,2009-06-05 12:15:55-07:00,29
"@tommcfly aww!  poor Harry..!    hahaa, did you not take a nappp??  xoxo.",2046970360,2009-06-05 12:57:42-07:00,73
@tommcfly poor harry  come back to england we miss you! x x,2046972440,2009-06-05 12:57:54-07:00,59
@tommcfly :o poor harry ,2046980375,2009-06-05 12:58:37-07:00,24
@tommcfly  :O poor harry i hope  hes okay   international fans  do my head in sorry  but  its  tru...have a blast  2nyt  xxx,2047011518,2009-06-05 13:01:18-07:00,124
@tommcfly I would have a kitkat.. except my idiot of a class mate ate all his! ,2047068066,2009-06-05 13:06:10-07:00,79
@tommcfly kit katttttt?? i wanttttttttt  actually i want a kit kat from you and another sweet hug ,2047103802,2009-06-05 13:09:22-07:00,98
"@tommcfly I WANT A KIT KAT. Hey Tom, are you missing Brazil? We miss you a looooot ",2047104261,2009-06-05 13:09:25-07:00,83
@tommcfly hey are u gonna reply to me i gettin really pissed off coz u not tlkin to me but u lot just seem really rude by ignorin me ,2047112424,2009-06-05 13:10:07-07:00,133
@tommcfly @dougiemcfly @dannymcfly @mcflyharry our mission #mcflyforgermany for tt failed today  but pls come to germany one day-or soon;),2047336764,2009-06-05 13:30:08-07:00,138
@tommcfly haha aww shame  have dun tho... dont you let it get you down get it haha lame joke sorrie xx,2048254346,2009-06-05 14:54:30-07:00,102
"@tommcfly i love you so much, sorry ",2048275209,2009-06-05 14:56:29-07:00,36
@tommcfly bad bad bad ,2048283593,2009-06-05 14:57:19-07:00,22
"@tommcfly if this happen, when u come back to south america u can stay more days in brazil HAHA kidding  poor fans, they'll understand!",2048342020,2009-06-05 15:02:48-07:00,135
@tommcfly I looooooooooooooooove you! we'll miss you ,2048447081,2009-06-05 15:12:49-07:00,53
@tommcfly I'd love to be there even if u were playing A Capella guys  I wanna cry for missing it!!,2048488177,2009-06-05 15:16:50-07:00,98
"@tommcfly awwww, jealous! england misses you  x",2048794424,2009-06-05 15:47:08-07:00,47
@tommcfly awwn.  Poor thing. ,2048798505,2009-06-05 15:47:33-07:00,29
@tommcfly we'll miss you ,2048812342,2009-06-05 15:48:56-07:00,25
@tommcfly saw night at the musuem 2 tonight.. missed your music init  x,2048820530,2009-06-05 15:49:46-07:00,71
@tommcfly back to manaus ,2048820748,2009-06-05 15:49:48-07:00,25
"@tommcfly  lucky girl, I want to be there ",2048828586,2009-06-05 15:50:34-07:00,42
"@tommcfly tom, we'll miss you! ",2048834579,2009-06-05 15:51:10-07:00,31
@tommcfly you is very perfect â¥ my english is very bad ! ,2048877967,2009-06-05 15:55:32-07:00,59
@tommcfly aww Tom!! Is there any chance you vould come over to Mexico again? We miss you so much!  ,2048899979,2009-06-05 15:57:46-07:00,99
"@tommcfly tom! IÂ´m so sad coz I wonÂ´t go to the airport or places like that, and will be so lucky if at the concert I see you guys... ",2048917033,2009-06-05 15:59:29-07:00,136
@tommcfly how looooooovely are you!  i knew the ppl would love to see you playing,2048917856,2009-06-05 15:59:34-07:00,81
@tommcfly back to braziiiiiiil ,2048965590,2009-06-05 16:04:10-07:00,31
"@deboramaia I prefer @Dannymcfly anyway, gave up on @tommcfly ",2049054971,2009-06-05 16:13:06-07:00,62
"@tommcfly Tooom , I'm so sad , you came here in brasil again and I don't seen you  .I hope you come back to Brazil soon. I love yoou !",2049142881,2009-06-05 16:22:09-07:00,134
"@tommcfly haha you do tweet a lot! Tom, what do you think I should name my guitar? Can't think of a good name  help me, please! xx",2049145165,2009-06-05 16:22:24-07:00,130
@tommcfly back to braziiiiiiiiiiiiil ,2049163733,2009-06-05 16:24:23-07:00,37
"@tommcfly ×××?× ×××¨ ×××©×¨×?×! ×× ××? ×¤×××¨, ×?×ª×? ××××××? ××?××¡××¨×××, ××¨×××, ×?×¨×× ××× ×... ××? ××××¢×ª ×?××¤× ×¢××.. ×?×× ×?×¤×¢×? ××? ×××©×¨×?×! ",2049334696,2009-06-05 16:42:03-07:00,201
"@tommcfly Ah baby, no league for them  i love you",2049338670,2009-06-05 16:42:27-07:00,49
has a huge spider in my room! Right above @tommcfly and @dannymcfly 's head!  i dont know what 2 do!,2049361277,2009-06-05 16:44:49-07:00,100
"@tommcfly  Good Luck in Argentina, i wish i could be there ",2049453578,2009-06-05 16:54:30-07:00,59
@tommcfly hmmm... BRAZIL ARE MISSING YOU!  WE Lâ¥VE YOU DD,2049493969,2009-06-05 16:58:49-07:00,59
@tommcfly Could you answer me? I would feel so good. Do you hate me? Cause looks like you do ,2049930212,2009-06-05 17:45:20-07:00,93
"@tommcfly oh, tom, why aren't you replying anyone today? ",2049938939,2009-06-05 17:46:19-07:00,57
"@tommcfly have a great gig tonight.. you and the other guys, of course. already missing mcfly in Brazil ",2049957252,2009-06-05 17:48:20-07:00,104
@tommcfly I was looking for tickets to come see u lovelies again in summer but I can't get anyone to come with!! I'm so upset!!!   x,2050005456,2009-06-05 17:53:43-07:00,132
"@tommcfly I love to laugh, but i don't laugh recently  but, your laughing make me happy",2050078034,2009-06-05 18:01:36-07:00,87
"@tommcfly LOL you did it a lot in Brazil didn't you? oh dear, missing you so much! Brazil seems to be so silence now!  Xx",2050325219,2009-06-05 18:28:10-07:00,121
"is off to bed dissapointed, @tommcfly and @dannymcfly NEVER tweet me back!  night twitter!",2050341309,2009-06-05 18:29:53-07:00,90
@tommcfly missing you guys in Brazil  when are you coming back?,2051018071,2009-06-05 19:42:45-07:00,63
"@tommcfly hahah I lost the show  I live far away from buenos aires, 2000 km. My best friend went, I waiting for her call! Love your music!",2051024812,2009-06-05 19:43:32-07:00,138
"@tommcfly Thomas, Thomas! you are so boring! never answer me ",2051032396,2009-06-05 19:44:19-07:00,61
"@tommcfly love to see you online .-. it's like, you're gonna answer me  i love you tom .-. my friend says you remember me from my blouse",2051075743,2009-06-05 19:49:05-07:00,136
@tommcfly Happy that you enjoy there =] miss u guys! SO MUCH ,2051116751,2009-06-05 19:53:37-07:00,61
"@tommcfly are you always hungry this late at night, tommy? haha. and i wish you and the guys could spend more days in rio ",2051307637,2009-06-05 21:36:01-07:00,122
"@tommcfly please, next time you'll be in porto alegre bring me MANY kit kats because i love them and there isn't a place to buy this here ",2051359334,2009-06-05 21:47:23-07:00,138
@tommcfly Why we didnt have meet and greet in Brazil? The videos in argentina are making me so sad  It isnt fair..,2051516682,2009-06-05 22:12:57-07:00,114
"@tommcfly TOMMMMMMMMMMMMMMM! I miss you in Brasil  ! come back now,please ! LOL ! kisses",2051521837,2009-06-05 22:13:33-07:00,88
@tommcfly could u visit Peru just for a day? its right above Chile and next to Brazil! pleaseeee ,2051522057,2009-06-05 22:13:34-07:00,97
@tommcfly tell me about it your tweets have been helping me stay awake on a night shift  nearly home time now though xx,2051523493,2009-06-05 22:13:45-07:00,119
"@tommcfly TOMMMMMMMMMMMMMMM! I miss you in Brasil  ! come back now,please ! LOL ! kisses (this is my 400 update !)",2051535808,2009-06-05 22:15:11-07:00,114
@tommcfly I was desperate when it happened! I thought it was just me! was horrible!  haha love you man! xx,2051538215,2009-06-05 22:15:29-07:00,106
@tommcfly Why we didnt have meet and greet in Brazil? The videos in argentina are making me so sad  It isnt fair..,2051557882,2009-06-05 22:17:49-07:00,114
@clarissasays GRR. did any of my replies to @tommcfly show up..?  ,2051632276,2009-06-05 22:26:57-07:00,66
@tommcfly ,2051633719,2009-06-05 22:27:07-07:00,10
@tommcfly LOL me too  i'm addicted on twitter and i'm getting crazy because of that haha,2051665492,2009-06-05 22:31:03-07:00,88
@tommcfly Why we didnt have meet and greet in Brazil? The videos in argentina are making me so sad  It isnt fair..,2051673257,2009-06-05 22:32:01-07:00,114
"@tommcfly: HAHA ,ME TOO ",2051691908,2009-06-05 22:34:33-07:00,24
"@tommcfly Tom you were FANTASTIC in the show! best day ever! so sad that you leave tomorrow  hope you had a good time! goodnight, love u!",2051863853,2009-06-05 23:00:14-07:00,137
@tommcfly http://bit.ly/VwV6H  tom you are no longer in first place!!  haw sad..,2053103117,2009-06-06 03:17:03-07:00,80
"@tommcfly You guys should come play Australia! I'm originally from England but moved, and I miss hearing your songs on the radio ",2053409791,2009-06-06 04:27:20-07:00,129
I feel so sad that @tommcfly isn't in the lead anymore!  Because he truly is the best twitterer!!,2053503694,2009-06-06 04:47:18-07:00,97
"@tommcfly Dude, why you do a meet & Greet in argentina and not do here, in Brazil? Man, we do everything to see you ",2053593798,2009-06-06 05:05:17-07:00,116
@tommcfly your fans are cheating tho using proxy sites    i thought mcfly were good boys too ..lol.,2054523925,2009-06-06 07:32:23-07:00,99
@tommcfly ahaa! iv voted for you 57 times! (: but its sad you have to leave 20 minutes in between each vote  â¥â¥xxâ¥â¥xxâ¥â¥,2054527023,2009-06-06 07:32:48-07:00,131
"@tommcfly I tried to vote for you.  HAH. Don't worry, @gfalcone601 's second too. LOL.",2054531282,2009-06-06 07:33:20-07:00,86
"@tommcfly I cant get on the website, so i cant vote  xxx",2054542484,2009-06-06 07:34:44-07:00,56
"@tommcfly Can people still vote? Cuz when ever I go on it, it won't let me do anything.  #mcflyinamerica",2054543342,2009-06-06 07:34:51-07:00,104
"@tommcfly I would vote for you, but I can't get onto the link everyone keeps putting up!  xx",2054556790,2009-06-06 07:36:32-07:00,92
"@tommcfly i can't get onto the damned site to VOTE for you!!!  i've voted looooooads, so how davids beating you, i don't know! :[",2054591109,2009-06-06 07:40:57-07:00,129
"@tommcfly I'll vote for you, Tom. But you don't deserve it ",2054649448,2009-06-06 07:48:26-07:00,59
@tommcfly I have no idea how to vote for you. I keep trying to find a link but its hopeless.  help...?,2054669611,2009-06-06 07:50:55-07:00,102
@bill_archie hey!how r u? R u voting 4 David as Mr Universe? I'm voting like crazy @tommcfly isn't so far away from David  ...,2054740143,2009-06-06 07:59:37-07:00,126
@tommcfly the site wont open for me so i cant vote ,2054753836,2009-06-06 08:01:11-07:00,51
@tommcfly and the best fans! haha. You are the best person to win Mr. TUniverse! We all love ya so much. miss mcfly in brazil  Xxx,2054755214,2009-06-06 08:01:19-07:00,130
"@tommcfly ask for votes more often, Tom x) We're trying hard but it's not being enough ",2054762312,2009-06-06 08:02:07-07:00,87
"@tommcfly I'm trying to find the link to vote, but it's not working! ",2054776863,2009-06-06 08:03:48-07:00,69
@tommcfly I think the wall hates you. I keep voting for you but the number doesn't increase at all ,2054779762,2009-06-06 08:04:08-07:00,99
@tommcfly I want to vote but I don't have the link ,2054785145,2009-06-06 08:04:47-07:00,51
@tommcfly missing you guys here in Brazil  COME BACK SOON!,2054792089,2009-06-06 08:05:34-07:00,58
"@tommcfly Hi Tom, hi to me . Tom never answered me ",2054812539,2009-06-06 08:07:57-07:00,51
"@tommcfly i voted for you! but, you're bad tom! you never answer me! i'm sending messages every day! but is always the same thing! ",2054843962,2009-06-06 08:11:42-07:00,131
@tommcfly doesn't has it to sell in Brazil. I'M CRYINGGG! ,2054850399,2009-06-06 08:12:29-07:00,58
"@tommcfly i voted for you! but, you're bad tom! you never answer me! i'm sending messages every day! but is always the same thing! ",2054861209,2009-06-06 08:13:47-07:00,131
"@tommcfly i voted for you! but, you're bad tom! you never answer me! i'm sending messages every day! but is always the same thing! ",2054882359,2009-06-06 08:16:17-07:00,131
"@tommcfly i voted for you! but, you're bad tom! you never answer me! i'm sending messages every day! but is always the same thing! ",2054898986,2009-06-06 08:18:15-07:00,131
@tommcfly TOM! You're a superhero right? I'm turning 22 tomorrow *cries* can you make me stay 21 forever? Don't wanna get oldddd ,2054904533,2009-06-06 08:18:56-07:00,129
@tommcfly apparently he might be canceling all shows due to his skin cancer ,2054930724,2009-06-06 08:22:04-07:00,76
@tommcfly Don't waste your money on Jacko; help me get out of my over-draft ,2054933105,2009-06-06 08:22:21-07:00,76
@tommcfly JEALOUSSSSS! I WANT MJ TIX ,2054935417,2009-06-06 08:22:38-07:00,37
@tommcfly  i wish i could go and see Jacko... Lucky You.. x,2054940209,2009-06-06 08:23:13-07:00,59
@tommcfly TOOOOM Why you never EVER replied to me? Did you read at least?  www.mcflyers.com.br xx,2054949236,2009-06-06 08:24:18-07:00,97
@tommcfly I voted for you over and over and over again! You deserve it! but you could reply more fans ,2054958497,2009-06-06 08:25:22-07:00,102
@tommcfly i want to see him live as well but the tickets are way to expensive...  i love keep the faith!!! x,2054958958,2009-06-06 08:25:25-07:00,108
"@tommcfly Hey Tom, can I sugest something to you, please? btw, i miss you and the guys here in Brazil!  be back soon! xx",2054966567,2009-06-06 08:26:20-07:00,120
"@tommcfly Couldn't you put the link for Mr Twitter??? Yes, again) At work now, i can't find them on your messages ",2054986303,2009-06-06 08:28:43-07:00,114
@tommcfly have fun .. I couldn't get any tickets .. It sucks man ,2054995282,2009-06-06 08:29:47-07:00,65
@tommcfly Loveme haha hey tom look at this  http://twitpic.com/6qx7c I love please reply me ,2055022343,2009-06-06 08:32:56-07:00,92
@tommcfly tom look this photo is awesome!I loveu! http://twitpic.com/6qxgc PLEASE reply me  ARGENTINA LOVES MCFLY!,2055035949,2009-06-06 08:34:30-07:00,114
@tommcfly Tom because no answered? ,2055038477,2009-06-06 08:34:48-07:00,35
"@tommcfly i voted for you! but, you're bad tom! you never answer me! i'm sending messages every day! but is always the same thing! ",2055100472,2009-06-06 08:41:54-07:00,131
@tommcfly I voted for you over and over and over again! You deserve it! but you could reply more fans ,2055142704,2009-06-06 08:46:40-07:00,102
@tommcfly awh but then we couldnt call you the Fletch  Xx,2055146029,2009-06-06 08:47:03-07:00,57
@tommcfly I am going to miss Fletcher then ,2055154532,2009-06-06 08:48:03-07:00,43
@tommcfly Brazil already miss you ,2055155470,2009-06-06 08:48:09-07:00,34
@tommcfly  I think Fletcher cute  is better than ARAÃJO that is my last name ,2055242978,2009-06-06 08:58:02-07:00,78
"@tommcfly I already give you 6 tweets, but i don't get a reply  Do you wanna play Edward Cullen in the next movie? Xx",2055293434,2009-06-06 09:03:13-07:00,117
@tommcfly i wonder where is harry. he didnt tweet while in brazil ,2055300853,2009-06-06 09:04:02-07:00,66
"@tommcfly that jealous of you Tom, I love coffee, but I can not take,me cause  pain of my belly, is horrible ",2055306865,2009-06-06 09:04:40-07:00,109
@uselesscah @jubakerr HAUSHAUSHUHUSUA @TOMMCFLY REPLY ME  MY TWEETS ARE SO FUNNY.. RISOS,2055314843,2009-06-06 09:05:30-07:00,88
"@tommcfly Tom, my mother is in hospital. I am so worried, helps me stay calm ",2055315737,2009-06-06 09:05:36-07:00,77
"@tommcfly omg, are you crazy? that's bad! i'm gonna tell Debbie and she will give you a hole ",2055333302,2009-06-06 09:07:31-07:00,93
@tommcfly Did you know they're moving the Sylvia Young building next term? No more memories  x x,2055347693,2009-06-06 09:09:06-07:00,96
"@tommcfly tom why don't u want to answer me, just one question!  where are u gonna release ur next album, in which countries i mean? plz",2055412374,2009-06-06 09:16:07-07:00,136
"@tommcfly Tom! They're moving the Sylvia Young building! I was there today, it will be like... No more memories  x",2055412645,2009-06-06 09:16:09-07:00,114
@tommcfly Please tom coment :my stuff of McFly! great concert yesterday! cry too much! I love them! http://twitpic.com/6r10o REPLY ME ,2055442275,2009-06-06 09:19:28-07:00,134
"@tommcfly could you tell neil i love him? we took a picture in brazil, he's a nice guy! and i'm mad at you. ",2055450904,2009-06-06 09:20:23-07:00,108
@tommcfly dude why you hate me? ,2055488640,2009-06-06 09:24:32-07:00,32
@tommcfly Don't worry looked it up!  For a long word that's quite sad! ,2055632987,2009-06-06 09:40:24-07:00,71
@tommcfly  i'm just wondering if you guys will ever have a meet and greet in brazil?? we deserve it as much as argentina!,2055710891,2009-06-06 09:48:59-07:00,121
@tommcfly come back to brazil haha ,2056004280,2009-06-06 10:20:59-07:00,35
"@tommcfly a big kiss, hope you have enjoyed my country.Never I will forget the day that you come!  Tom:GoodLucky and please replyme ",2056006183,2009-06-06 10:21:11-07:00,132
@tommcfly good for you for being the sensible one lol. It sucks you're leaving  we'll miss you,2056104729,2009-06-06 10:32:05-07:00,94
@tommcfly i'm veeeery jealous. bla bla bla argentina. i miss you here in brazil. you will come next year..  right? ,2056306741,2009-06-06 10:54:22-07:00,115
"@tommcfly i didn't know the time of your flight, i wanna see u, in the concert someone stole my camera, and i havn't any photo with McFLY ",2056322225,2009-06-06 10:56:06-07:00,138
@tommcfly http://yfrog.com/75ooobuvj Aw doug *.* so cute! NO say goodbye ,2056342593,2009-06-06 10:58:21-07:00,73
@tommcfly Thank you for coming. I would love to see you again! But next time I'd like to take a picture with you ,2056396548,2009-06-06 11:04:09-07:00,113
@tommcfly you are at 2nd place again at the Mr twitter universe contest ,2056406983,2009-06-06 11:05:15-07:00,72
@tommcfly NOO!  I prefer your individual twitters...,2056458476,2009-06-06 11:10:52-07:00,52
"@tommcfly lol! classic, dougie - ""don't dry for me"". u're back in 2nd place  am voting continuously! monday 8th can't come quick enough! x",2056472551,2009-06-06 11:12:24-07:00,138
oh no davidarchie has overtaken @tommcfly in the choice of mr twitter universe  Dudes you must vote !!! ;),2056512324,2009-06-06 11:16:47-07:00,106
@tommcfly Yes you should! And @mcflyharry should use his twitter! tell him please!  Say hello to him too!  hahaha. Love you Tom! <3 â¥,2056518924,2009-06-06 11:17:30-07:00,135
@tommcfly noooo dont  i love the separate ones  </3,2056564203,2009-06-06 11:22:35-07:00,51
"@galaxydazzle @tommcfly, your birthday plans are ruined now, we made a picture of how you'd look on your birthday now the photos leaked! ",2056620320,2009-06-06 11:28:52-07:00,137
"@tommcfly i won't go to your concert in Chile,South America tomorrow.  i'm so sad  hope see you one day, love you<3",2057316862,2009-06-06 12:46:35-07:00,115
"@tommcfly @tommcfly yes, you should. GIVE A NAME FOR MY PUPPY, SHE DOESN'T HAVE A NAME YET! PLEEEEEEASE ",2057667479,2009-06-06 13:26:07-07:00,104
"@tommcfly yes, you should. GIVE A NAME FOR MY PUPPY, SHE DOESN'T HAVE A NAME YET! PLEEEEEEASE ",2057672597,2009-06-06 13:26:42-07:00,94
@tommcfly What? More than Brazil? What? I just cant believe... ,2058278150,2009-06-06 14:37:17-07:00,63
@tommcfly dammit ,2058295208,2009-06-06 14:39:19-07:00,17
@tommcfly We are wild! hah ,2058303029,2009-06-06 14:40:13-07:00,27
@tommcfly i thought that brazilian fans were wildest ,2058306177,2009-06-06 14:40:35-07:00,53
@tommcfly i thought that brazilian fans were the wildest ,2058310041,2009-06-06 14:41:02-07:00,57
@tommcfly boooo  u should come to Peru!,2058331358,2009-06-06 14:43:35-07:00,39
"@tommcfly you don't answered me, I have to give $ 10 for my friend ",2058357019,2009-06-06 14:46:38-07:00,67
"@tommcfly brazil miss you! you are so close but so far! i want you here again  please, come back next year! we love you so much, xx",2058361179,2009-06-06 14:47:09-07:00,131
@tommcfly I still think that brazilian's fans are better. we alredy are missing you ,2058365567,2009-06-06 14:47:42-07:00,84
@tommcfly I still think that brazilian's fans are better. we are alredy missing you ,2058390554,2009-06-06 14:50:46-07:00,84
"@tommcfly I think you should make a dvd about the tour,even knowing it's impossible if you haven't' filmed what happened in tour ",2058424270,2009-06-06 14:54:55-07:00,129
@tommcfly we brazilian fans are afflicted. afraid of losing the post of more crazy! ,2058443466,2009-06-06 14:57:15-07:00,84
"@tommcfly THANKS FOR COMING GUYS! LAST NIGHT WAS THE BEST DAY OF MY LIFE SO FAR, MISSING YOU  HAVE FUN THERE!",2058483254,2009-06-06 15:01:57-07:00,109
"@tommcfly Oh no, brazilians are the wildest fans!  [3]",2058581630,2009-06-06 15:13:27-07:00,54
@tommcfly is seems that some brazilian fans are mean to you guys  not appreciating wgat you have done for them ,2058647560,2009-06-06 15:21:16-07:00,111
@tommcfly brazilian fans are jealousy because of what you talk about Chile Tommy ,2058671258,2009-06-06 15:24:06-07:00,81
"@tommcfly i miss you, Tom  /cry",2058688381,2009-06-06 15:26:08-07:00,31
@tommcfly And brazilian fans? ,2058718640,2009-06-06 15:29:46-07:00,30
"@tommcfly oh my god, I can't believe that you left argentina so soon! ",2058738078,2009-06-06 15:31:59-07:00,70
"@tommcfly i was in the front of the stage before the show, but i had to go back  Whatever, i saw Danny after the show, without t-shirt WTF",2058783203,2009-06-06 15:37:08-07:00,138
@tommcfly im already missing you  porto alegre is even colder without you guys here,2058958500,2009-06-06 15:58:10-07:00,83
"@tommcfly If you think they're the wildest fans, so you don't really know your brazilian fans... I'm disappointed now! ",2058966257,2009-06-06 15:59:06-07:00,119
"@tommcfly  Why do you never reply me ? Ok, I'm a crazy girl, forget me ... Newsflash about the shows ?",2058980520,2009-06-06 16:00:40-07:00,102
@tommcfly I really miss you and the guys ,2059006785,2009-06-06 16:03:45-07:00,41
"@tommcfly Tom  please reply me boy! haha mr.twiiter universe I love u <3,THANKS FOR COMING TO ARGENTINA  I love you somuch xX",2059067317,2009-06-06 16:10:52-07:00,125
@tommcfly hahaha But i still think that brazilian fans do it better. ,2059080549,2009-06-06 16:12:26-07:00,69
@tommcfly that's better  i was starting to think you had already forgotten about your fans here in argentinaaaaa ,2059089503,2009-06-06 16:13:31-07:00,113
@tommcfly Brazil... you said that ,2059106304,2009-06-06 16:15:32-07:00,34
@tommcfly you're so lovey. I'm really sad that i couldn't talk to you when you was here  the show was amazing !! thanks you guy,2059112394,2009-06-06 16:16:16-07:00,127
"@tommcfly cheeseburger :O  can i have some please? il give you erm.....a rich tea biscuit, ill even dunk it in my tea for it - PLEASE!",2059117747,2009-06-06 16:16:55-07:00,134
@tommcfly i wish i could be there ,2059118294,2009-06-06 16:16:59-07:00,34
@tommcfly I saw a box full of Star War miniatures today...there was like 1000 Princess Leia...but no Chewbacca ,2059120780,2009-06-06 16:17:17-07:00,111
@tommcfly the movie is almost oveeeer  you should've turned the tv on earlier ,2059128993,2009-06-06 16:18:18-07:00,78
@tommcfly hope u enjoy the movie! AND have fun tomorrow I don't think I'm gonna make it to your show ,2059141181,2009-06-06 16:19:46-07:00,101
"@tommcfly i'm watching a documentary about the life of John   God, he's really the best ever!",2059143038,2009-06-06 16:20:00-07:00,93
@tommcfly and I want you say a Hello to me ,2059156784,2009-06-06 16:21:40-07:00,43
"@laysxx I want to write a song with @tommcfly, it would be amazing but it's impossible. They don't play songs with fans. ",2059166479,2009-06-06 16:22:54-07:00,121
@tommcfly Will you never reply me? ,2059206996,2009-06-06 16:27:53-07:00,35
"@tommcfly.Danny is beautiful, but he  and you doesn't answer me. what speak with you? Must be something common. Please one Hi.. ",2059299659,2009-06-06 16:39:10-07:00,128
@tommcfly Damn it. I saw on your profile that you replied to someone called Paula and for a min I thought it was me  Oh well..... x.,2059310054,2009-06-06 16:40:26-07:00,132
@tommcfly A long time ago in a galaxy far far away...Tom used to reply me... but i guess he doesn't like me anymore ,2059340146,2009-06-06 16:44:06-07:00,116
@tommcfly lived tom fletcher n the crickets (?) haha idk what to talk just wanted a reply from ya ,2059354779,2009-06-06 16:45:53-07:00,98
"@tommcfly that's so sweet. We miss you in Argentina already, please please come back ",2059361429,2009-06-06 16:46:43-07:00,85
@tommcfly now I'm jealous. I want to see Hayden Christensen ,2059365166,2009-06-06 16:47:11-07:00,60
@tommcfly YEEAAH NO. you didn't look the paint of my niece made for you. ,2059371271,2009-06-06 16:47:55-07:00,73
@tommcfly CRYING ,2059396239,2009-06-06 16:50:58-07:00,17
"@tommcfly ask for more votes, Tom! you've lost your first place  http://bit.ly/VwV6H",2059401153,2009-06-06 16:51:34-07:00,84
"@tommcfly i can't go to the show tomorrow cause i'm so sick, i'm desolate  can u say me hello to feel better?",2059405670,2009-06-06 16:52:07-07:00,109
"@tommcfly oooooown, i want to watch Star Wars with you ",2059482687,2009-06-06 17:01:27-07:00,55
lmao at the convo @tommcfly and @gfalcone601 are having LOL! I am feeling way better than i did before still have a bit of a headache! ,2059485351,2009-06-06 17:01:45-07:00,135
@tommcfly god i wanna watch star wars too! you're making me sad ,2059588030,2009-06-06 17:14:06-07:00,64
@tommcfly I already miss you ,2059613714,2009-06-06 17:17:08-07:00,29
@tommcfly I miss you  I miss ur smile  Come to argentina again ,2059738248,2009-06-06 17:32:15-07:00,63
"@tommcfly sorry, but i think you were the one with the best view ",2059798268,2009-06-06 17:39:33-07:00,65
"@tommcfly I tweet u everyday saying that i'm the girl that gave u adriano's shirt in sao paulo and you never reply me  love ya, fletcher",2059827590,2009-06-06 17:43:01-07:00,136
"@tommcfly Aw Tom, I bet that brazilians are better. Ok, i know, you have got lots of fans around the world, but we are crazy about you ",2059938412,2009-06-06 17:56:30-07:00,135
I miss to @dougiemcfly @tommcfly @dannymcfly @mcflyharry I miss you Guys ! ,2059995050,2009-06-06 18:03:10-07:00,75
@tommcfly  i'm so sad 'cuz i can't be in your recital here in argentina 'cuz the tickets were sold out .next time..i hope i can see you ,2060133500,2009-06-06 18:19:25-07:00,136
"@tommcfly http://twitpic.com/6sicb - won't you guys ever come back to Porto Alegre? :\ we miss you, we really do ",2060230267,2009-06-06 18:30:35-07:00,113
"@tommcfly you are loving this marathon,right?Enjoy it!cause I cant watch!   tell me about it?I`d love to know about Star wars my starboy!x",2060558870,2009-06-06 19:07:56-07:00,138
@tommcfly  I really need to know if it's true you are coming back to Brazil in October. I'm a little bit confused with all these rumors. ,2060561193,2009-06-06 19:08:12-07:00,137
@tommcfly I never watched star wars ,2060579082,2009-06-06 19:10:16-07:00,36
@tommcfly Tom! I love you! you are so cool! thanks for visitingchile! you're the best! Sorry for acting so savagely at the airport ,2060612773,2009-06-06 19:14:09-07:00,131
"@tommcfly Tom, my dream is you reply me, but I'm almost giving up... You have many followers, will be difficult reply me ",2060644361,2009-06-06 19:17:54-07:00,121
"marianaguidilok, @tommcfly is bad, so bad! i just wanted talk to him! i think that @tommcfly hate me! this is so sad! i want cry! ",2060697054,2009-06-06 19:24:09-07:00,130
"ok, @tommcfly  so bad! i just wanted talk to him! i think that @tommcfly hate me! this is so sad! i want cry! I love him... life unfair!! ",2060717734,2009-06-06 19:26:33-07:00,138
"ok, @tommcfly is so bad! i just wanted talk to him! i think that @tommcfly hate me! this is so sad! i want cry! love him... life unfair!! ",2060727684,2009-06-06 19:27:45-07:00,138
@tommcfly im trying to vote for you on the mr twitter universe thingy and i can vote for everyone but you ,2060769485,2009-06-06 19:32:38-07:00,106
@tommcfly http://twitpic.com/6sicb - allready missing u in Argentina ,2060888102,2009-06-06 19:46:24-07:00,69
@tommcfly why you never answer ... ???  I'm sad...xx,2060929717,2009-06-06 19:51:10-07:00,52
"@tommcfly I really hope that you can come someday to Monterrey, Mexico... it would be the best day of my whole life ",2061306640,2009-06-06 20:35:46-07:00,116
@tommcfly I can take you to Star Wars conventions too  My dad takes me to some! I have a pic with darth vader! hahaha LOL,2061412640,2009-06-06 20:48:57-07:00,121
@tommcfly Enjoy it! I don't have enough time to see movies. Sometimes university sucks!  Spend a good time in Chile! Argentina miss you!,2061416991,2009-06-06 20:49:31-07:00,136
@tommcfly i've never watched star wars! goodnight tom! see your tweets tomorrow. i wish i could see YA tomorrow  x,2061710398,2009-06-06 21:26:45-07:00,114
@tommcfly you would get on really well with my bf :| star wars and LOTR marathons.....help me ,2063376009,2009-06-07 02:24:31-07:00,94
"@tommcfly that stage is HUGE, i'd be gutted to be there, your not even near the crowd ",2063395664,2009-06-07 02:29:24-07:00,86
@tommcfly PLEASE SELL YOUR CDS IN THE PHILIPPINES. the saturdays are selling their album here. why aren't you? ,2063482843,2009-06-07 02:50:27-07:00,111
@dannymcfly @tommcfly @dougiemcfly @harrymcfly are you all alive no one has tweeted in over an hour  x,2063576506,2009-06-07 03:13:24-07:00,102
@tommcfly tom we have disappointed you  you are second again  were working on it though  xx,2063713404,2009-06-07 03:47:05-07:00,91
@tommcfly you are like 1000 votes behind david  but its not letting us click on you to vote?! so technically their cheating...,2063717051,2009-06-07 03:48:00-07:00,126
i feel like i have let tom down  comeooon people vote for him! @tommcfly deserves to be the twitter king!,2063801665,2009-06-07 04:07:48-07:00,105
"need everyone to vote again, tom was overtaken overnight again  only 20hrs left..  http://bit.ly/tUOXB @tommcfly @gfalcone601",2064650501,2009-06-07 06:50:02-07:00,125
I need @tommcfly to get in twitter!!! come on wake up!! ,2064943457,2009-06-07 07:32:20-07:00,56
@tommcfly I can't go to the show today because I'm in another city. I'm very sad ,2065026604,2009-06-07 07:43:46-07:00,81
"@tommcfly U havent tweeted yet. WHATS HAPPENED? haha. please tweet soon, & get more ppl voting 4 U, david's lk 1000 ahead of U ",2065102202,2009-06-07 07:53:53-07:00,127
"@tommcfly Tom, my dream is you reply me, but I'm almost giving up... You have many followers, will be difficult reply me ",2065311812,2009-06-07 08:20:08-07:00,121
@tommcfly bonjour tom   now  i think you should tweet back cuz if you do i get to see you on the 26th of june if you dont i dont  sotwet,2065320655,2009-06-07 08:21:13-07:00,136
@tommcfly good! we all miss you ,2065331076,2009-06-07 08:22:30-07:00,32
@tommcfly I cant get the link to work  xxx,2065363948,2009-06-07 08:26:33-07:00,42
@tommcfly that sound like if u were sick of us  lol i get it. u must be very tired!,2065364601,2009-06-07 08:26:38-07:00,83
@tommcfly plz look! you answear lot of people and all i ask is to say what you think > http://www.twitpic.com/5f9e1 x stop ignoring me! ,2065364701,2009-06-07 08:26:39-07:00,136
@tommcfly i can't vote...and i don't know why ,2065367368,2009-06-07 08:26:59-07:00,46
@tommcfly when are you coming to spain? i've been a fan of yours for 5 years now and i've never been able to see you guys live  x,2065371529,2009-06-07 08:27:30-07:00,129
@tommcfly all be over? the whole tour! wow thats sad... ,2065374889,2009-06-07 08:27:56-07:00,56
"@tommcfly Tell Neil I love him, and he's a nice guy! We took a picture in Brazil, when you were leaving. ",2065375711,2009-06-07 08:28:02-07:00,105
@tommcfly the link is broken tom... ,2065385398,2009-06-07 08:29:16-07:00,36
"@tommcfly do you like heroes? that's cool! tom, reply me, i'm going crazy sending u so many twites! haha, come back to rio, wanna meet u ",2065397833,2009-06-07 08:30:45-07:00,137
@tommcfly when are you coming to spain? i've been a fan of yours for 5 years now and i've never been able to see you guys live  x,2065398030,2009-06-07 08:30:46-07:00,129
@tommcfly your link doesn't seem to work ,2065420774,2009-06-07 08:33:36-07:00,41
@tommcfly you wont come to mexico right?.... Why Tom jajaja  Why!!?? ,2065434187,2009-06-07 08:35:16-07:00,69
@tommcfly do you come home june 20th? we miss you very badly here in the uk  and and and; CAN'T WAIT FOR JUNE 20TH!  xx,2065437984,2009-06-07 08:35:44-07:00,119
@tommcfly do you hate me or somthing? i just want you to look&comment!  http://www.twitpic.com/5f9e1 & http://www.twitpic.com/5hfjr,2065443817,2009-06-07 08:36:27-07:00,131
@tommcfly do you hate me or somthing? i just want you to look&comment!  http://www.twitpic.com/5f9e1 & http://www.twitpic.com/5hfjr xx,2065446644,2009-06-07 08:36:48-07:00,134
@tommcfly do you come home june 20th? we miss you very badly here in the uk  and and and; CAN'T WAIT FOR JUNE 20TH!  xx,2065450546,2009-06-07 08:37:17-07:00,119
@tommcfly do you hate me or somthing? i just want you to look&comment!  http://www.twitpic.com/5f9e1 & http://www.twitpic.com/5hfjr x,2065452007,2009-06-07 08:37:28-07:00,133
"@tommcfly Come on Tom, please answer me and other fans! ",2065468572,2009-06-07 08:39:31-07:00,56
@tommcfly do you come home june 10th? we miss you very badly here in the uk  and and and; CAN'T WAIT FOR JUNE 20TH!  xx,2065472475,2009-06-07 08:40:00-07:00,119
it won't let me vote for @tommcfly ,2065472707,2009-06-07 08:40:02-07:00,35
"@tommcfly fuck you! it's just not fair, im sending you ton's of messeges, and you never answer! ",2065510542,2009-06-07 08:44:43-07:00,96
@tommcfly i was gonna give you an yoda's toy at Recife's airport but you didn't show up ,2065527183,2009-06-07 08:46:43-07:00,88
@tommcfly Here in Brazil today is veeeery cold  You went away and the sun went with ya. haha,2065538798,2009-06-07 08:48:08-07:00,92
"@tommcfly you really don't want to be back at home atm it is raining , has been all day ",2065544107,2009-06-07 08:48:48-07:00,88
@tommcfly when are you boys coming to america?? we miss you over here ,2065584794,2009-06-07 08:53:46-07:00,70
@tommcfly YOU have to win if you don't i'll be sad ,2065589145,2009-06-07 08:54:18-07:00,51
"@tommcfly look it's @keren4562 i really sorry, i did'nt ment to insult you or somthing! im soo sorry!! forgive me? plzz? im so sorry! ",2065593374,2009-06-07 08:54:49-07:00,134
@tommcfly Tom why you never answered ??  ,2065594009,2009-06-07 08:54:54-07:00,41
"@tommcfly look it's @keren4562 i really sorry, i did'nt ment to insult you or somthing! im soo sorry!! will you forgive me?  plz?",2065597322,2009-06-07 08:55:17-07:00,129
"@tommcfly look it's @keren4562 i really sorry, i did'nt ment to insult you or somthing! im soo sorry!! will you forgive me?  plz?(",2065598170,2009-06-07 08:55:23-07:00,130
@tommcfly Oh you should tell my dad to let me & my sister go to England and see you guys this summer too. He wont let us.. ,2065600659,2009-06-07 08:55:41-07:00,123
@tommcfly Tom why you never answered  me?? ,2065631786,2009-06-07 08:59:26-07:00,43
@tommcfly I miss McFLY in Brazil ,2065637938,2009-06-07 09:00:07-07:00,33
@tommcfly What about an European tour??You always go 2 south America...It's not fair.. ,2065639957,2009-06-07 09:00:18-07:00,87
"@tommcfly do you think that someday harry will really use the internet?He could be like you,want harry on twitter more often ",2065649802,2009-06-07 09:01:25-07:00,125
@tommcfly it's @keren4562 i so sorry! so so so sorry! plz plz plz forgive me! i did'nt ment. im so stupid! im so sorry! ,2065650321,2009-06-07 09:01:28-07:00,120
@tommcfly: I want to go today to the concert  i love mcfly,2065661528,2009-06-07 09:02:46-07:00,58
@tommcfly it's @keren4562 i so sorry! so so so sorry! plz plz plz forgive me! i did'nt ment. im so stupid! im so sorry! ,2065679479,2009-06-07 09:04:52-07:00,120
"@tommcfly seems like its been forever that you've been gone  back soon, we need you here in Brazil!",2065689231,2009-06-07 09:05:57-07:00,99
@tommcfly it's @keren4562 i so sorry! so so so sorry! plz plz plz forgive me! i did'nt ment. im so stupid! im so sorry! ,2065740003,2009-06-07 09:11:49-07:00,120
"@tommcfly ahn, weeeeeeeeeirdooooooo stop it ",2065741247,2009-06-07 09:11:57-07:00,44
"@tommcfly do you think that someday harry will really use the internet?He could be like you,want harry on twitter more often ",2065751072,2009-06-07 09:13:05-07:00,125
@tommcfly soo sory i insult you! i did'nt ment! plzzzz ,2065759140,2009-06-07 09:14:02-07:00,55
"@tommcfly TOM! you're still at second, i'm sorry, but i think there is no way. i did the best i could ",2065766698,2009-06-07 09:14:56-07:00,102
@tommcfly it's @keren4562 look i'm very sorry! the last thing i wanted to do is insult you! U R my idol! and im so sorry! ,2065778941,2009-06-07 09:16:21-07:00,122
@tommcfly I want my life completed with a reply from u. I feel like im fading fast without u ,2065781602,2009-06-07 09:16:40-07:00,93
"@tommcfly Please come back to Brazil, we love you and McFly ",2065790669,2009-06-07 09:17:45-07:00,60
@tommcfly it's @keren4562 im sorry TOM! plz don't be mad at me! i did'nt ment. i just wanted you to answer did'nt ment to insult u! ,2065861438,2009-06-07 09:26:09-07:00,132
@tommcfly sorry sorry sorry but write back. i know that you have too much fan and you answer all messages but please ONE you answer meeee ,2065865267,2009-06-07 09:26:35-07:00,138
@tommcfly wanna vote for you to be Mr Twitter but the page isn't working properly.. ,2065929443,2009-06-07 09:33:55-07:00,84
@tommcfly I would vote for you but the bloody site isn't working for me! ,2065974095,2009-06-07 09:39:00-07:00,73
@tommcfly Tom obviously ur best fans are in England we love u the most come back come back  <3 xxxxxx,2066335374,2009-06-07 10:19:31-07:00,101
"@tommcfly can you just say ""hello"" ? ",2066372858,2009-06-07 10:23:48-07:00,37
@tommcfly You have to win ,2066412877,2009-06-07 10:28:24-07:00,26
@tommcfly when I called to reserve they told me that place was full ,2066454950,2009-06-07 10:33:09-07:00,68
"@tommcfly haha , we miss you here in Argentina ",2066732292,2009-06-07 11:04:13-07:00,47
"@tommcfly Well, you've to work some days, this is one of those. LIE, you have less time for drink coffe ",2066787580,2009-06-07 11:10:16-07:00,104
"@tommcfly ooft, thats not very good! when you back in the rainy UK then Fletcher? we miss you ",2066799917,2009-06-07 11:11:36-07:00,94
"@tommcfly can you just say ""hello"" ? ",2066800945,2009-06-07 11:11:42-07:00,37
"@tommcfly Well, you've to work some days, this is one of those.LIE. You've less time for drink coffee ",2066802432,2009-06-07 11:11:52-07:00,102
@tommcfly why won't it let me vote for you for mr. twitter universe or whatever its called?! hahah ,2066863378,2009-06-07 11:18:40-07:00,99
@tommcfly aw  good look for the show tonight x,2066899623,2009-06-07 11:22:44-07:00,46
@tommcfly i love you ...  x,2067100177,2009-06-07 11:44:51-07:00,27
@vik18 i did! you have no idea how msesegges i send him! @Tommcfly im so so sorry! ,2067228228,2009-06-07 11:58:47-07:00,83
i got another vote in each for @tommcfly and @gfalcone601 but then the site froze on me again..  sad times. i obviously have no live. xD,2067229145,2009-06-07 11:58:52-07:00,136
@vik18 im truley sorry! from the bottom of my heart @tommcfly plz forgive me ,2067238150,2009-06-07 11:59:50-07:00,77
"im currently watching ALLL the mcfly videos, a mcfly marathon  still trying to get @tommcfly to first but i there just isnt enough help ",2067756342,2009-06-07 12:54:20-07:00,136
"@tommcfly Marathon McFly Radio msn! Perfect, but I will not get the promotion!  I love you!",2067935233,2009-06-07 13:12:45-07:00,91
@tommcfly sorry ,2067953071,2009-06-07 13:14:34-07:00,16
@tommcfly Tom! I miss you SO SO much! ,2068084998,2009-06-07 13:28:24-07:00,38
@tommcfly awesome! it's so amazing! I would love to go to your concert but i can't do this  I hope you like Chile!!! ,2068271561,2009-06-07 13:47:47-07:00,117
"@tommcfly aw Tom  sure the Chile fans still enjoyed themselves tho! got some good news, your back on top in the twitter universe thing :]",2069313268,2009-06-07 15:38:57-07:00,137
@tommcfly aw tom seriously don't worry :| im proper like  for you now!,2069343676,2009-06-07 15:42:15-07:00,70
@tommcfly what happened? ,2069352295,2009-06-07 15:43:13-07:00,25
@tommcfly Thats what Im scared about with the US. That they will set you up with shit sound and such.  Im sure it wasnt that bad tho!,2069372968,2009-06-07 15:45:29-07:00,133
@tommcfly awww dont say that tom ... u problably did a great show i wish u come to peru one day ,2069373015,2009-06-07 15:45:29-07:00,96
"@tommcfly you broke my heart saying this, even im brazilian one, im sure that you don't lose any fan, you're great ",2069388400,2009-06-07 15:47:12-07:00,115
@tommcfly aww  whyy!!??,2069391465,2009-06-07 15:47:32-07:00,23
"@tommcfly what is happening? please, reply ",2069414967,2009-06-07 15:50:12-07:00,43
"@tommcfly What happened Tom? Please, reply me ",2069415657,2009-06-07 15:50:17-07:00,46
"@tommcfly  aww tomm      guys dont be sad , i hate that they still love you xxxx and so do we, not your fault <3333",2069461593,2009-06-07 15:55:22-07:00,115
"@tommcfly Aww Tom, I'm so sorry  Guess it happens, but it'll never change the fact that your one of the best bands EVER! (...)",2069471792,2009-06-07 15:56:28-07:00,126
@tommcfly Oh Tom...  seems you guys have had an eventful time over there. Get back to England.. we miss you! x,2069493729,2009-06-07 15:58:55-07:00,110
"@tommcfly don't think like that, I was at Summer Time Ball today begging you to make a shock appearence! We miss you back home  x x x",2069520167,2009-06-07 16:01:44-07:00,133
@tommcfly fans always understand  we love u â¥,2069539757,2009-06-07 16:03:51-07:00,47
"@tommcfly awww Tom!  i'm sure it wasn't that bad, you're fans will always love you no matter what!!!!!!",2069619397,2009-06-07 16:12:39-07:00,103
@tommcfly south america will miss you!  and brazil is already missing ,2069684572,2009-06-07 16:20:08-07:00,70
@tommcfly you didn't read the story i told you about the Symphony No.9 right?  that's ok,2069687337,2009-06-07 16:20:25-07:00,88
"@tommcfly yeah, calm down! sad that you're be miles away soon  but anyway, #southamericalovesmcfly , don't forget that please!",2069689645,2009-06-07 16:20:41-07:00,126
"@tommcfly Great that you are fine now! CONGRATULATIONS for the South America tour, we are gonna miss you guys SO MUCH ",2069690218,2009-06-07 16:20:45-07:00,118
@tommcfly ,2069694809,2009-06-07 16:21:17-07:00,10
@tommcfly back to England? South America will miss you  please come back soon,2069704811,2009-06-07 16:22:25-07:00,77
@tommcfly you will celebrate? I will cry! omg... you're leaving south america! you will be far... far away from us again  come back soon!,2069707427,2009-06-07 16:22:43-07:00,137
"@tommcfly tom  you never reply me oh god! u are my hero you know?,I love you.I miss your voice in argentina! ",2069712629,2009-06-07 16:23:19-07:00,109
@tommcfly so it is an official goodbye to latin american land!  hope you come back REALLY soon!,2069714704,2009-06-07 16:23:33-07:00,95
@tommcfly brazil is missing you ,2069768648,2009-06-07 16:29:33-07:00,32
"@tommcfly haha Thank God you're calmer... Aaaww, it's over!  Congrats for the amazing job you did, we love you even more now! ha Xxx",2069806394,2009-06-07 16:33:41-07:00,132
@tommcfly end of the tour?     When back in Brazil?  : ~,2069837545,2009-06-07 16:37:07-07:00,56
"@tommcfly ok, if you say ""sorry"" again i will go to chile just to kick your ass, and why celebrate? south america was good wasn't? ",2069838950,2009-06-07 16:37:16-07:00,131
@tommcfly Why the show in chile was so bad? ,2069938016,2009-06-07 16:48:22-07:00,44
@tommcfly that is such a lie  you're amazing!,2070181447,2009-06-07 17:14:12-07:00,45
@tommcfly oh no Tom! what's wrong now? ,2070324484,2009-06-07 17:29:44-07:00,39
@tommcfly what happened? ,2070327513,2009-06-07 17:30:03-07:00,25
"@tommcfly YOUR WINNING MR TWITTER! well atm, when i just looked, if its somehow changed, im sorry ",2070328009,2009-06-07 17:30:06-07:00,98
"@tommcfly What's wrong Tom? be happy, please. ",2070337484,2009-06-07 17:31:03-07:00,46
@tommcfly awwwwwwwwwwwwww wats wrong now?  xo,2070338257,2009-06-07 17:31:08-07:00,45
@tommcfly AWW..! what happened..?  you're making me sad now..! ,2070342488,2009-06-07 17:31:34-07:00,63
@tommcfly was this ironic? ,2070343401,2009-06-07 17:31:40-07:00,27
@tommcfly what happened now? ,2070345486,2009-06-07 17:31:54-07:00,29
@tommcfly  Aww Are you ok? ,2070345535,2009-06-07 17:31:54-07:00,27
"@tommcfly What's wrong Tom? be happy, please. ",2070355053,2009-06-07 17:32:53-07:00,46
@tommcfly why? what happened  now? ,2070357404,2009-06-07 17:33:08-07:00,35
@tommcfly please please how many times i have to ask ???  it's not fair,2070360874,2009-06-07 17:33:30-07:00,71
"@tommcfly I hope you win the Mr Twitter Universe to cheer you up, its not looking likely though   xx",2070377275,2009-06-07 17:35:14-07:00,100
"@tommcfly your tweets arent making any sense to me, but i wish i could help you, anyway  are you alright?",2070382700,2009-06-07 17:35:48-07:00,105
@tommcfly cheer up!  your winning mr twitter! x,2070383949,2009-06-07 17:35:56-07:00,47
@tommcfly You will be ok ,2070387013,2009-06-07 17:36:16-07:00,25
@tommcfly did you eat something bad? ,2070397801,2009-06-07 17:37:24-07:00,37
"@tommcfly whats up, tom? ",2070403465,2009-06-07 17:37:59-07:00,25
@tommcfly  I'm geting down seeing you sad ,2070405920,2009-06-07 17:38:15-07:00,42
@tommcfly omg so bad you didnt come to mexico  and dnt worry tom you guys r great..im sure the gig wasnt that bad,2070415874,2009-06-07 17:39:17-07:00,113
@tommcfly I'm getting down ,2070419336,2009-06-07 17:39:40-07:00,27
"@tommcfly Tooom, come back to Brazil ",2070419949,2009-06-07 17:39:43-07:00,37
"@tommcfly oh tom, what's happening?  be happy!",2070422838,2009-06-07 17:40:02-07:00,46
"@tommcfly tom, isn't your fault, you're still the best ",2070502677,2009-06-07 17:48:34-07:00,55
"@tommcfly What happened now Tom ? Please,don't be sad ",2070505255,2009-06-07 17:48:50-07:00,54
"@tommcfly  Don't let it let you down!!  You're so sweet! Next time will be better, I'm sure of that.  Don't give up! Fla from Argentina.",2070951714,2009-06-07 18:34:43-07:00,136
@tommcfly hi can you tell me when mcfly come back to brazil?  i miss you,2071014594,2009-06-07 18:41:17-07:00,72
"@tommcfly noooooo tommy, stay here, please ",2071159456,2009-06-07 18:56:08-07:00,43
@tommcfly stars war marathon had to be today right? that would cheer you up ,2071159934,2009-06-07 18:56:11-07:00,76
@tommcfly why you didnt play I Wanna Hold You in Brazil? ,2071241388,2009-06-07 19:04:20-07:00,57
@tommcfly or maybe not anymore ,2071470305,2009-06-07 19:26:57-07:00,31
@tommcfly booooo  u should come to Peru first tho xX,2071605943,2009-06-07 19:39:31-07:00,52
@tommcfly bad show ,2072347569,2009-06-07 20:51:10-07:00,19
"@tommcfly please, can you say ""hello"" just once? ",2072348097,2009-06-07 20:51:14-07:00,49
@tommcfly nawh! i just saw him for the first time! he's adorable! i wish i wasn't allergic ,2169466688,2009-06-14 14:33:04-07:00,91
"@tommcfly y'know if i were a cat i think that i would look like marvin (: hahaha i love you fletcher, wish i was going to a gig soon  xx",2169479778,2009-06-14 14:34:21-07:00,136
@tommcfly morning tom!! going to school now  haha.... see you live on saturday  have a fun day! xX,2174832829,2009-06-14 23:25:20-07:00,98
@tommcfly I'd do anything for a kitten ,2175754992,2009-06-15 01:54:18-07:00,39
@tommcfly marvin makes me want to get a kitten! but my housemate is allergic ,2176048504,2009-06-15 02:45:50-07:00,77
@tommcfly Please Come To Sweden!! we need you  xx,2176106151,2009-06-15 02:56:05-07:00,49
"@tommcfly you were wicked at the festival,i was right at the front abit drunk!you were brilliant dude!i lost my phone in the crowd though ",2176544972,2009-06-15 04:09:19-07:00,138
"@tommcfly hi tom, how are you? i have bad news..our puppie lily..is dying.she has something called pavo and its fatal in puppies  x",2176706578,2009-06-15 04:33:36-07:00,131
"@tommcfly TOOOOOM REPLY @naillithia , you is so bad  @dannymcfly you'll never reply me ? :/",2177868335,2009-06-15 06:50:05-07:00,91
"@tommcfly yeah,it spells right,, I've never heard of your songs ",2178123817,2009-06-15 07:13:45-07:00,64
Misses @tommcfly tweets ,2178186867,2009-06-15 07:19:35-07:00,24
@tommcfly I thought i got a respond and my heart droped a lot and i got excited but then i realized it wasn't me...  sdhnashdnas! ha,2178638202,2009-06-15 07:59:44-07:00,132
@tommcfly or maybe you just miss me...Ok you don't ,2178781132,2009-06-15 08:11:46-07:00,51
@tommcfly  hey wait up are you off to speak to me? ,2180564849,2009-06-15 10:38:33-07:00,51
"@tommcfly OOOOOOOOOMG, I'D GIVE MY LIFE TO SEE THIS! ",2183365923,2009-06-15 14:24:24-07:00,53
@tommcfly i wish i could have been there ,2183372850,2009-06-15 14:24:59-07:00,41
"@tommcfly awww, wish I was there  must have been epic",2183374303,2009-06-15 14:25:05-07:00,53
"@tommcfly EWWWWWW! jonas brothers sucks, please dont do that more times ",2183376906,2009-06-15 14:25:18-07:00,72
@tommcfly sad sad sad face  i missed it,2183377354,2009-06-15 14:25:20-07:00,39
@tommcfly some McFly fans hated it ,2183425925,2009-06-15 14:29:22-07:00,35
@tommcfly OMG! Really? Can't believe i didn't saw that.  That must've been great... I hope that someone put a video on youtube soon!,2183471047,2009-06-15 14:33:02-07:00,132
@tommcfly that must have been awesome  wish i had watched it,2183573513,2009-06-15 14:41:31-07:00,60
@tommcfly oh dear. jonas brothers and mcfly? amazing. I wish I was there ,2183614696,2009-06-15 14:44:58-07:00,73
@tommcfly  hey beautiful ,2183615905,2009-06-15 14:45:04-07:00,25
@tommcfly FFS I WAS MEANT TO BE THERE. Now I'm really pissed off ,2183637890,2009-06-15 14:46:51-07:00,65
@tommcfly sister said it was awsome   couldn't go. I had exams ,2183720634,2009-06-15 14:53:42-07:00,63
@tommcfly I thought i got a respond and my heart droped a lot and i got excited but then i realized it wasn't me...  sdhnashdnas! ha,2183722204,2009-06-15 14:53:50-07:00,132
@tommcfly Tom do you like JB? i love them  fans are saying playing with them will ruin your replutation its making me sad  tell them off,2183723685,2009-06-15 14:53:58-07:00,136
@tommcfly omg your killing me man ,2183723778,2009-06-15 14:53:58-07:00,34
"@tommcfly aww don't talk about busted, miss them soo badly  n glad you had fun =D",2183732468,2009-06-15 14:54:41-07:00,81
@tommcfly no tom. Just no. Why jb ,2183737170,2009-06-15 14:55:05-07:00,34
@tommcfly Tom you're making some JB & McFly fans cross  cos you didnt announce it xx,2183738301,2009-06-15 14:55:10-07:00,84
@tommcfly I thought i got a respond and my heart droped a lot and i got excited but then i realized it wasn't me...  sdhnashdnas! ha,2183740722,2009-06-15 14:55:22-07:00,132
@tommcfly Well wish i was there to watch you play with the jonas brothers. ,2183743382,2009-06-15 14:55:35-07:00,75
@tommcfly i miss busted! ,2183761158,2009-06-15 14:57:03-07:00,25
"@tommcfly Busted days ... .-. Star Girl, Thomas? STAR GIRL? Are you sure that was really good, right? STAR GIRL! I love Star Girl! ",2183763352,2009-06-15 14:57:13-07:00,131
"@tommcfly tom,why don't you answer me? ",2183767486,2009-06-15 14:57:33-07:00,39
@tommcfly I thought i got a respond and my heart droped a lot and i got excited but then i realized it wasn't me...  sdhnashdnas! ha,2183768674,2009-06-15 14:57:39-07:00,132
@tommcfly you played with the Jonas Brothers ? where ? when ? I can't believe that I lost this ,2183816035,2009-06-15 15:01:28-07:00,95
"@tommcfly oh, wait a minute... they're younger than you right?? ",2183819386,2009-06-15 15:01:44-07:00,64
@tommcfly i didn't think you would reply now i feel really bad  i'm sorry! i guess i'm just envious. xx,2183822357,2009-06-15 15:01:59-07:00,103
@tommcfly i miss those days ,2183885583,2009-06-15 15:07:09-07:00,28
@tommcfly oh dear your getting all the haters now  there are some who do like them (like me)!,2183895029,2009-06-15 15:07:56-07:00,93
@tommcfly AHH! TOM FLETCHER.    GRR.  YOU SHOULD'VE DONE THE 'LOOK ME IN THE EYES'TOUR WITH THEM!,2183896024,2009-06-15 15:08:02-07:00,97
"@tommcfly omg Tom, you've never reply? ",2183897151,2009-06-15 15:08:07-07:00,39
"@tommcfly is running away from me [?] just because i tweeted him, he went to @mcflymusic  LOL! a dreamer n unlucky girl, gonna cry  -n",2183907752,2009-06-15 15:09:01-07:00,134
@tommcfly yeep sometimes its good to play with some different bands *-* wish i vahe seen it ,2183912522,2009-06-15 15:09:23-07:00,92
@tommcfly omg :| Can't believe I missed that!!  Didn't even know it was happening. I'm a bad fan ,2183913193,2009-06-15 15:09:27-07:00,97
@Naillithia imaginar o que? show do mcfly com jb?  (@tommcfly),2184127806,2009-06-15 15:27:42-07:00,62
"@tommcfly You could have done better, I dont like the Jonas Brothers! ",2184276773,2009-06-15 15:40:30-07:00,70
"@tommcfly @mcflymusic guys seriously, you should sahre stage with blink 182, or paul mccartney... i dunno... jimmy page, but NOT jb ",2184355236,2009-06-15 15:47:20-07:00,132
@tommcfly i miss busted so damn much.. ,2184361773,2009-06-15 15:47:54-07:00,39
@tommcfly hoping to get a new kitten too this week! http://twitpic.com/7hcps how adorable! my Cat died a few weeks ago!  ....,2184748429,2009-06-15 16:21:45-07:00,125
"@tommcfly TOOOOOOOOOOOOOOM! COME BACK TO BRAZIL  AND REPLY ME, HAHAHA! xoxo",2185343425,2009-06-15 17:14:24-07:00,75
"@tommcfly You played with The Jonas Brothers? You mean, McFLY and JB together? OMG, that show must have been PERFECT! I wanted see this ",2185436374,2009-06-15 17:22:46-07:00,136
@tommcfly Hey tommy! Please come back to argentina ,2185479706,2009-06-15 17:26:40-07:00,51
"@tommcfly hey! you just reply who send you a million tweets or who is ""mean""? it's not fair ... ",2186219009,2009-06-15 18:31:31-07:00,96
"@tommcfly ...as much as i like the JBs, can you not go on tour with them in america? the tickets would be IMPOSSIBLE to get to see you ",2187702124,2009-06-15 20:40:32-07:00,135
@tommcfly just watching motion in the ocean dvd. haha classic. i want to get R/A tour dvd.but cant  xx,2187916387,2009-06-15 21:00:20-07:00,102
@tommcfly was my B-DAY and u didn't say anything  http://twitition.com/suqda,2188082135,2009-06-15 21:16:18-07:00,76
@tommcfly Tom i'm sad i didn't see you last night  i was meant to come! 2hr30m exam today though mehh i love you tour again soon please! x,2190063832,2009-06-16 01:39:54-07:00,138
@tommcfly jealous! Can i come in the studio with you one day?  please tom,2190089192,2009-06-16 01:44:11-07:00,73
"@tommcfly stop rubbing it in, its raining in edinburgh ",2190116132,2009-06-16 01:48:49-07:00,55
@tommcfly @dougiemcfly @dannymcfly @mcflyharry I don't like the JoBros. :|  I DO LOVE YOU GUYS THOUGH. <3,2190259745,2009-06-16 02:13:10-07:00,105
@tommcfly I MISSED IT  MY 2 FAV BANDS PLAYIN 2GETHER ,2190555310,2009-06-16 03:03:55-07:00,53
@tommcfly I want an outdoor pool ,2190594115,2009-06-16 03:10:31-07:00,33
@tommcfly hey! when are you guys coming back to scotland? gutted i couldnt be at wembly last nite! ,2191006070,2009-06-16 04:17:36-07:00,99
@tommcfly hey! when are you guys coming back to scotland? gutted i couldnt be at wembly last nite!  xox,2191007931,2009-06-16 04:17:52-07:00,103
@tommcfly I feel so guilty about it..I have had to go out and say that I didn't realise he was coming today. Oh dear ,2191978862,2009-06-16 06:18:12-07:00,117
@tommcfly the only reason I got twitter was to follow you. And now I am addicted. ,2192262982,2009-06-16 06:46:06-07:00,82
"@tommcfly not for mcfly  , hum,, ok, youÂ´re aewsome with orm without them!",2192737701,2009-06-16 07:28:44-07:00,75
@tommcfly tommcflyWas so good playing with another pop band our age. Reminds me of the Busted days! Thanks JB's!. I MISS BUSTED ,2193266857,2009-06-16 08:13:27-07:00,128
"@tommcfly Oh, BRASIL is the best place on earth in the sun! Buuuuuuut, new it's raining ",2193744061,2009-06-16 08:52:20-07:00,88
@tommcfly You're so lucky to live in England ,2193770706,2009-06-16 08:54:31-07:00,45
"@tommcfly gutted couldnt come to your shows in scotland this year, my brothers wedding was the same day!  next year though! ;)",2194635019,2009-06-16 10:03:30-07:00,126
I know... They never will reply me... It makes me so sad @Dannymcfly @dougiemcfly @tommcfly @mcflyharry @mcflymusic  anyway... I love them,2195095610,2009-06-16 10:40:21-07:00,138
@tommcfly oh i'm so jelouss ,2196021232,2009-06-16 11:55:16-07:00,28
@tommcfly Nooo what about me! I can't get any time off and don't want to miss out  @gfalcone601 needs me to be there!,2196045219,2009-06-16 11:57:16-07:00,117
@tommcfly Any chance of getting a hello? I've twisted my knee and am stuck at home all week in agony ,2196053821,2009-06-16 11:57:56-07:00,101
@tommcfly rub it in why don't you ,2196072457,2009-06-16 11:59:27-07:00,34
@tommcfly Please Tom. ,2197516595,2009-06-16 13:53:17-07:00,22
@tommcfly your duet with @jonasbrothers was amazing. i wish i'd been there ,2197759757,2009-06-16 15:07:57-07:00,75
@tommcfly Get Harry back on Twitter!! Somehow! I miss his tweets! Really I do  haha xxxx,2197762178,2009-06-16 15:08:11-07:00,88
"@tommcfly afternoon without internet, evening withuot twitter... really hard day, u understand me?  â ââthe new pool..studio seems nice ;)",2197964579,2009-06-16 15:25:52-07:00,144
can people please sent to mcfly can they come to scotland  sent to @tommcfly @dannymcfly @dougiemcfly @mcflyharry or @mcflymusic,2198007549,2009-06-16 15:29:13-07:00,128
@tommcfly I love you ,2198753835,2009-06-16 16:31:21-07:00,21
@tommcfly @dougiemcfly @mcflymusic I miss that videos on you tube with Busted and Son Of dork ,2199808902,2009-06-16 18:01:57-07:00,94
@tommcfly why hide behind Dougie? ,2201263615,2009-06-16 20:01:59-07:00,34
@tommcfly urgent: i'm dying for Mcfly to play America  p.s. the song smile is the most contagious song on my ipod<3,2201268109,2009-06-16 20:02:22-07:00,115
@tommcfly havent replied me in a while! haha! sad times  wanna follow @missionmcflyoz ??? theyz workin hard 2 make u big here!Xx,2204071305,2009-06-17 01:14:55-07:00,128
@tommcfly can I have some of your nice weather? It's raining here ,2204113351,2009-06-17 01:21:29-07:00,66
@tommcfly - I love Kellogg's Crunchy Nut!!!! They stopped selling them here in Portugal!!!  Enjoy it for me!!! ;),2204213955,2009-06-17 01:37:21-07:00,113
"@tommcfly hey tom, glad to hear you are having fun. i found out some bad news today..my sisters puppy died  xo",2204406702,2009-06-17 02:08:04-07:00,110
"@tommcfly it is sunny down LDN? gosh, it is horrific up here in edinburgh-rain and more rain!! makes me sad ",2204645764,2009-06-17 02:45:52-07:00,108
"@tommcfly - Argh...I can't comment your previous post....what's happening?! I wanted to laugh at the ""hide behind Dougie"" one! ",2204955361,2009-06-17 03:34:32-07:00,127
@tommcfly cant belÄ±eveee yous sang wÄ±th the jonas brother. dÄ±sappoÄ±nted ,2205082990,2009-06-17 03:54:51-07:00,76
@tommcfly do you get hayfever? it is poop   ,2205266525,2009-06-17 04:21:23-07:00,44
@tommcfly mr.flethcer is really cool today but u should be relax (: yes Ä± know you won't come to turkey ,2205367050,2009-06-17 04:35:01-07:00,105
"@tommcfly oh, i have a test at the college today. i discovered that yesterday. oh plz wish me luck, ill need it  ",2205502657,2009-06-17 04:52:48-07:00,113
@tommcfly  hey tom what time do you get up in the morning usually? i have to get up at 5:00am tomorrow morning  xo,2205575528,2009-06-17 05:01:49-07:00,114
Really wants to go see @tommcfly @dannymcfly @dougiemcfly @mcflyharry @mcflymusic in killarney  Stupid Holidays!!!,2205809047,2009-06-17 05:29:02-07:00,114
@tommcfly tom what are the chances of me winning  a comp to see you at the sherwood pines gig? ,2207063236,2009-06-17 07:26:08-07:00,95
"@tommcfly Tom, Ask Dougie because all his girlfriends are so ugly? He does not answer me  Kisses, I Love You.",2207268876,2009-06-17 07:42:46-07:00,109
"@tommcfly hey tom, talk with me D: i love u ",2207569385,2009-06-17 08:06:19-07:00,44
@tommcfly urgent: i'm dying for Mcfly to play America ,2207633805,2009-06-17 08:11:11-07:00,54
@tommcfly yesterday was my 16th birthday and i didn't get a reply from you  but i'm still waiting for it,2208023345,2009-06-17 08:40:59-07:00,104
"@tommcfly Maybe he's not as dumb as you're making out? You all constantly pick on him, poor boy  Shame on you three!",2208368802,2009-06-17 09:06:45-07:00,116
"@tommcfly HAHAHA oh dear, ask Kathy where is it... I'm sure that he has a brain, is just that maybe his neurons are gone  haha Xxx",2208744784,2009-06-17 09:34:34-07:00,130
@tommcfly is it true your defo not playing T4OTB cause apparently Dougie said your not  PLEASE PLEASE PLAY IT!!!! xxxx,2209532150,2009-06-17 10:29:51-07:00,118
@tommcfly am i boring? ,2213380395,2009-06-17 15:17:50-07:00,23
"@DudinhaMelo ASIUHASHSA a-d-o-r-e-i o beijosnemligaqueeutÃ´comed :* HAHA, anyway, vou dormir too (: and @tommcfly, one more time sorry ",2214957904,2009-06-17 17:28:25-07:00,135
i miss @tommcfly 's tweets ,2215197468,2009-06-17 17:48:44-07:00,27
@LucyBowen sooo excited about seeing actual mcfly @dougiemcfly  @dannymcfly @tommcfly and @mcflyharry! i miss @mcflyharry 's tweets ,2220760119,2009-06-18 03:54:38-07:00,132
@tommcfly get tommy to email us back!! he said he'd write to us again and he hasnt  xxx,2221099109,2009-06-18 04:41:45-07:00,87
@tommcfly think you should give me 1 of your cats as a replacement  not that she could ever be replaced,2221459475,2009-06-18 05:25:25-07:00,103
@tommcfly i have a whole in my shoe too ,2222769139,2009-06-18 07:25:15-07:00,40
@tommcfly never knew someone could get a whole in the rubberpart of the shoe! i always get wholes in the fabric part ,2223112549,2009-06-18 07:52:02-07:00,117
"@tommcfly Hey, my love. ",2224877131,2009-06-18 10:02:30-07:00,24
@tommcfly i hate it when you tease us  and you've been doing it so much lately!,2224877636,2009-06-18 10:02:32-07:00,79
"@tommcfly hey tom, what do you do when nothing seem to go right? ",2225028568,2009-06-18 10:13:23-07:00,65
"@tommcfly Go on, please say hi to me. I've done my knee in while dancing the macarena! I'm an invalid at the mo  Pretty please Mr Song God",2225218664,2009-06-18 10:27:21-07:00,138
@dougiemcfly @tommcfly Was watching R:A dvd earlier.. we made the dvd i did!  please reply ??  i never get replys ... :'(,2225281270,2009-06-18 10:31:48-07:00,121
"@tommcfly Is Harry still alive? His twitter is soooo... ""eeew"" ",2226386623,2009-06-18 11:53:26-07:00,63
@tommcfly @dougiemcfly-i'm now watching the ghosthunting again and I cant help myself feelin bad for you guys ,2226988420,2009-06-18 12:38:15-07:00,110
@fetlusty #thingsthatiHATE the fact that @tommcfly doesn't wish @tammybelongs a happy birthday ,2227044437,2009-06-18 12:42:25-07:00,95
@tommcfly no wayy  :L it's just an excuse to buy new ones ;),2227734086,2009-06-18 13:33:58-07:00,60
"@tommcfly don't marry her, marry me. ",2228412837,2009-06-18 14:24:35-07:00,37
"@tommcfly Hope I'll be there with my friend @AddictedToJones to hear you play it. Your gigs are the only time we can see each other, hard ",2229139658,2009-06-18 15:20:03-07:00,138
@tommcfly next year! :O what about this year? are you doing an arena tour? yous have too  x,2229149316,2009-06-18 15:20:47-07:00,91
@tommcfly next year?! Not this year?!  bummer,2229149830,2009-06-18 15:20:50-07:00,45
"@tommcfly i hope the mcfly in belo horizonte-mg/brazil next year, our next month ",2229150236,2009-06-18 15:20:52-07:00,81
@tommcfly aww. i'm jealous of you for being with danny right now haha you really not saying happy birthday to @tammybelongs? ,2229192536,2009-06-18 15:24:13-07:00,125
@tommcfly How about playing it in NY to your American Fans...  When is out day going to come!? ,2229225173,2009-06-18 15:26:48-07:00,95
"Why has this evening felt like a Sunday evening to me? Also, because @tommcfly mentioned cider, I now want a strawberry cider ",2229381269,2009-06-18 15:39:13-07:00,126
"@tommcfly Tom, respond me ",2229663076,2009-06-18 16:02:02-07:00,26
"@tommcfly hey Tom  are u ok? i can't wait for the new cd *-* say hello, please, i've been trying since you made a twitter  xx",2229835356,2009-06-18 16:16:24-07:00,125
@tommcfly why you never say hey to me?    im sad,2229843446,2009-06-18 16:17:04-07:00,48
@tommcfly AAAAH :@ I wanna know ,2230664143,2009-06-18 17:25:56-07:00,32
@tommcfly GAH!  DON'T DO THAT TO US..!  THAT'S NOT NICE.  ,2230664350,2009-06-18 17:25:59-07:00,58
"@tommcfly This is too evil, I'm very curious now.  ha, Good night Tom. :*",2230664602,2009-06-18 17:25:59-07:00,73
"@tommcfly awwwwwn tom... you're killing me like that, right? it not fair. ",2230702843,2009-06-18 17:29:10-07:00,74
"@tommcfly awwwwwn tom... you're killing me like that, right? its not fair. ",2230708634,2009-06-18 17:29:40-07:00,75
@tommcfly i really want to know the name of the new song! tell to us ,2230773198,2009-06-18 17:35:04-07:00,69
"@tommcfly 'it's called.......' thomas, sometimes i just HATE you :p i'm so curious now! ",2230992591,2009-06-18 17:53:46-07:00,88
@tommcfly aw Tom you cant leave us hanging thats just cruel ,2233611546,2009-06-18 21:37:24-07:00,60
@tommcfly i know how you fel when you get ill all the time...i do to  and im on stage tonight and tomorow! you keep me going though xxxxxx,2235007245,2009-06-19 00:13:07-07:00,138
@tommcfly noooooooo evil  u cant tease us like that lol,2235511190,2009-06-19 01:23:18-07:00,55
@tommcfly ive left my ticket at home  gonna have to buy another one at the venue,2235714425,2009-06-19 01:53:46-07:00,80
"@tommcfly  yes u haveeeeee! near Bath, awesome! but i cant go  which means it'll actually be absolutely rubbishhhhh!! ",2235894196,2009-06-19 02:20:24-07:00,118
"@tommcfly my dog mia is very sick, we have to take her to the vet tomorrow, and my sisters dog passed away on monday  x",2236159783,2009-06-19 03:00:09-07:00,119
@tommcfly My  friend    broke  your album  now  it wont work   was a special edtion mail on unday one  too(:,2236610958,2009-06-19 04:07:45-07:00,108
@tommcfly do your cats bring u presents... Wee mice and stuff  ?! Xx,2236613740,2009-06-19 04:08:08-07:00,68
@tommcfly you dont sell your old merch do you? ,2236703239,2009-06-19 04:20:34-07:00,47
@tommcfly wish I could come to one of your forest shows but too far from Inverness  u think u'll come to Scotland again soon? Pleeeease!,2236711217,2009-06-19 04:21:42-07:00,136
@tommcfly lucky you im freaking out cause my ticket for sherwood tomorrow still hasnt arrived and im travelling tonight from edinburgh ,2236743142,2009-06-19 04:26:09-07:00,135
@tommcfly im glad you have got some new raybans and having a great day! my day has gotten worse. my dog is sick ,2236756665,2009-06-19 04:28:03-07:00,112
@tommcfly TOM have you seen the news- robert pattison was hit by a taxi as he tried to run away from fans! ,2236802985,2009-06-19 04:34:12-07:00,107
On my way home. Dont feel well one bit  @tommcfly my internet was down too. Snap! x,2236911523,2009-06-19 04:48:16-07:00,83
@tommcfly tom  why you not doing t4 on the beach this year! its what i wanted to go for! ahh     !!!!!!! xx,2237547149,2009-06-19 05:59:04-07:00,107
@tommcfly it was @tammybelongs bday yesterday and we tweeted you all day and you didn't respond  how about a late happy bday? thanks xx,2238110355,2009-06-19 06:50:12-07:00,135
@tommcfly HEYY! shout out to dilly?! ILOVEMCFLY. wow. awesome. replyy please (: and follow? i wanted to go to forrest gig but mum said no ,2239724576,2009-06-19 08:53:31-07:00,138
@tommcfly Poor you Tom! hah I Soo wish I could be there tonight!!!  xx,2239751387,2009-06-19 08:55:28-07:00,70
"@tommcfly good show today! i would like to be there, but brazil is so far ",2239756420,2009-06-19 08:55:49-07:00,74
"@tommcfly @Dannymcfly have fun performing tonight, wish i could be there  i wanna know when your having your next album out! can't wait xx",2239757287,2009-06-19 08:55:53-07:00,138
"@tommcfly hello! all ok?i hope so..ur my fav McFly, come to Brazil again, I started to like u after u come back, lol! PLZ REPLY ME BACK ",2239868687,2009-06-19 09:03:42-07:00,136
"@tommcfly hahah , have a great show tonight, i know you will tho hope to see you soon ",2239959564,2009-06-19 09:10:10-07:00,86
"@tommcfly oh Tom, poor person doesn't know what a wookie is, and you reply! my tweets are awesome, but you still never reply me! ",2240087173,2009-06-19 09:19:28-07:00,129
"@dannymcfly @tommcfly oh my gosh, this is SO not fair, I totally wanted to go 2 ur concert today, but still... i'm sooo far away ",2240119889,2009-06-19 09:21:50-07:00,129
@tommcfly Lol! I Really Wanna Go To Your Forest Concert In Notts But Cant Affored It!  Bummer! xx,2240122321,2009-06-19 09:22:00-07:00,97
"I want @tommcfly 's reply! I'm sad! Please love! Reply me! I'm so sad today, almost crying...  By mandy.-ggt",2240460278,2009-06-19 09:46:21-07:00,108
"when @dannymcfly @dougiemcfly @mcflyharry @tommcfly were in brazil, they were near my time zone...now i sleep through all their updates ",2242424050,2009-06-19 12:10:22-07:00,136
@tommcfly hahahaha! you really can't live without twitter!! and I can't live without yours tweets! so... fix that silly iPhone!!  LOL!,2243286520,2009-06-19 13:15:25-07:00,134
"@tommcfly jealous. i wanted to be there  another mcfly tour this year, maybe?  reply and i'll cry xx",2245607362,2009-06-19 16:22:39-07:00,100
@tommcfly  im so upset   cheer  me up a  bit  my  friend   broke  something of mine ,2245622013,2009-06-19 16:23:59-07:00,84
@tommcfly how do you write such good songs? i've tried writing songs and i dont get anywhere or they just sound awful  haha xx,2245631955,2009-06-19 16:24:50-07:00,126
@tommcfly ahh i was getting really upset with the lack of tweets  anyway you should write a song about twitter and how your obssesed! xx,2245649246,2009-06-19 16:26:20-07:00,136
@tommcfly why not greet Chile? ,2245758903,2009-06-19 16:35:51-07:00,31
"@tommcfly reply me Tom  i'm sad. ok, i'm not. grrr!",2245763370,2009-06-19 16:36:14-07:00,51
@tommcfly Brazil miss McFLY every fucking day! Come back soon ,2245766418,2009-06-19 16:36:30-07:00,62
@tommcfly just come back soon.. ,2245768218,2009-06-19 16:36:40-07:00,32
"@tommcfly tom, i miss you so much!  eu te amo haha. stay  in brazil forever.",2245779987,2009-06-19 16:37:41-07:00,76
@tommcfly hi toom! why do you say hi if you don't read your messages? ,2245784207,2009-06-19 16:38:03-07:00,70
"@tommcfly  HI TOM  ! , i know you wont reply to this  , but i really do love you guys! come to scotland again soon  love ya's (L)",2245784424,2009-06-19 16:38:04-07:00,129
@tommcfly when I get 18 on June 24th can you wish me Happy Birthday? ,2245786021,2009-06-19 16:38:12-07:00,69
"@tommcfly SAY ''HI SU'' AND MAKE ME HAPPY, TOM ",2245788764,2009-06-19 16:38:27-07:00,47
@tommcfly you dont reply to many of ur followers tho do u   iv never had a reply ..... **hint hint**,2245792567,2009-06-19 16:38:47-07:00,100
@tommcfly hi toom! why do you say hi if you don't read your messages?? ,2245804490,2009-06-19 16:39:49-07:00,71
@tommcfly hi tom! why do you say hi if you don't read your messages?? ,2245806791,2009-06-19 16:40:02-07:00,70
@tommcfly hi tom!! why do you say hi if you don't read your messages? ,2245809312,2009-06-19 16:40:13-07:00,70
@tommcfly ps: dont blay me for being a stupid brazilian girl ,2245810488,2009-06-19 16:40:19-07:00,61
@tommcfly hi toom!! why do you say hi if you don't read your messages? ,2245811611,2009-06-19 16:40:25-07:00,71
@tommcfly hi toom!! why do you say hi if you don't read your messages?? ,2245814122,2009-06-19 16:40:38-07:00,72
"@tommcfly you twitted! i missed it...and if u wanna know, the word is ""saudade"", babel cant translate... bla bla bla.. i need sleep ",2245814622,2009-06-19 16:40:40-07:00,132
@tommcfly hii toom! why do you say hi if you don't read your messages? ,2245817435,2009-06-19 16:40:54-07:00,71
@tommcfly hiii tom!! why do you say hi if you don't read your messages?? ,2245832496,2009-06-19 16:42:14-07:00,73
@tommcfly hi tooom! why do you say hi if you don't read your messages? ,2245834986,2009-06-19 16:42:27-07:00,71
"@tommcfly I LOVEEEEE when you guys speak Portuguese, just put a smile on my face. I miss you guys already ",2245835077,2009-06-19 16:42:27-07:00,106
@tommcfly hii tooom! why do you say hi if you don't read your messages? ,2245837215,2009-06-19 16:42:39-07:00,72
@tommcfly Babelfish is a bad translator ,2245837620,2009-06-19 16:42:41-07:00,40
@tommcfly hiii tooom! why do you say hi if you don't read your messages? ,2245839599,2009-06-19 16:42:52-07:00,73
@tommcfly hi toom! why do you say hi if you don't read your messages??? ,2245841845,2009-06-19 16:43:04-07:00,72
@tommcfly helloo toom! why do you say hi if you don't read your messages?? ,2245850369,2009-06-19 16:43:49-07:00,75
@tommcfly hi toooom! why do you say hi if you don't read your messages? ,2245854840,2009-06-19 16:44:13-07:00,72
@tommcfly hiiii toom!!! why do you say hi if you don't read your messages? ,2245858212,2009-06-19 16:44:31-07:00,75
"@tommcfly olÃ¡, toom! why do you say hi if you don't read your messages? ",2245861238,2009-06-19 16:44:47-07:00,73
"@tommcfly thats not so good for me, cause its harder for me to get an answer from you!! ",2245895827,2009-06-19 16:47:48-07:00,88
@tommcfly thats not so good for me cause its harder for me to get an answer from you! ,2245915735,2009-06-19 16:49:35-07:00,86
@tommcfly thats not so good for me cuz its harder for me to get an answer from you! ,2245919292,2009-06-19 16:49:54-07:00,84
"@tommcfly why always brazil? u have fans all over LatinAmerica  a little ""hi"" would b very much appreciated ..MEXICO <3 MCFLY!! LOVE YA !",2245940837,2009-06-19 16:51:47-07:00,137
"@tommcfly thats not so good for me, because its harder for me to get an answer from you! ",2245946821,2009-06-19 16:52:19-07:00,89
"@tommcfly thats not so good for me, because its harder for me to get an answer from you!! ",2245963218,2009-06-19 16:53:48-07:00,90
@tommcfly why do you speak brasilian and not spanish? ,2245964427,2009-06-19 16:53:54-07:00,54
@tommcfly thats not so good for me because its harder for me to get an answer from you!! ,2245968054,2009-06-19 16:54:14-07:00,89
@tommcfly came from wales to see you tonight! why u not come to wales this time? ,2245983598,2009-06-19 16:55:36-07:00,81
@tommcfly @mcflyharry why are u guys tweeting in brazilian and not in spanish? ,2245984041,2009-06-19 16:55:39-07:00,79
"@tommcfly guy, please, reply me, it's the only one thing i need in these times ",2246114186,2009-06-19 17:06:49-07:00,79
"@tommcfly ohn i dont understand this part ""faltamo-lo too""  but i loved hahaha!",2246204095,2009-06-19 17:14:49-07:00,79
"@tommcfly OlÃ¡!! Brasil misses you soooo much! when will you all be back?? I wanted so bad to go to your show here in SP, but I couldn't.. ",2246255319,2009-06-19 17:19:23-07:00,139
"@tommcfly I was in the stadium that you guys made the amazing show in Brasilia today. I realized that i miss you dudes, more than ever ",2246422398,2009-06-19 17:34:22-07:00,135
"@tommcfly Today I was in the stadium that you guys made the amazing show in Brasilia. I realized that i miss you dudes, more than ever ",2246449062,2009-06-19 17:36:41-07:00,135
@tommcfly What about Chile? Still remember us? Feeling ignored by you it's deffinetely not a good feeling ,2246492022,2009-06-19 17:40:39-07:00,106
@tommcfly i hate jumping on the spikey things ,2246493316,2009-06-19 17:40:46-07:00,46
"@tommcfly Tom,when you think the new CD will be done ? Pleease,replime me  Love youâ¥",2246530004,2009-06-19 17:44:07-07:00,86
@tommcfly Not tired yet? haha. I'm happy you're awake! Don't know much about game consoles though. ,2246536062,2009-06-19 17:44:41-07:00,99
@tommcfly u came here once Tom..we love u..why are u like this with us?say  Hello Mexico plzz   twitter is not contagious if ure afraid Â¬Â¬,2246583302,2009-06-19 17:49:01-07:00,140
"@tommcfly i'm freaking out, please can you reply me? lol you're the one that i love, even when i know that you're not here with me ",2246585934,2009-06-19 17:49:15-07:00,131
@tommcfly u came here once Tom..we love u..why are u like this with us?say Hello Mexico plzz  twitter is not contagious if ure afraid Â¬Â¬,2246586354,2009-06-19 17:49:18-07:00,138
@tommcfly I have never played in Megadrive  here is not used in chile u.u,2246633727,2009-06-19 17:53:42-07:00,73
"@tommcfly I'm suffering, can have pity on me? or is it difficult? I cry, you never answer me. I love you, I hate me! please i beg ",2246851244,2009-06-19 18:13:06-07:00,130
"@tommcfly I am speechless and forgive me for the mistakes in english, I'm a brazilian fan ",2246897852,2009-06-19 18:17:17-07:00,90
@tommcfly OH GREAT AND IM ABOUT TO THROW UP CUZ YOU WONT TWEET ME!!!! ,2246902128,2009-06-19 18:17:40-07:00,70
@tommcfly ILOVEUILOVEU I CAN'T MEET U WHEN U COME TO ARGENTINA  BUT I LOV U WE WAITING FOR U FOR 4 YEARS THANKS FOR COMING TO ARGENTINA!,2246985359,2009-06-19 18:25:08-07:00,136
@tommcfly Tom!!! Please!! Say hi for Rio de Janeiro!!! I miss you... ,2247007999,2009-06-19 18:27:08-07:00,69
"@tommcfly I'm dying of both study mathematics, but I can not stop thinking about McFly! help me thominus. ",2247009759,2009-06-19 18:27:18-07:00,106
@tommcfly could speak at least one hi for this humble person? ,2247056737,2009-06-19 18:31:27-07:00,62
@tommcfly you reply to everybody and NEVER to me. i'm starting to think it's personal. i love you so much. you won't lose your fingers. ,2247172883,2009-06-19 18:41:55-07:00,136
@tommcfly - The Master System!! Alex Kid built in baby!! Built in!! No-one builds stuff in anymore!! ,2247188031,2009-06-19 18:43:18-07:00,101
@tommcfly Hallo Tooom!we realy miss you here...    love ya,2247570576,2009-06-19 19:17:44-07:00,58
@tommcfly how was the gig in the forest? rained?  xx,2248214153,2009-06-19 20:16:30-07:00,52
@tommcfly do you do you love me? hsodhsodhos ,2248228690,2009-06-19 20:17:52-07:00,45
"@tommcfly i fainted before the support act last night so i went from the barrier to the back on my own  you were awesome though, as usual",2250686576,2009-06-20 01:12:00-07:00,137
"sadly no birthday tweet from @tommcfly , ah it cant be helped that his iphone broke  i suppose i shouldnt get the 3.0 update then?",2250910418,2009-06-20 01:51:08-07:00,130
@tommcfly i wish i could be at your gig tonight but im on stage aswell bummer and i only live in Lincoln ,2250939296,2009-06-20 01:56:25-07:00,105
@tommcfly I miss you from yesterdays gig! Im always like this after your gigs! ,2250976863,2009-06-20 02:03:11-07:00,79
"I have a terrible headache. Not even medicine helps!  Actually one thing could make me feel better, reply from @tommcfly.   please reply.",2251008709,2009-06-20 02:09:08-07:00,137
@tommcfly we r waiting for u at sherwood! We thought we'd seen dougie haha wasnt him tho ,2251030717,2009-06-20 02:13:12-07:00,89
@tommcfly tommmmmmmmm please talk to me  xxx,2251034509,2009-06-20 02:13:57-07:00,44
@tommcfly awww thats sweet! I wish i was woken up with soothers + a lempsip this morning  my throat hurts! Xxx,2251093858,2009-06-20 02:25:02-07:00,110
@tommcfly i cried when you sang POV such a sad song  but its amazing and all about you,2251380994,2009-06-20 03:19:12-07:00,86
@tommcfly awww I used to be addicted to sonic on the megadrive! It's never been as good since ,2251747518,2009-06-20 04:27:42-07:00,94
"@tommcfly Tom Please come to Israel, I beggin you, we need you here, really !  â¥",2251908237,2009-06-20 04:56:15-07:00,82
oh man!i REALLY GOT TO GET OVER @tommcfly ,2252368351,2009-06-20 06:06:42-07:00,42
wants a reply from @tommcfly ! ,2252693747,2009-06-20 06:48:33-07:00,31
@tommcfly i want to see you again ,2252708640,2009-06-20 06:50:21-07:00,34
@tommcfly naughty dougie!! i wanna get tickets to come see u boys in liverpool but cant get anyone to go with me!!   sad times!!!,2252802810,2009-06-20 07:01:37-07:00,129
"@tommcfly Aw you've reached 70000 followers. Not a good thing, now its impossible to get a reply from you. ",2252994641,2009-06-20 07:23:24-07:00,107
"@tommcfly don't you miss argentinaaaaaaa? we really miss you guys, so much ",2253338748,2009-06-20 08:00:17-07:00,75
i only had them switched on for @tommcfly @Dannymcfly @dougiemcfly @mcflyharry but i'll miss getting them! & I'm so ill ,2253407903,2009-06-20 08:07:11-07:00,120
@mcflymusic @Dannymcfly @mcflyharry @dougiemcfly @tommcfly Have a kick ass time tonight @ Sherwood forest! wish I was there  xx,2255473398,2009-06-20 11:18:58-07:00,127
@tommcfly tom please reply me  say hi to me please  eu te amo,2255624794,2009-06-20 11:32:36-07:00,61
@tommcfly don't say it tom  we loooove dougie hahaha,2255857410,2009-06-20 11:53:47-07:00,52
"@tommcfly Tom, i'm trying to talk to you for DAYS and you don't answer me  i'm really sad about it. why don't you say a ""hi""? lol",2256668902,2009-06-20 13:07:28-07:00,129
@tommcfly TOM! you're back  i actually thought you fell asleep...i'm bored ,2257542739,2009-06-20 14:30:13-07:00,75
"@tommcfly Please say something to your canadian fans, Tom! We love you so much! â¥  And you never reply to us ",2257588315,2009-06-20 14:34:34-07:00,111
@tommcfly say happy birthday nanda to @nanda_marinho please ,2257602595,2009-06-20 14:35:54-07:00,60
"@tommcfly Now that i'm leaving to the church to thank for seeing you, thomas fletcher  arrive. I hate u, tom ",2257632366,2009-06-20 14:38:48-07:00,109
@tommcfly Ow never been hit with smarties b4 been hit with an orange tho i was walking down the street then this lad thru an orange at me ,2257651451,2009-06-20 14:40:34-07:00,138
"@tommcfly i'm getting tired of replying you, cause i know i'll never answer ",2257688706,2009-06-20 14:44:08-07:00,76
@tommcfly me an my sis waited for u guys by the stage exit but you drove past us an we flew home from egypt an drove 3hours to see you ,2257752840,2009-06-20 14:50:15-07:00,135
@tommcfly flying smarties  did the people infront of me not think to throw a flump/marshmellows?! haha EPIC SHOW THOMAS!! xox,2257880418,2009-06-20 15:02:33-07:00,125
@tommcfly say 'happy birthday nanda' to @nanda_marinho please ,2257947418,2009-06-20 15:08:56-07:00,62
@tommcfly say 'happy birthday nanda' to @nanda_marinho please ,2257960646,2009-06-20 15:10:10-07:00,62
@tommcfly say 'happy birthday nanda' to @nanda_marinho please ,2257993732,2009-06-20 15:13:17-07:00,62
@Dannymcfly @tommcfly @mcflyharry say 'happy birthday nanda' to @nanda_marinho please ,2258034785,2009-06-20 15:17:07-07:00,86
@tommcfly Tom are u guys ever coming to DENMARK? we love u so much.. ok think im giving up hoping for a reply ,2258057082,2009-06-20 15:19:12-07:00,110
@tommcfly say 'happy birthday nanda' to @nanda_marinho please ,2258093018,2009-06-20 15:22:32-07:00,62
"@tommcfly I hate my life Tom! why you only answer Demi Lovato? Is unfair! I only wanted that you talk to me, just it man! ",2258102703,2009-06-20 15:23:29-07:00,122
@tommcfly why you don't reply me? ,2258113307,2009-06-20 15:24:27-07:00,34
"@tommcfly I hate my life Tom! why you only talk with Demi Lovato? Is unfair! I only wanted that you talk to me, just it man! ",2258117626,2009-06-20 15:24:52-07:00,125
i'm so freaking miserable today  hey @tommcfly did you have a cold or allergies when you were tweeting about feeling ill?,2258129500,2009-06-20 15:25:58-07:00,121
"@tommcfly I hate my life Tom! why you only respond Demi Lovato? Is unfair! I'm your fan too! I only wanted that you answer me, just it! ",2258143487,2009-06-20 15:27:17-07:00,136
"@tommcfly I hate my life Tom! why you only respond Demi Lovato? Is unfair! I'm your fan too! I only wanted that you answer me, just it! ",2258253155,2009-06-20 15:37:41-07:00,136
@tommcfly say hi to me?? i never get hi from my idols ,2258343223,2009-06-20 15:46:19-07:00,54
"@tommcfly i love you tom, please, reply?  you'll make my whole year",2258346604,2009-06-20 15:46:39-07:00,67
@tommcfly it's so annoying that you only reply to Demi 'cause she's famous ,2258348992,2009-06-20 15:46:55-07:00,75
@tommcfly I KNOW! n i know you won't reply me  but i won't give up!!EU TE AMO!,2258353095,2009-06-20 15:47:18-07:00,78
@tommcfly I'm listenning to this one to ! They were just genius. Miss them ,2258355017,2009-06-20 15:47:29-07:00,75
@Dannymcfly @tommcfly @dougiemcfly  pleeeeeeeease say' hi bee'? ,2258376662,2009-06-20 15:49:38-07:00,64
"@tommcfly I hate my life Tom! why you only respond Demi Lovato? Is unfair! I'm your fan too! I only wanted that you answer me, just it! ",2258390432,2009-06-20 15:50:58-07:00,136
"@tommcfly thanks tom, but i really love dougie, sorry break your heart ",2258436560,2009-06-20 15:55:30-07:00,71
@tommcfly ,2258438688,2009-06-20 15:55:42-07:00,10
@tommcfly Do you not like your fab followers anymore?... You don't seem to reply to many people anymore  xxx,2258445357,2009-06-20 15:56:21-07:00,108
"@tommcfly would be nice if you reply me  hello from brazil, tom. xx",2258487674,2009-06-20 16:00:25-07:00,67
@tommcfly you're my everything thomas ,2258522107,2009-06-20 16:03:42-07:00,38
@tommcfly TOM!!! I'M SO MAD WITH YOU RIGHT NOW! WHY YOU ONLY REPLY QUESTIONS IDIOTS??? i send a lot of messages for you and nothing ,2258545649,2009-06-20 16:05:59-07:00,132
"@tommcfly Married me? haha Right, who are you night? (I don't speak english, sorry  ) Love you, xx",2258554893,2009-06-20 16:06:53-07:00,98
@tommcfly my mom will kill me because i have to take a shower now but i'm here trying to make you say hi to me ,2258578883,2009-06-20 16:09:15-07:00,111
@tommcfly my mom will kill me because i have to take a shower now but i'm here trying to make you say hi to me ,2258594133,2009-06-20 16:10:45-07:00,111
"@tommcfly please say hi to lauren, to duda, and to me! ",2258596209,2009-06-20 16:10:58-07:00,55
"@tommcfly please say hi to lauren, duda, and me! ",2258600211,2009-06-20 16:11:21-07:00,49
"@tommcfly why don't u reply me? i'm dying, my mom is so angry because i have to take a shower but i'm trying to make you say hi to me ",2258731075,2009-06-20 16:24:17-07:00,134
"@tommcfly why don't u reply me? i'm dying, my mom is so angry because i have to take a shower but i'm trying to make you say hi to me ",2258743115,2009-06-20 16:25:29-07:00,134
@tommcfly bummer ,2258743737,2009-06-20 16:25:32-07:00,17
"@tommcfly why don't u reply me? i'm dying, my mom is so angry because i have to take a shower but i'm trying to make you say hi to me ",2258746392,2009-06-20 16:25:49-07:00,134
"@tommcfly why don't u reply me? i'm dying, my mom is so angry because i have to take a shower but i'm trying to make you say hi to me ",2258757227,2009-06-20 16:26:54-07:00,134
@tommcfly http://img189.yfrog.com/i/ec0.jpg/ just because doug is the small  haha,2258761795,2009-06-20 16:27:21-07:00,81
"@tommcfly why don't u reply me? i'm dying, my mom is so angry because i have to take a shower but i'm trying to make you say hi to me ",2258767807,2009-06-20 16:27:58-07:00,134
"@tommcfly Lol, sounds awesome! I'm watching my videos from yesterday @ westonbirt! I hardly filmed POV because I was crying! ",2258768360,2009-06-20 16:28:01-07:00,125
"@tommcfly hi tom ! now you'll say: hi fer, please it's not difficul , please honey ",2258768426,2009-06-20 16:28:02-07:00,83
@tommcfly reply @mariaeduardab or she die... ,2258777079,2009-06-20 16:28:53-07:00,45
@tommcfly I wanted to be feeling that smell ,2258787918,2009-06-20 16:29:58-07:00,44
"@tommcfly hey tom  reply me, please? i think my hand will fall ",2258799827,2009-06-20 16:31:03-07:00,63
"@tommcfly hey tom  reply me, please? i think my hand will fall",2258803899,2009-06-20 16:31:26-07:00,62
"@tommcfly I KNOW, ITS VERY BORING! BUT  NEED YOUR REPLY! ",2258808651,2009-06-20 16:31:54-07:00,57
"@tommcfly hey tom  reply me, please? i think my hand will fall",2258811938,2009-06-20 16:32:13-07:00,62
"@tommcfly hey tom  say hi to me, please please please, my hand will fall haha",2258829497,2009-06-20 16:33:58-07:00,77
@tommcfly STOP TALKED WITH @ddlovato and talking to me ,2258829579,2009-06-20 16:33:59-07:00,55
"@tommcfly hey tom  say hi to me, please please please please, my hand will fall haha",2258832858,2009-06-20 16:34:18-07:00,84
"@tommcfly hey tom  say hi to me, please please please, my hand will fall haha",2258833688,2009-06-20 16:34:23-07:00,77
"@tommcfly hey tom  say hi to me, please please please, my hand will fall haha",2258840440,2009-06-20 16:35:05-07:00,77
"@tommcfly hey tom  say hi to me, please please please please please, my hand will fall haha",2258843629,2009-06-20 16:35:23-07:00,91
"@tommcfly hey tom  say hi to me, please please please, my hand will fall haha",2258850112,2009-06-20 16:36:01-07:00,77
"@tommcfly hey tom  say hi to me, please please please, my hand will fall haha",2258860607,2009-06-20 16:37:03-07:00,77
"aaaaaaah, i want a ""oi"" from @tommcfly too ",2258867655,2009-06-20 16:37:45-07:00,43
"@tommcfly hey tom  say hi to me, please please please, my hand will fall haha",2258869168,2009-06-20 16:37:54-07:00,77
"@tommcfly Chat with me, Tom! ",2258870708,2009-06-20 16:38:04-07:00,29
@tommcfly You answered she (@ddlovato) . And the people who gives you money does not!! ,2258871417,2009-06-20 16:38:08-07:00,87
"@tommcfly hey tom  say hi to me, please please please, my hand will fall haha and my mom will kill me",2258873299,2009-06-20 16:38:20-07:00,101
@tommcfly i'm with jealous  say OI TO ME please )):,2258884135,2009-06-20 16:39:25-07:00,51
"@tommcfly hey tom  say hi to me, please please please, my hand will fall haha and my mom will kill me",2258884287,2009-06-20 16:39:26-07:00,101
"@tommcfly hey tom  say hi to me, please please please, my hand will fall haha and my mom will kill me...",2258889959,2009-06-20 16:40:01-07:00,104
"@tommcfly hey tom  say hi to me, please please please, my hand will fall haha and my mom will kill me",2258890782,2009-06-20 16:40:06-07:00,101
@tommcfly tom answer me and say happy bday to @nanda_marinho ... what did we do for you just ignore..!!! ,2258893485,2009-06-20 16:40:21-07:00,105
"@tommcfly hey tom  say hi to me, please please please, my hand will fall haha and my mom will kill me..",2258901554,2009-06-20 16:41:08-07:00,103
"@tommcfly hey tom  say hi to me, please please please, my hand will fall haha and my mom will kill me",2258903165,2009-06-20 16:41:18-07:00,101
"@tommcfly hey tom  say hi to me, please please please, my hand will fall haha and my mom will kill me...",2258904022,2009-06-20 16:41:23-07:00,104
"@tommcfly , say hi to me , please ! I'm crying ",2258904546,2009-06-20 16:41:26-07:00,47
"@tommcfly hey tom  say hi to me, please please please, my hand will fall haha and my mom will kill me",2258904849,2009-06-20 16:41:28-07:00,101
"@tommcfly tom,i'm freaking out..please reply me! i miss you ",2258908008,2009-06-20 16:41:48-07:00,60
"@tommcfly hey tom  say hi to me, please please please, my hand will fall haha and my mom will kill me..",2258909786,2009-06-20 16:41:59-07:00,103
"@tommcfly hey tom  say hi to me, please please please, my hand will fall haha and my mom will kill me",2258910618,2009-06-20 16:42:04-07:00,101
"@tommcfly  great,, ignore people who loves you !!! ",2258912099,2009-06-20 16:42:13-07:00,51
"@tommcfly hey tom  say hi to me, please please please please, my hand will fall haha and my mom will kill me",2258912804,2009-06-20 16:42:17-07:00,108
"@tommcfly hey tom  say hi to me, please please please please please, my hand will fall haha and my mom will kill me",2258919208,2009-06-20 16:42:55-07:00,115
"@tommcfly say hi to me too Tom, I was jealous because you told another girl ",2258920482,2009-06-20 16:43:03-07:00,76
"@tommcfly Tom, awswer me, please. says 'hi carol'  i cry so much :/ please please, i beg tom, i beg! i love you so much! Xx",2258920870,2009-06-20 16:43:05-07:00,123
"@tommcfly hey tom  say hi to me, please please please, my hand will fall haha and my mom will kill me",2258928504,2009-06-20 16:43:51-07:00,101
"@tommcfly I think you should say HI ISABELLA! You twetted a lot of brazilians fans today, but not me ",2258950033,2009-06-20 16:46:02-07:00,101
"@tommcfly , say hi to me , pleasee ! me answer  pleasee ! I go cry    Please Tom just a Hi !",2258952070,2009-06-20 16:46:15-07:00,92
"@tommcfly IF YOU DONT SEND A REPLY TO @bellzs2 TONIGHT, I WILL KILL MYSELF  AND I WILL KILL HER TO",2258988366,2009-06-20 16:49:58-07:00,98
"@tommcfly , me answer , please , just a hi   I'm sad",2259000564,2009-06-20 16:51:11-07:00,52
@tommcfly what do i need to do to get a reply from you?kill you? give you money?? what????????ok sorry i freak out but please reply to me ,2259014760,2009-06-20 16:52:36-07:00,138
"@tommcfly tom, i'm your mother, reply me ",2259028360,2009-06-20 16:54:01-07:00,41
"@tommcfly Why you didn't jump like you always does in Star Girl, on the R/A DVD?? I was soo excited for that moment ",2259038796,2009-06-20 16:55:04-07:00,116
@tommcfly why are you so mad with me?? i just want to see that you read what i say and you know who i am!!  eu te amo @thathyanna ,2259040095,2009-06-20 16:55:11-07:00,130
@tommcfly you're a bad guy ,2259048322,2009-06-20 16:56:00-07:00,27
@tommcfly Why did you guys stop tweeting? ,2259060285,2009-06-20 16:57:12-07:00,42
@tommcfly like if our love was nothing!!!    *cry* ,2259071379,2009-06-20 16:58:20-07:00,51
"@tommcfly Why you didn't jumped like you always does in Star Girl, on the R/A DVD?? I was soo excited for that moment ",2259103806,2009-06-20 17:01:23-07:00,118
"@tommcfly ok, you're not reading this.. i think i goona clean my room. i was searching for the dvd live at wembley 'cause my mom hid it ",2259104010,2009-06-20 17:01:24-07:00,136
"@tommcfly ok, you're not reading this.. i think i gonna clean my room. i was searching for the dvd live at wembley 'cause my mom hid it! ",2259110646,2009-06-20 17:02:03-07:00,137
Well im not getting any comments back from @tommcfly  oh well !! Night my 26 follwers lol  going to finish watching big brother!,2259113498,2009-06-20 17:02:19-07:00,128
"@tommcfly OK THOMAS, I WILL KILL YOU OK? YOU'RE BAD, YOU DON'T DESERVE MY LOVE! YOU HATE ME, I'M TIRED, I SEND MESSAGES EVERYDAY! BAAAD ",2259233792,2009-06-20 17:14:12-07:00,136
"@tommcfly I would like to be in that bathroom ! Hey , i miss you here , in Argentina, Come back . Reply to me , you never do it ",2259454619,2009-06-20 17:36:37-07:00,128
"@tommcfly shouting? lol aw i cant wait for the new album, just a thought, come to Australia again haha us Aussies mis you  lol xoxo",2259621464,2009-06-20 17:53:26-07:00,131
@tommcfly why I never stop thinking about you and you never reply me? it's not fair. ,2259666473,2009-06-20 17:57:58-07:00,85
do you hate me ?  @tommcfly,2259675503,2009-06-20 17:58:53-07:00,27
"@tommcfly can you wish happy birthday @milaitsme ? PLEASE, stop reply to demi and wish happy birthday to her ",2259683279,2009-06-20 17:59:39-07:00,109
@tommcfly tom why dont you reply me??  My hands are hurting and I'm tired...spent the whole day trying to see you tell me a simple 'hi' ,2259752495,2009-06-20 18:06:15-07:00,136
@tommcfly Help me to find my sister! ,2259766421,2009-06-20 18:07:38-07:00,37
@tommcfly i am  getting a headache   !!!  life is not good (buah) *cry*,2259780722,2009-06-20 18:09:05-07:00,71
"@tommcfly yes tom, you are a bad man ",2260139611,2009-06-20 18:44:02-07:00,37
@tommcfly please please please please please say 'hello bee' just it :'/ I love you is very very much  You are everthing to me. â¥,2260180834,2009-06-20 18:48:08-07:00,131
@tommcfly oh? awww... poor you tom. ,2260345331,2009-06-20 19:04:06-07:00,36
"@tommcfly TOOOOOOOM, OMG! ",2260353820,2009-06-20 19:04:54-07:00,26
"@tommcfly Oun, Tom  You OK? haha",2260354167,2009-06-20 19:04:56-07:00,32
"@tommcfly HDASUIDHSAIDH, she did it? oh, poor tom ",2260357820,2009-06-20 19:05:16-07:00,50
@tommcfly why don't JUST  reply me?  i'm from brazil HELLO-OU,2260379067,2009-06-20 19:07:17-07:00,61
@tommcfly poor Tom. Where are the rights of animals? haha just kidding. love you (my english sucks sorry) ,2260398738,2009-06-20 19:09:12-07:00,106
"@tommcfly I know, I'm very boring.  But I love you. HAHAHAHAHAHA I just wanted you to know that.",2260403218,2009-06-20 19:09:39-07:00,96
"@tommcfly oooh, it sounds bad. Girlfriends... ",2260481429,2009-06-20 19:17:16-07:00,46
@tommcfly awwww tom  get her back and steal her pillow!!,2260559384,2009-06-20 19:24:50-07:00,56
@tommcfly HAHAA.  poor Tom.    she does those things because she loves you.  ;),2260643038,2009-06-20 19:32:52-07:00,79
@tommcfly aww we thru maltesers on stage at westonbirt but som1 thru them 2 the corner of the stage ,2263246653,2009-06-21 00:18:56-07:00,100
"@tommcfly ouch, that doesn sound good.  Hope you've had a good sleep. I have the hangover from hell, from Red Bull, never again, :'( XX",2263460634,2009-06-21 00:52:32-07:00,135
@tommcfly Are you guys doing t4 on the beach this year? Yes or No? If you say no i may cry!! ,2263711688,2009-06-21 01:35:24-07:00,93
"@tommcfly poor tom. come here. I will not hurt you, I promise. HAHA ;X gio abuse to you, my kid. ",2263765455,2009-06-21 01:44:55-07:00,97
@tommcfly oh i wish i could see my dad ,2263979781,2009-06-21 02:23:56-07:00,39
is wondering why @tommcfly @dougiemcfly @dannymcfly @mcflyharry and @mcflymusic are not replying to my tweets! ,2264237941,2009-06-21 03:13:19-07:00,111
@tommcfly  It would make me very happy if you'd say hi. Haha i feel a little sad  meeuwh,2264968141,2009-06-21 05:26:29-07:00,88
@jadehansen @tommcfly haha is it raining with u Jadesen? Although were probably gunna get it ,2265064290,2009-06-21 05:41:45-07:00,93
"@tommcfly Enjoy them whilst they're there Tom, is all i'll say  x",2265098746,2009-06-21 05:47:08-07:00,65
@tommcfly sounds like you guys had a great time last night! i was supposed to come but had to sell my tickets because i couldnt get there ,2265163028,2009-06-21 05:56:37-07:00,138
@tommcfly aww bbq ur soo lucky its rainyin in scotland ,2265239202,2009-06-21 06:07:26-07:00,55
@tommcfly I'm sorry for all the tweets about Rove and that but i got a little obsessed...ok maybe a lot obsessed....sorry ,2265399909,2009-06-21 06:29:57-07:00,122
@tommcfly no lamb revels then  x,2266000602,2009-06-21 07:43:00-07:00,32
@tommcfly i wanna have a bbq  not good weather tho. ,2266465817,2009-06-21 08:33:23-07:00,52
@tommcfly's barbeque sounddss more fun than mine ,2266998369,2009-06-21 09:27:19-07:00,49
"@tommcfly, FIIIINALLY TOM ",2267043678,2009-06-21 09:31:53-07:00,26
@tommcfly who they forrrrrrr? ,2267078442,2009-06-21 09:35:21-07:00,30
@tommcfly youre so beautiful ,2267090621,2009-06-21 09:36:34-07:00,29
@tommcfly what happened with your red les paul? ,2282484681,2009-06-22 11:25:41-07:00,48
"@tommcfly mcfly will make any shows in USA in JULY ? thanks , please reply me , love u :$ sorry the bad english ",2282729579,2009-06-22 11:44:08-07:00,112
@tommcfly own baby ,2282736704,2009-06-22 11:44:41-07:00,19
"@tommcfly talk to me, tom! just talk, pleeease ",2283408401,2009-06-22 12:35:23-07:00,47
@DiSCOLENA that's too sad  @tommcfly lyrics are the best!,2283462768,2009-06-22 12:39:33-07:00,57
@tommcfly Please Tom ,2283463834,2009-06-22 12:39:38-07:00,21
@tommcfly Why it isn't a mcfly song? ,2283613911,2009-06-22 12:51:05-07:00,37
@tommcfly I LOVE MCFLYY <3 when are you next touring the UK i missed you last time ,2283784920,2009-06-22 13:03:55-07:00,83
@tommcfly i go on twitter.. to end up logging off as a more jealous person. it's not fair tom. you tweet the shizz i wanna tweet! GAY ,2285906222,2009-06-22 15:44:26-07:00,134
@tommcfly saturday was @nanda_marinho's bday and yesterday was @gabbs_'s bday why you didn't send happy bday to them? ,2286218938,2009-06-22 16:09:09-07:00,118
"@tommcfly i'm going on holiday wednesday morning, it'll be weird not watching your tweets for two weeks ",2286398957,2009-06-22 16:23:38-07:00,104
"@tommcfly yep, not nice  i have a cat too ;)",2286412165,2009-06-22 16:24:42-07:00,44
"@tommcfly you can answer me someday, please? thanks! ",2286438716,2009-06-22 16:26:51-07:00,53
@tommcfly oh thats where the smell's coming from. hahahaha. still disapointed ure writing songs for other useless people! ,2286465752,2009-06-22 16:29:05-07:00,122
@tommcfly @dannymcfly @mcflyharry @dougiemcfly ...and that makes me feel so ridiculous... ,2286548072,2009-06-22 16:35:44-07:00,90
@tommcfly Do you like Transformers? Ive been going on about it all day! SO GOOD! you need to go and see it! i wish my car could transform ,2286665873,2009-06-22 16:45:28-07:00,138
"@tommcfly tom,are you there? plase say HELLLO TO BRAZIL ",2286838653,2009-06-22 16:59:53-07:00,56
@tommcfly saturday was @nanda_marinho's bday and yesterday was @gabbs_'s bday why you didn't send happy bday to them? ,2287044100,2009-06-22 17:16:27-07:00,118
@tommcfly hey tom! how are marvin? please answer me ,2295232455,2009-06-23 07:39:32-07:00,52
@tommcfly Jealous!  im stuck in my roasting hot office  have a shandy for me! ,2295551587,2009-06-23 08:04:22-07:00,78
@tommcfly i'm so curious about your new  songs ,2295809106,2009-06-23 08:24:12-07:00,47
@tommcfly You're not making this very easy for us fans to wait ,2296253625,2009-06-23 08:57:27-07:00,63
"@tommcfly Hey Tom, I talked with yout mom and sister yesterdar , please, i just want a reply from you too, i want it ",2296336864,2009-06-23 09:03:35-07:00,117
@tommcfly Talk to me? haha I'm speak with the air.    Miss McFly in Brazil <3  Loove you xxxx,2296725479,2009-06-23 09:32:22-07:00,93
@tommcfly And I'm sooo jealous right now! Here in Porto Alegre is raining A LOT! ,2296830778,2009-06-23 09:40:17-07:00,81
@tommcfly haha i new u would say some thing like tht! i have 2 do my french hw  HELP ME!!!,2296953517,2009-06-23 09:50:45-07:00,90
@tommcfly Are you jealous? You can buy a car like Dougie's car and I can't buy a car because I am poor ,2299592873,2009-06-23 13:06:22-07:00,103
@tommcfly Tom what about the song you wrote here in Brazil? Did you finished? miss you so bad ,2299648360,2009-06-23 13:10:27-07:00,94
@tommcfly I am so curious about the new song.... I wish I could be there with you! ,2299710257,2009-06-23 13:15:01-07:00,83
http://bit.ly/VWfIL  @tommcfly @dougiemcfly i miss you guys  come back to Brazil!!,2301118523,2009-06-23 15:01:25-07:00,82
@tommcfly haha i have the power too ,2301547251,2009-06-23 15:35:15-07:00,36
@tommcfly tired of trying to get you to reply me ,2301554836,2009-06-23 15:35:52-07:00,49
"@tommcfly hey Tom, I'm waiting for you back to Brazil cuz I didn't go to your last concert here  are you coming in October?",2301562275,2009-06-23 15:36:28-07:00,123
@tommcfly make a song dedicated to brazil please ,2301883870,2009-06-23 16:02:31-07:00,49
@tommcfly I don't think @gfalcone601 will be happy about that! haha. I reeally want to here the album  any idea when itl be out? xxx,2301883992,2009-06-23 16:02:31-07:00,132
"@tommcfly wish you could answer me, mimimimimi   aueuauahuaeuhaehuaeuaeuae",2301903758,2009-06-23 16:04:07-07:00,74
@tommcfly when will it be outt?! cannot wait! you need to tour again soon! i miss you and its only been 3 days since i saw you! ,2301924663,2009-06-23 16:05:49-07:00,128
"@tommcfly no, I'm not ",2301925903,2009-06-23 16:05:54-07:00,22
@tommcfly we are NOT aliens ,2301931535,2009-06-23 16:06:22-07:00,28
@tommcfly aa how long do we have to wait ,2301950099,2009-06-23 16:07:54-07:00,41
"@tommcfly hey tom, did you see that tim burton are making Alice in wonderland? amazing huh? reply me ",2301982850,2009-06-23 16:10:35-07:00,101
"@tommcfly Does your cat snore during he plays? i'm afraid. my cat has a problem, i think!! he can't stop snore all the time ",2301998749,2009-06-23 16:11:53-07:00,124
"@tommcfly Maybe its turning into a bit of a fetish, or maybe Earth girls just aren't good enough for you guys  x",2302025393,2009-06-23 16:14:06-07:00,112
@Dannymcfly @dougiemcfly @mcflyharry @tommcfly if 1 of u would tweet me that would be amazing Just had the most terrifying night ever  xx,2302025561,2009-06-23 16:14:07-07:00,137
"@tommcfly hey tom, we women are not aliens ",2302035677,2009-06-23 16:14:56-07:00,43
"@tommcfly oh, tom, thanks by the woman alien thing...  ",2302056434,2009-06-23 16:16:38-07:00,55
@tommcfly What do you do when everything is wrong or bad? ,2302085078,2009-06-23 16:19:03-07:00,58
"@tommcfly I always think 'How would if I had never born?' and I can't think anything more. I mean, if nobody had born ",2302124049,2009-06-23 16:22:21-07:00,118
@Dannymcfly @ddlovato @dougiemcfly @jonaskevin @mileycyrus @nickjonas @tommcfly @selenegomez do u every reply to fans - that will be a NO ,2302133838,2009-06-23 16:23:11-07:00,138
It's so difficult that @tommcfly could replies me with all that fans who tweet him JUM.. ,2302540554,2009-06-23 16:57:16-07:00,89
@tommcfly i'm so sad with you! ,2302626169,2009-06-23 17:04:17-07:00,31
@tommcfly i'm so sad with you!  .,2302629236,2009-06-23 17:04:32-07:00,33
It's so difficult that @tommcfly could replies me with all that fans who tweet him JUM.. ,2302640908,2009-06-23 17:05:31-07:00,89
It's so difficult that @tommcfly could replies me with all that fans who tweet him JUM.. ,2302646521,2009-06-23 17:05:59-07:00,89
It's so difficult that @tommcfly could replies me with all that fans who tweet him JUM.. ,2302657615,2009-06-23 17:06:54-07:00,89
It's so difficult that @tommcfly could replies me with all that fans who tweet him JUM.. ,2302662108,2009-06-23 17:07:16-07:00,89
It's so difficult that @tommcfly could replies me with all that fans who tweet him JUM.. ,2302666945,2009-06-23 17:07:39-07:00,89
It's so difficult that @tommcfly could replies me with all that fans who tweet him JUM.. ,2302669958,2009-06-23 17:07:55-07:00,89
It's so difficult that @tommcfly could replies me with all that fans who tweet him JUM.. ,2302681191,2009-06-23 17:08:50-07:00,89
It's so difficult that @tommcfly could replies me with all that fans who tweet him JUM.. ,2302685059,2009-06-23 17:09:09-07:00,89
It's so difficult that @tommcfly could replies me with all that fans who tweet him JUM.. ,2302690057,2009-06-23 17:09:35-07:00,89
It's so difficult that @tommcfly could replies me with all that fans who tweet him JUM.. ,2302713002,2009-06-23 17:11:28-07:00,89
It's so difficult that @tommcfly could replies me with all that fans who tweet him JUM.. ,2302716231,2009-06-23 17:11:44-07:00,89
It's so difficult that @tommcfly could replies me with all that fans who tweet him JUM.. ,2302728959,2009-06-23 17:12:50-07:00,89
It's so difficult that @tommcfly could replies me with all that fans who tweet him JUM.. ,2302737978,2009-06-23 17:13:36-07:00,89
"@tommcfly THOMAS MICHAEL FLETCHER, i'm not happy, because you didn't give me ""oi""  Thanks, tom! do you care about my feelings? NO ! ",2302761146,2009-06-23 17:15:30-07:00,132
@tommcfly http://twitpic.com/88k8b times like there we'll NEVER forget. really miss u here ,2302780348,2009-06-23 17:17:06-07:00,91
@tommcfly your going tomorrow? Ah that's annoying! I was gonna go tomorrow but I wasn't allowed because of my stupid exams ,2306755891,2009-06-23 22:55:35-07:00,123
@tommcfly haha! i had to take my dog to the vet..she got sick from my sisters dog who passed away ,2324112947,2009-06-25 02:19:15-07:00,98
@tommcfly Marvin at vet? what happen to him?  love you Tom â¥,2324413041,2009-06-25 03:05:51-07:00,62
@tommcfly i got Obviously on a what McFLY song are you..which means im not good enough for a McFLY guy thats kinda depressing  lol,2324460607,2009-06-25 03:12:46-07:00,130
@tommcfly the wait for the new album is starting to drag   see you at summer pops!,2324646070,2009-06-25 03:41:27-07:00,82
@tommcfly http://yfrog.com/3y99qj - i have that guitar aswell! except my fingers cant fit round the neck ,2325083489,2009-06-25 04:43:54-07:00,105
@tommcfly Are you as amazing of a hugger as I dream you are? I drempt that I got to meet you last night. Was sad when I woke up ,2325244600,2009-06-25 05:04:12-07:00,128
"@tommcfly Hi Tom, found out I failed my uni exam today.. was the day after your c'bridge gig in May haha. say hi to cheer me up..?!  x",2327530114,2009-06-25 08:27:50-07:00,134
@tommcfly Tooom  Reply me! Say 'Happy B-Day Ana'. Sunday is my Birthday! (,2327614697,2009-06-25 08:34:12-07:00,74
@tommcfly Has your iPod ever frozen up on you in the middle of a song? Mine has and I was listening to you and it made sad.  Xxx,2328360031,2009-06-25 09:29:13-07:00,128
"@tommcfly SAY 'HI' TO ME, PLEASE ",2329026274,2009-06-25 10:15:48-07:00,33
"@tommcfly oh tom, why do you never reply me? i'll kill you someday ",2329031130,2009-06-25 10:16:08-07:00,67
@tommcfly toooom answer me!  im crazy to hear the new songs! Come to brazil again.  Te Amo,2329083434,2009-06-25 10:19:50-07:00,90
@tommcfly oh yeah! tom! please a reply! please please please! say something! ,2329084722,2009-06-25 10:19:55-07:00,77
"@tommcfly ah, congrats mr fletcher for finally joining twitter ",1467822489,2009-04-06 22:22:49-07:00,63
@tommcfly Hello! You should have the cereal with loads of sugar ,1468130508,2009-04-06 23:52:56-07:00,64
@tommcfly haha morning then. i think (aussie here) wheat bix with honey!! or maple syrup and milk ,1468145953,2009-04-06 23:58:07-07:00,98
"@dougiemcfly @tommcfly good morning tom and dougie, how are you today? ",1468147275,2009-04-06 23:58:35-07:00,71
"@tommcfly awake already? big question, and i have 79 thingys left, can i do an interview with you guys the 18th in A'dam? please reply ",1468222357,2009-04-07 00:23:08-07:00,135
@tommcfly i reckon you guys should do radio 1's big weekend! if your worried you wont have a place to stay ill happily give up my bed ,1468267209,2009-04-07 00:38:33-07:00,134
@tommcfly Wooo Johnson's baby haha what all the great rockstars use  xx,1468449093,2009-04-07 01:44:16-07:00,71
"@tommcfly do you like spongebob? & only like 17 days until mcfly edinburgh, then the next day glasgow then the next day newcastle, yaldy ",1468542737,2009-04-07 02:18:41-07:00,137
@tommcfly @gfalcone601 already?! I've just woken up! haha have fun ,1468654291,2009-04-07 02:58:57-07:00,67
@tommcfly woooo! Go tom! Get breaking dawn while your at it  xx,1468655095,2009-04-07 02:59:12-07:00,63
@tommcfly Eclipse is awesome  it's better than new moon,1468670475,2009-04-07 03:04:15-07:00,55
@tommcfly im so proud of him getting into twilight ,1468683693,2009-04-07 03:08:54-07:00,51
@tommcfly it's the best one ,1468712561,2009-04-07 03:18:57-07:00,28
@tommcfly Eclipse is awesome  *-*,1468726105,2009-04-07 03:23:42-07:00,33
@tommcfly oh dear  why can't i be in england :'( i'm 'stuck' in australia.,1468726453,2009-04-07 03:23:50-07:00,74
"@tommcfly that's awesome! you're gonna love that book...and possibly be surprised! but don't worry, i won't spoil it for you ",1468801807,2009-04-07 03:48:39-07:00,125
@tommcfly I didn't boys too could get addicted to these books so easily lol ,1468802128,2009-04-07 03:48:45-07:00,76
@tommcfly You have a lovely thumb ,1468803278,2009-04-07 03:49:06-07:00,34
"@tommcfly http://twitpic.com/2y9c6 - haha...tom, you're awesome  Just reading eclipse, too see you in Amsterdam...11 Days ",1468803450,2009-04-07 03:49:08-07:00,122
"@tommcfly so Tom you already have a team in Twilight? Edward or Jacob? please tell Edward, vampires always do it better ",1468870050,2009-04-07 04:09:42-07:00,120
"@tommcfly i wouldnï¿½t say ""the best books ever written"" but they are quite close  though i was a bit disappointed about the 7th",1468902073,2009-04-07 04:19:20-07:00,128
@tommcfly http://twitpic.com/2y9c6 - hide it well from everyone! ,1468903826,2009-04-07 04:19:52-07:00,65
@tommcfly your music is now playing on tv and the radio in australia now. It took alot of requesting but we did it ,1469067617,2009-04-07 05:04:12-07:00,115
@tommcfly hi tom! im a loser from america thats been following McFly's music ever since i saw just my luck ,1469129173,2009-04-07 05:19:01-07:00,107
"@tommcfly http://twitpic.com/2y9c6 - nahh, i prefer eclipse  glad you used twitpic ",1469198998,2009-04-07 05:34:44-07:00,83
@tommcfly If You And Gi Have A Baby. . Can I Be The Godmother? ,1469199847,2009-04-07 05:34:55-07:00,63
@tommcfly http://twitpic.com/2y9c6 - nice choice.. you'll love it. ,1469266778,2009-04-07 05:49:17-07:00,67
@tommcfly i went to starbucks earlier ,1469421159,2009-04-07 06:19:49-07:00,38
@tommcfly hot chocolate  xx,1469421248,2009-04-07 06:19:51-07:00,27
@tommcfly yummy starbucks! ,1469421305,2009-04-07 06:19:51-07:00,27
@tommcfly did you go to the gerhard richter exhibition? i love it there ,1469449478,2009-04-07 06:25:02-07:00,72
"@tommcfly hello tom, brazil wait for mcfly here ",1469956674,2009-04-07 07:55:28-07:00,48
@tommcfly i told you guys amsterdam is fantastic! enjoy as much as possible ,1550733590,2009-04-18 07:05:58-07:00,76
@tommcfly @Dannymcfly glad to see you guys having fun  hope the concert KICKS ASS!,1550787189,2009-04-18 07:16:07-07:00,82
@tommcfly http://twitpic.com/3iquy - Wow Amsterdam looks soo beautiful  The view is awesome Danny and the tree,1550819489,2009-04-18 07:21:23-07:00,110
@tommcfly http://twitpic.com/3iquy - i love you Danny ,1551427043,2009-04-18 09:01:43-07:00,54
@tommcfly http://twitpic.com/3iquy - hey i saw the portuguese attemtp to tweet! maybe I can help you tweet in portuguese! ,1551616675,2009-04-18 09:31:38-07:00,122
@tommcfly do you like Amsterdam? ,1551775870,2009-04-18 09:56:41-07:00,33
"@tommcfly I wish I was there...okay,not really, I'm going to see you in 33 days ",1551778216,2009-04-18 09:57:05-07:00,80
"@tommcfly  I cannot be there, but good show guys  xx",1551778584,2009-04-18 09:57:06-07:00,52
@tommcfly romina is in front of you (y) have an freaked out show!  ilyyy,1551779278,2009-04-18 09:57:14-07:00,72
@tommcfly have a nice show! ,1551908302,2009-04-18 10:17:07-07:00,28
@tommcfly good luck! ,1551909462,2009-04-18 10:17:18-07:00,21
@tommcfly http://twitpic.com/3iquy - Nice.  Love Danny.,1551940413,2009-04-18 10:22:10-07:00,55
@tommcfly Glad you had fun but Edinburgh will be better  ily,1553113552,2009-04-18 13:24:30-07:00,60
@tommcfly : Hope you had fun guys.  now you know the european fans! ;D go on and visit Germany please. <3,1553114594,2009-04-18 13:24:42-07:00,105
"@tommcfly ooh yeah , take a shower is good ",1553114917,2009-04-18 13:24:45-07:00,43
"@tommcfly twitter hasn't been the same without you today Tom. I've missed your tweets,tell us something interesting to make up for it ",1553178762,2009-04-18 13:34:44-07:00,134
@tommcfly i have an acoustic guitar...i am trying to play its all about you!! can almost do it!!  xx,1553178890,2009-04-18 13:34:44-07:00,100
@tommcfly next time youre in amsterdam ill definately be there too... but you could just come to germany to make things easier ,1553209195,2009-04-18 13:39:33-07:00,127
"@tommcfly all the little twitters on Twitter Street, love to hear Tom go tweet, tweet, tweet! ?    ok, i'm fool HAHA ",1553209541,2009-04-18 13:39:35-07:00,117
@tommcfly Now if I'd have been there in Amsterdam tonight instead of next Thurs you could have borrowed mine! ,1553209855,2009-04-18 13:39:37-07:00,110
"@tommcfly Tom, are you eager to concerts in Brazil? I'll go to the concerts in Sï¿½o Paulo, May 28th and 29th! May 30th is my birthday! ",1553367451,2009-04-18 14:04:41-07:00,136
@tommcfly ohh that must be horrible! but don't worry you can tweet all day!! ;) and I can read you messages ,1553367523,2009-04-18 14:04:42-07:00,108
"@tommcfly Mr Fletcher,what's up with eclipse? love it. ",1553430476,2009-04-18 14:14:49-07:00,55
@tommcfly Hello Tom  how are youuuuu  tweet backkkk xx,1553462371,2009-04-18 14:19:59-07:00,54
@tommcfly  hope you have fun in EUROPE  come close .. ,1553492415,2009-04-18 14:24:52-07:00,54
"@tommcfly red light district? dont go getting any ideas now tom! This is my 100th update, FEEL SPECIAL  x",1553800592,2009-04-18 15:14:53-07:00,105
@tommcfly hope you had a good show  what's Amsterdam like?,1553862515,2009-04-18 15:24:57-07:00,58
@tommcfly holy crap youre amazing ,1553893461,2009-04-18 15:30:06-07:00,34
@tommcfly Hey Tom How are you? http://twitpic.com/3eumv Comment please ,1556381131,2009-04-18 22:37:09-07:00,71
"@tommcfly morning! everytime you tweet mentioning 'Dam, I think of Eurotrip. You should make a 'Fly version aha  wdya reckon? :p",1556381279,2009-04-18 22:37:09-07:00,128
@tommcfly http://twitpic.com/3kygb - Hey Tom How are you? http://twitpic.com/3eumv Comment please ,1556383170,2009-04-18 22:37:34-07:00,98
@tommcfly Morning Fletcher!  How are you? What time is there? :O,1556383506,2009-04-18 22:37:39-07:00,64
"@tommcfly wow time zones are very different there :/ It's now almost 1 am here. Well, good morning anyway ",1556448079,2009-04-18 22:52:40-07:00,106
@tommcfly http://twitpic.com/3kygb - such a cute jam bottle! ,1556468626,2009-04-18 22:57:28-07:00,61
@tommcfly http://twitpic.com/3kygb - Hey Tom How are you? http://twitpic.com/3eumv Comment please ,1556470242,2009-04-18 22:57:52-07:00,98
"@tommcfly MOOOOOORNING Tom, have a great day ",1556511414,2009-04-18 23:07:41-07:00,45
@tommcfly thats so weird your waking up and im about to go to sleep. come to america? ,1556550181,2009-04-18 23:17:18-07:00,86
@tommcfly always a good thing  ,1556861296,2009-04-19 00:42:48-07:00,31
"@tommcfly great! and congratulations, tickets sold out in Buenos Aires. Can't wait to see you here.  REPLY please?",1556878894,2009-04-19 00:48:09-07:00,114
@tommcfly are you doing many summer shows in the UK this year?  Just wondering cause I'll be there ,1556893766,2009-04-19 00:52:51-07:00,99
"@tommcfly heyy errm,, (woahh this is weird),  do u think tht u'll eva cum to new zealand? (i moved ere frm blackpool, england last year) ",1556893934,2009-04-19 00:52:54-07:00,137
@tommcfly YAY!! ,1556909190,2009-04-19 00:57:48-07:00,16
@tommcfly - GOOOOD MOOOOORNIIIING!!! ,1556955342,2009-04-19 01:12:29-07:00,37
"@tommcfly It was so awesome! thank u for the great day  That orange hairy thing was a wuppie, our soccer mascot :')",1556972143,2009-04-19 01:18:08-07:00,115
@tommcfly http://twitpic.com/2y9c6 - LOVE that book! Love all the books!! ,1557002501,2009-04-19 01:28:23-07:00,74
"@tommcfly Nope, doesnt faze me XD I guess its coz I've done it way to many times! over 30 i think ",1557062239,2009-04-19 01:48:12-07:00,98
@tommcfly http://twitpic.com/3kygb - wow its almost 6:30pm in SA and u have already had breakfast  it looks very nice ,1557076431,2009-04-19 01:52:58-07:00,118
@tommcfly glad you got home safely ,1557191232,2009-04-19 02:33:13-07:00,35
@tommcfly hehe fly over Wales we are cloudless....  lol xx,1557192007,2009-04-19 02:33:29-07:00,58
@tommcfly English soil! The best kind of soil ,1557193020,2009-04-19 02:33:52-07:00,46
@tommcfly welcome back ,1557203620,2009-04-19 02:37:48-07:00,23
@tommcfly welcome home ,1557217127,2009-04-19 02:42:52-07:00,23
"@tommcfly Come in France , it's sunny and warm ",1557232746,2009-04-19 02:48:46-07:00,47
@tommcfly is my birthday!!! so welcome back ,1557245103,2009-04-19 02:53:40-07:00,44
@tommcfly Awesome ,1557255611,2009-04-19 02:57:47-07:00,18
@tommcfly YOU'RE BAAAAAAAAAAAAAAAAAAAAAAAAAAAAAAAAAAAAAAAAAAAAAAAAAAAAAAAAAAAAAAAAAAAAAAAAAAAAAAAAAAAAAAAAAAAAAAAAAAAAAAAAAAAAAACK!  xxxxx,1557296890,2009-04-19 03:13:29-07:00,138
@tommcfly http://profile.myspace.com/468467699 check it out ,1557323689,2009-04-19 03:24:00-07:00,60
@tommcfly tweet! make my night interesting ,1557346599,2009-04-19 03:32:41-07:00,43
"@tommcfly write a song, thats always good ",1557346744,2009-04-19 03:32:44-07:00,42
@tommcfly read the Twilight books  Unless you've finished them all? (:,1557346868,2009-04-19 03:32:48-07:00,70
@tommcfly just have a lazy day  six days til glasgow  im listening to jason perry sing  you looking forward to the tour? xxx,1557347253,2009-04-19 03:32:57-07:00,124
"@tommcfly you could fly to australia, pick me up and take me to england? ",1557348144,2009-04-19 03:33:19-07:00,73
@tommcfly  go flying??  pick me up on your way... Id love to see the sights  Hope you enjoyed your trip,1557348166,2009-04-19 03:33:20-07:00,103
@tommcfly woo welcome back x you could always just relax for a day lol x   xxx,1557349298,2009-04-19 03:33:46-07:00,78
"@tommcfly you were really good on tonights the night, i wish i was that boy haa, what night are they playing? right back for me please  ox",1557360047,2009-04-19 03:37:49-07:00,138
"@tommcfly i just watched some video's of you guys in Amsterdam. you sang DGAO!  for that, i love you(-:",1557361743,2009-04-19 03:38:29-07:00,103
"@tommcfly hi  love u, did you guys watch (or play) any AFL footy when you were here in australia? xoxoxxoxox",1557362650,2009-04-19 03:38:52-07:00,108
"@tommcfly Maybe you should go flying!  Or play some video games, read a book, order pizza... So many options, lol. Write a MySpace blog! x",1557363121,2009-04-19 03:39:03-07:00,138
"@tommcfly reply to our random tweets, then fly over lovely England, a few more tweets and then rest for tomorrows opening night  good ;)",1557363378,2009-04-19 03:39:09-07:00,136
@tommcfly Read slash  kept me busy for the whooooole night XD,1557373302,2009-04-19 03:43:00-07:00,61
@tommcfly Flyyyyyyyyy?! Or reply to me?  Any idea when this new album should be out? Very excited for the tour DVD too! ,1557373375,2009-04-19 03:43:02-07:00,120
@tommcfly why dont you log into good old myspace and write a blog telling us how was the Amesterdam gig? that would be nice ,1557373829,2009-04-19 03:43:12-07:00,124
"@tommcfly I'm gonna go see you in manchester on the 8th  , wondering if you were gonna go out the back and meet people afterwards..?",1557375396,2009-04-19 03:43:50-07:00,132
@tommcfly @tommcfly why dont you log into good old myspace and write a blog telling us how the Amesterdam gig was? that would be nice ,1557375654,2009-04-19 03:43:55-07:00,134
"@tommcfly I know what u can do.. visit Spain!  yes, I'm so irritating always sayin COME2SPAIN, but it's true... Spain it's so nice  xx",1557388480,2009-04-19 03:48:37-07:00,134
"@tommcfly Hey Toooom, how do u do? Do you back to England? Nice  Xxx",1557389016,2009-04-19 03:48:50-07:00,68
"@tommcfly seeing as you guys have your own record company now, ...you should sign 'My Kid Brother'!!! haha mini mcfly  xx",1557402822,2009-04-19 03:54:07-07:00,121
@tommcfly Ooo im going out for tea.  18 tomorrow  xx,1557412950,2009-04-19 03:57:56-07:00,52
@tommcfly You and the other lads should come out with me mwhahahah You can bring Gio and it will all be happy families  XX,1557416256,2009-04-19 03:59:10-07:00,122
@tommcfly: mmmmmmmm mee to ,1557430793,2009-04-19 04:04:11-07:00,27
@tommcfly i've been crunchy nutted  you've got me obsessed with this and crunchy nut! have a good show?,1557513418,2009-04-19 04:34:05-07:00,103
@tommcfly http://twitpic.com/3l9e5 - looking goood. i love that t-shirt tom  i want it haha xxx,1557525251,2009-04-19 04:38:17-07:00,95
@tommcfly wow tom.i can say you really have cool sunglasses....where'd you buy it? ,1557526085,2009-04-19 04:38:36-07:00,83
@tommcfly http://twitpic.com/3l9e5 - I wish we'd have Starbucks here in Finland too. ,1557526809,2009-04-19 04:38:52-07:00,85
"@tommcfly   love the glasses, i really want a pair of them :') see you in blackpool in 3 days  xx",1557527008,2009-04-19 04:38:55-07:00,97
@tommcfly starbucks is legendary !it's all about the frappucino's though  ,1557539538,2009-04-19 04:43:20-07:00,74
@tommcfly Hey Tom Me And My Friends Were Wondering Are You Guys Doing T4 On The Beach This Year? ,1557539906,2009-04-19 04:43:28-07:00,97
"@tommcfly You guys succeeded, I had the best night of my life ",1557541917,2009-04-19 04:44:10-07:00,62
"@tommcfly I LOVE latte! You look great, by the way ",1557697283,2009-04-19 05:33:50-07:00,51
@tommcfly Tom.. I love your hair atm.. Very good... I prefer it short!! Can't wait for up close tour.. 8th May in Manchester  Love You x,1557765429,2009-04-19 05:54:06-07:00,136
@tommcfly So you did play DGAO yesterday  I didn't know and I'm watching a vid of this right now. My favorite song at the moment. x,1557821812,2009-04-19 06:09:22-07:00,131
@tommcfly aww bless dougie  do u actually read what we write back to you? x,1557959384,2009-04-19 06:44:08-07:00,75
@tommcfly aww thats just cute ,1558004753,2009-04-19 06:54:49-07:00,30
"@tommcfly Boys don't cry, Tom! Hhahahaha just kidding, it moves me seeing a men crying ",1558025580,2009-04-19 06:59:36-07:00,87
@tommcfly your not a girl tom  x,1558026643,2009-04-19 06:59:50-07:00,32
@tommcfly What made you crie? ,1558047671,2009-04-19 07:04:16-07:00,30
@tommcfly Hey check out my pics  http://tinyurl.com/cggygw ;; And how was the gig last night? <3.,1558116651,2009-04-19 07:19:18-07:00,97
@tommcfly http://twitpic.com/3l9e5 - yuuummmm ,1558265295,2009-04-19 07:49:51-07:00,46
"@tommcfly Aww,  which act did you cry at??  It don't mean your a girl just means your in touch with your femanin side.  Haha ",1558291644,2009-04-19 07:55:01-07:00,125
@tommcfly you're not...you're just a sensitive guy...that's nice  xx,1558317931,2009-04-19 08:00:04-07:00,68
@tommcfly Thatï¿½s cute  We likes it when guys can show emotions.. Wish that my boyfriend would be like that,1558531634,2009-04-19 08:39:42-07:00,108
@tommcfly http://twitpic.com/3kygb - You take to many pictures of food. Lol. ,1558852511,2009-04-19 09:34:54-07:00,77
"@tommcfly twilight the book is awesome ,will buy new moon when i have finished it .what other books are you interested in ? hope your ok ",1559099774,2009-04-19 10:15:27-07:00,137
@tommcfly http://twitpic.com/3eaf9 - Great shoes!!! ,1559323804,2009-04-19 10:50:31-07:00,52
"@tommcfly hey, u can take me flying whenever u want to!  i'll be waiting Tom! hahaha luv ya",1559644303,2009-04-19 11:40:49-07:00,91
@tommcfly i'll go in the plane with you!  haha,1559973238,2009-04-19 12:31:19-07:00,46
@tommcfly just wondering do u know if your gonna be perfroming @ the ms universe pageant this year? i hope so! ,1563812144,2009-04-20 00:22:45-07:00,111
"@tommcfly What about The Dark Knight for some action, and Pearl Harbor for some romance? ",1563850330,2009-04-20 00:33:10-07:00,89
@tommcfly ME!!!! please ,1563850474,2009-04-20 00:33:12-07:00,24
@tommcfly somthing funny! comedy is always a good thing when on tour ,1563850784,2009-04-20 00:33:17-07:00,69
@tommcfly one tree hill seasons  (if you watch it that is lol)....have an awesome time on tour and i will see you in portsmouth  xx,1563850882,2009-04-20 00:33:20-07:00,131
"@tommcfly die hard! or transformers.. omigosh ur tour starts tomorrow, not that im gona be there.. stupid kilometres! anyway have fun! ",1563865945,2009-04-20 00:37:41-07:00,135
@tommcfly Flight of the Conchords ,1563865988,2009-04-20 00:37:45-07:00,34
@tommcfly seinfeld  if you even have that,1563884715,2009-04-20 00:42:50-07:00,41
@tommcfly Hot Fuzz ,1563885443,2009-04-20 00:43:03-07:00,19
@tommcfly back to the future  x,1563887050,2009-04-20 00:43:28-07:00,31
@tommcfly Hey are you playing some new songs on tour? I'm seeing you in Newcastle! ,1563920209,2009-04-20 00:52:49-07:00,83
"@tommcfly oh tom, i love you for wishing it was christmas  btw, amsterdam was great. see you in manchester",1563920328,2009-04-20 00:52:52-07:00,106
@tommcfly good luck for the tour! i'll see you in newcastle  you should take anchorman to watch!,1563937190,2009-04-20 00:57:42-07:00,96
"@tommcfly haha, depends on the DVD's you have, if you have Eurotrip, that's one I suggest  its a KILLER movie",1563938353,2009-04-20 00:58:03-07:00,109
@tommcfly http://twitpic.com/3l9e5 -  Gio and you are so sweet together,1563939167,2009-04-20 00:58:16-07:00,71
@tommcfly P.S. Good luck on the tour!  Wish I could go see it.,1563939888,2009-04-20 00:58:29-07:00,62
@tommcfly http://www.myspace.com/468467699 check it out  do we get aprroval to be official?,1564023262,2009-04-20 01:22:55-07:00,91
"@tommcfly good luck on tour! seeing you 1st May and at your rochester castle gig, 5 mins away from my house! ",1564038347,2009-04-20 01:27:28-07:00,109
@tommcfly good luck with the tour  x,1564185615,2009-04-20 02:12:41-07:00,36
@tommcfly i like that. 9 days till i see you ,1564187660,2009-04-20 02:13:21-07:00,45
"@tommcfly I wish I could see a big orange tour bus, but, being in Australia it would be a bit difficult. ",1564202947,2009-04-20 02:18:14-07:00,105
@tommcfly Oooo yay the Jumbo Cruiser is back ,1564203745,2009-04-20 02:18:29-07:00,45
@tommcfly where abouts up north you going? ,1564434495,2009-04-20 03:28:33-07:00,43
"@tommcfly tomm, you're such a handsome and talented guy  have you ever been to asia?hope i'll get a reply(that would mean a LOT!) thanks",1564504653,2009-04-20 03:48:24-07:00,136
@tommcfly First the acoustic at the Paradiso now your wallet! - Tom I'll lend you a Martin D18 and a fiver ok? ,1564504865,2009-04-20 03:48:26-07:00,111
"@tommcfly the first part of your status threw me off at first, but now that i've read it properly...hopefully you win the lottery? ",1564541537,2009-04-20 03:58:16-07:00,131
"@tommcfly Hey Tom, its my 16th birthday today and it would be great to get a comment back from you.  x",1564905063,2009-04-20 05:18:54-07:00,102
@tommcfly you liked them watching you anyway  aha x,1564931562,2009-04-20 05:24:01-07:00,51
@tommcfly lol...have fun ,1564933290,2009-04-20 05:24:18-07:00,25
@tommcfly Take a photo of Danny pls ,1565043391,2009-04-20 05:44:06-07:00,36
@tommcfly >.< good luck on the show  sure u will be greaaat,1565043483,2009-04-20 05:44:08-07:00,59
@tommcfly Have fun. =]  ,1565044575,2009-04-20 05:44:18-07:00,24
"@tommcfly Danny has reason: we've got one life, eating is life ",1565045401,2009-04-20 05:44:28-07:00,63
@tommcfly ooooo tell him 2 eat 4 me 2 cos healthy eating is soo boring..Im starving! A Big Mac would go down a treat!! ,1565466965,2009-04-20 06:49:36-07:00,119
"@tommcfly oh my gosh, Iam seeing you tomorrow so excited eeeeeeeeeeeep. I know you will be amazing. Write back please ",1565955279,2009-04-20 07:54:55-07:00,118
@tommcfly http://twitpic.com/3l9e5 - Dude My black Ray Bans Broke like a week ago. Awsome thing is i Got a sweet blue pair  check em o ...,1573494750,2009-04-21 01:26:20-07:00,138
@tommcfly awwwww good luck babe! you'll be great like always  xx <3,1573631687,2009-04-21 02:05:37-07:00,67
"@tommcfly naww, u must all be stoked!!!!!! good luck ",1573632379,2009-04-21 02:05:49-07:00,53
@tommcfly glad to hear it ,1573669324,2009-04-21 02:16:33-07:00,26
@tommcfly @dougiemcfly @dannymcfly @mcflyharry Good luck for tonight ,1573719663,2009-04-21 02:31:46-07:00,69
@tommcfly TOUR!!!!!!!!!!! woop woop  have fun! Im so excited! Love You x,1573754041,2009-04-21 02:41:54-07:00,72
@tommcfly Tom do u think you could listen to a few of my songs sometime to tell me if they are alright it would mean so much  xx,1573767143,2009-04-21 02:45:42-07:00,128
"@tommcfly agggh, can't wait for tonight!  I'm sure you'll all be awesome!",1573767212,2009-04-21 02:45:44-07:00,73
@tommcfly good luck tonight! cant wait for your concert here in Argentina ,1573842708,2009-04-21 03:06:54-07:00,74
@tommcfly http://twitpic.com/3pgwv - Lovely. ,1573878243,2009-04-21 03:16:54-07:00,45
@tommcfly http://twitpic.com/3pgwv - Nice shoes Danny! ,1573878412,2009-04-21 03:16:57-07:00,55
@tommcfly love your random photos lol i really wish i could be there lol i wanna see u live sooo baddd i will see u in june though  xx,1573894770,2009-04-21 03:21:40-07:00,134
@dougiemcfly @mcflyharry @Dannymcfly @tommcfly Hey guys!!! Wish you an amazing first gig at your tour!!! LOVELY GREETING ,1573913716,2009-04-21 03:26:57-07:00,121
@tommcfly http://twitpic.com/3pgw7 - so manny fans ,1573967414,2009-04-21 03:41:34-07:00,51
@tommcfly rock and roll all nite by kiss. ,1676992378,2009-05-02 00:00:39-07:00,42
@tommcfly Look Tom: http://twitpic.com/4e12h your #fletcherday was one of most discussed here in twitter for hours! We deserve a reply ,1677278824,2009-05-02 01:16:31-07:00,135
@tommcfly http://twitpic.com/2y9c6 - omgosh !! that book is awsome !!!!  now I love u more ,1677296846,2009-05-02 01:21:50-07:00,91
@tommcfly ooo sounds niceee  YUUUUUUUUUM,1677409512,2009-05-02 01:56:00-07:00,40
@tommcfly Mwah ha ha...I'm seeing you this evening ,1677412774,2009-05-02 01:57:05-07:00,51
@tommcfly whoah ^^^ I love this song ,1677444470,2009-05-02 02:06:30-07:00,37
@tommcfly ummm.....panini...think i might have one ,1677612586,2009-05-02 03:01:57-07:00,51
"@tommcfly tom! you are my hero! haha, my sister dared me to send you that!  x",1677688863,2009-05-02 03:26:54-07:00,77
@tommcfly is this dougie :s    www.myspace.com/dougiepoynter    lv ya xx ,1677735403,2009-05-02 03:41:59-07:00,73
@tommcfly are you going to be on t4 today ? lol  wb x,1677748447,2009-05-02 03:46:16-07:00,53
@Dannymcfly @tommcfly @dougiemcfly  http://twitpic.com/4e9v7 - Clubing!!!  the 5th party in that day!,1677750587,2009-05-02 03:47:02-07:00,101
@tommcfly http://twitpic.com/47pmw - I SAW THAT  IN NEWCASTLE,1677812880,2009-05-02 04:07:26-07:00,61
"@tommcfly i know my english teacher is preggers too, its an amazing and wierd thing tho!  x",1677825101,2009-05-02 04:11:17-07:00,91
@tommcfly it's actually law of humans' life... I suppose we should reconcile ourselves to it ,1677825607,2009-05-02 04:11:27-07:00,93
@tommcfly it is wierd. but babies r so cute ,1677826332,2009-05-02 04:11:42-07:00,44
@tommcfly bahahah. ,1677828639,2009-05-02 04:12:27-07:00,19
@tommcfly it is a bit weird lol  ur funny,1677842889,2009-05-02 04:16:58-07:00,41
"Saw McFLY last night; WOWIE! @tommcfly  ; @dougmcfly ; @dannymcfly ; @mcflyharry, Thanks for such an Amazing Night  Loved it! =]",1677843412,2009-05-02 04:17:07-07:00,128
@tommcfly how weird is it that i'm seeing you tomorrow? you should come+meet me cause i queued for 15 hours for my tickets!  xxxxxxxxxx,1677859217,2009-05-02 04:22:08-07:00,135
@tommcfly Tom  btw how much is your dvd going to be cause i need to start saving up  please reply? xxx,1677907244,2009-05-02 04:36:47-07:00,102
@tommcfly McFly come to Denmark (Copenhagen)  please!,1677994577,2009-05-02 05:01:55-07:00,53
@tommcfly REALLY weird! haha and I'm doing it ,1677995775,2009-05-02 05:02:13-07:00,46
@tommcfly 9.50am and 12.20am  timers set!!,1678070365,2009-05-02 05:22:02-07:00,42
@tommcfly http://twitpic.com/4ed3x - wow u all look cute  but Dougie looks sexy tho XD,1678070995,2009-05-02 05:22:12-07:00,86
@tommcfly http://twitpic.com/3gvkz please tell us if you like it  we have kept it & are hoping to give u it at a signing or something? ,1678088859,2009-05-02 05:26:53-07:00,135
@tommcfly today its fletcher day on twitter ,1678088875,2009-05-02 05:26:54-07:00,44
"@tommcfly tom what are you on on t4 tomorrow, is it just an interview or something else? just so i dont miss it ",1678090253,2009-05-02 05:27:15-07:00,112
@tommcfly thank you for cheering me up with the picture you just posted  x,1678091745,2009-05-02 05:27:38-07:00,74
@tommcfly http://twitpic.com/4ed3x - your so HOT!!! ,1678108859,2009-05-02 05:31:56-07:00,52
@tommcfly http://twitpic.com/4ed3x - Gasp. Very hot ,1678109967,2009-05-02 05:32:12-07:00,52
"@tommcfly Tom, David said he love POV. Any songs of David that you enjoy in particular? ",1678112007,2009-05-02 05:32:44-07:00,88
@tommcfly http://twitpic.com/4ed3x - Hahaha. Love Harry & Dougie's faces !!! You guys are all looking smokin oaken !!  xxx,1678132506,2009-05-02 05:37:48-07:00,122
@tommcfly http://twitpic.com/4ed3x - *Stupid! I mean stupid! My god... ,1678152968,2009-05-02 05:42:42-07:00,71
@tommcfly http://twitpic.com/4ed3x - Oh Wowww!! *Gobsmacked* You guys have changed so much  I LOVE IT! Love danny's and your new ha ...,1678288848,2009-05-02 06:12:24-07:00,135
@tommcfly #fletcherday ,1678338302,2009-05-02 06:22:46-07:00,23
@tommcfly  you should appear in a tv show in brazil. ,1678412855,2009-05-02 06:37:34-07:00,53
"@tommcfly http://twitpic.com/4ed3x - guys, smile ",1678518779,2009-05-02 06:57:56-07:00,49
"@tommcfly heeey, today  is fletcher day! =} be happy! ",1679314772,2009-05-02 09:03:26-07:00,54
@tommcfly http://twitpic.com/4ed3x - cant wait for Brazil!   Harry and Dougie look lost AND hot!,1679733187,2009-05-02 10:03:11-07:00,96
@tommcfly pretty amazing tho and I have grown 4 little humans inside me....cool or what ,1679733969,2009-05-02 10:03:17-07:00,88
"@tommcfly Yeah, you got 'sociable' right; just 'of' that is lacking its extra 'f'. ",1685262894,2009-05-02 23:40:11-07:00,83
@tommcfly I KNOW RIGHT!! - I was there on the 1st of may and felt really sorry for you - you like caught one behind your neck ,1685482961,2009-05-03 00:35:20-07:00,126
@tommcfly im seeing you live tonight at ipswich ! im so excited  ill be the one going absoloutly mental :L x,1685520809,2009-05-03 00:45:55-07:00,108
@tommcfly can you explain the fletcherday? come to germany! ,1685536034,2009-05-03 00:50:16-07:00,60
Writing my English story  It involves @hannahmcfly and @tommcfly  peow peow ;),1685538312,2009-05-03 00:50:54-07:00,78
@tommcfly Thats ok. We love you ,1685759308,2009-05-03 01:56:13-07:00,32
@tommcfly Just saw the Hollyoaks preview...destiny  Cool Star Wars T-shirt you wear ,1685777120,2009-05-03 02:01:30-07:00,84
"@tommcfly ohh it will be the best in the world, cause i really really wanst to meet you Tom ",1685777941,2009-05-03 02:01:45-07:00,92
@tommcfly you were so cute on t4 this morning ,1685838476,2009-05-03 02:20:58-07:00,46
@tommcfly This Friday <3 and I'm excited to buy new merch too ,1685839787,2009-05-03 02:21:23-07:00,62
@tommcfly did Danny watch the fight??  Morning tom. ,1685855638,2009-05-03 02:26:33-07:00,52
@tommcfly Your gig @ Southend last night was awesome. It was amazing standing and being so close.. Loved every minute of it ,1685871932,2009-05-03 02:31:40-07:00,124
@tommcfly I lost a tenner on my way to Blackpool and ended up not having enough money for a T Shirt! I was gutted! Bought one online now ,1685888633,2009-05-03 02:36:54-07:00,137
@tommcfly @dannymcfly @dougiemcfly @mcflyharry seeing you for my 4th time tonight  can't wait. good luck! x,1685902628,2009-05-03 02:41:31-07:00,107
@tommcfly tom.. starbucks is destiny ,1685966643,2009-05-03 03:02:04-07:00,37
@nashmeg awwwh @tommcfly replied to you  good thing that too we did queue 36 hours! lollll CRUMPET TIME.,1685966885,2009-05-03 03:02:09-07:00,104
@tommcfly mmm...I LOVE Starbucks!  YOU ROCK!,1686010469,2009-05-03 03:16:24-07:00,44
@tommcfly starbucks FTW!  luv it! cant live without it!,1686028672,2009-05-03 03:22:32-07:00,55
@tommcfly   ; aah you guyss are the bestest band ever  can't wait till you're on Hollyoakss! xx,1686074213,2009-05-03 03:37:10-07:00,95
@tommcfly Now you can have Christmas everyday  xx,1686089251,2009-05-03 03:42:00-07:00,49
@tommcfly  see you this weekend   cant  beleive the  tours  ending this week its gone soo fast..bring on the next tour xx,1686107557,2009-05-03 03:47:53-07:00,121
"@tommcfly i was there at the show you guys were brill, best concert i have ever been to ",1686152370,2009-05-03 04:02:10-07:00,88
"@tommcfly Oooh and Tom, you're on t4 at 12:20 if you were planning on watching yourself.  That sounded weird! Haha xxx reply if you can",1686170555,2009-05-03 04:08:03-07:00,135
@tommcfly im watching you on T4 right now ,1686216676,2009-05-03 04:22:36-07:00,42
"@tommcfly haha! Same, but to my nanas. Yaay! ",1686233839,2009-05-03 04:27:56-07:00,45
@tommcfly yum. my mum's making one for us. smells good  x,1686234129,2009-05-03 04:28:01-07:00,57
"@tommcfly i love r1,my mum said FallinginLove was on bt i mised it coz i was in bed,i was at hammersmith the night be4 great show  xx",1686249536,2009-05-03 04:32:32-07:00,133
@tommcfly welcome to Ipswich cant wait to see ur concert 2nite ,1686333926,2009-05-03 04:57:41-07:00,63
@tommcfly reply to @jenna_r it would mean sososo much to her ,1686392319,2009-05-03 05:13:39-07:00,61
@tommcfly @dougiemcfly have fun at Judd's ,1686429425,2009-05-03 05:23:47-07:00,42
@tommcfly Hey Tom   I love McFly and I think you're so awesome  which one of YOUR songs do you like the most? (traditional question)  x),1686465945,2009-05-03 05:33:18-07:00,136
"@tommcfly fingers crossed not Mexico! Hope your all well, the tour has been amazing. I went to the p'mouth gig, thanks for a great night ",1686488580,2009-05-03 05:38:55-07:00,137
@tommcfly Why don't you talk about coming to Portugal for a gig?  that would be awesome.,1686570653,2009-05-03 05:58:41-07:00,88
"@tommcfly mcfly's future = definitly germany!  i love life, too  just have a lot of adrenalin in me and i don't know why ",1686571795,2009-05-03 05:58:58-07:00,121
"@tommcfly and we love you! hahaha pleeease, answer me  about the mcfly's future.are you anxious to come to Brazil? See you in Porto alegre",1686572538,2009-05-03 05:59:09-07:00,138
@tommcfly must be a fun life  i love your music and cant wait till you come over to aus next would love to get a reply  ox,1686572717,2009-05-03 05:59:11-07:00,122
@tommcfly I love life too!  x,1686573145,2009-05-03 05:59:17-07:00,29
@tommcfly I hope McFly is still touring when I'm 50!  Love you guys x cookiestars x,1686686011,2009-05-03 06:24:29-07:00,83
@tommcfly international tourning ? That may be interesting   What are the conclusions about McFly's future ?,1686730292,2009-05-03 06:34:02-07:00,108
@Tommcfly yay talk about coming to the usa please ,1686730973,2009-05-03 06:34:11-07:00,50
@tommcfly Guys please come back in Europe to do an european tour  Europe ? McFly !,1686753832,2009-05-03 06:39:07-07:00,82
@tommcfly http://twitpic.com/4864o - ahhhhhhhhhhhh  love it ,1686778409,2009-05-03 06:44:19-07:00,60
@tommcfly yeh! mcfly's future  so considered coming to China in the future?????? make an Asian tour some day!!!   plz consider it <3,1686780534,2009-05-03 06:44:47-07:00,132
@tommcfly talk about signings ,1686803225,2009-05-03 06:49:34-07:00,30
@tommcfly Is Canada in McFly's future?? ,1686851838,2009-05-03 06:59:37-07:00,40
@tommcfly go to america it will make @allymcfly happy and @crazy4mcfly23 happy! ,1686851921,2009-05-03 06:59:38-07:00,80
@tommcfly me I love honey... ,1686877982,2009-05-03 07:04:43-07:00,29
@tommcfly cool  i cant wait !  xxxxx,1686878456,2009-05-03 07:04:49-07:00,36
@tommcfly is somewhere in the international tour America? I would love it soooo much if u come here   please come?!! love you guys,1686983054,2009-05-03 07:24:47-07:00,130
@tommcfly Aï¿½ai is soooooo good!!!! ,1687187158,2009-05-03 08:00:56-07:00,37
@tommcfly eeek how exciting is the new startrek movie please   you guys were awesome in portsmouth!! xxxxx,1687249164,2009-05-03 08:11:04-07:00,106
@tommcfly Iv seen wolverine yesterday.. Its Amazing! Goo see it! ,1687496819,2009-05-03 08:51:10-07:00,65
@tommcfly Have fun while listening ;d Can we expect a concert in Germany? Pleaase reply. ,1687764642,2009-05-03 09:31:57-07:00,89
@tommcfly i wish i could fit into this character count how much mcfly mean to me. how cheesy ,1687832189,2009-05-03 09:41:57-07:00,93
@tommcfly  hAve A gReat shOW guys rock the HOuse  as my bday present !!!,1688080261,2009-05-03 10:17:34-07:00,72
@tommcfly like.. touring in america? haha.   i'm buying your hoody and the t-shirt with a mic and lightening bults!! can't wait!! ,1688969647,2009-05-03 12:19:39-07:00,130
@tommcfly loved his dark materials  my mom bought them for my last bday ,1691088752,2009-05-03 17:04:03-07:00,72
"@tommcfly awww cute  my dog does that too lol , i'm sitting in music class atm trying to jazz up teddy bears picnic haha fun fun fun! ",1691235819,2009-05-03 17:24:22-07:00,134
Hello @tommcfly   Okay?  What is your favorite character from Twilight?,1691823946,2009-05-03 18:41:11-07:00,71
@tommcfly hope you have a nice relaxing day!!! hope your well  wishing you all the best ,1694108872,2009-05-04 01:07:25-07:00,88
@tommcfly Have a nice daaaay ! ,1694143659,2009-05-04 01:17:02-07:00,31
"@tommcfly and may the 4th be with you, too.  *amused* loved it.",1694146952,2009-05-04 01:17:56-07:00,63
@tommcfly aww we love you too ,1694182414,2009-05-04 01:27:24-07:00,30
@tommcfly what did the times say? and thank you ,1694182717,2009-05-04 01:27:28-07:00,48
"@tommcfly saw a Costa in St Pancras, but didnt have much time to have a drink over there. next time, i'll try ",1694183283,2009-05-04 01:27:37-07:00,110
@tommcfly dw you never will  xx,1694184973,2009-05-04 01:28:04-07:00,31
@tommcfly could you post a link to the internet version of the times so that I can read it pllleeeaaassseeeeee!!!! ,1694202742,2009-05-04 01:32:42-07:00,115
"@tommcfly good thing really, 'cause you're never getting rid of us.  please don't leave us.",1694220018,2009-05-04 01:37:24-07:00,91
"@tommcfly haha that was good, slightly geeky but funny  x",1694255431,2009-05-04 01:47:13-07:00,57
@tommcfly You're getting new fans all the time. I wasn't one until November ,1694258604,2009-05-04 01:48:07-07:00,76
@tommcfly i am glad cos u wouldnt lose me as a fan anyway  i get to see you guys on saturday evening at leicester  it better be good!,1694275070,2009-05-04 01:52:42-07:00,133
"@tommcfly Aww tom, that made me smile  We love you very much too xD",1694402729,2009-05-04 02:28:04-07:00,67
"@tommcfly happy #juddday, tom ",1694422465,2009-05-04 02:33:18-07:00,30
@tommcfly it's the best day ever. it's my birthday ,1694437517,2009-05-04 02:37:30-07:00,51
"@tommcfly awh Tom, thats really cute. i love you guys for that really, 'cause you care about fans  x",1694455542,2009-05-04 02:42:29-07:00,100
"@tommcfly Tom, I saw again a guy who looks like you in my campus today. He's SOOO adorable... :"") But you're still cuter than him. Haha.. ",1694494699,2009-05-04 02:53:11-07:00,138
@tommcfly Hey Tom. Have your plans to make an concert in Denmark this year?  please reply xxx,1694647334,2009-05-04 03:33:18-07:00,93
@tommcfly thanx Tom  love u too !!!!!!!!!!!!!!!!!!!!!!! have a great day ,1694666081,2009-05-04 03:38:01-07:00,73
@tommcfly i'm so glad ,1694747789,2009-05-04 03:58:21-07:00,22
"@tommcfly ""We never want to lose the fans that got us here!"" Thank you for saying that  Wish you and the others a nice day, greets",1694906723,2009-05-04 04:33:41-07:00,130
@tommcfly But it was worth it  xxx.,1694979786,2009-05-04 04:48:48-07:00,35
@tommcfly I just read online the article you mentioned..meh.  I am very happy to be stuck on you and the guys--just try and get rid of me ,1695081624,2009-05-04 05:08:35-07:00,138
@tommcfly since '05 ,1695410678,2009-05-04 06:03:59-07:00,20
"@tommcfly You wouldnt change your fans for the world, tbh i dont think anyone would change mcfly for the world  You's are too amazing  x",1695728175,2009-05-04 06:48:55-07:00,136
@tommcfly yeahhh! u've got plenty of great fans!! And in Spain too! u should come and play a gig here!! ,1695883134,2009-05-04 07:09:22-07:00,104
"@tommcfly You're welcome!  Actually, the all Swedish fans are trying to get McFly to  us! We are very close now ",1753008148,2009-05-09 23:46:42-07:00,112
"@tommcfly i saw you on tues and last niiiighht <3 so amazzzing, didnt even notice you forgetting the wordddss ",1753237228,2009-05-10 00:42:05-07:00,110
@tommcfly AHHHHHHH!!!!! its my 16th birthday  And i cant belive i found out im seeing yous tonight  Best present everr!!! <333333333,1753256073,2009-05-10 00:47:12-07:00,132
is seventeen today  and is trekking from chorleywood to see @dannymcfly @tommcfly @dougiemcfly and @mcflyharry in cambridge  <3,1753400424,2009-05-10 01:27:14-07:00,127
@tommcfly but it all went too quick and there wasn't a chance lol ,1753729789,2009-05-10 03:08:04-07:00,66
@tommcfly You were all soooo good last night at Leicester! And we broke the record!! Thanks soo much for an amazing night ,1753953723,2009-05-10 04:17:37-07:00,122
@tommcfly u need 2 learn the tune thingy tht he plays on tht huge floor piano ,1753971744,2009-05-10 04:22:51-07:00,78
@tommcfly can you peeps come to america pweasee? ,1753972090,2009-05-10 04:22:57-07:00,49
"@tommcfly haha, awww  i wish i had sky! we have freeview.. n'awhh well! x",1753972275,2009-05-10 04:23:00-07:00,73
@tommcfly don't get swine flu + don't die please ,1753972356,2009-05-10 04:23:02-07:00,49
"@tommcfly tom thats so rude, i cant believe a ""fan"" would do that!! i love ALL your songs, mcfly are amazing  loveyouu! replyy please  x",1753972941,2009-05-10 04:23:12-07:00,136
@tommcfly I liked Tom Hanks in The Terminal.  AWESOME TOUCHING SHOW.,1753989343,2009-05-10 04:28:03-07:00,68
"@tommcfly tom thats so rude, i cant believe a ""fan"" would do that!! i love ALL your songs, mcfly are amazing  loveyouu!! replyy please ",1753989751,2009-05-10 04:28:10-07:00,135
"@dannymcfly @tommcfly http://www.twitpic.com/4wvig - ta muchly, last night was the best one yet ",1753990168,2009-05-10 04:28:18-07:00,96
@tommcfly thank you for the AWESOME show last nite at Leicester....  I had the best time  you guys are amazingg live xx,1753990696,2009-05-10 04:28:27-07:00,119
"@tommcfly Tommmmmmmmmm!  please say hi, or something to my friend tamara: @RaraACTIVE thankyou  xxx",1754007275,2009-05-10 04:33:00-07:00,99
@tommcfly Morning Tom! I'm guessing you're going to see Angels and Demons if you're a Hanks fan! ,1754009124,2009-05-10 04:33:29-07:00,97
"@tommcfly these people at a car boot today had the cheek to try and sell your copy of radioactive from news of the world paper, haha! ",1754043537,2009-05-10 04:43:06-07:00,134
"@tommcfly Yes, life is good!  Especially when you're seeing mcfly at cambridge tonight.  Hope you enjoy the show as much as I will.  x",1754044355,2009-05-10 04:43:20-07:00,134
@tommcfly thats well sweet! we love you being in a band too! ,1754061773,2009-05-10 04:48:18-07:00,61
@tommcfly harry singing was amazin  but does he only know that song coz he sung it on the wonderland DVD didnt he :S lol loved it anyways,1754118942,2009-05-10 05:03:17-07:00,137
@tommcfly  then ure off to brazil right?woop. http://bit.ly/VY5WW  check that out haha bowling for soup's cover rule,1754329580,2009-05-10 05:53:20-07:00,116
@tommcfly i'm seing you guys tonight! ,1754330634,2009-05-10 05:53:33-07:00,38
@tommcfly Lol  x maybe take 2 extra pairs.. ya never know  x lol x hope the show is awesome..im just gutted you couldnt come 2 liverpool,1754330776,2009-05-10 05:53:35-07:00,136
@tommcfly i'm seeing you guys tonight! ,1754331499,2009-05-10 05:53:45-07:00,39
"@tommcfly heey tom, ansious for coming to brazil again? i cant wait for the gig, its gonna be awesome! ",1754354042,2009-05-10 05:58:42-07:00,103
@tommcfly much fun tonight  what do you think of this   http://twitpic.com/4qbbs -  ;),1754354104,2009-05-10 05:58:42-07:00,86
@tommcfly The last show already?! Time flies. Have fun!   x,1754377356,2009-05-10 06:03:26-07:00,59
"I don't know how and I don't know when, but this year I know @tommcfly.   I can't wait for McFLY in Brasil :O",1754378978,2009-05-10 06:03:48-07:00,109
@tommcfly : have fun Tom.  wish y'all an amazing night. good luck. wish I was there xx,1754402782,2009-05-10 06:08:50-07:00,86
@tommcfly 	 	 Now it's time to enjoy Tom! ,1754499224,2009-05-10 06:28:55-07:00,42
"@tommcfly oh cool, last one is it? Must wish you the luck but i dontt think u need it, aah well good luck ",1754549681,2009-05-10 06:38:55-07:00,106
@tommcfly you were AMAZING in Leicester last night !!!! ,1754709038,2009-05-10 07:08:44-07:00,56
@tommcfly awesome show last night they wont beat our 14 minutes  have fun on your last night xxx,1754850883,2009-05-10 07:34:04-07:00,96
@tommcfly good luck tonight!! i know it's gonna be AMAZING! ,1754939413,2009-05-10 07:49:17-07:00,60
@tommcfly http://twitpic.com/3pzgd *sound of a lightsabor* Tom is the real Darth Vader  Look pls Xx,1755059682,2009-05-10 08:08:54-07:00,99
@tommcfly @dougiemcfly @dannymcfly @mcflyharry have a good one guys you were awesome in London and Southend. Love you all  xxx,1755608699,2009-05-10 09:34:27-07:00,126
@tommcfly yum! sounds lovely  enjoy! xx,1755642812,2009-05-10 09:39:37-07:00,39
@tommcfly Hi Tom! I was in Leicester to see you guys! ;) All the way from Denmark!!! And it was the all worth  THANK YOU THANK YOU!!! ;D,1755709035,2009-05-10 09:49:43-07:00,136
"@tommcfly http://twitpic.com/3iquy - very nice trees, but danny looks better  ??",1755740034,2009-05-10 09:54:23-07:00,80
"@tommcfly awwww , i hope you get well tom  Trust me . Do this dilley style !  Rub and SHOVE vaseline up your nose and all around it x",1771111614,2009-05-11 23:13:54-07:00,133
"@tommcfly it's great that you feel better, fresh air is nice im sure it will help too ",1793480735,2009-05-14 02:51:33-07:00,86
@tommcfly did @gfalcone601 tell you about the real party she's throwing for her face followers? Wonder if you'll get an invite!?  haha,1793569469,2009-05-14 03:11:42-07:00,134
@tommcfly Stephenie Meyers has a guide book explaining everything she couldnt fit into the series out soon   + The Host is quite good too,1793932947,2009-05-14 04:27:32-07:00,137
@tommcfly me not unfortunately. SEE! you have to come to GERMANY!! ,1794781984,2009-05-14 06:32:53-07:00,67
@tommcfly TORI?!!! ,1794909438,2009-05-14 06:47:56-07:00,19
@tommcfly yayyy  hope you feel better soon  get someone to bring you starbucks ,1794953794,2009-05-14 06:52:58-07:00,79
@tommcfly Only 7 days to you come to Brazil! I hope you feels better soon! ,1794956095,2009-05-14 06:53:14-07:00,75
@tommcfly eat ice cream! it's yummy ,1794998861,2009-05-14 06:58:09-07:00,36
@tommcfly http://twitpic.com/53nhq  <3 When you guys doing a signing in scotland again?  there sooo fun <3 XXXXXXX,1795042683,2009-05-14 07:03:03-07:00,114
@tommcfly i'm ill too.. i know the feeling. feel better soon ,1795085340,2009-05-14 07:07:52-07:00,61
@tommcfly PLEASE REPLY !!! You got any plans for Europe this or next year ? Especially Germany ?? .. Please reply tom ,1795088334,2009-05-14 07:08:13-07:00,118
@tommcfly See some funny videos on Youtube ,1795131363,2009-05-14 07:13:01-07:00,43
@tommcfly i saw you in Northwood earlier  but i was on the bus so i couldn't say hi. hope you feel better soon x,1795133021,2009-05-14 07:13:11-07:00,112
@tommcfly a stamp. ,1795177514,2009-05-14 07:18:08-07:00,19
@tommcfly <33 me ,1795179069,2009-05-14 07:18:19-07:00,17
@tommcfly i have that ,1795223382,2009-05-14 07:23:10-07:00,22
@tommcfly hahah that was a funny one!! lmao ,1795223765,2009-05-14 07:23:13-07:00,44
@tommcfly you seem to be very bored!  read 'The Host' it's as well as Twilight! Really! maybe better...,1795225352,2009-05-14 07:23:24-07:00,103
@tommcfly a riddle? who will wet herself if you reply? not really a riddle.. but yeah  x,1795270804,2009-05-14 07:28:23-07:00,88
@tommcfly do a cover of beat it and change the words from beat it to tweet it  x,1795271576,2009-05-14 07:28:29-07:00,80
@tommcfly i saw you in Northwood earlier  but i was on the bus so i couldn't say hi. hope you feel better soon xx,1795318175,2009-05-14 07:33:31-07:00,113
@tommcfly http://twitpic.com/55if8  last year line for rio de janeiro gig tom ,1795318274,2009-05-14 07:33:32-07:00,78
@tommcfly the answer was a mushroom btw  x,1795363528,2009-05-14 07:38:28-07:00,42
"@tommcfly Make 3 thousand people smile again, back to Curitiba - Brazil ",1795410384,2009-05-14 07:43:27-07:00,72
@tommcfly i just use tweetdeck...is more interesting   .. and cool..... ... addicted a lot..  =D  xxxxx,1795457547,2009-05-14 07:48:26-07:00,103
@tommcfly you should try those games which you have to guess the rules to...there epic...took us 2 hours to solve them  NO JOKE!! haha,1795506896,2009-05-14 07:53:36-07:00,134
@tommcfly Just wondering...how long have you n Giovanna been actually dating?? Cuz you guys are cute 2gether. ,1795606201,2009-05-14 08:03:46-07:00,110
@tommcfly http://twitpic.com/55nfb take at lk at this. it might even make u laugh  my teacher is so talented haha,1796175302,2009-05-14 09:00:20-07:00,113
"@tommcfly almost 40,000 followers! i'll bet you'll hit it by morning  you're so popular, like a cheerleader at school or football player!",1823352724,2009-05-16 21:44:46-07:00,137
@tommcfly good morning tom! i hope you feel better ,1823625269,2009-05-16 22:29:40-07:00,51
@tommcfly well god morning tom! ,1823629214,2009-05-16 22:30:19-07:00,32
"@tommcfly anyways, Tom, I hope you guys have a great time in Brazil again! I can't hardly wait for the gig here in Rio!  Xx",1823655104,2009-05-16 22:34:50-07:00,123
@tommcfly http://twitpic.com/3b5hk - but everyone needs to eat   +1,1823945078,2009-05-16 23:30:21-07:00,67
"Watching @tommcfly on sound, hope you get better soon  xo",1824223096,2009-05-17 00:30:09-07:00,57
"@tommcfly Could it be that your cold is contagious via twitter? Ain't been ill for the last 5 years and now I am xD Get well soon, Tom ",1824309454,2009-05-17 00:50:33-07:00,135
@tommcfly Aww..get well soon bbz  xx,1824673746,2009-05-17 02:25:21-07:00,36
@tommcfly Norway. England came 5th ,1824677294,2009-05-17 02:26:19-07:00,35
@tommcfly Norway won ,1824692181,2009-05-17 02:30:22-07:00,21
"@tommcfly  Norway won, apparently we came 5th. not bad really ",1824693333,2009-05-17 02:30:40-07:00,62
@tommcfly Norway. Although the contestant had lunch with a judge that day... We came 5th ,1824695137,2009-05-17 02:31:09-07:00,89
"@tommcfly norway did, we came 5th though which isn't too bad for us.   x",1824714279,2009-05-17 02:36:17-07:00,72
@TomMcfly Tom ! When are u coming in France? I love so much ur band... Please reply to me ,1824749690,2009-05-17 02:45:40-07:00,90
@tommcfly Erm norway we can 5th Though ,1824750009,2009-05-17 02:45:45-07:00,39
@tommcfly it was Alexander Rybak from Norway ,1824789274,2009-05-17 02:56:34-07:00,45
"@tommcfly Norway, with about 384 points.  ",1824807132,2009-05-17 03:01:14-07:00,42
@tommcfly norway I think ,1824823376,2009-05-17 03:05:32-07:00,25
@tommcfly you feeeling any better? ,1824826190,2009-05-17 03:06:18-07:00,35
"@tommcfly Norway won eurovision, we came 5th  feeling better?  X",1824842340,2009-05-17 03:10:50-07:00,64
"@tommcfly of course we do!  btw.i told u tom,donu say out loud that ur growing fine,da cold will hear u nd come back!",1824843368,2009-05-17 03:11:06-07:00,117
@tommcfly I Do  (High Five),1824844301,2009-05-17 03:11:21-07:00,27
@tommcfly We definitely all enjoy your tweets they keep us all thoroughly entertained  Glad to hear your feeling better now!,1824861810,2009-05-17 03:16:00-07:00,124
"@tommcfly Norway won eurovison, United Kingdom came 5th  love you tom xxxx",1824862726,2009-05-17 03:16:14-07:00,74
@tommcfly Your tweets are Awesome!!! ,1824863740,2009-05-17 03:16:30-07:00,37
"@tommcfly  No you have; 40,039! WOW! i have 24 followers :L but you are amazing sooo ",1824864149,2009-05-17 03:16:37-07:00,85
@tommcfly try your best not to strangle the poor chap ,1824879077,2009-05-17 03:20:34-07:00,54
@tommcfly we sure do! ,1824880087,2009-05-17 03:20:51-07:00,22
@tommcfly Enjoying your tweets very much Tom  Xx,1824880641,2009-05-17 03:21:00-07:00,48
@tommcfly norway won! england came 5th ,1824899283,2009-05-17 03:26:12-07:00,39
@tommcfly Norway ,1824899325,2009-05-17 03:26:13-07:00,17
"@tommcfly Norway. The singer's voice wasn't so good but his violin-playing kicked ass! I voted for Iceland, their ballad was so nice. ",1824919491,2009-05-17 03:31:38-07:00,134
@tommcfly I enjoy your music and your tweets  I can't wait for another album!,1824934796,2009-05-17 03:35:44-07:00,77
@tommcfly Norway won. the UK came 5th. ,1824955784,2009-05-17 03:41:34-07:00,39
@tommcfly how can we not love your tweets tom ,1824973560,2009-05-17 03:46:30-07:00,46
@tommcfly i love you tommm ,1824974177,2009-05-17 03:46:41-07:00,27
@tommcfly Norway won ,1825067033,2009-05-17 04:11:50-07:00,21
@tommcfly looking forward to hearing you on radio 1 later ,1825142734,2009-05-17 04:31:56-07:00,58
@tommcfly @gfalcone601 - its gettin to stage now were first thing i do in morning is check ur tweets! thanks for always entertaining  xx,1825161275,2009-05-17 04:36:39-07:00,136
@tommcfly really enjoing all of your tweets ... laughing my ass of every day  love youuuu,1825199573,2009-05-17 04:46:19-07:00,89
"@tommcfly yes tom your tweets are amazing  how are you feeling today? please reply, i have you waterbottle from croydon, its great  x",1825239519,2009-05-17 04:56:24-07:00,133
@tommcfly I really enjoy your tweets ,1825261102,2009-05-17 05:01:22-07:00,37
"@gfalcone601 talk to @tommcfly  be nice today... as he is with us, fans  (sorry my english, so bad ><)",1825263376,2009-05-17 05:01:54-07:00,102
@tommcfly Norwaaaay ,1825326219,2009-05-17 05:16:40-07:00,20
@tommcfly hey it looks like you'll be fine for your South America tour ,1825370264,2009-05-17 05:26:55-07:00,71
"@tommcfly heyyy tom, norway won eurovision and united kingdom came 5th, which is amazin for us  so we can be proud haha, did you miss it?",1825392216,2009-05-17 05:31:51-07:00,137
@tommcfly Norway won!  That's where I'm from and I love McFly! Have you heard the winning song?,1825507030,2009-05-17 05:56:46-07:00,95
@tommcfly A very talented kid from Norway  Nice the Uk didn't end up last this time (we Spaniards did xD),1825975429,2009-05-17 07:22:37-07:00,105
"@tommcfly TOM, which film you think we should watch, star trek or wolverine?? ",1826035336,2009-05-17 07:32:19-07:00,78
@tommcfly Lol I love your tweets tom!! Dont stop tweeting! You are a ledgend  ?,1826489320,2009-05-17 08:37:52-07:00,79
texted into radio 1. hoping for a good luck off @dougiemcfly & @mcflyharry & @dannymcfly & @tommcfly  xx,1826561569,2009-05-17 08:47:48-07:00,104
"@tommcfly @dougiemcfly @dannymcfly @mcflyharry Say hello to brazilian fans, we're all listening to BBC now! PLEASE ",1826961372,2009-05-17 09:41:33-07:00,115
http://twitpic.com/5d3rk - @tommcfly Look at what I've found today !  Who ya gonna call? GHOSTBUSTERS!,1826961550,2009-05-17 09:41:35-07:00,102
"@tommcfly:@dannymcfly:Say hello to brazilian fans, we're all listening to BBC now! PLEASE ",1827008032,2009-05-17 09:47:39-07:00,90
"@tommcfly @dougiemcfly @dannymcfly @mcflyharry Say hello to brazilian fans, we're all listening to BBC now! PLEASE ",1827054838,2009-05-17 09:53:48-07:00,115
"@tommcfly lol we were just sayin we knew u'd present and tweet at the same time, only u could do that Tom~ genius! ",1827075625,2009-05-17 09:56:31-07:00,115
"@tommcfly Tom, eating cake?! come talk a hi to your brazilian fans! we looove you! ",1827197482,2009-05-17 10:11:57-07:00,83
"@tommcfly Hey Tom! How are you?  Please, at least say 'hi' to me?!!",1827220125,2009-05-17 10:14:51-07:00,67
@tommcfly nah you just have to be cute ,1827412011,2009-05-17 10:39:21-07:00,39
@tommcfly Did You havee a Good Day today ?? i did A Dancing Competion And Came 1st !!  x,1827485377,2009-05-17 10:48:39-07:00,88
@tommcfly arghhh !!! we could of fallen in loveeeee (8)  you guys rockkkk  !!!!,1827565622,2009-05-17 10:59:00-07:00,79
@tommcfly you souns so amazing right now! iLoveYou xx ,1827591391,2009-05-17 11:02:05-07:00,54
@tommcfly @dannymcfly WHOOO you were amazing (: i loved it ,1827593704,2009-05-17 11:02:22-07:00,59
@tommcfly @dannymcfly  Great singing guys!! Loved iittt <3 Was fun hearing you guys here in Belgium   x,1827600038,2009-05-17 11:03:07-07:00,103
@tommcfly @dannymcfly @dougiemcfly @mcflyharry You were hilarious on Radio 1! I actually managed to listen to the entire show!   x,1827609128,2009-05-17 11:04:16-07:00,130
http://twitpic.com/5d3rk - @tommcfly Look at what I've found today !  Who ya gonna call? GHOSTBUSTERS!,1827625247,2009-05-17 11:06:19-07:00,102
http://twitpic.com/5d3rk - @tommcfly Look at what I've found today !  Who ya gonna call? GHOSTBUSTERS!,1827632423,2009-05-17 11:07:13-07:00,102
@tommcfly Well done to you and the guys on the Chart Show today!!! listened to every second of it!! great acoustic aswell!    Joelle,1827649748,2009-05-17 11:09:26-07:00,132
@tommcfly I'm a new follower and enjoyng your tweets very much.  See you all guys in Rio! Bye,1827732257,2009-05-17 11:19:50-07:00,93
"@tommcfly i guess you should, maybe a little. Brasilia is waiting for you! ",1827902640,2009-05-17 11:41:07-07:00,75
@flishflash OOOOH. Woot Woot!  if @tommcfly makes you happy then I am very happy ;) Good job Star boy  Xx,1827946501,2009-05-17 11:46:32-07:00,105
Loved mcfly on bbc 2day  @tommcfly you were so cute on the radio xx,1827994412,2009-05-17 11:52:27-07:00,67
@DJIronik mine was from @tommcfly ,1828053236,2009-05-17 11:59:47-07:00,34
@JuhClaro @tommcfly @dougiemcfly http://www.twitpic.com/5e8a3 Skywalker or Kirk? WHAT IS YOUR TEAM?!  LOL dougie acorda e me responde!,1830580481,2009-05-17 17:08:37-07:00,134
"@tommcfly I Have a NASA t-shirt, like you  How many times did you go to NASA?",1830923728,2009-05-17 17:51:23-07:00,77
@tommcfly yes you will go to space tom ,1833235366,2009-05-17 22:40:26-07:00,39
@TomMcfly Tom ! When are u coming in France? I love so much ur band... Please reply to me ,1833484492,2009-05-17 23:26:05-07:00,90
@tommcfly wooo i would have helped!! ha. ahh tom i have my maths GCSE today please wish me good luck!!  Xx,1834113815,2009-05-18 01:40:50-07:00,106
"@tommcfly That's awesome, well done. You totally deserve it ",1834115263,2009-05-18 01:41:11-07:00,60
@Tommcfly did it in to number one? Woo!! Love it tom...roll on the next tour  x,1834115980,2009-05-18 01:41:21-07:00,79
"@tommcfly good good. now go mack you DVD available to anyone out of the UK....like, oh i dont know.....the AMERICAN FANS!  #mcfly",1834116465,2009-05-18 01:41:28-07:00,129
"@tommcfly ah, i just ordered it into australia from england. can't wait to see it. everybody is raving about it. ",1834117076,2009-05-18 01:41:36-07:00,113
@tommcfly It got number 1? That's awesome! It was a great concert ,1834117098,2009-05-18 01:41:37-07:00,66
@tommcfly Have a good time in Brazil! Don't bring back us any swine flu!!!  But do remember to come back and see us again  xx,1834124270,2009-05-18 01:43:19-07:00,125
@tommcfly Hiya Thomas  Congrats on getting a number 1  You guys deserve it. Wembley was EPIC!!! Xx,1834138836,2009-05-18 01:46:43-07:00,98
"@tommcfly Have an awesome time in Brazil, Don't forget about us..  xx",1834139452,2009-05-18 01:46:52-07:00,69
@tommcfly i haven't bought it yet cuz i can't get over here but i'll find a way. cause i really want to have it ,1834140216,2009-05-18 01:47:03-07:00,112
@gfalcone601 & @tommcfly are too cute <3 ily both ,1834167004,2009-05-18 01:53:15-07:00,50
@tommcfly morning Tom!!! woow i can't believe that u coming to Brazil soon... i'm counting the days for see u here!  xoxo,1834168997,2009-05-18 01:53:44-07:00,121
@tommcfly have a great fight tom ,1834169168,2009-05-18 01:53:46-07:00,33
@tommcfly You're welcome ; ) It's awesome ,1834184926,2009-05-18 01:57:33-07:00,42
@tommcfly ooh Brazil..what u jetting off there for? I wish I was going away!! Instead im stuck at home with exam stress! joy! ,1834218618,2009-05-18 02:05:10-07:00,126
@tommcfly  Not see the DVD yet... He's not at Canada. I'll order ,1834229381,2009-05-18 02:07:40-07:00,65
@tommcfly your dvd decerved to number one...its so epic dude! ,1834252047,2009-05-18 02:12:57-07:00,62
@tommcfly i hope you're feeling better for the flight here ,1834262160,2009-05-18 02:15:18-07:00,59
"@tommcfly do you have all your own albums on your ipod, i guess you do? Was gonna ask when you got a show but i can just check my tshirt ",1834262324,2009-05-18 02:15:20-07:00,137
@tommcfly Have Fun in brazil  i hope its nice and hot! not like england! ,1834262886,2009-05-18 02:15:27-07:00,73
@tommcfly oh that is nice to hear! ,1834280345,2009-05-18 02:19:32-07:00,35
@tommcfly i helped make the DVD number 1!!! ITS AWESOME! make some more of them please  and yes a shower would be a good idea,1834290414,2009-05-18 02:21:50-07:00,125
@tommcfly wandering wether to shower or not is quite gross...how does gioanna put up with you? your awesome...but quite gross  xx,1834298571,2009-05-18 02:23:51-07:00,129
"@tommcfly have you ever seen thunderpants? cause that wee dude goes up to space and its his dream, n'awww its so cute tbh ",1834307614,2009-05-18 02:26:01-07:00,122
@tommcfly i love you  x,1834425669,2009-05-18 02:53:15-07:00,23
@tommcfly YAYA NO1 WOO HOO YOU DESERVE IT  xx,1834499300,2009-05-18 03:10:09-07:00,45
@tommcfly Number one?? AWESOME!!  Your dvd is fucking amazment! And the documentry is so sweet  Love it love it love it  xx,1834801646,2009-05-18 04:14:57-07:00,123
@tommcfly can i come with you?? ,1834809839,2009-05-18 04:16:27-07:00,32
@tommcfly hey tom! hope you have a great flight!  can't wait to see you in Chile!!!,1834875459,2009-05-18 04:28:58-07:00,83
@tommcfly hahaha the chart show jingle that you did yesterday was amazing!  i have your waterbottle from croydon!! please reply  xx,1834930400,2009-05-18 04:38:57-07:00,131
@tommcfly hahaha the chart show jingle that you did yesterday was amazing!  i have your waterbottle from croydon!! please reply  xxx,1834950595,2009-05-18 04:42:28-07:00,132
"@tommcfly Im so anxious about the concerts in Brazil, hope you guys are 2! They will be so AWESOME! Particulary in Brasilia ",1835207286,2009-05-18 05:25:35-07:00,124
@tommcfly omg thought u actually lost her i was like :O but then i kept reading n was like phew  xx,1835337839,2009-05-18 05:45:27-07:00,99
"@tommcfly remember, curiosity killed the cat but satisfaction brought it back ",1835338971,2009-05-18 05:45:37-07:00,78
@tommcfly Hey Tom! It's my sister's (@kim_davies) birthday today! It would mean the world to her if you greeted her! Thank you. ,1835340007,2009-05-18 05:45:46-07:00,128
"@tommcfly : aaw, glad that the cat is okay now.  xx",1835368969,2009-05-18 05:49:58-07:00,51
@tommcfly : musicman to the rescue!! ,1835380750,2009-05-18 05:51:35-07:00,37
@tommcfly where abouts in Uganda did you guys go? I'm going in july  x,1835397537,2009-05-18 05:54:00-07:00,70
"@tommcfly Norway won,they werent my favourite but oh well  x",1835410381,2009-05-18 05:55:48-07:00,60
@tommcfly WILL YOU TWEET FROM BRAZIL??? ,1835440553,2009-05-18 06:00:04-07:00,40
"@tommcfly 'curiouser and curiouser' - lewis carroll, alice's adventure's in wonderland. ",1835457094,2009-05-18 06:02:06-07:00,88
@tommcfly Are you feeling better today..!  x,1835471002,2009-05-18 06:04:00-07:00,44
"@DebbieFletcher @tommcfly @gfalcone601 hey , what do you think about that drawing my friend did ? >> http://www.twitpic.com/5f9e1 ",1835499696,2009-05-18 06:07:56-07:00,130
going to learn science and then watching the McFLY Justin Lee Collins interview again.  amazing .. but I miss @tommcfly in this... xx,1835530175,2009-05-18 06:12:00-07:00,133
@tommcfly pleeese we need to know if you are felling better.. and if you'll tweet from Brazil. lol ,1835530613,2009-05-18 06:12:03-07:00,99
"@tommcfly hey tom, how you feeling 2day??? i just ordered the new DVD, hope it comes sson, cant wait to see it!! LOOKS GOOD   xoxoxo",1835579515,2009-05-18 06:18:30-07:00,132
@tommcfly I will enjoy when I get itttt ,1835867903,2009-05-18 06:55:01-07:00,40
@tommcfly why do you have holes in your house? get some polyfiller! ,1835941507,2009-05-18 07:03:40-07:00,68
"@tommcfly since now, feel very welcome to Brazil! I hope this time can be better than the first time! I'm waiting for the show in Manaus! ",1836188816,2009-05-18 07:32:33-07:00,138
@tommcfly u have a cat? I have 3 ,1836497682,2009-05-18 08:06:14-07:00,33
@Tommcfly lol my cats are the same ,1836501801,2009-05-18 08:06:40-07:00,35
@chloemcfly i love you too  i called @tommcfly a big fat juggernaut and he still didnt reply.,1836521382,2009-05-18 08:08:45-07:00,93
"@tommcfly thats because he hasnt been going to tour rehearsals an all that haha, at least you still get to go  x",1879921744,2009-05-21 23:32:26-07:00,112
@tommcfly well ur at Fortaleza performing tomorrow so maybe that's where your flying to  x,1880007058,2009-05-21 23:48:36-07:00,90
"@tommcfly hey tom! guess what? I won you on twitter how do you fell uuh? xD just kidding, mi update number 1000 is to you  love ya mate ",1880122133,2009-05-22 00:10:06-07:00,136
"@tommcfly could you bring me a piece of that chocolate pizza when you come back to Mï¿½xico, it looks delicious ",1880164332,2009-05-22 00:18:21-07:00,112
"@tommcfly @dougiemcfly @mcflyharry @dannymcfly, have a good show today! its my birthday today  wahoooo , love you xxxxxxxxxx",1880246865,2009-05-22 00:34:53-07:00,124
@tommcfly http://twitpic.com/5okiu Please look at these pic. ,1880702819,2009-05-22 02:11:35-07:00,61
"@tommcfly 8 days! it doesn't matter about your voice, you still Tom Fletcher. come to Rio, quiiiickly. ",1880868599,2009-05-22 02:47:27-07:00,103
@tommcfly moooooorning Tom!  have a nice day ,1880924018,2009-05-22 02:59:17-07:00,45
@tommcfly you are going to fly to Fortaleza! ,1881109958,2009-05-22 03:38:05-07:00,45
@LittleFletcher @wisteria_90 @EmsMcFlyer @tommcfly @gfalcone601  @zivklara #votemcfly http://www.musiqtone.com/  Pass it on x ,1881240441,2009-05-22 04:03:43-07:00,126
@tommcfly Scary o_O but a experience  I hope you got a picture you can show at home,1881317909,2009-05-22 04:18:18-07:00,83
@tommcfly #votemcfly  #votemcfly #votemcfly #votemcfly #votemcfly #votemcfly #votemcfly #votemcfly #votemcfly #votemcfly  pass it onx ,1881393241,2009-05-22 04:31:55-07:00,134
"@tommcfly nearly a thousands updates from you, well congrats  that's really many considering how little time you have been twittering! xD",1881541403,2009-05-22 04:56:31-07:00,137
@dougiemcfly @tommcfly morning to everybody   McGuys where are u??,1881552913,2009-05-22 04:58:24-07:00,66
@tommcfly That must be annoying! I really wanna go see MJ @ The O2! A fashion site have a comp to get 2 front row tickets! ,1881796672,2009-05-22 05:34:49-07:00,123
"@tommcfly Hey man, r u already in Fortaleza? Tell me how things going... r u gonna do something cool today? I'll see ur concert tomorrow. ",1882895251,2009-05-22 07:40:06-07:00,138
"@tommcfly are u enjoying a lot? you'll have so much fun in sao paulo - suree, here is nice  ",1883133058,2009-05-22 08:03:39-07:00,92
@tommcfly Woa Its 4:08pm Over Here In England ,1883182031,2009-05-22 08:08:25-07:00,46
@tommcfly happy hug's day!!  ,1883201702,2009-05-22 08:10:19-07:00,29
@tommcfly Hello Tom!  I love you. How are you? You are enjoying the amazonia?,1883202963,2009-05-22 08:10:26-07:00,77
@tommcfly die hard...in my pants ahaha good old ghost hunting with mcfly  whenever i hear that or 'free willy' i always think of it LOL xx,1883221396,2009-05-22 08:12:12-07:00,138
@tommcfly #votemcfly Is in the Trending topics ,1883222412,2009-05-22 08:12:18-07:00,47
@tommcfly Morning Tom! How was last night? ,1883243226,2009-05-22 08:14:20-07:00,43
@tommcfly Haha! Bless but I dont think it's going to snow there. Having Fun?  xxxx,1883303801,2009-05-22 08:20:13-07:00,82
@tommcfly never too soon to feel christmassy ,1883348574,2009-05-22 08:24:35-07:00,45
@tommcfly morning? Your late there mate lol .. Ah yes let it snow! I'm with you on that one ,1883641409,2009-05-22 08:52:36-07:00,92
@tommcfly sao paulo tomorrow! cant waitttt! .. hope you have fun here.. please meet your fans at the hotel    at the lobby or restaurant,1932274606,2009-05-26 21:09:03-07:00,136
"@tommcfly really? wow so, it did work! hope we'll have emails from u when our #message apears on trending topics  lol..night & good luck x",1932312102,2009-05-26 21:13:15-07:00,138
@tommcfly @Dannymcfly @dougiemcfly @mcflyharry hey guys are you coming to the states soon if you do come to Minnesota please reply  Julia ,1932607515,2009-05-26 21:49:13-07:00,138
@tommcfly That's so cool  I hope the #stargirlinspace campaign will end up with a good result,1933109788,2009-05-26 23:01:21-07:00,93
"@tommcfly if you say ""hey"", i'll say ""ho""! HAUHEAUEHAUEHAE c'mon lets make this funny ",1936026451,2009-05-27 07:19:17-07:00,86
"@tommcfly please come, we'll behave! ",1936026866,2009-05-27 07:19:20-07:00,37
@tommcfly ... with milk ,1936045493,2009-05-27 07:21:20-07:00,24
"@tommcfly what's the problem with this room service ? hahaha poor of you ... and, tom, do you like yoda ? ",1936082188,2009-05-27 07:25:23-07:00,106
@tommcfly write a song  one single for next cd ,1955908919,2009-05-28 20:50:14-07:00,47
@tommcfly  uuhh awesome! and it depends if u are tired enough hahaha  what would be the song bout? !,1955909338,2009-05-28 20:50:17-07:00,100
@tommcfly Write a song  is better ;),1955910261,2009-05-28 20:50:23-07:00,36
"@tommcfly the end of that day diserves a new song  thank you all for everything, can't express my love and admiration. night night xx",1955929747,2009-05-28 20:52:27-07:00,133
@tommcfly mmMmmm write a song ,1955929781,2009-05-28 20:52:27-07:00,30
"@tommcfly write a song, if you're inspired  haha",1955946017,2009-05-28 20:54:11-07:00,48
@tommcfly Write a song!!! ,1955947083,2009-05-28 20:54:18-07:00,26
@tommcfly yeyy hello tom!!!!!!! Argentina LOVEEEEES you  you gonna be very surprise with the fans down here ;),1956075618,2009-05-28 21:08:30-07:00,110
@tommcfly hope you didn't breake your toe. ,1956108490,2009-05-28 21:12:15-07:00,43
@tommcfly Hi from Ecuador! hey... i think you CAN doodle with blue ink... but definitely better with black.. love your so called doodles! ,1956111253,2009-05-28 21:12:34-07:00,138
"@tommcfly  Tom,We here in Rio are Crasy waiting you and the dudes,will be amazing. Thanks for your great job  love u",1956127579,2009-05-28 21:14:28-07:00,116
@tommcfly just arrived from my second mcfly gig. thank you for the best day of my life! ,1956177300,2009-05-28 21:20:20-07:00,88
"@tommcfly already ate grissini with sesame? it's AWESOME, tommyboy! you've to try! ",1956309628,2009-05-28 21:36:23-07:00,83
@tommcfly heeey tom! I'm so excited for your visit  to Chile! I'm waiting ,1956373492,2009-05-28 21:44:27-07:00,74
@tommcfly :/ Be careful Tom! Hope it's not really broken. Maybe you just jammed it. Always look on the brightside! ,1956617805,2009-05-28 22:16:46-07:00,115
"@tommcfly I'm glad you've got your guitar fixed, and that you have 5 toes ",1956730932,2009-05-28 22:32:52-07:00,74
@tommcfly I hope you choose to write songs  that would just mean more amazing hit. Thank you for making the best music ,1957381686,2009-05-29 00:19:40-07:00,119
i think it's obvious that the uk fans are the best people in the whole world. who agrees?  @tommcfly @dougiemcfly @dannymcfly @mcflyharry,1957562631,2009-05-29 00:53:35-07:00,137
@tommcfly write a song ,1957710746,2009-05-29 01:21:38-07:00,23
@tommcfly Ahh you make me laugh with all your little angry brazilian fans yelling at you. D.w mostof us understand you cant come see us  x,1958067787,2009-05-29 02:32:59-07:00,138
"@tommcfly http://omegle.com/, you talk with strangers on this site. And I promote you guys to everyone I talk to  haha",1960194098,2009-05-29 07:34:28-07:00,118
@tommcfly well said  haha,1960389196,2009-05-29 07:53:13-07:00,25
@tommcfly http://twitpic.com/64l1e - Amazing  your soo random at times lol  We love it  xxxx,1960392404,2009-05-29 07:53:32-07:00,92
"@tommcfly ...as them, if not better ",1960697277,2009-05-29 08:22:06-07:00,36
"@tommcfly Hi, Tom! It would be really really awesome if you did a tour in the Philippines! Swear, lots of fans here. We'd bring you cake! ",1961137890,2009-05-29 09:02:37-07:00,138
@tommcfly Tom!  What cake do you want? We'll have the McFly logo written on it! We'd bring it to you when you come to the Philippines! ,1961266721,2009-05-29 09:14:16-07:00,135
"@tommcfly Hey, you know? My brother bought boxers that have words that glow in the dark! It's awesome! But McFly is a whole lot better! ",1961297531,2009-05-29 09:17:08-07:00,136
it's because ENGLISH fans are obviously the best! yes @tommcfly? yes. ,1961698665,2009-05-29 09:54:30-07:00,70
@tommcfly Cant wait till yous are back..  and i cant wait for the new album bet its gonna be amazing  <3,1961812071,2009-05-29 10:04:51-07:00,104
"@tommcfly tom pleaaaaasee help me do this lmao, im stuck+bored  you have to find nine people. ive got 3! http://www.twitpic.com/66ybc xxxx",1962021171,2009-05-29 10:24:04-07:00,138
@tommcfly Are you guys going to have a meet & greet in Chile? I live in BOLIVIA but I'm still going to your concert there. Please ANSWER ,1962136657,2009-05-29 10:34:45-07:00,137
"@tommcfly danny dancing akon uau , pratically a dancer ",1962396869,2009-05-29 10:59:01-07:00,55
@tommcfly Forgive babelfish!  2 votes,1962397859,2009-05-29 10:59:07-07:00,37
@mcflyharry @dannymcfly @dougiemcfly @tommcfly whem igo on bgt will you coach me PLEASEEEEE  x,1962439847,2009-05-29 11:02:57-07:00,94
@tommcfly I watched you and the guys on a interview at 89.1 fm *--* you all were too cute ,1962611327,2009-05-29 11:19:09-07:00,90
"@tommcfly own! *-* waiting for you in porto alegre. you should tell me your hotel here! we won't be boring, i promise ",1962679245,2009-05-29 11:27:06-07:00,118
@tommcfly On what radio channel are you guys interviewed in ? ,1962919260,2009-05-29 11:55:30-07:00,62
@tommcfly hahaha that would have been funny to watch!? bizzare? what happened lmao... SAY HELLLOOO TO ME PLEEAAASSEE!  loveyouuu xxxxx,1962940873,2009-05-29 11:57:34-07:00,134
@tommcfly Why did he have to kiss her?? And I wish if he did have to kiss her it was me ,1963004457,2009-05-29 12:03:27-07:00,88
"@tommcfly loved the interview on radio "" Pï¿½nico"". ",1963004603,2009-05-29 12:03:28-07:00,52
@tommcfly you should see this  http://bit.ly/hwH1e,1963047984,2009-05-29 12:07:23-07:00,50
@tommcfly toy story 3 !! ohmygod  i cant wait . whats your fav toy story film ?? xx,1963049568,2009-05-29 12:07:31-07:00,83
@tommcfly hahaha that's just mean. tom thank you so much for replying to the argentinian fans!  #mcflyinargentina  #mcflyinargentina,1963050629,2009-05-29 12:07:37-07:00,132
@tommcfly this realy going to be amazing!  http://bit.ly/oNBqD . Lets go to the cinema on june 18 2010 ? ,1963093684,2009-05-29 12:11:34-07:00,105
@tommcfly Love Toy Story 3 it will be amazing ! Can't waiiit !! ,1963114360,2009-05-29 12:13:30-07:00,64
@tommcfly ha you're such a big kid! nice to know you're not all serious like other people ,1963136269,2009-05-29 12:15:31-07:00,90
@tommcfly  im even more excited now youv posted that xx,1963136514,2009-05-29 12:15:32-07:00,55
"@tommcfly Ah, Toy Story 3! ",1963180532,2009-05-29 12:19:41-07:00,27
@tommcfly iyaa  are you having a good time ?,1963199446,2009-05-29 12:21:27-07:00,44
@tommcfly and it will be out a day after your b-day ! ,1963354632,2009-05-29 12:35:49-07:00,54
@tommcfly is it wrong to be excited about it? ah well i still am ,1963396938,2009-05-29 12:39:42-07:00,65
"@tommcfly you could tweet some of us back , what time you leaving to go to the venue  xx",1963485908,2009-05-29 12:47:44-07:00,88
@tommcfly awwww man! use my guitar  i cant play it yet :| succkkks! random question.. do you ever watch The HIlls?  loveyou x,1963486988,2009-05-29 12:47:50-07:00,125
"@tommcfly Well come on then, if you're bored anyway: entertain us! You've got a riddle or something?  x.",1963528873,2009-05-29 12:51:38-07:00,104
@tommcfly you know what you should do next time is you should take a spare guitar with you so you can write some amazing songs!  xxx,1963529230,2009-05-29 12:51:40-07:00,132
"@tommcfly turn on the mtv brasil at 21h30, it's going to pass your interview ",1963530359,2009-05-29 12:51:46-07:00,77
@tommcfly. your missing out on BGT  its a gooden x,1963550712,2009-05-29 12:53:38-07:00,50
@tommcfly tomorrow you'll have a lot of fun here in Rio ,1963550739,2009-05-29 12:53:38-07:00,56
"@tommcfly Well, I have a question. Is Harrys twitter... dead and gone?? Miss him. ",1963556434,2009-05-29 12:54:11-07:00,82
@tommcfly you and toy story!! aha i love that you love it so much makes me smile. you're a true kid at heart ay?  gooood movie haha,1963608359,2009-05-29 12:59:00-07:00,131
"@tommcfly Well, you can... Watch something on TV  , you probably have cable on the room ",1963692953,2009-05-29 13:06:20-07:00,88
@tommcfly hey tom. what do you think about my quote: how to bake a cake? you have to take a steak and shake........yeah i know i'm crazy. ,1963821429,2009-05-29 13:18:02-07:00,138
@tommcfly Good luck ,1963930301,2009-05-29 13:27:59-07:00,20
"@tommcfly im sure your voice will be okay  hopefully, good luck have a good night!  xxxxx",1963931778,2009-05-29 13:28:07-07:00,89
"@tommcfly calm down and deep breaths, you'll do great as per usual! enjoy your time out there! ",1964018518,2009-05-29 13:36:01-07:00,95
@tommcfly Don't be nervous. I'm sure you're gonna do great tonight! ,1964019730,2009-05-29 13:36:08-07:00,68
@tommcfly u's will be great as always ,1964060640,2009-05-29 13:39:51-07:00,38
"@tommcfly well, I would be anxious for the shows, if you liked all so far, Ithink this is the reason  I hope this ,haha xX",1964062844,2009-05-29 13:40:04-07:00,122
@tommcfly do you like the hot sun of brazil? ,1964173717,2009-05-29 13:50:09-07:00,45
@tommcfly heey tom ,1964774842,2009-05-29 14:47:05-07:00,19
@tommcfly @dannymcfly @dougiemcfly please! play walk in the sun on the chilean gig! !?? weï¿½ll be the happiest fans in the whole wold! ,1964915779,2009-05-29 15:01:16-07:00,136
@tommcfly hey ,1965198494,2009-05-29 15:30:06-07:00,14
"@tommcfly ur prince harry came to the usa, so now its ur turn  like do something for us like a single release or come to a talk show",1965220208,2009-05-29 15:32:16-07:00,132
"@tommcfly have you seen UP yet? disney pixar's newest movie? i'm going to see it today, shall i let  you know how it is? it looks amazing ",1965412438,2009-05-29 15:52:34-07:00,138
"@tommcfly #TOMEATBRIGADEIRO i can cook for you, if you want  haha love you!",1965465826,2009-05-29 15:58:18-07:00,75
"@tommcfly Hey, perfect show in Sï¿½o Paulo yesterday. I can't believe I was there!!!! *-* Sucess for you guys, Brazil loves you ",1965621402,2009-05-29 16:14:42-07:00,128
@tommcfly hope the gig tonight was awesome  seen as that's what you are .. Im off now.. Night dude!,1965949422,2009-05-29 16:50:35-07:00,99
I need& i'm gonna see McFly this year. In the UK! Or in Canada/USA if they come over here! @tommcfly @dannymcfly @dougiemcfly @mcflyharry ,1966097211,2009-05-29 17:07:07-07:00,138
@tommcfly http://twitpic.com/47rhq - i love yours guitars ,1966375179,2009-05-29 17:39:05-07:00,58
"@tommcfly http://twitpic.com/64eyw - very strong, ",1967005154,2009-05-29 18:47:59-07:00,50
"@tommcfly Ah, hope you guys come back to Sao Paulo soon. Saw you tomorrow, but can't wait for another gig! Thank you for everything  xx",1967250251,2009-05-29 19:14:18-07:00,135
"@tommcfly haha...BUT, i bet it was still fantastic!!!  COME TO AMERICA, PLEASE?!?!  Ill even do some begging & bribing if i have to! :]",1967250903,2009-05-29 19:14:22-07:00,135
"@tommcfly Tom,you guys always kick ass,don't matter where ",1967271534,2009-05-29 19:16:33-07:00,58
"@tommcfly nah lol, there funny ",1967287505,2009-05-29 19:18:17-07:00,31
"@tommcfly tom, the twitter is yours, you don't need think more than 2 times for this!  DID YOU EAT BRIGADEIRO? HAHAHA #TOMEATBRIGADEIRO",1967288239,2009-05-29 19:18:22-07:00,135
@tommcfly ur wininng Mr twitter Universe  u wr also nominated 4 Ms tiwtter World LOL but they took u out ): u had a got place XD vote Gio!,1967324786,2009-05-29 19:22:26-07:00,138
@tommcfly thats not good tom! haha. In dont think anything through...so you should be good on your tweets! Please say hi emily  xxx,1967324807,2009-05-29 19:22:27-07:00,131
"@tommcfly no, itï¿½s sooo funnyXD doesnï¿½t matter if you forgot the lyrics, you and mcfly still rocks! ",1967325696,2009-05-29 19:22:33-07:00,104
@tommcfly i have to thank you for one of the best day in my life..when you were here in brasilia! THANKS and don't forget we love you ,1967326279,2009-05-29 19:22:37-07:00,134
@tommcfly please write something in spanish for your chilean fans!!!  pleeeeease!! haha !,1967326906,2009-05-29 19:22:41-07:00,89
@tommcfly Tom fix my computer (?) hahaha See you next week!  x,1967343164,2009-05-29 19:24:27-07:00,62
@tommcfly I wanted so much had to gone in the two concerts in sao paulo! It was amazing yesterday! I'm watching the DVD radio:active! ha ,1967359773,2009-05-29 19:26:17-07:00,137
@tommcfly Haha good thinking.. Damn. I had a question for you but I fogot what it was.. oh well.. Hi!  Glad your gig was amazing!,1967359881,2009-05-29 19:26:15-07:00,129
@tommcfly Come back soon?Always? live here someday? or have your holiday here   ,1967472212,2009-05-29 19:38:37-07:00,80
@tommcfly Tomorrow is RIIIIIO ! ;DDDDD I can't wait for it ,1967657834,2009-05-29 19:59:04-07:00,59
"@tommcfly So you can answer me right?  Have you got starbucks in Sao Paulo? You can go to Starbucks in Rio too, if you didn't...",1967678492,2009-05-29 20:01:13-07:00,128
@tommcfly i'm gonna see you tomorroooow! so excited ,1967679292,2009-05-29 20:01:18-07:00,52
@tommcfly So follow me! I tweet like crazy! ,1967679574,2009-05-29 20:01:19-07:00,44
"@tommcfly haha Don't feel lonely, we'll always be here with u  So, how was the gig tonight, your voice was better? Love you Xx",1967680114,2009-05-29 20:01:22-07:00,126
@tommcfly we're waiting for you guys in Chile! ,1967680240,2009-05-29 20:01:23-07:00,47
@tommcfly disappointed? haha so follow me and i will post something every minute  just kidding,1967696374,2009-05-29 20:03:06-07:00,94
@tommcfly  I LOVE YOU. can i get a reply? PRETTY PRETTY PLEASE?!,1967696421,2009-05-29 20:03:06-07:00,64
"@tommcfly you have us Toom.... smile, smile, smilee... haa ",1967716851,2009-05-29 20:05:13-07:00,59
"@tommcfly Tweet tweet Tom-a-lom  hi! I met you in Aus, I think I love your band <3 I'm the little red head from Sydney? lol",1967717931,2009-05-29 20:05:20-07:00,123
"@tommcfly follow me, tweet me.  q",1967792835,2009-05-29 20:13:16-07:00,33
@tommcfly please please come to Canada. ,1967794572,2009-05-29 20:13:28-07:00,40
"@tommcfly Please Tom, answer to a crazy fan that is killing to have just a ""hi"" from his idols ",1967812733,2009-05-29 20:15:19-07:00,95
"Love @mileycyrus, @tommcfly, @dougiemcfly, @dannymcfly, @harrymcfly, @ddlovato and my family ",1967849543,2009-05-29 20:19:21-07:00,93
@tommcfly :O Can't wait to hear that! Sounds like a great combination! See you next friday!  #mcflyinargentina x,1968198865,2009-05-29 20:57:20-07:00,112
"@tommcfly *------* u wrote a song in brazil, we inspired you HAHA, goodnight ",1968200994,2009-05-29 20:57:36-07:00,77
@tommcfly I have to keep writing because my voice was gone after the sao paulo gigs ,1968216932,2009-05-29 20:59:36-07:00,84
@tommcfly no dont sleep !  give us a little lyrics ,1968217089,2009-05-29 20:59:37-07:00,51
now you're gonna have to show the song for us   haha @tommcfly,1968218096,2009-05-29 20:59:44-07:00,62
"@tommcfly new song wrote in Brazil? ;O see ya tomorrow night, Tom! it's gonna be the best day of McFLY in Brazil! ",1968232099,2009-05-29 21:01:22-07:00,114
@tommcfly can't wait to hear it! ,1968269274,2009-05-29 21:05:50-07:00,33
"@tommcfly aww. Baha. Sweet Dreams, Tom ",1968300764,2009-05-29 21:09:34-07:00,39
@tommcfly omg cant wait cant wait ,1968302845,2009-05-29 21:09:47-07:00,34
@tommcfly I cant wait to hear it! and im sure the guys will love it! ,1968318546,2009-05-29 21:11:35-07:00,69
"@tommcfly you should come down to the bar and get a drink with the guys, that would improve the odds of they liking it ",1968353060,2009-05-29 21:15:42-07:00,119
@tommcfly goodnight tom  have dreams about new songs ;),1968367042,2009-05-29 21:17:24-07:00,55
"@tommcfly I want to see how perfect you are, tomorrow ",1968479881,2009-05-29 21:31:29-07:00,54
@tommcfly i'm sure the song is going to be greatt  all of your songs are!,1969030117,2009-05-29 22:50:33-07:00,73
@tommcfly rio de janeiro waiting for you  see you in just a few hours ,1969257058,2009-05-29 23:28:42-07:00,70
"Time for guitar I think, and I might practice some piano later on  I wish I was as talented as @tommcfly ",1969333786,2009-05-29 23:42:41-07:00,105
I just made some really cute screencaps of @tommcfly from the r:a tour dvd ,1969783621,2009-05-30 01:12:44-07:00,75
@tommcfly i bet it sounds amazing  xxx,1969882144,2009-05-30 01:35:09-07:00,38
@tommcfly  i'm sure they'll love it! i havent heard it but i know your a talent ,1969934478,2009-05-30 01:47:28-07:00,80
@tommcfly can't wait to see you guys live again! It was awesome!!  #mcflytosweden,1970027089,2009-05-30 02:09:18-07:00,81
@tommcfly I don't want to wait. I hate it. x'DD I hope you've fun in Brazil.  Oh and when will you update your new tour dates? Germany? ^^,1970042859,2009-05-30 02:13:08-07:00,138
"@tommcfly that sounds like something awsome, a mix between everything good! ",1970043143,2009-05-30 02:13:13-07:00,76
@tommcfly I'd be awesome if it had something to do with Star Trek ,1970085507,2009-05-30 02:23:39-07:00,66
@tommcfly goodmorning ,1970443170,2009-05-30 03:53:21-07:00,22
http://twitpic.com/68zby - saw this drawing by @tommcfly and was inspired to color it... ,1970444006,2009-05-30 03:53:34-07:00,89
"@tommcfly hey Tom do you know, you have 3 step-sisters  me , @keren4562 and @noamcfly XD ask your mom about that LOL Xx",1970444179,2009-05-30 03:53:37-07:00,119
"@tommcfly hey Carrie do you know, you have 3 step-sisters  me , @keren4562 and @noamcfly XD ask your mom about that LOL Xx",1970444543,2009-05-30 03:53:42-07:00,122
"@tommcfly hey Carrie do you know, you have 3 step-sisters  me , @keren4562 and @noamcfly XD ask your mom about that LOL Xx",1970445071,2009-05-30 03:53:50-07:00,122
@tommcfly whats the time difference in brazil and england? ,1970445452,2009-05-30 03:53:55-07:00,59
@tommcfly  no sense tommy no sense...the sun in brazil seem to destroyed your brains.....wear hats...sunscreen or stuff like that... ,1970451186,2009-05-30 03:55:17-07:00,133
@tommcfly yummy ,1970451418,2009-05-30 03:55:21-07:00,16
"@tommcfly Its lovely weather in England, but i'm guessing Brazil is even more lovely. Just a little update from home ",1970452349,2009-05-30 03:55:35-07:00,117
@tommcfly lol  Check out my music please http://www.hannahdorman.com/,1970452391,2009-05-30 03:55:36-07:00,69
@tommcfly Morning tom!  how doing?? have a nice day..and wish me luck..i'm going to the college now..boring..kisses luv u :*,1970453772,2009-05-30 03:55:56-07:00,124
@tommcfly you're awaaaaaaake ,1970453891,2009-05-30 03:55:57-07:00,29
@tommcfly Then get your albums shipped to Israel and we won't have to do it.  #mcflytoisrael,1970461132,2009-05-30 03:57:45-07:00,92
@tommcfly : haha.  you'll win Tom.  everyone's voting for you & you deserve it the most. xx,1970467788,2009-05-30 03:59:30-07:00,91
@tommcfly you woke up early! I woke up at 7 o'clock. Nothing to do!(im bored)Im going to watch McFly funny moments(hilarious)   Translate,1970467959,2009-05-30 03:59:33-07:00,137
@tommcfly Morning Tom   hope you and the guys are having fun over there! any idea when we can expect to hear the new songs yet..? x,1970477476,2009-05-30 04:01:34-07:00,131
http://bit.ly/PmvRY  vote for @tommcfly now! he can't lose! ,1970496254,2009-05-30 04:05:58-07:00,60
@tommcfly Pfft like that little weazel wizard can beat you specially with us crazy mcfly fans voting ,1970496959,2009-05-30 04:06:08-07:00,101
http://bit.ly/PmvRY  vote vote vote vote vote for @tommcfly ! ,1970502294,2009-05-30 04:07:27-07:00,62
@tommcfly How long will you be in Brazil? America is soon after right? ,1970503103,2009-05-30 04:07:39-07:00,71
@tommcfly @TomFelton haha you're so purely awesome. and everyones going to go vote now too  Xx,1970503497,2009-05-30 04:07:45-07:00,94
@tommcfly  hi Tom do you know you have 3 step-sisters  me  @keren4562 and @noamcfly XD ask your mom about that LOL what do you think? XD,1970504947,2009-05-30 04:08:08-07:00,136
"@tommcfly Spelling, Thomas! It's spelt Muesli. tut tut!  X",1970521388,2009-05-30 04:12:02-07:00,58
@tommcfly haha its okay tom hes got nothing on you. you are way more amazing and awsome than him!!  xx,1970521762,2009-05-30 04:12:07-07:00,102
@taylorswift13 @thescript @tommcfly all in one day in august ,1970528918,2009-05-30 04:13:48-07:00,61
@tommcfly I just voted for yoou ,1970535634,2009-05-30 04:15:23-07:00,32
@tommcfly good morning. You and @TomFelton are friends? awesome! ,1970552575,2009-05-30 04:19:32-07:00,65
@tommcfly Hey! I really like you and your band mcfly! It would be great of you say hi to me! ,1970553722,2009-05-30 04:19:49-07:00,93
@tommcfly lol coffee is awesome! epic energy buzzzz!!!! especially starbucks  yumo!,1970553883,2009-05-30 04:19:51-07:00,83
@tommcfly Doughter would be Prog and son would be fig ,1970570942,2009-05-30 04:23:52-07:00,54
@tommcfly how are bored must u be lol  funny!! and i think they would have little priggys lol,1970571019,2009-05-30 04:23:53-07:00,93
@tommcfly theyd have progs becaure i like fig rolls + that would put me off them  x,1970577754,2009-05-30 04:25:27-07:00,83
@tommcfly Haha  Tom?? Who the hell created harry's twitter cos the dude never come's on? Hmmmm lol,1970578018,2009-05-30 04:25:31-07:00,98
@tommcfly I think that they will have progs... just because sounds cool! hahahha ,1970578806,2009-05-30 04:25:42-07:00,81
@tommcfly progs ,1970580017,2009-05-30 04:26:01-07:00,16
@gfalcone601 @tommcfly i think i'm agree with giovanna! listen her! ,1970585567,2009-05-30 04:27:22-07:00,68
@tommcfly  Why did i read that as ' Gotta fuck off' sorry for the language  Have fun x,1970586200,2009-05-30 04:27:32-07:00,86
"@tommcfly okay, did u know rio is spanish 4 river  byeee x",1970586275,2009-05-30 04:27:34-07:00,58
"@tommcfly Definatly Progs...sounds better, this is what too much coffee does ",1970587395,2009-05-30 04:27:51-07:00,77
@tommcfly i shall be waiting for your tweet. i am going to go watch twilight now so it will distract me for a bit ,1970595260,2009-05-30 04:29:48-07:00,114
@tommcfly Tom when you come to Japan show again? ? ,1970597252,2009-05-30 04:30:13-07:00,51
@tommcfly i like the sound of both..  FIGS.PROGS. ) hehehe,1970602465,2009-05-30 04:31:21-07:00,58
@tommcfly looking forward till the day we might get to hear your new song ,1970603565,2009-05-30 04:31:37-07:00,74
@tommcfly they'd be Pogs ,1970619295,2009-05-30 04:35:20-07:00,25
"@tommcfly tom, figs are fruits. i doubt miss piggy would give birth to fruits ",1970619779,2009-05-30 04:35:27-07:00,78
@tommcfly your playing V fest! aaah now i wanna go SO much more! safe journey to rio  x,1970636628,2009-05-30 04:39:25-07:00,87
@tommcfly Havee Funnn ,1970637230,2009-05-30 04:39:33-07:00,22
@tommcfly hahaha Figs! and i wish you a happy trip tom tom tom! ,1970646737,2009-05-30 04:41:41-07:00,64
I love @tommcfly's tweets... they're always such cute little random things ,1970663775,2009-05-30 04:45:38-07:00,75
@tommcfly Hey tom. I seen you couple months ago at the newcastle gig and that was my 7th time  xxx,1970727118,2009-05-30 04:59:59-07:00,98
"@tommcfly just passed a flying school, made me think of you! Its a lovely day 4 flying, shame huh.  x",1970746488,2009-05-30 05:03:56-07:00,101
@tommcfly have a great time in rio ,1970753975,2009-05-30 05:05:29-07:00,35
@tommcfly they would have figs because you always put the male bit first  xx,1970764672,2009-05-30 05:07:46-07:00,76
@tommcfly tomm!  i wish i could meet you in the hotel  i will give my best to realize my dream! i desire a wonderful concert! i cant wait.,1970976305,2009-05-30 05:50:41-07:00,138
@ddlovato @tommcfly Are you both on the same airport or are you both just on an airport with runny noses?  <3,1971054569,2009-05-30 06:04:48-07:00,109
@tommcfly @dannymcfly@dougiemcfly @mcflyharry THANKYOU!!! for playing liv.summer pops again. ahh going to be awsome! thankyou thankyou  xx,1971195254,2009-05-30 06:28:57-07:00,138
@tommcfly 'I challenge anyone to see us live and not be impressed' so true! ive converted a few people to the 'fly side ,1971294187,2009-05-30 06:44:58-07:00,120
"@tommcfly tooom, take care! i hope u and dougie get better until the gig in Porto Alegre, 2 june ",1971330169,2009-05-30 06:50:34-07:00,97
"@tommcfly http://twitpic.com/4i90j - brazilian food is the best, don't forget to try brigadeiro (:9) and tapioca!  +1 i recommend our  ...",1971399594,2009-05-30 07:01:09-07:00,138
@tommcfly Love you so much and great show in Rio. ,1971469180,2009-05-30 07:11:06-07:00,50
@tommcfly yesterday's gig was amazing Tom. thanks for it ,1971574414,2009-05-30 07:24:46-07:00,57
@tommcfly Hey Tom  Would you ask Danny what's his favorite Death Cab For Cutie song?  Xx,1971575338,2009-05-30 07:24:54-07:00,88
@tommcfly as Danny never tweets almost! Haha. You rock as a tweeter. Would you mind ask him?  XXx,1971590027,2009-05-30 07:26:57-07:00,97
@tommcfly =O hocus pocus is on ,1971619008,2009-05-30 07:31:00-07:00,31
"@tommcfly tooooooooom (: lovely day, isn't? ",1971619322,2009-05-30 07:31:02-07:00,44
"@tommcfly Tooom, can I call your room now? I'll respect if you dont wanna.. But is just some short words ",1971662856,2009-05-30 07:37:01-07:00,105
@tommcfly I want to know if you come to Germany this year. When will you announce your new tour dates ??! ,1971691480,2009-05-30 07:40:56-07:00,106
@tommcfly Sleep well & dream of a concert in Germany ;P Have much fun in Rio!  when will you announce the new tour dates? please tell ?,1971692531,2009-05-30 07:41:05-07:00,135
@tommcfly Oooh  That's cool! Hopefully we'll be able to see it!  Tell Danny ... Read More: http://is.gd/JUVq,1971693176,2009-05-30 07:41:10-07:00,108
@tommcfly Oow! I think I know what tv show is.  Do I write right? I hopeso. :x,1971693362,2009-05-30 07:41:11-07:00,78
@tommcfly Tom! all of us will watch this TV show! I'm soo anxious ,1971707688,2009-05-30 07:43:10-07:00,66
"@tommcfly are u going to projac, on globo tv? ",1971721910,2009-05-30 07:45:07-07:00,46
Broccoli-Mcfly @tommcfly you sound so young ,1971764863,2009-05-30 07:50:53-07:00,44
@tommcfly have fun ,1971780675,2009-05-30 07:53:00-07:00,19
@tommcfly see you later! ,1971781757,2009-05-30 07:53:09-07:00,25
"@tommcfly TOOOOM  follow me! Pleasee, hahahaha ;P",1971874047,2009-05-30 08:05:04-07:00,49
"@tommcfly   Tom! For you: http://www.twitpic.com/5v181 and http://www.twitpic.com/5v0x2 vï¿½, por favor!  (mistura de inglï¿½s e portuguï¿½s) xD",1971954982,2009-05-30 08:15:14-07:00,144
"@tommcfly I just bought the 80's film ""Weird Science"", it's about 2 guys who tries to create the ""perfect woman"", have you seen it? ",1972453822,2009-05-30 09:15:17-07:00,132
"@tommcfly hello, good morning, have a good concert in Rio, I wait you in Porto Alegre ",1972454611,2009-05-30 09:15:22-07:00,86
"@tommcfly hey tom, is true that you and demi are thinking in recording a song together ? :O'. it would get totally AWESOME ",1972721624,2009-05-30 09:45:42-07:00,123
@tommcfly looking forward to the TV show you guys were filming. really hard to unconcentratedly watch ur interview though. ,1972914816,2009-05-30 10:07:29-07:00,123
@tommcfly can't wait to see what the guys of this tv show will ask you to do! HAHAHAH it's gonna be very very funny! ,1972988382,2009-05-30 10:15:49-07:00,117
"@tommcfly omfg todaaaaaaaaaaaaaaaaay  see you soon, tom ",1973022680,2009-05-30 10:19:48-07:00,56
@tommcfly hey tom its my 16th birthday today! haha it would be the best birthday ever if you could say happy birthday to me!  x,1973312600,2009-05-30 10:54:23-07:00,127
@tommcfly I'm waiting 2 McFly in Faustï¿½o again ,1973381208,2009-05-30 11:02:19-07:00,49
"@tommcfly HAHA WE KNOW THIS TV SHOW!CASSETA E PLANETA,CAN'T WAIT TO SEE WHAT THAT GUYS WILL DO WITH U.  TAKE CARE TOM,GET WELL!",1973552539,2009-05-30 11:22:25-07:00,127
"@tommcfly casseta&planeta, can't wait. tom, thank you thank you thank you, thank you, you guys are great, can't say how much i'm happy  xx",1973569112,2009-05-30 11:24:26-07:00,138
@tommcfly hi tom! thanks for coming out yesterday in the hotel and sorry about the crazy fans.. hope you enjoy every second in brazil! ,1973569307,2009-05-30 11:24:28-07:00,135
@tommcfly that's weird but funny tom. This TV show will be on Brazilian TV in @ggiulia 16th Birthday on tuesday  june 2nd,1973569429,2009-05-30 11:24:29-07:00,121
"@tommcfly ah that's scary, even with fake guns! you're in the ghetto man ",1973569708,2009-05-30 11:24:31-07:00,73
"@tommcfly TOM, I was in the show of the day 28/05, and I took a ball of duck, you remember? I love you, thanks for the most perfect show! ",1973570731,2009-05-30 11:24:38-07:00,138
"@tommcfly Tom, why you are all the times twitting ? go talk with fï¿½ns. ",1973587190,2009-05-30 11:26:36-07:00,73
"@tommcfly: what's the name of this tv show, u know? kisses I luv u ",1973623271,2009-05-30 11:30:48-07:00,67
"@tommcfly that tv show is called casseta&planeta, can't wait . tom, don't know what to say to thank you, i'm very happy to have you here ",1973623802,2009-05-30 11:30:51-07:00,137
@tommcfly http://twitpic.com/3ytzm - WTH???kl its glowing ,1973708790,2009-05-30 11:40:44-07:00,58
@tommcfly brazil havent turned on you have they? haha check your tweets people send you about being in brasil.  xx,1973708982,2009-05-30 11:40:45-07:00,114
@tommcfly hahahahahahah im pretty sure i know what tv show is that! caceta e planeta right???  hilarioussss,1973743216,2009-05-30 11:44:51-07:00,107
@tommcfly http://yfrog.com/0x70wj HAHAHAHA AS FUNNY AS BRAZIL! Was it funny to film? I just LOVE this tv show! can't wait to watch it tom ,1973914905,2009-05-30 12:04:55-07:00,138
@tommcfly do you  think you're gonna release this new song soon? csnt wait to listen to it ,1974363161,2009-05-30 12:59:00-07:00,91
@tommcfly You do look good with a bass though  xxx,1974395979,2009-05-30 13:03:06-07:00,50
@tommcfly I think you'll learn fast 'cuz you've got talent for music ,1974396836,2009-05-30 13:03:12-07:00,69
@tommcfly really cool.......  but bass willnot be a prob for u ; ),1974396923,2009-05-30 13:03:13-07:00,66
@tommcfly how many instruments do u play? ,1974397416,2009-05-30 13:03:16-07:00,42
"@tommcfly hahaha you must rock at bass  rio is beautiful, enjoy it haha",1974413295,2009-05-30 13:05:13-07:00,71
@tommcfly Now your diseasing everyone else eh Tom...discraceful lol ,1974413899,2009-05-30 13:05:17-07:00,68
@tommcfly are you gonna be doing another charity footie thing in the summer again? ,1974427880,2009-05-30 13:06:59-07:00,83
"@tommcfly you're lovely in bass, tom! I loved when you played tranny here in brasilia. hope dougie gets better! ",1974428252,2009-05-30 13:07:00-07:00,112
@tommcfly i like when you play the bass ,1974430275,2009-05-30 13:07:15-07:00,40
@tommcfly hope dougie gets better and you played bass really well tom ,1974461104,2009-05-30 13:10:57-07:00,70
"@tommcfly he's still ill? aww, shucks. bass is hard, my fingers always hurt from practicing. transylvania is awesome to play ",1974463929,2009-05-30 13:11:18-07:00,125
@tommcfly Rio de Janeiro is great Tom! ,1974463962,2009-05-30 13:11:18-07:00,39
@tommcfly you are just a huuuge rockstar! how can you play all those instruments? :O . REPLYY ME PLEASE TOMMY ,1974478999,2009-05-30 13:13:06-07:00,110
"@tommcfly Phew, good job I've not got any!! Hope you're ok Tom ",1974494426,2009-05-30 13:14:57-07:00,63
"@tommcfly this year, so i'm already saving for the next one!  hope you have an awesome show tonight!",1974495026,2009-05-30 13:15:01-07:00,100
@tommcfly : huh?  did the others like your song? can't wait to hear it! much love from Germany. xx,1974497528,2009-05-30 13:15:17-07:00,98
"@tommcfly is your voice back? i hope so!  you kinda sounded like chipmunk in recife LOL but it was a kick ass gig, though!",1974497550,2009-05-30 13:15:17-07:00,122
i vote you and @tommcfly go on all star mr and mrs  xx,1974511737,2009-05-30 13:16:59-07:00,54
@tommcfly that doesnt make sense.... ,1974513371,2009-05-30 13:17:11-07:00,37
i know that @tommcfly will answer me someday. i know he will. ,1974528047,2009-05-30 13:19:00-07:00,62
"Its interersting  YOU, DEBBIE and GIO always write together    VERY INTERESTING @tommcfly",1974545362,2009-05-30 13:21:05-07:00,89
@tommcfly tomtom <3  6 days  for McFLY in argentina! omg haha please reply me *.*,1974576185,2009-05-30 13:24:58-07:00,81
"@tommcfly @dannymcfly THANKS TO YOU YESTERDAY WENT THE BEST NIGHT OF MY LIFE, THANKS YOU ",1974926601,2009-05-30 14:05:30-07:00,89
@tommcfly Tom  kermit the frog was scared or miss piggy lol .x,1975041248,2009-05-30 14:19:26-07:00,62
@tommcfly Give it to a borrower  xxx,1975199812,2009-05-30 14:39:25-07:00,36
@tommcfly lol that will sooo fill you up hehe x maybe get a tiny packet of butter and i minute slice of ham and mmmm..scrummy and filling ,1975200014,2009-05-30 14:39:26-07:00,138
"@tommcfly HEY TOM  did you like the BRIGADEIROS that i sent to ya yesterday at the parker? reply please, i've sent it to YOU. xx love you",1975233590,2009-05-30 14:43:40-07:00,137
"@tommcfly TOM! Can you say at show tonight 'Thaï¿½s Moreira' (name of my friend) please? I wish this, please ",1975234034,2009-05-30 14:43:44-07:00,109
"@tommcfly hahahaha is very small, i don't know why ",1975249280,2009-05-30 14:45:40-07:00,51
@tommcfly tom! do you think it would be possible for mcfly and demi lovato to tour together? that would pretty much make my life ,1975295400,2009-05-30 14:51:32-07:00,129
@tommcfly mini bread + cream cheese = paradise ,1975377639,2009-05-30 15:01:53-07:00,47
@tommcfly Ha! Nibble it to make it last! ,1975440409,2009-05-30 15:09:43-07:00,41
@tommcfly Put it in ur mouth ,1975726111,2009-05-30 15:46:10-07:00,29
"@tommcfly Toomm , watch my draw for you  http://twitpic.com/6ahev",1976044631,2009-05-30 16:28:02-07:00,65
"@tommcfly i saw you in edinburgh you were amaaazing, i love you i love you i love you   xxx",1976046973,2009-05-30 16:28:19-07:00,91
"@tommcfly Toomm , watch my draw for you  http://twitpic.com/6ahev",1976059546,2009-05-30 16:29:59-07:00,65
"@tommcfly new lyrics?.. check this out, u should try it  http://www.bubbletweet.com/",1976094047,2009-05-30 16:34:20-07:00,84
@tommcfly Kisses from chile!!!  And STOP IGNORING US!!,1976168651,2009-05-30 16:44:15-07:00,54
"@tommcfly Tom, that's the best thing I've heard in a month. ",1976182279,2009-05-30 16:46:01-07:00,60
"@tommcfly thought you'd think this is cool. my cousin is going to personally meet the head of NASA to discuss future projects. Cool, huh? ",1976245886,2009-05-30 16:54:27-07:00,138
@tommcfly with the bread.. DONT FOLD IT!! It only makes a mess!!! But get an amp up to 11 and that will cheer you up!!  ,1976302383,2009-05-30 17:01:59-07:00,120
"People, vote @gfalcone601 for Miss Twitterworld and @tommcfly for Mr. Twitter universe ^^ Do it do it do it  Xx",1976467859,2009-05-30 17:24:04-07:00,111
@tommcfly will you be going to see the mighty Spinal Tap on the one night only world tour? I'm sure hilarity will ensue there ,1976544506,2009-05-30 18:24:17-07:00,126
@tommcfly tom can u make me a tomelet?  lol i have to discover when u'll go to porto alegre's airport.. i want to be there!!,1976698473,2009-05-30 18:48:28-07:00,124
@tommcfly Flamengo's beach...  at night is beautiful..,1976811591,2009-05-30 19:08:52-07:00,54
@tommcfly you look happy  enjoy your show!,1976829657,2009-05-30 19:12:36-07:00,42
"@tommcfly so glad you liked the cowd  ha, you're so fancy! xx",1976845541,2009-05-30 19:16:27-07:00,61
@tommcfly we have some kick-ass beaches here in Venezuela! C'mon Fletcher! You all have so much fans here ,1976853270,2009-05-30 19:18:18-07:00,106
@tommcfly  tooooooooooooooom ,1976854452,2009-05-30 19:18:37-07:00,29
"@tommcfly so glad you liked the crowd  ha, you're so fancy! xx",1976861537,2009-05-30 19:20:19-07:00,62
@tommcfly Aw  I'm glad the concert was awesome... have you gone to the beaches in Rio yet? they're beautiful.,1976871148,2009-05-30 19:22:40-07:00,109
@tommcfly IT WAS AMAZING TOM! THANK YOU VERY MUCH FOR THE BEST SHOW EVER! ENJOY RIO  xx,1976881181,2009-05-30 19:24:59-07:00,87
@tommcfly Lucky you ,1976915940,2009-05-30 19:33:00-07:00,20
@tommcfly what time is it in brazil?  tweet tweet,1976981456,2009-05-30 19:46:26-07:00,49
"@tommcfly Thomas, why do not you ask someone to do brigadeiro for you? It is really good! ",1976982594,2009-05-30 19:46:36-07:00,90
"@tommcfly Ooh, take a picture?? ",1977005513,2009-05-30 19:50:45-07:00,32
laughing at @tommcfly and his awesome-ness. i love my DVD ,1977027759,2009-05-30 19:54:40-07:00,58
"@tommcfly Hi tom, that's good that you liked of the show! I wanna to go there, but i can't. BUT I STAY SO HAPPY BY YOU ",1977053587,2009-05-30 19:58:52-07:00,119
@tommcfly Sounds like fun!  I'm so glad Summer is finally here! <3,1977065588,2009-05-30 20:00:45-07:00,66
@tommcfly move to brazil  ah! luved you trying samba hahahaha sweeeeet!,1977066748,2009-05-30 20:00:56-07:00,71
"@tommcfly hurry up and come home  we miss you loadss and only 19 days till i see you, rock out for uss (:",1977134746,2009-05-30 20:11:11-07:00,105
@tommcfly the ocean really is amazing ,1977259728,2009-05-30 20:31:09-07:00,38
@tommcfly Hey tom ! the show in rio was amazing! I love ya guy! I get one peace of your 	Towel  Thak you vary much for exist!,1977443116,2009-05-30 20:59:24-07:00,125
@tommcfly @DebbieFletcher @gfalcone601 i love this its sooo funny  http://bit.ly/a8Hbp,1977761748,2009-05-30 21:39:10-07:00,86
@tommcfly please tom! say 'hola' to the argentinian fans! ,1978095148,2009-05-30 22:25:47-07:00,58
"@tommcfly wow, reached your 50.000 followings  you happy? haha xx",1978209865,2009-05-30 22:43:18-07:00,65
"@Dannymcfly @mcflyharry @dougiemcfly @tommcfly Can you say: ""Hola Mï¿½xico y Venezuela"" to your mexican and venezuelan fans? ",1978226306,2009-05-30 22:45:55-07:00,125
"@Dannymcfly @mcflyharry @dougiemcfly @tommcfly Can you say: ""Hola Mï¿½xico y Venezuela"" to your mexican and venezuelan fans? ",1978234981,2009-05-30 22:47:17-07:00,125
"@Dannymcfly @mcflyharry @dougiemcfly @tommcfly Can you say: ""Hola Mï¿½xico y Venezuela"" to your mexican and venezuelan fans? ",1978263789,2009-05-30 22:51:54-07:00,125
@tommcfly i think beaches are the most beautiful things on earth there's just so much to get from them ,1978274868,2009-05-30 22:53:42-07:00,103
"@Dannymcfly @mcflyharry @dougiemcfly @tommcfly Can you say: ""Hola Mï¿½xico y Venezuela"" to your mexican and venezuelan fans? ",1978323713,2009-05-30 23:01:31-07:00,125
"@dannymcfly @tommcfly..(8) need to know if u're there, if u're listening to my prayers..(8).so..just a reply pleasee!!! come to mexico!! ",1978394366,2009-05-30 23:13:36-07:00,137
"@tommcfly argh so jealous! Hopefully I'm gonna go on holiday to Chile next year, bet it's just as amazing as Brazil ",1978472618,2009-05-30 23:27:54-07:00,116
"@tommcfly it takes a real man to drink a glass, of wine, tom ",1978775197,2009-05-31 00:25:33-07:00,61
@tommcfly https://twitter.com/Astronautics FOLLOW THIS! It's Nasa news! ,1978861410,2009-05-31 00:43:33-07:00,72
@tommcfly http://yfrog.com/588hij ha it's so small!! ,1979033540,2009-05-31 01:22:14-07:00,53
"@tommcfly dude i must have spent atleast ï¿½50 on itunes mcfly music, witch is bad concidering im only 12 and dont have a job...  ahh well.x",1979133376,2009-05-31 01:46:21-07:00,140
http://twitpic.com/6bnte - @tommcfly What do you think?  x.,1979191266,2009-05-31 02:00:16-07:00,59
"@tommcfly sounds awesome! ahah my birthday today, beaching down bournemouth  could you make my 14th birthday and say happy birthday? ta!",1979205697,2009-05-31 02:03:35-07:00,136
@tommcfly listening to Surf Medley whilst sunbathing.. think it's a Motion In The Ocean day! such awesome music ,1979221613,2009-05-31 02:07:32-07:00,112
"@tommcfly here, have my 3,400th tweet. you deserve it!! cannot wait for your new album!!  xx",1979360337,2009-05-31 02:42:38-07:00,92
@tommcfly hey tom..pls tell all your fans to vote on http://www.musiqtone.com/ and you are so gonna win ,1979406110,2009-05-31 02:54:44-07:00,104
@tommcfly even notice haha ,1979436932,2009-05-31 03:02:29-07:00,27
@tommcfly hey you have more than 50000 followerrs now! Congrats ,1979529216,2009-05-31 03:26:26-07:00,64
"@tommcfly, your home sooooooooooon ",1979581819,2009-05-31 03:40:04-07:00,35
"@tommcfly just wondering, who cam up with the idea for 'one for the radio's video? plus, you should get updating mcflyofficial.com! ",1979605770,2009-05-31 03:46:10-07:00,132
"@tommcfly just wondering, who came up with the idea for 'one for the radio's video? plus, you should get updating mcflyofficial.com! ",1979606305,2009-05-31 03:46:18-07:00,133
@tommcfly HA. the other day i saw this like chewbacca statue type thing and it kinda reminded me of you!!  xx,1979697311,2009-05-31 04:08:19-07:00,109
@tommcfly and say good morning to danny for me ,1979705659,2009-05-31 04:10:21-07:00,47
@tommcfly rub it in why dont youuu ,1979706879,2009-05-31 04:10:39-07:00,35
@tommcfly i wish i had a beach to go to now  xxx,1979707351,2009-05-31 04:10:45-07:00,48
@tommcfly aww jump in while everyone else is packing Hehe  x,1979714674,2009-05-31 04:12:36-07:00,60
"@tommcfly Staaaay Toom! Pleaseee. You don't wanna talk to Faustï¿½o, he is ugly! Talk to me in Rio!  ",1979721289,2009-05-31 04:14:17-07:00,101
@tommcfly hi how are you? ,1979721306,2009-05-31 04:14:17-07:00,26
@tommcfly TWEET ME INDIVIDUALLY ,1979721394,2009-05-31 04:14:19-07:00,32
@tommcfly ahh its alright for some! hehee  hope your having fun!! how many shows left?,1979721430,2009-05-31 04:14:19-07:00,86
"@tommcfly dude, that awesome! congrats ",1979721461,2009-05-31 04:14:20-07:00,39
"@tommcfly i've checked my @ replies and so far, i've not received my good vibe ",1979721883,2009-05-31 04:14:26-07:00,79
@tommcfly wow! :O hope your having an amazing time over there ,1979722870,2009-05-31 04:14:40-07:00,62
@tommcfly tweet me individually ,1979722978,2009-05-31 04:14:42-07:00,32
"@tommcfly THOMAS. i was like your 10th follower... and you still havent replied to me. You little nasty hahaa, hope all is well in brazil ",1979723197,2009-05-31 04:14:45-07:00,138
"@tommcfly : yes, you're the best twitterer here. and soon Mr Twitter Universe.  xx",1979724857,2009-05-31 04:15:07-07:00,82
@tommcfly Hi!! Please say hi to me! You're so awesome and handsome!!! Please tweet back!  WE ? YOU!!!,1979731594,2009-05-31 04:16:42-07:00,101
@tommcfly Hey Tom! How's the weather!  Omg I can't believe you said hi to David haha omg!!!!! ,1979731599,2009-05-31 04:16:42-07:00,94
@tommcfly you can say me hello! please! ,1979732263,2009-05-31 04:16:51-07:00,40
@tommcfly You should tweet some people  (hint!) Your still in the lead for MR twitter universe lol yey go you! ,1979737703,2009-05-31 04:18:08-07:00,111
"@tommcfly you&Gi, your music + lyrics - AMAZING. if you havent heard of Switchfoot & Relient K, please check them out. love Ra in Oz  Xx",1979737921,2009-05-31 04:18:12-07:00,136
@tommcfly The concert yesterday was AMAZING.The best EVER! You guys are making me more impressed every year with your tallent  love you <3,1979738722,2009-05-31 04:18:23-07:00,138
I wish @tommcfly and @TomFelton will reply to me one day! ,1979739732,2009-05-31 04:18:39-07:00,58
"@tommcfly bet you wont tweet me, BUT IT WOULD'VE BEEN AWESOME. i'm gonna pretend that you did. then i'll feel happy all day ",1979739833,2009-05-31 04:18:42-07:00,124
"@DavidArchie Hey David, @tommcfly just gave you a shoutout. You can follow him!  Love you!",1979740083,2009-05-31 04:18:45-07:00,90
@tommcfly Oh i would be glad to have a reply from the talented Tom Fletcher  Are u coming in france soon?,1979741525,2009-05-31 04:19:07-07:00,105
@tommcfly will the pizza challenge continue for summer shows [including liverpool summer pops]? ,1979747006,2009-05-31 04:20:23-07:00,96
@tommcfly haha and i remember at the beginning where you and doug were both trying to get to 1000  xxx,1979747276,2009-05-31 04:20:27-07:00,102
@tommcfly ooh get you mr popular!! i sense another twitter party coming on ,1979747903,2009-05-31 04:20:35-07:00,75
@tommcfly It's my birthday today! ,1979762638,2009-05-31 04:24:15-07:00,34
"@tommcfly wow, 50 000 followers, you are one popular boy!!!! LOL   xox",1979762838,2009-05-31 04:24:18-07:00,70
"@tommcfly congrats on over 50,000 followers  x",1979763070,2009-05-31 04:24:22-07:00,46
"@tommcfly &im gettin those good vibes, duuuuude  keeep on rockkin ;p",1979763605,2009-05-31 04:24:30-07:00,68
@Tommcfly ,1979771732,2009-05-31 04:26:30-07:00,10
"@tommcfly ""This video is not available in your country."" - doesn't work. ",1979779602,2009-05-31 04:28:29-07:00,73
"@tommcfly Oh, i cant watch it!!  xxx",1979779834,2009-05-31 04:28:32-07:00,36
@tommcfly Going out to see you! (I hope) ,1979795797,2009-05-31 04:32:15-07:00,41
"@tommcfly Yes, your right, there pretty awesome ",1979805304,2009-05-31 04:34:39-07:00,48
@tommcfly please reply to me! i would total freak out if you did!  xx,1979806842,2009-05-31 04:35:02-07:00,69
@tommcfly come back to aus soon when you came here I missed out on meeting you but I was on your side for the concert ,1979807496,2009-05-31 04:35:10-07:00,118
"@tommcfly quick quick , go for a quick swim ! , Thenice in englan , been outside for two hours and im soo brwon !!  x",1979807524,2009-05-31 04:35:10-07:00,117
@tommcfly its a lovely day for flying in the UK  i've seen 3 planes fly over my house so far today!  xx,1979812202,2009-05-31 04:36:17-07:00,103
@tommcfly when will you  come back home? Oh and does Dougie feel better? send him and to the all band big love from the israelis fans ,1979814030,2009-05-31 04:36:45-07:00,134
@tommcfly how's going with the new song you wrote? Did the guys like it?I'm sure it's great song  I can't wait to hear it already! ,1979821552,2009-05-31 04:38:33-07:00,131
@tommcfly hey is it true u nd Giovanna r gettin married?? We're all missin u guys over here! come bk sooon  xxxxxxx,1979823227,2009-05-31 04:38:57-07:00,115
@tommcfly soooooo cool! but you know whats cooler? mcfly in ISRAEL ,1979830924,2009-05-31 04:40:50-07:00,67
@tommcfly Wow you tweeted @DavidArchie!!! ,1979837346,2009-05-31 04:42:23-07:00,42
"@tommcfly I'm feeling the good vibes, thanks  I agree with you this video is  of the coolest things i've ever seen!",1979888749,2009-05-31 04:54:39-07:00,115
@McFan09 they should come back to the uk and do ucattip another 30 times  @tommcfly x,1979888760,2009-05-31 04:54:39-07:00,85
@tommcfly 50.000 followers? congrats dude! the other guys will be very jealous with u  hahaha love u xxx,1979944126,2009-05-31 05:07:04-07:00,104
"@tommcfly TOM, BRASILIA LOVES YOU  and I was surprised, guys you just ignored the faï¿½s in brasilia :/",1980118194,2009-05-31 05:44:59-07:00,103
"@tommcfly Domingï¿½o do Faustï¿½o is the wrost program EVER! so why do you going back to Sï¿½o Paulo?? Stay in Rio  anyway, have good flight! X",1980120629,2009-05-31 05:45:27-07:00,143
@tommcfly HUDSHDUASH sleeping is good. ,1980120686,2009-05-31 05:45:28-07:00,39
"@tommcfly Have fun  Hope you sleep well when you get the chance to. Good question.... I have no idea, lol. x",1980121867,2009-05-31 05:45:42-07:00,108
"@tommcfly Domingï¿½o do Faustï¿½o is the worse program EVER! so why do you going back to Sï¿½o Paulo?? Stay in Rio  btw, have good flight! X",1980129836,2009-05-31 05:47:23-07:00,140
@tommcfly i cut my skin off my leg with a razor.. it hurt! OWWW only fletcher can make it better..MAKE IT BETTER PLEASE ?!  xx,1980148599,2009-05-31 05:51:13-07:00,126
@tommcfly tom c'mon to spend yr day off in rio .. on the beach! c'mon man  u saw that rio is calm .. u went to the beach yesterday! o: xxx,1980149837,2009-05-31 05:51:28-07:00,138
@tommcfly i cut my skin off my leg with a razor.. it hurt! OWWW only fletcher can make it better..MAKE IT BETTER PLEASE  xx,1980158998,2009-05-31 05:53:22-07:00,123
@tommcfly TOOOOOOOOOOM THANKS TO MAKE YESTERDAY THE BESTEST DAY OF MY LIFE *-* u were so perfct - c'mon spend ur day off here in rio  xx,1980169597,2009-05-31 05:55:30-07:00,136
@tommcfly i cut my skin off my leg with a razor.. it hurt! OWWW only fletcher can make it better..MAKE IT BETTER PLEASE  AHAHHA x,1980170848,2009-05-31 05:55:45-07:00,129
@tommcfly do u like simple plan? and thank you yesterday was a day i never will forget! thank u thank u  c'mon spend ur day off in rio Xx,1980177745,2009-05-31 05:57:12-07:00,137
"@tommcfly I hate waiting for planes, ecpecially with my three lil bros!! They are horrid!  xxx",1980177763,2009-05-31 05:57:12-07:00,94
@tommcfly YOU GAVE ME BRUISES AND CUTS IN CROYDON.. YOU ALSO CRACKED MY PHONE SCREEN  I LOVE YOUx,1980178713,2009-05-31 05:57:24-07:00,97
@tommcfly do u like simple plan? and thank you yesterday was a day i will never forget! thank u thank u  c'mon spend ur day off in rio Xx,1980179902,2009-05-31 05:57:37-07:00,137
@tommcfly YOU GAVE ME BRUISES AND CUTS IN CROYDON.. YOU ALSO CRACKED MY PHONE SCREEN  I LOVE YOU!x,1980187473,2009-05-31 05:59:09-07:00,98
@tommcfly oh but I'm sure they will love it  when are you come back from Brazil?,1980199529,2009-05-31 06:01:14-07:00,80
@tommcfly are you comming back to Australia? We seriously need y'all here ,1980199923,2009-05-31 06:01:18-07:00,74
@tommcfly How many songs do you write in a week? I get the feeling that you write one each day! haha  Sweden says Hello!  x,1980201223,2009-05-31 06:01:32-07:00,123
@tommcfly What's up with your new songs? Give us a hint!! But i'm sure it's pretty awesome.  I can't wait! Manila ?s McFly!,1980202512,2009-05-31 06:01:47-07:00,123
@tommcfly I'm looking foward to listen to your new album  I know its gonna be awesome! Xx,1980212983,2009-05-31 06:03:49-07:00,89
@tommcfly thank you so much for the show at Brasilia! I loved it ,1980277170,2009-05-31 06:15:49-07:00,65
@tommcfly Hope you'll remember soon as possible what sleeping feels like! ,1980388253,2009-05-31 06:35:49-07:00,74
McFly's going to win musiqtone's Gotta-Know-June voting! Congrats! @tommcfly @dannymcfly @dougiemcfly @mcflyharry. we r the best fans. ,1980389145,2009-05-31 06:35:59-07:00,135
@tommcfly 'your roll' at the show in Sï¿½o Paulo (28/05) was perfect! I love you ,1980421628,2009-05-31 06:41:45-07:00,81
@tommcfly ur coming back to Sï¿½o Paulo ? You should visit Paulista Av. it's really amazing  i can't wait to hear ur new songs *-*,1980478161,2009-05-31 06:51:38-07:00,130
"@tommcfly if you want, i have a little pool over here, you are all allowed to swim there ",1980604346,2009-05-31 07:11:49-07:00,89
@tommcfly hi tom! twitter me too!!! ) i follow you ,1980670000,2009-05-31 07:22:14-07:00,51
@tommcfly hey Tom when will you come back home? and does Dougie feel better? send him and to all the band big love from Dorothy ,1980757829,2009-05-31 07:35:51-07:00,128
"@tommcfly -we will wait for you, and I thank you for caring and patience that you have the brazilian fans ",1980929230,2009-05-31 08:01:12-07:00,106
"@tommcfly Ok, I'm waiting for you to tweet me. ",1980971705,2009-05-31 08:07:01-07:00,47
@tommcfly sending those good vibes right back at ya! a tweet would be even nicer though  ,1981042685,2009-05-31 08:17:00-07:00,89
@tommcfly Eminem Relapse (Interscope)    Is the new number 1 album atm not sure if it going to change ,1981044808,2009-05-31 08:17:17-07:00,102
@tommcfly all about you is on the dfs advert ,1981130656,2009-05-31 08:29:16-07:00,45
"@tommcfly @dannymcfly @dougiemcfly @mcflyharry 3000th tweet, a reply would be nice  x",1981172536,2009-05-31 08:34:55-07:00,85
@tommcfly...Because beyond that moment lies the best parts. AGREE OR NOT UH? great days in brazil...hope ur happy in here ,1981219305,2009-05-31 08:41:07-07:00,122
@Dannymcfly @tommcfly @dougiemcfly @mcflyharry it was my birthday friday and i got yoour dvd  ... AMAZING !,1981248761,2009-05-31 08:45:06-07:00,107
@tommcfly you are only 1 hr ahead of me!! stop at orlando on your way home!! my friend and i will show you around the parks ,1981264167,2009-05-31 08:47:08-07:00,124
@tommcfly that is amazing :o  Britain's really got great talents! Netherlands on the other hand -_-',1981423770,2009-05-31 09:07:23-07:00,100
"@tommcfly Rio de Janeiro - The best show of my life, tank you guys. ",1981518459,2009-05-31 09:19:23-07:00,68
"@tommcfly TOOM, DO U LIKE JOHN MAYER TOO? JOHN MAYER AND MCFLY ARE THE REASONS OF MY LIFE  HE'S JUST AMAAZING, ISNT HE? A GUITAR GOD!",1981984850,2009-05-31 10:17:33-07:00,133
"@tommcfly Hey Tom  whereabouts in Uganda did you guys go? Im going there in July and was wondering, Gio couldnt remember. SO excited  xx",1982098940,2009-05-31 10:31:29-07:00,136
@tommcfly AMAZING! Come back soon! We really love you guys ,1982499592,2009-05-31 11:19:56-07:00,59
@tommcfly are u coming back next year? u'r still here.. and i'm already thinking of 2010. i cant wait to see you again guys ,1982803710,2009-05-31 11:56:07-07:00,124
@tommcfly why not leave your fans some lovely replies? ,1982836554,2009-05-31 12:00:03-07:00,55
@tommcfly  dance will give you sumthin to do ,1982837861,2009-05-31 12:00:10-07:00,45
@tommcfly Aw Tom at least youu have twitter!!  (ignore the last tweet :L) xxx,1982838309,2009-05-31 12:00:13-07:00,77
"@tommcfly Aha, you do make me laugh, you should tweeeet some more, make your fans happy  Will you say hi to me? Hope your feeling ok to x",1982854922,2009-05-31 12:02:00-07:00,137
@tommcfly write a song! You can inspire yourself looking the photos with the little monkeys in Manaus! ,1982854982,2009-05-31 12:02:01-07:00,103
@tommcfly reply to all your followers ;P cured boredom and happy fans. two in one ,1982855021,2009-05-31 12:02:01-07:00,82
@tommcfly you guys were amazing in FaustÃ£o! I loved it! congratulations! ,1982855191,2009-05-31 12:02:02-07:00,74
@tommcfly hey! my city is one of the 12 citys where the world cup 2014 will be!!!! so happy ,1982855334,2009-05-31 12:02:03-07:00,92
@tommcfly cant wait to see you in gloucester and summer pops  x,1982856566,2009-05-31 12:02:11-07:00,63
@tommcfly Who knew Tom Flercher could get bored? you can make yourfelf a glass of chocolate milk and read a good book. That's what I do. ,1982857129,2009-05-31 12:02:15-07:00,137
@tommcfly explore ,1982872584,2009-05-31 12:04:02-07:00,18
@tommcfly i was bored doing gcse maths revision so....http://twitpic.com/6c6c1 - 19 days till i see you live again  can't wait!  xx,1982872760,2009-05-31 12:04:03-07:00,131
"@tommcfly Hey Tom  whereabouts in Uganda did you guys go? Im going there in July and was wondering, Gio couldnt remember. SO excited  xx",1982872880,2009-05-31 12:04:04-07:00,136
@tommcfly you guys were amazing in the tv show today!! ,1982873088,2009-05-31 12:04:06-07:00,55
@tommcfly just talk to me hihihi ,1982873494,2009-05-31 12:04:08-07:00,33
"@tommcfly omg, u're wonderful know? u rock in 'faustÃ£o'! brazil loves you so much.. is truth? mcfly back to brazil in october? say yes! ",1982874395,2009-05-31 12:04:14-07:00,137
@tommcfly tweet us then  toooooooooooooooooooommmmmmmmmmmmmmmmmmmmmmmmmmmmmmmmmmmmmmmmmmmmmmmmmmmmmm x,1982874472,2009-05-31 12:04:15-07:00,102
@tommcfly you can answer your followers at twitter  How's Brazil?,1982887607,2009-05-31 12:05:45-07:00,65
@tommcfly you know what you should do? you should call this number and ask for Tata --> 96398582  it would be a nice surprise ,1982888557,2009-05-31 12:05:52-07:00,126
@tommcfly you were great on tv today ,1982890281,2009-05-31 12:06:03-07:00,37
"@tommcfly >>if you donÂ´t have anything to do, please, write a music to me!! ",1982909560,2009-05-31 12:08:18-07:00,77
@tommcfly lol at your video. ,1982944005,2009-05-31 12:12:13-07:00,29
@tommcfly You've stayed just a little time in Rio! I'll wait you back to Brasil! I can't stop to hear Mcfly today! ,1982996726,2009-05-31 12:18:19-07:00,115
"@tommcfly @dougiemcfly We've got a BRAND NEW layout on our forum, tell us what you think  â http://french-mcfly-team.fo...",1982997290,2009-05-31 12:18:23-07:00,124
"@tommcfly your a twilight fan too?  never thought that possible, glad to find out ",1982998419,2009-05-31 12:18:30-07:00,82
"@tommcfly i have a idea:make a video with the guys in your free time here in Brazil! it will be so cool! i'll loved if you send me a ""hi"" ",1982998739,2009-05-31 12:18:33-07:00,138
@tommcfly @dougiemcfly Pleaseeee Reply .. just this once  it would make my day x,1982999202,2009-05-31 12:18:36-07:00,80
@tommcfly the mtv awards here in brazil will be at 22:00 o'clock ,1983015444,2009-05-31 12:20:28-07:00,65
@tommcfly @dougiemcfly Go to Starbucks boys! There is one in Sao Paulo. ,1983031643,2009-05-31 12:22:18-07:00,72
@tommcfly nice and relaxing for mr fletcher  x,1983032149,2009-05-31 12:22:21-07:00,46
"@tommcfly you just need to watch MTV at 10 pm, tom ",1983033572,2009-05-31 12:22:31-07:00,51
"@tommcfly Aha, lucky for both of you! lol. Have fun  x",1983049236,2009-05-31 12:24:21-07:00,54
"@tommcfly You have not had the opportunity to go on the beach here in Rio de Janeiro? Beaches are amazing, you should know. ",1983067224,2009-05-31 12:26:28-07:00,124
@tommcfly Aww okkaay. Have Fun! ,1983068261,2009-05-31 12:26:35-07:00,32
@tommcfly Mtv is going to transmit MTV movie awards... 10 pm.. so.. You can wacth it ,1983083478,2009-05-31 12:28:22-07:00,85
@tommcfly what time is it over there?  x,1983085075,2009-05-31 12:28:33-07:00,40
@tommcfly Mtv is going to transmit MTV movie awards... 10 pm.. so.. You can wacth it  +1,1983102981,2009-05-31 12:30:36-07:00,88
@tommcfly Mtv is going to transmit MTV movie awards... 10 pm.. so.. You can watch it  +1,1983104045,2009-05-31 12:30:43-07:00,88
"@tommcfly myspace is putting it on there, about an hour after it airs, so you could watch it there  ox,",1983120583,2009-05-31 12:32:37-07:00,103
"@tommcfly @dougiemcfly @Dannymcfly @mcflyharry For real, you guys should come to Santos and go to the beach! I'm sure you'll love it ",1983205936,2009-05-31 12:42:34-07:00,133
"@tommcfly I think I never said you are my favorite, I love your dimple and ALL of you! now said, I feel better.  Xx",1983223167,2009-05-31 12:44:36-07:00,115
@tommcfly mtv awards is going on mtv brazil tonight too  Might have this channel on Hilton's tv! im almost sure it has ;D xx,1983256711,2009-05-31 12:48:32-07:00,124
"@tommcfly Mtv movie awards is going on tv ,just ask at the  hotel the mtv's channel and watch i ",1983292969,2009-05-31 12:52:44-07:00,96
"@tommcfly thanks for the best day of my life, again. ",1983361980,2009-05-31 13:00:43-07:00,53
@tommcfly Why don't you live here in Brazil? Or you could take me with you to England ,1983432515,2009-05-31 13:08:44-07:00,86
"@tommcfly the mtv awards are on tomorrow in the u.k, ask gi to record it for you? then you can watch it when you get home ",1983553544,2009-05-31 13:22:43-07:00,122
"@tommcfly I am going to England and see you guys at Westonbirt  Then of to London, can you recommend some places for me to go? ",1983621805,2009-05-31 13:30:40-07:00,127
aww i do love @Dannymcfly and @tommcfly tweets. They make me laugh ,1983743093,2009-05-31 13:44:55-07:00,67
"@tommcfly you can watch MTV Movie Awards! just tune on MTV at 10pm, ignore the translate and comments in portuguese, haha ",1984225000,2009-05-31 14:41:10-07:00,122
@tommcfly http://twitpic.com/64eyw - I WANT ONE *---*; You guys look really good on this photo ,1984397489,2009-05-31 15:01:44-07:00,95
@tommcfly sounds like one interesting experience! All relaxed now though? ,1984412938,2009-05-31 15:03:33-07:00,74
@tommcfly http://twitpic.com/6d3yg I finally met you! I'm so happy ,1984431628,2009-05-31 15:05:44-07:00,67
"@tommcfly amazing pics of you! I still can't believe that i saw you so close and almost felt dougie's phlegm, ha ",1984432454,2009-05-31 15:05:50-07:00,113
@tommcfly heeey tom..I see ya on Faustao ,1984446124,2009-05-31 15:07:24-07:00,41
@tommcfly good night tom (: hoho miss you s: rs come back to recife 'please please' eu amo vocÃª ,1984464794,2009-05-31 15:09:35-07:00,97
@tommcfly ,1984466397,2009-05-31 15:09:46-07:00,10
@tommcfly that means it was a good massage  but the fluff in ur toes i cant explain... lol Xx,1984467218,2009-05-31 15:09:51-07:00,93
"@tommcfly plp are saying that you guys will come back to brazil in october, is that true? ",1984481383,2009-05-31 15:11:27-07:00,90
"@tommcfly plp are saying that you guys will come back to brazil in october, is that true? ",1984484263,2009-05-31 15:11:48-07:00,90
"@tommcfly haha, owwn Tom! was beautiful in FaustÃ£o today! ",1984500151,2009-05-31 15:13:42-07:00,59
"@tommcfly Hi Tom, I wanted to say that I loved the show in SÃ£o Paulo !!!!!! ",1984515528,2009-05-31 15:15:31-07:00,77
@tommcfly Hi tom good evening ,1984567647,2009-05-31 15:21:46-07:00,30
@tommcfly do you will come to brazil in the next year ? ,1984713962,2009-05-31 15:39:31-07:00,56
"@tommcfly aww i can't wait to see u live on friday!!  Really, McFly have lots of fans here, in Argentina! <3",1984899684,2009-05-31 16:01:48-07:00,108
"@tommcfly hey! brazilian fan here  is it true, will you come back in october? hope you come to recife or another northeast city! EU TE AMO",1985384943,2009-05-31 17:00:18-07:00,138
@tommcfly you're gonna appear on tv right now.. the interview at the radio on friday.. it's gonna be funny  xx,1985437642,2009-05-31 17:06:06-07:00,110
@tommcfly the name of the channel is REDETV !. ,1985593708,2009-05-31 17:24:18-07:00,47
@tommcfly tom you have facebook ?? or myspace personal?? Replyyy please yes?? dont be cruel ,1986151907,2009-05-31 18:24:18-07:00,92
@tommcfly finally free  hahahaha,1986155961,2009-05-31 18:24:41-07:00,32
@tommcfly Tom my ear still doing that 'peeee' because of the concert yesterday. its annoying me .-. but i loved to see you ,1986173824,2009-05-31 18:26:20-07:00,123
@tommcfly what about MTV movie awards? Turn the tv onnnnnnnnnnn ,1986174640,2009-05-31 18:26:25-07:00,64
@tommcfly haha  it depends if its red or white whether its girly lol,1986285975,2009-05-31 18:36:54-07:00,68
"@tommcfly hey, just saw that crazy interview that u were...on tv..lol..with that ""pretty fan"" .lol..they are very crazy, comedy show.. ",1986423645,2009-05-31 18:48:59-07:00,135
"@tommcfly how's going?thank you very much for the greatest show in Rio!I was waiting for you at the airport,but i hope meet you someday ",1986519177,2009-05-31 18:56:57-07:00,136
@tommcfly I've just seen the most bizarre radio interview. WHY u didn't kiss that woman? she was so pretty! JUST KIDDING ,1986521352,2009-05-31 18:57:09-07:00,121
@tommcfly just saw panico interview... doug knew what was burn the donnut.. I'm so proud ,1986695025,2009-05-31 19:11:22-07:00,89
"@tommcfly  come to vancouver, Canada.   you guys are beyond amazing <3 !",1988929028,2009-05-31 23:48:04-07:00,72
@tommcfly TOM! Please tell people to vote for @gfalcone601 at http://bit.ly/be9nb She's your friend right? PLEASE!  Give me shoutout too!,1988937054,2009-05-31 23:49:36-07:00,137
@tommcfly and i can't believe you didn't come see the fans hosted at hilton's on thursday and friday. i'm gonna kill you mr. fletcher ,1988945937,2009-05-31 23:51:17-07:00,134
"@tommcfly Tom, you left me very curious, hahahha I want to know what happened? hahahaha  nite xxxx",1988948094,2009-05-31 23:51:42-07:00,98
@tommcfly TOM! Please tell people to vote for @gfalcone601 at http://bit.ly/be9nb She's your friend right? PLEASE!  Give me shoutout too!,1988948369,2009-05-31 23:51:45-07:00,137
@tommcfly When are you coming to Australia again? My best friend and I would love to meet you! ,1989479269,2009-06-01 01:41:42-07:00,95
"@tommcfly hey, just wanted to ask which songs you're goin to cover the next time? ",1989683736,2009-06-01 02:26:05-07:00,82
http://bit.ly/PmvRY Vote for @tommcfly @TomFelton @dannymcfly @dougiemcfly @mcflyharry and @DavidArchie ! ,1989747529,2009-06-01 02:40:04-07:00,106
@tommcfly how's going with the new song? I'm sure it's amazing. what the boys thought about it? please answer me! plz plz plz plz plz plz ,1990551079,2009-06-01 05:09:52-07:00,138
@tommcfly please tom look this http://twitpic.com/6ec77 - i made for u! hope u like ,1991103005,2009-06-01 06:24:31-07:00,84
@tommcfly Come on! tell us what happened! Pleaaaaase ,1991278430,2009-06-01 06:44:40-07:00,53
"@tommcfly I saw Derren Brown Live Saturday, I never in a million years expected that! It was soo good!  xxx",1991350512,2009-06-01 06:52:45-07:00,107
"http://bit.ly/PmvRY Time to vote for @tommcfly @TomFelton @dannymcfly @dougiemcfly @mcflyharry and @DavidArchie !  All of them, 'kay? LOL.",1991814350,2009-06-01 07:42:39-07:00,138
@tommcfly that was really sad. Hope everything will be okay soon. Hope you reply to me. ,1992204701,2009-06-01 08:22:27-07:00,88
@tommcfly good morning tom ! you'll back to brazil in october ? ,1992229912,2009-06-01 08:24:52-07:00,64
@tommcfly http://bit.ly/JRhPM - sneek peek of New Moon trailer  enjoy! x,1992376060,2009-06-01 08:39:12-07:00,72
"@tommcfly Did you liked the ""SORRY GIRLS I ONLY DATE BRAZILIANS"" shirt? I looooved meet you in Rio, the BESTEST hug that I ever received ",1992418454,2009-06-01 08:43:16-07:00,137
@tommcfly hmm an clever boy HAHAH on youtube there a loot of MTV awards videos. was amaazing. twilight won 5 awards :o REPLYY ME ,1992419208,2009-06-01 08:43:20-07:00,129
@tommcfly Are u coming back in October? is it true???? please tell me it is! ,1992436484,2009-06-01 08:45:03-07:00,77
"@tommcfly let's hope you room service is better than the other day! 200th post, for you. ",1992477485,2009-06-01 08:49:05-07:00,89
@tommcfly have you seen the new moon trailer yet? i Have ,1992478536,2009-06-01 08:49:12-07:00,57
@tommcfly The new moon trailer is amazing ,1992479329,2009-06-01 08:49:15-07:00,42
"@tommcfly heey, is now rerun on MTV Brazil now, I'm watching, waiting to interview because of you in Panic, last night ",1992496862,2009-06-01 08:50:56-07:00,119
@tommcfly OMG tom the new moon trailer is awesome!! youtube it right now  xx,1992499717,2009-06-01 08:51:12-07:00,76
"@tommcfly haha, yeah i'm pretty sure the record label wouldn't have been that great. :L but now it's super duper ",1992685713,2009-06-01 09:09:29-07:00,113
@tommcfly HAHHAHAHA! Egg Records?!... HAAHAH- Hang on... I like it ! But super is better ,1992687051,2009-06-01 09:09:37-07:00,89
"@tommcfly its wicked  Would have been so funny "" egg records"" it has a ring to it  i like it  , what you up to ? x",1992687439,2009-06-01 09:09:39-07:00,114
@tommcfly EGG records is funny. But I think super records is a really cool name. I'm glad you quit cuz your music is a lot better. ,1992688338,2009-06-01 09:09:45-07:00,131
@tommcfly hey tom!  are you going to fly to porto alegre today?,1992709787,2009-06-01 09:11:47-07:00,63
@tommcfly o.O Oh la la. I think if you called it EGG records you might just get taken off the dfs advert and put on the happy eggs advert ,1992710634,2009-06-01 09:11:52-07:00,138
@tommcfly Hey Tom  can i ask you something? - are you guys planning to  come to Denmark in the near future? ,1992726884,2009-06-01 09:13:27-07:00,108
"@tommcfly when do u arrive in Porto Alegre? pleeease give-me an answare! and, don't worry, I'm not that kind of girl that disturbe people ",1992976284,2009-06-01 09:37:47-07:00,138
@tommcfly I have to know if you guys will really come!  I hope so and who knows this time I meet you personally...,1993016077,2009-06-01 09:41:43-07:00,114
@tommcfly http://twitpic.com/4ed3x - Lol where are you guys? ,1993143745,2009-06-01 09:54:08-07:00,61
@tommcfly http://twitpic.com/4864o - Rawr   (Means i love you in dinosaur..),1993162830,2009-06-01 09:56:00-07:00,76
"@tommcfly Hey, just wondering, will you play any new material at the Forest Gigs? Thanks so much for Cambridge & Ipswich- unforgetable.  x",1993194443,2009-06-01 09:59:08-07:00,138
@tommcfly hope you get the correct thing other than granola and boiling milk ,1993268061,2009-06-01 10:06:13-07:00,77
@tommcfly You should come back to Britian. it is like a heat wave. it has been scorching since friday.  x,1993328875,2009-06-01 10:12:07-07:00,105
"@tommcfly haha i agree but like danny says on the dvd he is ""wierd and wonderful"" or as dougie says himself ""wierd and greasy"" lol xxx ",1993372455,2009-06-01 10:16:15-07:00,135
@tommcfly  tweet @X_SammyBaby_X she really wants a reply off you! ,1993520311,2009-06-01 10:30:34-07:00,66
@tommcfly Sao Paulo skyline is horrible! It's always cloudy and rainy up there. Hope you guys got lucky ,1993664687,2009-06-01 10:44:23-07:00,104
@tommcfly Have a good swim tom!!  Had a really bad day coz im ill...a reply would cheer me up!!  LOVE YOU xx,1993666204,2009-06-01 10:44:31-07:00,108
"@davidarchie btw, @tommcfly send u a tweet yesterday ",1993685977,2009-06-01 10:46:20-07:00,53
@tommcfly see if i had a swimming pool in my back garden would you swim in it? ,1993686420,2009-06-01 10:46:23-07:00,79
"@tommcfly niiiiceeee, have fun x im sure the song will be wicked, they always are  xxx",1993687226,2009-06-01 10:46:27-07:00,86
@tommcfly  have fun,1993687701,2009-06-01 10:46:30-07:00,19
@tommcfly I don't think you have anything to worry about the song writing all of them are awesome  !,1993689039,2009-06-01 10:46:38-07:00,100
@tommcfly  cant beat a bit of cheesiness though haha!! your songs haveliterally got me through my exams. so thank you!!! ,1993704567,2009-06-01 10:48:06-07:00,121
@tommcfly you could write a song about platonic love. HAHA would be quite amazing ,1993731056,2009-06-01 10:50:34-07:00,82
@tommcfly I'm already feeling the lack of you here in Brazil ... love you.   ,1993731421,2009-06-01 10:50:37-07:00,77
@tommcfly have a nice swim ,1993793254,2009-06-01 10:56:27-07:00,27
"@tommcfly We're very happy for have u here in Sao Paulo, really, and thanks for the greaaaat gig! ",1993793255,2009-06-01 10:56:27-07:00,98
@tommcfly have a lovely swim  x,1993969905,2009-06-01 11:12:31-07:00,31
"@tommcfly hey tom  erm i know you guys are busy and all writing and swimming, but could you do a late birthday message for me? thankyou!",1994412465,2009-06-01 11:53:10-07:00,136
@tommcfly you will respond to me one of these days... right? ,1994480786,2009-06-01 11:59:15-07:00,61
@tommcfly Fancy Doing your good deed for the day and cheering an obsessive fan up?  Hi would Probz Do Ittt  x x,1994651901,2009-06-01 12:15:06-07:00,111
"@tommcfly @dannymcfly We're very happy for have u here in Sao Paulo, really, and thanks for the greaaaat gig! ",1994891231,2009-06-01 12:37:14-07:00,110
@tommcfly so danny didnt try to kill you this time lol .....  and yeah i know i cant wait !!  Xx,1994953647,2009-06-01 12:43:14-07:00,96
@tommcfly yeah it looks awesomeeee . i can't wait to see it ,1994955061,2009-06-01 12:43:22-07:00,60
@tommcfly put some coats on! it's really cold in porto alegre! ,1994997136,2009-06-01 12:47:16-07:00,63
"@tommcfly i know, i ACTUALLY cant wait for it ",1995019900,2009-06-01 12:49:25-07:00,46
"@tommcfly Dougie's not online, so I'm asking to you. Is he ok? I heard that he was sick. Really hope he's feeling better. ",1995042723,2009-06-01 12:51:33-07:00,122
@tommcfly I'm still reading Eclipse but i loved New Moon  cant wait for the movie =Dxx,1995105828,2009-06-01 12:57:38-07:00,86
@tommcfly did you liked twilight ? i'm so excited to see new moon soon ,1995148299,2009-06-01 13:01:38-07:00,71
@tommcfly tom! look at this: http://bit.ly/zp3If. isso Ã© a reportagem do pÃ¢nico na tv. tem a sabrina sato e o xupla  use the google ,1995172835,2009-06-01 13:03:56-07:00,134
@tommcfly i know it does doesn't it ,1995212918,2009-06-01 13:07:46-07:00,36
"@tommcfly heey Tom, why don't you write a song about Brazil? It would be wonderful! ",1995214846,2009-06-01 13:07:58-07:00,84
@tommcfly hey are you guys the cavemen in night at the museum??my bro says its u guys and one of them does look like Dougie  lol,1995232832,2009-06-01 13:09:44-07:00,128
"@tommcfly Haha, you come out with the strangest things!  xxx",1995316747,2009-06-01 13:17:44-07:00,60
"@tommcfly i dont no what your talking about, im just gonna nod along!  maybe you could explain to me?? xxx",1995338680,2009-06-01 13:19:53-07:00,106
@tommcfly PLEASE PLEASE PLEASE ANSWER ME ,1995339624,2009-06-01 13:19:58-07:00,41
@tommcfly how could you swim?? Is too cold today..Oo how I couldn't meet you this week I'm making planes for next time hahahaha ,1995406724,2009-06-01 13:26:28-07:00,128
@tommcfly McFly can pass energy and love when sing and play. thanks for come back and for everything. love you xx and come back again ,1995445667,2009-06-01 13:30:11-07:00,134
"@tommcfly oh i get it now lol, i just remembered the back to the future film lol haha! YES HISTORY WILL CHANGE  Xx",1995446316,2009-06-01 13:30:14-07:00,114
@tommcfly helloooooo  xxxxx,1995489317,2009-06-01 13:34:21-07:00,27
"@tommcfly Good Show in Porto Alegre  Miss your cats? I have a equal and called Tom, in your homage! Thank you for the show",1995575013,2009-06-01 13:42:36-07:00,122
"@tommcfly say 'good birthday' for jennifer , pleaaaase  are you the president ? no thuse, you're the time PLEASE ",1995596003,2009-06-01 13:44:39-07:00,113
@tommcfly are you doing a meet and greet in Rochester? Like everyone I no is going on 17th July!! Can't wait ,1996275224,2009-06-01 14:48:57-07:00,109
@Dannymcfly @dougiemcfly @tommcfly hi boys! are you coming to mexico???? i miss you love ya <3 ,1996337475,2009-06-01 14:55:05-07:00,95
"@tommcfly HEY, miss you Tom ! love you so much s2, I loved the show (28/05) was the best day of my life, thanks ",1996750475,2009-06-01 15:37:28-07:00,112
@tommcfly twitter do Tom ,1996971629,2009-06-01 16:01:20-07:00,25
@tommcfly when do you guys go back to england? come to california before you guys go backkkk ,1996973687,2009-06-01 16:01:32-07:00,93
@tommcfly eeew :x i like 'rolinhos primaveira' ,1997560359,2009-06-01 17:03:48-07:00,47
@tommcfly But did you liked the food?Haha ,1997562845,2009-06-01 17:04:04-07:00,42
"@tommcfly HEY, miss you Tom ! love you so much s2, I loved the show (28/05) was the best day of my life, thanks ",1997599914,2009-06-01 17:07:52-07:00,112
@tommcfly dude anwser me just once and i'll be happpy 'til the everlast ,1997618031,2009-06-01 17:09:48-07:00,72
@dannymcfly you and @tommcfly on twitter? this restaurant must be really boring! ahahahhaha ,1997657077,2009-06-01 17:13:52-07:00,92
"@tommcfly I have a video of the show in rio, you played so good!  ",1997678271,2009-06-01 17:16:05-07:00,66
"@tommcfly haha oh dear... You should eat a BBQ in Porto Alegre, they have the bestest meat ever! could you say HAPPY B-DAY to me, please? ",1998574128,2009-06-01 18:46:32-07:00,138
"@Dannymcfly @tommcfly did you eat PAO DE QUEIJO? if you didn't, please do it before leave brazil, you will love!! trust me  hah",1998628029,2009-06-01 18:51:52-07:00,127
@tommcfly Japonese food here in Brazil is different! It's a mix of japonese and tropical food! Some people don't like it ,1998631493,2009-06-01 18:52:14-07:00,121
"@tommcfly tom, can u talk with isah? 'she loves you, yeaah, yeaah.' hahaha  serious, talk to her, please.  love ya â¥+1",1998695029,2009-06-01 18:58:34-07:00,120
@tommcfly next time i will take you to a better restaurant! FUN! can't wait!  GOOD NIGTH TOM.. the last night in sao paulo.. sad! =/,1998717247,2009-06-01 19:00:39-07:00,132
"@tommcfly tom, can u talk with isah? 'she loves you, yeaah, yeaah.' hahaha  serious, talk to her, please.  love ya â¥",1998734891,2009-06-01 19:02:22-07:00,118
"@tommcfly i hate flooding, but its for a good reason! go meet isabella, please!  xx",1998755930,2009-06-01 19:04:24-07:00,83
"@tommcfly hey, tom. can you talk with isah, please? she's a nice girl and really deserves it.  thank you xx",1998818866,2009-06-01 19:10:30-07:00,107
"@tommcfly 'please, go meet Isabella. please please please, Tom!' ",1998842331,2009-06-01 19:12:48-07:00,65
"Good Night everybody ...@tommcfly goodnight Tom,now, i want a bowl of cereal too ",1998861165,2009-06-01 19:14:42-07:00,81
"@tommcfly hmm, what kind of cereal are you going to eat to replace your horrible japanese meal..?  lol.  ",1999376685,2009-06-01 20:06:42-07:00,105
@tommcfly yay tom! hope you're fine  can you say HI to all your Argentinian fansssss? <3,1999391163,2009-06-01 20:08:12-07:00,88
@tommcfly why don't you ask fans opinions on photos? that would be fun  haha,1999513959,2009-06-01 20:21:01-07:00,76
"@tommcfly I think that your beautiful picture ... ahh, you have several other beautiful photos too! ",1999531746,2009-06-01 20:22:55-07:00,100
@tommcfly you are tom fletcher! the geek mush cute ,1999532058,2009-06-01 20:22:57-07:00,51
"@tommcfly OMG Tom, that modesty. your photos are all perfect! ",1999549885,2009-06-01 20:24:51-07:00,62
@tommcfly i like this one! try it   http://bit.ly/11FbKu,1999570433,2009-06-01 20:27:00-07:00,56
@tommcfly i like this one! try it  http://bit.ly/11FbKu,1999571822,2009-06-01 20:27:09-07:00,55
"@tommcfly tom, are you crazy? you have millions of great photos ",1999588126,2009-06-01 20:28:51-07:00,64
@tommcfly Search yourself in Google images.. I'm sure you'll find something! ,1999588985,2009-06-01 20:28:55-07:00,77
@tommcfly Can you say Hola Mexicanas please please?? juust wanna say that not is hard Â¬Â¬ ,1999611001,2009-06-01 20:31:05-07:00,91
@tommcfly changing your pic is a good idea. And you look as good as Dougie! LOL. Hope you reply. ,1999611762,2009-06-01 20:31:09-07:00,97
@tommcfly Can you say Hola Mexicanas please please?? juust wanna say that not is hard Â¬Â¬ ,1999629183,2009-06-01 20:32:56-07:00,91
@TomMcFly I'm McSpaming a lot haha but common Tom!!! Remember your mexicans fans! we love you! ,1999650191,2009-06-01 20:35:05-07:00,95
"@tommcfly You and Dougie are great .. but in different ways. look on the brighter side, you're taller than he  ",1999669602,2009-06-01 20:37:05-07:00,111
"@tommcfly Tom, please say HOLA MEXICO just a once please ",1999686980,2009-06-01 20:38:53-07:00,57
@tommcfly Can you say Hola Mexicanas please please?? juust wanna say that not is hard Â¬Â¬  you forget the mexican fans :O,1999688191,2009-06-01 20:39:01-07:00,122
"@tommcfly Tom, please say HOLA MEXICO just a once please ",1999688252,2009-06-01 20:39:01-07:00,57
@tommcfly You have a lot of grat picture  and You are all beautiful in a different way ,1999688709,2009-06-01 20:39:04-07:00,87
"@tommcfly Tom, please say HOLA MEXICO just a once please ",1999689392,2009-06-01 20:39:08-07:00,57
"@tommcfly http://twitpic.com/5ybjf  you should come to brazil every month, what do you think? ha x",1999707680,2009-06-01 20:40:57-07:00,98
"@tommcfly tooom please answer dude ok you dont answer i know, so wtf im here i dont know i love you   Â¬Â¬",1999747933,2009-06-01 20:45:05-07:00,106
@tommcfly try this one http://i43.tinypic.com/1g6log.jpg you look so charming.. Learn it: VOCÃ Ã LINDO. (for boys ok?) LINDA is for girls ,1999818628,2009-06-01 20:52:50-07:00,140
@tommcfly i dont want to annoy u bc u made my day in the showcase at the mall in mexico city..  now u prob think im bipolar =P we love u,1999858893,2009-06-01 20:57:18-07:00,136
@tommcfly haha. aw tom.. You have charm. And that's way more permanent and better than looks. For me at least. ,2000055505,2009-06-01 21:19:22-07:00,111
"@tommcfly Awwww, keep your twitter picture, I think it's gorgeous! You don't need to look like Dougie, you look adorable the way you are! ",2000120898,2009-06-01 21:27:11-07:00,138
@tommcfly Hey! I love mcfly sooo much! Please reply to me! ,2000187799,2009-06-01 21:35:14-07:00,59
@tommcfly I say numero uno.   You look awesome.,2000190321,2009-06-01 21:35:32-07:00,47
"@tommcfly http://twitpic.com/6g582 - haha, i love yourfacial expression! This one is intense! ",2000202768,2009-06-01 21:37:04-07:00,94
"@tommcfly if you want to look like Dougie, put up Dougie's pic.LOL.jk. the first pic looks great ",2000204250,2009-06-01 21:37:14-07:00,97
"@tommcfly http://twitpic.com/6g582 - Ooo this is an awesome pic, but my vote is for the other one. ",2000204312,2009-06-01 21:37:15-07:00,99
@tommcfly the first one is incredible beautiful and it is my vote ,2000206347,2009-06-01 21:37:30-07:00,66
@tommcfly THE FIRST ONE ,2000206647,2009-06-01 21:37:32-07:00,24
@tommcfly hmm definitely option 1 - you won't be able to see yourself in option 2 because the space for the pic is too small ,2000219123,2009-06-01 21:39:06-07:00,125
@tommcfly go for the second one because the first one is a close up just like your pic now... change it up!! ,2000220256,2009-06-01 21:39:14-07:00,109
@tommcfly http://twitpic.com/6g55n - this one.. you look so hot! ,2000221637,2009-06-01 21:39:25-07:00,65
@tommcfly the first one! it's awesome ,2000221645,2009-06-01 21:39:25-07:00,38
@tommcfly http://twitpic.com/6g582 - OMG I REALLY LIKE THIS ONE TOM !!!  U ROCK ! REALLYYYYYYY !!!!!,2000222072,2009-06-01 21:39:28-07:00,100
@tommcfly I like the first choice ,2000304008,2009-06-01 21:49:47-07:00,34
@tommcfly Option 2!! Come to Asia! ,2000304467,2009-06-01 21:49:51-07:00,35
@tommcfly u have a picture! it takes a few seconds ,2000317541,2009-06-01 21:51:30-07:00,51
@tommcfly that's like choosing the starbucks coffee you want. Impossible to choose! ,2000317877,2009-06-01 21:51:33-07:00,84
@tommcfly How bout go to the Philippines and take a picture of yourslef here? ,2000347003,2009-06-01 21:55:19-07:00,78
@tommcfly http://twitpic.com/6g55n - Again - It is absolutely adorable ,2000367130,2009-06-01 21:57:53-07:00,71
"RIGHT, if @tommcfly reply me, I'll give him a new les paul!  Tom, did you received this box? http://twitpic.com/5v1sq did you like? Xx",2000379543,2009-06-01 21:59:30-07:00,134
"@tommcfly YOU SHOULD TRY CLICKING ""DELETE CURRENT"".  It will work, it worked for me!",2000381400,2009-06-01 21:59:45-07:00,84
@tommcfly haha wow you follow @DavidArchie? lol ,2000396817,2009-06-01 22:01:34-07:00,48
"RIGHT, if @tommcfly reply me, I'll give him a new les paul!  Tom, did you received this box? http://twitpic.com/5v1sq did you like? Xx",2000396989,2009-06-01 22:01:35-07:00,134
@tommcfly Lame lah you. Okay sorry. I used some Singlish. Come to Singapore! Wheeeeeeeee  omg omg am i lame omg?,2000415180,2009-06-01 22:04:00-07:00,112
@tommcfly im gonna hafta agree with @PerezHilton on this one. Posters please?  Thats a fiiine pic.,2000430243,2009-06-01 22:05:53-07:00,98
@tommcfly oh oh oh i like the first one. It's pretttttty and hot yay ,2000444287,2009-06-01 22:07:46-07:00,69
@tommcfly GOSH! ...but i prefer the latter! what will we do tonight??  x,2000446280,2009-06-01 22:08:02-07:00,72
"RIGHT, if @tommcfly reply me, I'll give him a new les paul!  Tom, did you received this box? http://twitpic.com/5v1sq did you like? Xx",2000490004,2009-06-01 22:13:58-07:00,134
"@tommcfly btw this ""no photo"" thing happened to me, but chill cause it starts working again someday HAHAH ",2000530972,2009-06-01 22:19:37-07:00,106
@tommcfly i've got this photo at my fotolog: http://bit.ly/oiWbc  i love it! so i choose this one ,2000532215,2009-06-01 22:19:47-07:00,98
@tommcfly i wonder if you gonna reply me one day or if i'm just gonna keep talking and never get an answer ,2000533015,2009-06-01 22:19:55-07:00,107
@tommcfly Do you just google yourself now or have you got those photos on your computer? ,2000546121,2009-06-01 22:21:41-07:00,89
"@tommcfly ah, but u look hot in ur own way if u looked lik dougie,dere would be 1 less special but i aint complainging either way. hotts ",2000574544,2009-06-01 22:25:42-07:00,137
@tommcfly http://twitpic.com/6g55n - this and that....both ,2000574675,2009-06-01 22:25:43-07:00,59
"@tommcfly http://twitpic.com/6g55n - please this one!  ""swedish fans love you"" xx",2000588616,2009-06-01 22:27:44-07:00,81
@tommcfly this one! ,2000618394,2009-06-01 22:31:58-07:00,20
@tommcfly http://twitpic.com/6g55n - THIS ONE THIS ONE THIS ONE!   ,2000644528,2009-06-01 22:35:47-07:00,67
@tommcfly http://twitpic.com/6g55n - definitely this one! is so beautiful  you look amazing ^^ [2] Totally *-*,2000723660,2009-06-01 22:47:53-07:00,110
@tommcfly http://twitpic.com/6g55n - This one ,2000814552,2009-06-01 23:02:09-07:00,46
@tommcfly http://twitpic.com/6g55n - this one ,2000879099,2009-06-01 23:12:29-07:00,46
@tommcfly http://twitpic.com/6g55n - This onee!  Xx,2000900799,2009-06-01 23:16:05-07:00,51
@tommcfly http://twitpic.com/6g55n - This one!  Its AWESOME! ,2000913921,2009-06-01 23:18:20-07:00,61
"@tommcfly http://twitpic.com/6g582 - I think you should use the other one, it's better for a profile pic. ",2001009797,2009-06-01 23:34:45-07:00,106
@tommcfly http://twitpic.com/6g55n - this one definately  x,2001124161,2009-06-01 23:54:52-07:00,59
@tommcfly http://twitpic.com/6g55n - this one! we get a close up on ur face ,2001223873,2009-06-02 00:12:28-07:00,76
"@tommcfly I vote the first one, you look amazing  xx",2001362520,2009-06-02 00:38:21-07:00,52
@tommcfly http://twitpic.com/6g55n - definitely this one ,2001364510,2009-06-02 00:38:45-07:00,57
@tommcfly You should change cos you've had yours for a while. Definitely the first one ,2001518323,2009-06-02 01:08:58-07:00,87
"@tommcfly I liked this one  What, are you kidding? I have loads of good photos of you! ;) Xx",2001557083,2009-06-02 01:16:47-07:00,92
"@tommcfly defo this one, dont go with the other! ",2001635018,2009-06-02 01:32:44-07:00,49
@tommcfly tom you and perfect. any photo is success ,2001655621,2009-06-02 01:36:58-07:00,52
@tommcfly - Ohh yes!!! This one for sure!!! ,2001666248,2009-06-02 01:39:13-07:00,44
"@tommcfly http://twitpic.com/6g55n - Whoa ur so gorgeous, Tom *_* This one is amazing ",2001759016,2009-06-02 01:58:47-07:00,86
"@tommcfly I think option no. 1 is really cool, go for that ",2001769675,2009-06-02 02:00:46-07:00,59
@tommcfly http://twitpic.com/6g55n - this one of course! *-* if you want I have a lot of beautiful photos hahaha ,2001809129,2009-06-02 02:08:49-07:00,113
"@tommcfly Awww Tom, I had same probs tryin to change my photo, its the twitter photo curse!  ps pic 3's really cool ",2001818190,2009-06-02 02:10:42-07:00,116
@tommcfly http://twitpic.com/6g55n - this one. ,2001829326,2009-06-02 02:13:00-07:00,47
"@tommcfly the first one, you can see your face properly which is too handsome to hide ",2001877709,2009-06-02 02:23:13-07:00,86
@tommcfly http://twitpic.com/6g55n - ThatÂ´s pretty!!!! ,2001936264,2009-06-02 02:35:11-07:00,56
@tommcfly http://twitpic.com/6g55n - this one pleaseee ,2002044982,2009-06-02 02:57:40-07:00,55
@tommcfly definatly option one  x,2002050664,2009-06-02 02:58:52-07:00,33
@tommcfly http://twitpic.com/6g55n - this one  love it,2002104543,2009-06-02 03:09:28-07:00,54
@tommcfly http://twitpic.com/6g55n - Thisssssss Oneeeeee (:  Yummmm ,2002104668,2009-06-02 03:09:29-07:00,68
@tommcfly http://twitpic.com/6g55n - All are wicked but I'd pick this one. ,2002112530,2009-06-02 03:11:01-07:00,75
@tommcfly TOMMM USE THIS PIC ITS SOOO AMAZINGGG http://twitpic.com/6g55n  USEE ITT NOWWW LOL sorry i just love it  xx,2002155081,2009-06-02 03:19:37-07:00,117
@tommcfly NUMBER ONE! ,2002165207,2009-06-02 03:21:39-07:00,22
@tommcfly http://twitpic.com/6g55n - u look so cute in this one. ,2002173072,2009-06-02 03:23:18-07:00,65
@tommcfly http://twitpic.com/6g582 - Oooo i luv this one aswell...but if had to choose id choose the first one ,2002184103,2009-06-02 03:25:30-07:00,111
@tommcfly http://twitpic.com/6g55n - oh my god  this one! ,2002232105,2009-06-02 03:35:01-07:00,58
"@tommcfly the first option. and what are you talking about, you look good in every photo ",2002274846,2009-06-02 03:43:22-07:00,89
"@tommcfly http://twitpic.com/6g55n this one  i like the colours! you've already had a b&w one, so have this!",2002342127,2009-06-02 03:55:58-07:00,108
@tommcfly http://twitpic.com/6g55n - This one ,2002385872,2009-06-02 04:03:31-07:00,46
@tommcfly http://twitpic.com/6g55n - has to be this one ,2002388072,2009-06-02 04:03:55-07:00,56
"@tommcfly http://twitpic.com/6g55n - very beautiful, like it in your profile ",2002420901,2009-06-02 04:09:47-07:00,77
@tommcfly what about this for your new photo http://twitpic.com/6gild i think its you anyways from radioactive tour ,2002486524,2009-06-02 04:21:18-07:00,116
@tommcfly dont you think it would be cool to work at google?!  x,2002502096,2009-06-02 04:24:03-07:00,64
@tommcfly http://twitpic.com/6g55n - THIS ONE!! It's really nice ,2002525019,2009-06-02 04:27:55-07:00,65
@tommcfly you've became so gorgeous recently! you'll never read this so its okay for me to say it ,2002570753,2009-06-02 04:35:28-07:00,98
@tommcfly i like the second photo!! really cool! ha  but yeaa american tour next!!,2002572291,2009-06-02 04:35:43-07:00,82
@tommcfly http://twitpic.com/6g55n - This is hottt ,2002633014,2009-06-02 04:45:47-07:00,51
@tommcfly http://twitpic.com/6g55n - THIS ONE! CAT OF LOVE. HAHAHA! IS VERY HOT! DELICIOUS :9  THIS ONE!,2002708351,2009-06-02 04:57:41-07:00,104
"@tommcfly please, please comment!    ---> http://www.twitpic.com/6gkas",2002872827,2009-06-02 05:22:09-07:00,70
@tommcfly you look hott in all pics. i think option one is more hottness and option two is more rocker  i like both. hope that helps,2002873176,2009-06-02 05:22:12-07:00,132
@tommcfly My Vote is for the up close to the mike Picture  tweet,2002899277,2009-06-02 05:25:54-07:00,64
"@tommcfly Tom, you are so beautiful as Dougie ok? ",2002944505,2009-06-02 05:32:09-07:00,50
@tommcfly http://twitpic.com/6g55n - I love this one ,2003048035,2009-06-02 05:46:03-07:00,53
@tommcfly http://twitpic.com/6g55n - Definetly THIS ONE!!! I luv it ,2003113091,2009-06-02 05:54:23-07:00,68
"@tommcfly http://twitpic.com/63eyu - Tom, u already look as good if not better, ask all of ur fans bet they all say the same as me  th ...",2003177727,2009-06-02 06:02:10-07:00,138
@tommcfly how about this as your new photo http://twitpic.com/4cto7  my photography is pretty awful to be honest..xx,2003180918,2009-06-02 06:02:32-07:00,116
"@tommcfly when you play the summer shows, can you at least play one old song from wonderland / rottf thats not been played in ages pls?  x",2003443699,2009-06-02 06:32:36-07:00,138
@tommcfly yeah! you've just changed your pic! nice choice ,2003474919,2009-06-02 06:35:59-07:00,58
"@tommcfly we don't eat frogs...that's chinese one I guess! fair enough, we have lovely noodles like wagamamas ",2003520334,2009-06-02 06:40:58-07:00,110
@tommcfly i'm sorry that i asked why you removed me from your fave's but it's all ok now  please forget it  #mcflyforgermany xx,2003646177,2009-06-02 06:54:25-07:00,127
@tommcfly you know. I had the most amazing dream last night. i met you<3 ,2003660071,2009-06-02 06:55:53-07:00,73
@tommcfly tom! don't ever say that! hahah. we love you the way you are! ,2003734256,2009-06-02 07:03:25-07:00,72
"@tommcfly i love you new photo, you look amazing !  xx",2003742923,2009-06-02 07:04:19-07:00,54
@tommcfly http://www.flickr.com/photos/katiemiddletonphotography/3589142892/ this is my best photo ,2003813545,2009-06-02 07:11:29-07:00,99
@tommcfly great choice of photo .. very nice ,2003878955,2009-06-02 07:18:08-07:00,45
@TomFelton wow! the votes between you and @tommcfly's real close! Good luck! ,2003911345,2009-06-02 07:21:25-07:00,77
@tommcfly hey Tom  Love your new pic ,2003955752,2009-06-02 07:25:49-07:00,37
@tommcfly hi tom..im lovin the new default pic. ,2003956635,2009-06-02 07:25:55-07:00,48
@tommcfly nice new av ,2003957182,2009-06-02 07:25:58-07:00,22
@tommcfly Enjoy your time in Porto Alegre! ,2003957381,2009-06-02 07:26:00-07:00,43
"@tommcfly - Good morning to u, and afternoon for us here in Portugal!  Where to now?!",2003958214,2009-06-02 07:26:05-07:00,85
@tommcfly can you give a shout out to your american fans?  we love you! coming state side in the fall? you promised 2009!,2003976641,2009-06-02 07:27:54-07:00,121
@tommcfly do you think you may have a dependency on poached eggs? just a thought!  when you guys coming back to aberdeen?,2003976788,2009-06-02 07:27:54-07:00,121
@tommcfly haha fine.. and your profile picture is good you changed it ,2003976887,2009-06-02 07:27:55-07:00,70
@tommcfly travelling again? you must be worn out. & nice picture ! ,2003977679,2009-06-02 07:28:00-07:00,67
@tommcfly Good morning Tom  Have a nice day!,2004049030,2009-06-02 07:35:00-07:00,44
@tommcfly Of course you will win and you should! One tweet means alot. ,2004117389,2009-06-02 07:41:38-07:00,71
@tommcfly WE HOPE THAT MCFLY BACK SOON  ,2004119898,2009-06-02 07:41:53-07:00,40
"@tommcfly Pahahaha its always the way & BOOO at no sun BUT YAYAYAYAY at u's comin back  Summer pops soon,hope brazils been/is awesome! x",2004138408,2009-06-02 07:43:45-07:00,136
"@tommcfly hahahaha, nice, tom  must be really weard to see yourself on tv.",2004292393,2009-06-02 07:58:37-07:00,74
@tommcfly i'd rather have rain and you guys back here than you guys beein away! xx ,2004293828,2009-06-02 07:58:46-07:00,83
@tommcfly your new pic is soooo cool! I love it!! I love your short hair... ,2004373233,2009-06-02 08:06:03-07:00,76
@tommcfly tom we miss you!! come home  aaah cant wait til rochester in july!  x,2004474627,2009-06-02 08:15:28-07:00,79
@tommcfly i love your new photo by @mumble_rosie ... she takes awesome photos of you guys at the gigs ,2004475292,2009-06-02 08:15:32-07:00,102
@tommcfly Hey Tom! Just wanna tell that I'm writing a story about you and the guys =D hope you like it that i'm doing that ,2004477277,2009-06-02 08:15:43-07:00,123
@tommcfly hey  hope the show will work tonight  #mcflyforgermany,2004491461,2009-06-02 08:17:03-07:00,64
"@tommcfly dude, the show in rio de janeiro saturday was amazing! i cried so much! was my best day! you're back in october even? love you! ",2004533925,2009-06-02 08:21:00-07:00,138
"@tommcfly Tom, your pic is lovely! I like it as like others X) when will your new album be? ",2004634510,2009-06-02 08:30:23-07:00,92
@tommcfly love love love the pic!!!!!! LOVE IT ,2004686292,2009-06-02 08:35:09-07:00,47
@tommcfly Thankyou for introducing me to SavingAimee  a few years ago  & David Archuleta.. Oooooh & Avenue  Reemer - hm not so much!,2005061071,2009-06-02 09:09:08-07:00,132
@tommcfly TOM! I want a Broccoli Played on stage ,2005061522,2009-06-02 09:09:10-07:00,49
@tommcfly PLEASE PLEASE PLEASE ANSWER ME ,2005062235,2009-06-02 09:09:14-07:00,41
"@tommcfly You could live here if you wanted to, you know.I wouldn't complain ",2005062798,2009-06-02 09:09:17-07:00,77
@tommcfly Have a safe flight! ,2005440903,2009-06-02 09:42:01-07:00,30
@tommcfly  #brazillovesmcfly  #brazillovesmcfly see?  #brazillovesmcfly on trending topics!! ,2006102400,2009-06-02 10:39:39-07:00,93
@tommcfly That's something everybody can't live. I never saw my face on MTV ! Guess that was fun ,2006103962,2009-06-02 10:39:48-07:00,97
..... meet! maybe because @tommcfly and @gfalcon601 go there too  lol.. i love starbucks and could kill for one right now!! ha Xx,2006145361,2009-06-02 10:43:34-07:00,129
"@tommcfly if you had to chose one word out of.. awesome, epic or kicks bum what would you chose??  Xx",2006986900,2009-06-02 11:58:47-07:00,101
@tommcfly tom! you are sooo perfect...i love you ,2007163717,2009-06-02 12:14:31-07:00,49
"@tommcfly when you release you rnew album, please can you do a launch thing in shepherds bush/london again please?  xx",2007241040,2009-06-02 12:21:22-07:00,118
@tommcfly #brazillovesmcfly #brazillovesmcfly #brazillovesmcfly #brazillovesmcfly #brazillovesmcfly #brazillovesmcfly #brazillovesmcfly ,2007241286,2009-06-02 12:21:23-07:00,136
@DebbieFletcher Also can you tell @tommcfly that i said his the most amazing boy in this whole entire world pleaseee ,2007917524,2009-06-02 13:20:45-07:00,117
@tommcfly LOOK IT YOU AND MY BFF  http://twitpic.com/6g13w,2008025501,2009-06-02 13:30:34-07:00,58
"@DavidArchie haha, what song was it? are you following mcfly?  @dougiemcfly @tommcfly @mcflyharry @dannymcfly (L) them all ALOT! + you! xx",2008076805,2009-06-02 13:35:09-07:00,138
"@tommcfly Tom  what do you think about Israel? Is that so hard to write some words? please Tom, it's really importent to us [the fans!] Xx",2008177945,2009-06-02 13:44:19-07:00,138
@tommcfly Only! poor you. play a game.  or you could write a new song. xx,2008428529,2009-06-02 14:07:01-07:00,73
@tommcfly http://twitpic.com/6g55n - This one ,2008429371,2009-06-02 14:07:06-07:00,46
"@tommcfly Talk to me, so it won't be boring =D Good luck on the show 2night. ",2008556706,2009-06-02 14:18:27-07:00,77
@tommcfly hi ,2009604776,2009-06-02 15:58:30-07:00,13
"@tommcfly Tommyyy It wont take long  PLEASEE are you arriving tomorrow here in Buenos Aires, or the day after???  thankssssss Flor =D",2009605316,2009-06-02 15:58:33-07:00,133
@tommcfly hi Tom its my friend Rayes Birthday to today could you message back saying happpy birthday Raye?? it would mean alot-----> THNX ,2009989584,2009-06-02 16:37:11-07:00,138
@tommcfly Thanks ,2011436325,2009-06-02 19:01:16-07:00,17
@tommcfly i cant believe you still replied back to me about my video and rool on 16 days  cant wait to see you ,2011436424,2009-06-02 19:01:16-07:00,111
"@tommcfly I are welcome always, Brazil is your house now ",2011436832,2009-06-02 19:01:18-07:00,57
@tommcfly  hi tom! tomorrow is my last day of school yayy!!  was food fight at school today. i got apple jucie on me. ever been in 1?,2011505330,2009-06-02 19:07:31-07:00,133
"@tommcfly I saw you in FautÃ£o, was amazing ",2011631247,2009-06-02 19:19:19-07:00,44
@tommcfly I hope see you again here at Rio de Janeiro.. soon..  we love you!,2011971465,2009-06-02 19:51:43-07:00,76
@tommcfly ZAC MICHAEL ELLIOT does it sound familiar?? ,2012155155,2009-06-02 20:09:41-07:00,54
"@tommcfly hi tom!  I cried like a baby tonight, I'm sorry  but the show was aaaaaawesome! best night of my life!",2012505081,2009-06-02 20:46:17-07:00,112
@tommcfly Really Tom? You have been? Soooo? You'll go here in the Phils?  #mcflyinmanila #mcflyinmanila,2012558302,2009-06-02 20:52:10-07:00,103
"@tommcfly  look for it on youtube is funny ""McFly PÃ¢nico na TV 31/05/09"" ",2012724551,2009-06-02 21:10:10-07:00,74
@tommcfly and i will wait for your 'hello' for a eternity ,2012956168,2009-06-02 21:37:10-07:00,58
@tommcfly i'm trying to change it ,2013243011,2009-06-02 22:13:24-07:00,34
@tommcfly Make good dreams Tom  Kiss from France xxx,2013285918,2009-06-02 22:19:06-07:00,52
@tommcfly At least you get to see him  You waiting for the Jackson gig is for some of us waiting on a McFly gig ,2013373473,2009-06-02 22:31:19-07:00,112
@tommcfly There's a huge rugby game on in Aus. tonight.. Can you please support the Blues (NSW) with me as no-one in my family does? ,2013416667,2009-06-02 22:37:25-07:00,133
@tommcfly haha yeah  just as awkward as Bella . You should also watch the clip where Kristen and Robert wins best kiss ;D,2013879033,2009-06-02 23:49:55-07:00,121
@tommcfly morning tom!! ) have a really important question-will be really nice if u will answer it-will u ever come here? plizzz answer ,2013961955,2009-06-03 00:03:51-07:00,136
@dannymcfly @tommcfly oopss! - *will you ever come 2 israel?? plizzz answer  Have A Nice Day DD,2013974777,2009-06-03 00:05:57-07:00,95
@tommcfly maybe the picture has already been changed but if it hasn't I think it's perfect ,2014190219,2009-06-03 00:44:02-07:00,91
@tommcfly awhh your probably sleepin right now but we want you back in england okay  can't beleive your confirmed for V ! xxx,2014272900,2009-06-03 00:59:45-07:00,125
@tommcfly You are officially Mr Twitter Universe woooooop!!! Well done haha  Go Tom!!!,2014578137,2009-06-03 02:00:06-07:00,86
yay @tommcfly has won Mr Twitter Universe ,2014581461,2009-06-03 02:00:36-07:00,42
@tommcfly but I'm glad you guys enjoyed this trip as much as we did ,2014592836,2009-06-03 02:02:40-07:00,68
"@tommcfly just seen your photo in wikipedia, is it the photo with a cute monkey?  xxx",2014663662,2009-06-03 02:16:29-07:00,85
"@tommcfly @dougiemcfly @mcflyharry @dannymcfly here you go..have my 3,600th tweet!!  XxX",2014764048,2009-06-03 02:36:32-07:00,88
@tommcfly have you been searching for yourself on google tom? ;) tut tut!! i think that pic is lovely btw and anyone would agree... ,2014836810,2009-06-03 02:51:01-07:00,132
@tommcfly im totally jealous you got invited to see the set of harry potter!! take loads of pics for us ,2014864448,2009-06-03 02:56:31-07:00,104
@tommcfly TODAY!  Argentina loves youuu!! good luck !,2015501892,2009-06-03 04:50:01-07:00,53
@tommcfly Morning tom!! DDEnjoy ur day ,2015582969,2009-06-03 05:02:05-07:00,39
@tommcfly  Norway is ready for some Mcfly action !!!! ,2015583560,2009-06-03 05:02:10-07:00,54
@tommcfly i think u're gonna be crown as Mr Twitter Universe! ,2015610181,2009-06-03 05:06:04-07:00,62
"@tommcfly NOOOOOOOOOOO,   back to BRAZIL !!!  we love you!!  hehe ",2015611152,2009-06-03 05:06:11-07:00,66
@tommcfly morning tom!! have fun in Argentina  much love from germany =P,2015651340,2009-06-03 05:12:00-07:00,72
@tommcfly Glad u got ur coat on!  Don't catch a chill :],2015667137,2009-06-03 05:14:22-07:00,56
"@tommcfly don't cry for me, argentinaaaa... love the new twitter pic btw! lookin' fiiiine, fletcher ",2015680428,2009-06-03 05:16:12-07:00,100
@tommcfly Leaving now! Thanks for being with us these two weeks! Hope you come back soon  Love you,2015680684,2009-06-03 05:16:14-07:00,98
@tommcfly COME TO SWEDEN ,2015681805,2009-06-03 05:16:24-07:00,25
"@tommcfly yeah that is a good book. By the way, I saw you in southend last month. Fave band and my first gig... I must say... BRAVO! ",2015694112,2009-06-03 05:18:08-07:00,133
@tommcfly I laugh a lot with your updates in Brazil.Hope you had a great time!!Come back always!!  kisses,2015694257,2009-06-03 05:18:09-07:00,105
"@tommcfly Awww, you make the correction.  I was just about to tell you.",2015695547,2009-06-03 05:18:21-07:00,71
@tommcfly I ABSOLUTLY LOVE THAT BOOK  The ending confused me a bit at first but yeah really like it and The Subtle Knife too ,2015696350,2009-06-03 05:18:28-07:00,125
@tommcfly here's pretty cold too u.u Buenos Aires is waiting youuu mcflyyy ,2015697060,2009-06-03 05:18:34-07:00,75
@tommcfly Hi Tom  When will you come bakc ??? Kiss from France xxx,2015701525,2009-06-03 05:19:12-07:00,66
"@tommcfly Hey Tom, did you ever watch/like the Mummy and the Mummy returns with brendan fraser? haha i love them best movies  xx",2015705049,2009-06-03 05:19:42-07:00,128
@tommcfly You're reading the saga of twilight ? I read all are amazing  you enjoying this? answer me and make me happy â¥,2015722453,2009-06-03 05:22:07-07:00,122
@tommcfly You're reading the saga of twilight ? I read all are amazing  you enjoying this? answer me and make me very happy â¥,2015737431,2009-06-03 05:24:13-07:00,127
@tommcfly bring it on!  Argentina has been waiting for a long time for a little MCFLY ACTION!,2015737434,2009-06-03 05:24:13-07:00,93
@tommcfly You're reading the saga of twilight ? I read all are amazing  you enjoying this? answer me and make me happy ,2015738373,2009-06-03 05:24:21-07:00,119
@tommcfly You're reading the saga of twilight ? I read all are amazing  you enjoying this? answer me and make me happy â¥,2015739136,2009-06-03 05:24:27-07:00,122
@tommcfly You are reading the saga of twilight ? I read all are amazing  you enjoying this? answer me and make me happy â¥,2015740184,2009-06-03 05:24:36-07:00,123
@tommcfly are you on some kind of drug today ? ,2015754029,2009-06-03 05:26:28-07:00,47
@tommcfly Nothing! ,2015767169,2009-06-03 05:28:15-07:00,19
@tommcfly NOTHING is the answer. ,2015782406,2009-06-03 05:30:15-07:00,33
@tommcfly nothing? ,2015814130,2009-06-03 05:34:28-07:00,19
@tommcfly Nothing ,2015828702,2009-06-03 05:36:25-07:00,18
"@tommcfly Do ya have a fave book of the Twilight series? Wud like to know ;) and please say ""Hi"" to Germany!  [don't wanna bother you ;D]",2015829209,2009-06-03 05:36:29-07:00,137
"@tommcfly Do ya have a fave book of the Twilight series? Wud rly like to know ;) please say ""Hi"" to Germany!  [don't wanna bother you ;D]",2015845595,2009-06-03 05:38:41-07:00,137
@tommcfly haha your hyper  looks like your enjoying yourself,2015858340,2009-06-03 05:40:22-07:00,60
"@tommcfly I was about to say to you the answer is nothing, i searched it in google  xxxxxxxxx",2015859938,2009-06-03 05:40:33-07:00,93
@tommcfly i have a lightsaber on my phone! ,2015860705,2009-06-03 05:40:39-07:00,43
"@tommcfly please please please tom please, say hi to me ",2015860891,2009-06-03 05:40:41-07:00,56
"@tommcfly We could go on a competition: ""Who drinks more coffee!"" I bet you I'd win!  ",2015874772,2009-06-03 05:42:30-07:00,86
@tommcfly ..t.alking about new planetshttp://bit.ly/wkv0a   and thought you might be interested  xx,2015875984,2009-06-03 05:42:40-07:00,99
@tommcfly haha i love coffee lol ur weird lol bet u cant find anything to rhyme with orange lol  please reply lol noone tlkin to me lol,2015889952,2009-06-03 05:44:30-07:00,135
"@tommcfly Ghost Rider... Transformer... AND TOM FLETCHER!  Hah, hope you're having a good time.  Though you still won't reply to me.",2015890519,2009-06-03 05:44:35-07:00,132
@tommcfly good point.  i kept thinking rich = always wanting more of what they already have.,2015933715,2009-06-03 05:50:08-07:00,92
@tommcfly cant wait cant wait  Argentinian fans are going mad. see you in a couple of hours ,2015951700,2009-06-03 05:52:20-07:00,92
@tommcfly well they all could be like part of the galaxy defenders crew ,2015952438,2009-06-03 05:52:26-07:00,72
"@tommcfly wanna know something random but cool? the initials of Motion In The Ocean (MITO) mean ""legend"" in Portuguese  awesome album! x",2015968767,2009-06-03 05:54:29-07:00,136
@tommcfly Hey! Will you give me a shoutout please? Also to your fans in the Philippines! ,2015971162,2009-06-03 05:54:48-07:00,89
@tommcfly you are not a woman just because you read twilight ,2015984721,2009-06-03 05:56:28-07:00,61
"@tommcfly Im So Sad. You don't reply. Please Just reply with anything. I feel stupid, ive written the same comment 10 times. lol  xx",2015984768,2009-06-03 05:56:29-07:00,132
@tommcfly have you seen the movie of the amber spyglass? ,2015985046,2009-06-03 05:56:31-07:00,57
"@tommcfly a riddle: What has a neck and no head, two arms but no hands? ",2015987521,2009-06-03 05:56:49-07:00,72
@tommcfly  Two days for the show! Yeaaah!!! ,2016003370,2009-06-03 05:58:46-07:00,44
"@tommcfly a riddle: What has a neck and no head, two arms but no hands? ",2016053817,2009-06-03 06:04:36-07:00,72
"@tommcfly ""'mcflyforgermany"" was in the Trending Topics yesterday!!!  http://twitpic.com/6gpod Please say ""Hi"" to Germany!  xx",2016054309,2009-06-03 06:04:39-07:00,126
"@tommcfly I dream about watching The phantom of the opera, the musical. I think it'd be stunning! ",2016089634,2009-06-03 06:08:47-07:00,98
"@tommcfly  Tom, I guess you aren't photogenic, because you live is beautiful, perfect. you surprised me ",2016382785,2009-06-03 06:40:52-07:00,104
"@tommcfly tom, i'll change your photo in wikipedia  kiss",2016438980,2009-06-03 06:46:44-07:00,56
@tommcfly mmm. that sounds good! hope you have a safe trip home!   xoxo.,2016723018,2009-06-03 07:15:19-07:00,72
@tommcfly where are you going next? ,2016723912,2009-06-03 07:15:24-07:00,36
@tommcfly haha! tell them to do some updates!!!!!!!!!!!!!! have fun in Argentina! but dont forget us back in England  xxxxxxxx,2016723999,2009-06-03 07:15:25-07:00,126
@tommcfly where are you heading next? or do you come back to good ol' Europe? ,2016725038,2009-06-03 07:15:30-07:00,78
@tommcfly  where you off to now?  x,2016725268,2009-06-03 07:15:31-07:00,35
"@tommcfly goodbye, tom, dougie, danny e harry! brazil, specially sÃ£o paulo, gonna miss u so much! you're awesome! come back soon! ",2016736855,2009-06-03 07:16:39-07:00,131
"@tommcfly bye tom! o/ have fun in argentina  but remember, our football team is way better them theirs. ",2016738459,2009-06-03 07:16:48-07:00,104
"@tommcfly oh,ur off to my homeland, i miss argentina so much! can my soul feel free to go w/u? xx ",2016738489,2009-06-03 07:16:49-07:00,98
@tommcfly you're welcome. come back whenever you want! ,2016738944,2009-06-03 07:16:52-07:00,55
"@tommcfly ok, so you're leaving. Two options, Tom. One: stay in Brazil. Or two: take me with you   -lol",2016761767,2009-06-03 07:19:08-07:00,103
@tommcfly take care of yourself with the planes  and enjoy argentina  come 2 europe soon,2016806940,2009-06-03 07:23:30-07:00,88
"@tommcfly Pleeease Toom, come back as soon as possible!!!!  Brazilian fans will be waiting for you and the guys *-*",2016823763,2009-06-03 07:25:10-07:00,115
"@tommcfly Hope you'll reply to @steph_davies and @trishababycakes. They love you! And i do, too. Hahaha. ",2016872162,2009-06-03 07:29:52-07:00,105
@tommcfly you're welcome tom. back to brazil  we love you ,2016872895,2009-06-03 07:29:56-07:00,58
"@tommcfly Bye Tom, i dream with you tonight! Strange, but good ",2016940573,2009-06-03 07:36:19-07:00,63
"@tommcfly omg thats so weird! iv jst done a project on mcfly, nd i went on wikpedia, i saw the photo!! it's funny nd cute  x",2016997637,2009-06-03 07:41:47-07:00,124
"@tommcfly goodbye, tom. ",2017010972,2009-06-03 07:43:04-07:00,24
@tommcfly all those flights must be boring. But it seems like it's worth it. You seem to all have fun ,2017060709,2009-06-03 07:47:51-07:00,102
@tommcfly have fun in chile. Brazil will miss you ,2017132935,2009-06-03 07:54:46-07:00,50
"@tommcfly Thanks you guys! Goodbye, Good trip! ",2017152459,2009-06-03 07:56:34-07:00,47
@tommcfly goodbye tom  you are amazing :*,2017217671,2009-06-03 08:02:35-07:00,41
"@tommcfly i LOVED the show yesterday, you guys are amazing <3 i love you so much! come back asap  byebye guys x i got danny's pick YAY *-*",2017685825,2009-06-03 08:47:30-07:00,138
@dannymcfly @tommcfly @dougiemcfly @mcflyharry Falling in Love is already nÂº3 on MTV Portugal! yay to all the fans at @mcflyportugal ,2017815824,2009-06-03 08:59:49-07:00,134
@tommcfly have fun!! but..Â¿por quÃ© argentina? llega por fin a alemania!  germany loves u! we r waiting. ,2017879731,2009-06-03 09:05:35-07:00,106
"@tommcfly Awwww, I already miss you guys! Brazil miss you! You guys should move here  Or at least come back as soon as you can! Xxxx",2017930896,2009-06-03 09:10:19-07:00,132
"@tommcfly  i'm so sad i can't be there. have fun  i'm from argentina, but i couldn't travel, please, send me something  love you!",2030738490,2009-06-04 08:48:38-07:00,129
@tommcfly tom at the Rochester gig pleease play corrupted im turning my sister into a mcfly fan by taking her nd thats her fave song  xxx,2031910872,2009-06-04 10:29:49-07:00,137
"@tommcfly YOU'RE SO BAD MAN! GOD, PLEASE YOU CAN SAY ANYTHING WITH ME OR REPLY MY OTHER MESSAGE! PLEASE, I LOVE YOU! XX ",2031911324,2009-06-04 10:29:53-07:00,120
@tommcfly in which countries are u gonna release ur next album??? ,2031911790,2009-06-04 10:29:54-07:00,66
@tommcfly you should meet me when you come back to Brazil.. it would be great hahaha ,2031913465,2009-06-04 10:30:03-07:00,85
"@tommcfly we really want you guys to come visit your fans in Norway, Sweden & Denmark. a Scandinavian tour perhaps? ",2031937128,2009-06-04 10:32:01-07:00,116
@tommcfly i'm enjoying the toy story quote in your bio there mr fletcher ,2032157284,2009-06-04 10:51:17-07:00,73
@tommcfly what you think about #hoppuspleasefollowmcfly ? ,2032158447,2009-06-04 10:51:23-07:00,58
@tommcfly The DVD Radio:ACTIVE Live At Wembley is number 1 at Saraiva store and number 2 at Cultura store here in Brazil. Congratulation! ,2032695086,2009-06-04 11:37:58-07:00,138
"@tommcfly i finish to watch the clip Falling in Love in Brazilian MTV, i'm miss you now, hope you back soon ",2032717327,2009-06-04 11:39:55-07:00,108
"@tommcfly tom, you can answer me please! i love you!  RONALDO.",2033317758,2009-06-04 12:32:01-07:00,62
"@tommcfly I think the same about you guys! Your melodies are the best, too!   xx",2033646537,2009-06-04 13:00:07-07:00,80
"@tommcfly Hey Tom, today is my birthday, I'm doing 18  Please reply me, would be the best gift! *-*",2039696616,2009-06-04 22:34:44-07:00,99
"@Dannymcfly @tommcfly Hey Tom, today is my birthday, I'm doing 18  Please reply me, would be the best gift! *-*",2039700109,2009-06-04 22:35:14-07:00,111
@tommcfly  So when are you guys ever going to do a musical cover? ,2039832839,2009-06-04 22:55:27-07:00,66
"@tommcfly marry me, Tom?  ",2044113017,2009-06-05 08:53:20-07:00,26
"@tommcfly hey  im just curious, what colour of socks are you wearing just now lol.",2044146176,2009-06-05 08:56:14-07:00,82
"@tommcfly Come back to Braziiiiil , pleeeease ",2044147704,2009-06-05 08:56:23-07:00,46
"@tommcfly oh my love, and you could compose music on a piano for me * dreams * Lol, just kidding ",2044148291,2009-06-05 08:56:26-07:00,97
@tommcfly wow!! it's rather amazing  I think you may have some competition xD... you should have them as a support act ,2044192611,2009-06-05 09:00:16-07:00,119
"@tommcfly please Tom, reply me ",2044289561,2009-06-05 09:08:33-07:00,31
"@tommcfly carrie posted that early, they make me laugh because they look like posh boys from all boys school, good job though! ",2044312775,2009-06-05 09:10:32-07:00,127
@tommcfly  who ya gonna call? Ghostbusters! haha   love it   ,2044345923,2009-06-05 09:13:25-07:00,61
@tommcfly I can't wait for the ghostbusters video game  I finally get the chance to kick some ghostbum!!!,2044451269,2009-06-05 09:22:39-07:00,105
@tommcfly you should start following your followers in return. YEAHH ,2044577318,2009-06-05 09:33:17-07:00,69
"@tommcfly oh man, I want that game! and I loved it when you played the ghostbuster theme tune on the motion in the ocean dvd  xX",2044694531,2009-06-05 09:42:02-07:00,128
@tommcfly haha that's awesome!!! ,2044846466,2009-06-05 09:53:57-07:00,33
@davidarchie #followfriday follow @tommcfly @dannymcfly @harrymcfly @dougiemcfly ,2045055706,2009-06-05 10:10:23-07:00,81
@tommcfly #mcflyforgermany #mcflyforgermany #mcflyforgermany #mcflyforgermany #mcflyforgermany #mcflyforgermany #mcflyforgermany â¥ ,2045550063,2009-06-05 10:53:27-07:00,133
@tommcfly #mcflyforgermany #mcflyforgermany #mcflyforgermany #mcflyforgermany #mcflyforgermany #mcflyforgermany #mcflyforgermany ,2045552422,2009-06-05 10:53:39-07:00,129
@tommcfly #mcflyforgermany #mcflyforgermany #mcflyforgermany #mcflyforgermany #mcflyforgermany #mcflyforgermany #mcflyforgermany ,2045626800,2009-06-05 11:00:11-07:00,129
@tommcfly All news for me would be great ,2046034025,2009-06-05 11:35:49-07:00,41
"@tommcfly can you please wish a speedy recovery for my friend ludovica? she just got operated, she's a big fan of you & the other guys ",2046034130,2009-06-05 11:35:50-07:00,135
@tommcfly so what did  you finally take ? ,2046237005,2009-06-05 11:53:25-07:00,42
@tommcfly Awwh  Have a good nap if you get one! lol. have a great show Tom!!  xx,2046361582,2009-06-05 12:04:10-07:00,80
@tommcfly the video you tweeted was very amusing  we try to get #mcflyforgermany into the trending topics. maybe you help?  xx,2046385871,2009-06-05 12:06:13-07:00,126
@tommcfly u should take a nap to kick bum at the show tonight  xx,2046407266,2009-06-05 12:08:05-07:00,65
@tommcfly Hey Tom make me happy and tweet me back! ,2046838616,2009-06-05 12:46:00-07:00,51
"@tommcfly helloTom, i'm missing you, please, answer me, i cant wait for the new album , and.. i love you and mcfly so much ",2046978918,2009-06-05 12:58:29-07:00,123
"@tommcfly ahhaahah i'm glad to know, so it is not only in brazil ",2046979413,2009-06-05 12:58:32-07:00,65
@xxbrry lol bry your reply to@tommcfly lush!! ,2046979939,2009-06-05 12:58:34-07:00,46
@tommcfly HAHA!  thats Funny! xD Xxx LoveU<3 be not to tired! <3,2046980348,2009-06-05 12:58:37-07:00,64
@tommcfly uh oh some people are skiitzoo. Go to sleeep and tell Danny to weewee out of the window ,2046980850,2009-06-05 12:58:39-07:00,98
@tommcfly OMG poor harry  i would never hurt or annoy u guys oh but i may hurt your eardrums but im sure your used to that ! LOL  !,2046981597,2009-06-05 12:58:43-07:00,131
@tommcfly Awwww poor Harry ... Danny please go toilet  have a amazin gig guys (Y) xxxxx,2046982161,2009-06-05 12:58:47-07:00,87
@tommcfly mental! Least when you come back here you know you're safe ,2047020899,2009-06-05 13:02:04-07:00,69
@tommcfly http://bit.ly/A7of3 please reply ,2047051229,2009-06-05 13:04:42-07:00,43
"@tommcfly hahaa, i lovee kit katss..!  why are you soo jumpy?  loosen up.  lol.  ",2047073117,2009-06-05 13:06:37-07:00,81
"@tommcfly omg kit kats are like the best inventions EVER!! Its like loads of chocolate, and loads of biscuit squashed together!Mmmmm  x",2047073828,2009-06-05 13:06:40-07:00,135
@tommcfly good to hear that Harry's fine!It's super scary if he had scratches!and btw it's 4am here but i'd want a kitkat! ,2047208391,2009-06-05 13:18:38-07:00,123
@tommcfly hi toom ,2047210409,2009-06-05 13:18:49-07:00,18
"@tommcfly ooow poor harry, come to portugal, these kind of things never happen here ",2047389913,2009-06-05 13:34:50-07:00,84
@tommcfly http://twitpic.com/47rhq - ,2048136359,2009-06-05 14:43:09-07:00,37
"@tommcfly haave you ever thought about coming to ""rock am ring"" or ""rock im park"" to germany? it's the biggest festival in the year ",2048138533,2009-06-05 14:43:21-07:00,132
"@tommcfly haha.have been feeling ill all week + not myself! saw you mention this on twitter,watched it and seriously cheered me up  thanks",2048180841,2009-06-05 14:47:20-07:00,138
"@tommcfly Don't worry Tom, you won't disappoint, you never did it before ",2048283468,2009-06-05 14:57:18-07:00,73
"@tommcfly you always do it great tom, dont worry. ",2048283566,2009-06-05 14:57:19-07:00,50
@tommcfly You will be good anyways!!  xxx,2048283785,2009-06-05 14:57:20-07:00,41
@tommcfly hahah awww well you're welcome here in america!    ,2048303421,2009-06-05 14:59:16-07:00,61
@tommcfly hey you wanna do a song with the Jonas Brothers for me? ,2048305650,2009-06-05 14:59:29-07:00,66
"@tommcfly don't worry, they love you ",2048305742,2009-06-05 14:59:30-07:00,37
"@tommcfly Dont be so negativeee, im sure you will do fine! I believe in you guys! ",2048325683,2009-06-05 15:01:20-07:00,82
"@tommcfly you won't disappoint them! your TRUE fans love what you do, no matter where you play! don't worry,keep a good mood and enjoy.  x",2048327413,2009-06-05 15:01:28-07:00,138
@tommcfly awwww! bet you'll be amazing  just nerves with being in a new country and stuff. you'll all do fine. x,2048434161,2009-06-05 15:11:33-07:00,112
@tommcfly Well Tom I don't think so...but good luck  ,2048434336,2009-06-05 15:11:34-07:00,53
@tommcfly hey tom! we are waiting for you here in CHILE ,2048454064,2009-06-05 15:13:30-07:00,56
@tommcfly hahah argetina love you ,2048454326,2009-06-05 15:13:31-07:00,34
@tommcfly Now your not gonna let a little sound check ruin this for you! those fans will just be glad your on the stage ha  GOOD LUCK !,2048555475,2009-06-05 15:23:32-07:00,135
@tommcfly you will never ever dissapoint fans!! ....god!  lol..i lke it wen u go wrong.. like dougie did at wolverhampton .. good times!,2048721075,2009-06-05 15:39:54-07:00,136
@tommcfly Ownn thats really sweet! How it is going Argentina? I saw the photos and seems to be a great place! ,2048802513,2009-06-05 15:47:57-07:00,110
"@tommcfly aww that's sweet. If you come to Denmark, I hope I will win a comp like that ",2048803820,2009-06-05 15:48:04-07:00,87
"@tommcfly Tom, I love your tweets!  please say ""Hi"" to me + Germany, would make my life!  #germanylovesmcfly â¥",2048922928,2009-06-05 16:00:04-07:00,112
@tommcfly i wish i could be that girl ,2048925439,2009-06-05 16:00:15-07:00,38
"@tommcfly Tom, I love your tweets!  please say ""Hi"" to Germany, would make my life!  #germanylovesmcfly â¥",2048925708,2009-06-05 16:00:17-07:00,107
"@tommcfly Tom, I love your tweets!  please say ""Hi"" to Germany, would make my life!  #germanylovesmcfly â¥",2048965930,2009-06-05 16:04:12-07:00,107
@tommcfly of course she cried... dougie and danny are so ugly! I'm joking! HAHAHAHAH ,2048967289,2009-06-05 16:04:20-07:00,85
@tommcfly apparently whoever said that must live under a rock / not have twitter. ,2049144174,2009-06-05 16:22:17-07:00,82
"@tommcfly LOL i'm sure you talk more than they could think ahah, talking is fun!  (come to CANADA someday  <3)",2049147417,2009-06-05 16:22:38-07:00,110
@tommcfly A man of few words... Of  many tweets!! ,2049147873,2009-06-05 16:22:41-07:00,50
@tommcfly http://twitpic.com/6pb1x beware to not have nightmares tonight ,2049163016,2009-06-05 16:24:18-07:00,73
"@tommcfly if it helps, I'm on yr side tom  you talk loads...",2049163191,2009-06-05 16:24:19-07:00,60
@tommcfly haha thats about right lol..........sorry ,2049163658,2009-06-05 16:24:23-07:00,52
"@tommcfly hahaha , they must be kidding . you speak A LOT at interviews Oo I'm shocked they said it . and you tweet lots . that's true ",2049184126,2009-06-05 16:26:30-07:00,135
@tommcfly haha you always speakk!  Xx,2049202838,2009-06-05 16:28:30-07:00,37
@tommcfly ah.. and #tomreply me. HAHA it will be your good action of the day  how sweet,2049538538,2009-06-05 17:03:26-07:00,87
@tommcfly good luck to you guys!! I bet your going to be amazing!! ,2049539269,2009-06-05 17:03:31-07:00,67
"@veromcfly YES, you are.  haha @tommcfly",2049575949,2009-06-05 17:07:19-07:00,40
"@tommcfly hello tom, please answer me ",2049818843,2009-06-05 17:33:20-07:00,38
@tommcfly so you have 30 minutes to take a nap ,2049820287,2009-06-05 17:33:29-07:00,47
"@tommcfly have a nap then  gosh thats late, what time is it there like? hope you're keeping okay x",2049821850,2009-06-05 17:33:39-07:00,98
@tommcfly Have a great gig ,2049856237,2009-06-05 17:37:23-07:00,27
"@tommcfly omg i'm watching an old videos and i cant stop crying hahahaha i cant stop, i cant stop loving you! ",2049858603,2009-06-05 17:37:38-07:00,110
@tommcfly good show  and how is harry? is his iphone still broken?,2049876371,2009-06-05 17:39:32-07:00,66
@tommcfly some good news 4 you..@poynterlubz and i have successfully cured your other halfs hiccups ,2049877435,2009-06-05 17:39:39-07:00,100
@tommcfly poetry? i have been reading it all night! i love poetry. and rhyme. and song. ,2049913391,2009-06-05 17:43:31-07:00,88
@tommcfly you love me too? ,2049913677,2009-06-05 17:43:33-07:00,27
@tommcfly own.. I'm laugh if you laugh ,2049914822,2009-06-05 17:43:41-07:00,39
@tommcfly everyday should be a new day to make you smile and find a new way of falling in love ,2049915411,2009-06-05 17:43:45-07:00,95
@tommcfly and we just love to hear your laugh ,2049931488,2009-06-05 17:45:29-07:00,46
"@tommcfly I hope one day u answer me by twitter!My dream is meet u  u came to Brazil and I could not see u,I was so sad,I hope u back soo",2049951745,2009-06-05 17:47:44-07:00,137
@tommcfly i've only remenbered you when i was watching the trilogy of back to future with my friends today  Xx,2049951961,2009-06-05 17:47:45-07:00,110
@tommcfly I love you ,2049986734,2009-06-05 17:51:38-07:00,21
@tommcfly hmmm... i like that!  lyric?? ,2049987900,2009-06-05 17:51:45-07:00,40
"@tommcfly not hear, but I feel, make sure ",2050002412,2009-06-05 17:53:22-07:00,42
"@tommcfly loud laugh is with me, my lagh is really loud, really ",2050020973,2009-06-05 17:55:29-07:00,64
@tommcfly And I love when you do it ,2050038649,2009-06-05 17:57:26-07:00,36
"@tommcfly,  i love you Tooooooooooooom â¥   ",2050057335,2009-06-05 17:59:30-07:00,45
@tommcfly I thing you are getting on stage right now so good luck! ,2050058386,2009-06-05 17:59:37-07:00,67
@tommcfly as do most people! such as me ,2050134927,2009-06-05 18:07:45-07:00,40
@tommcfly hope you guys have a great show tonight ,2050209838,2009-06-05 18:15:47-07:00,50
"@tommcfly man , you are good  and , I'm a fool Â¬Â¬ help of google translator",2050210024,2009-06-05 18:15:48-07:00,77
"@tommcfly say happy bday for @seblefebvre ,is he bday  haha",2050305107,2009-06-05 18:26:03-07:00,59
@tommcfly Your laughing make me happy  ,2050472394,2009-06-05 18:43:49-07:00,39
"@bnjacobs hey  , hi , you need add yo @tommcfly he loves the nasa!!",2050602276,2009-06-05 18:58:06-07:00,67
@tommcfly  love your laugh because sometimes makes me laugh too!  2,2050977642,2009-06-05 19:38:18-07:00,67
@tommcfly Awesome movie!! ,2050996407,2009-06-05 19:40:22-07:00,26
@tommcfly I'm so happy for you! ,2051031630,2009-06-05 19:44:14-07:00,32
@tommcfly say hi to meeeeeeeee  xx,2051033707,2009-06-05 19:44:28-07:00,34
@tommcfly For you *--* http://twitpic.com/6pr7s  it's not the best draw ever.. but cute ,2051050129,2009-06-05 19:46:14-07:00,88
"@tommcfly I'm sure it would do the same thing if you come to Canada! (About the crowds, not the technical issues. LOL)  WE LOVE YOU!",2051124755,2009-06-05 19:54:31-07:00,132
@tommcfly HI!!! Please say hi to me cause you're so handsome and awesome!!! I'm your number ONE fan!!!! I won't stop till you reply! ,2051160121,2009-06-05 19:58:21-07:00,133
"@tommcfly hahaa, i bet it was a long dayyy.  hmm, i say you eat.  order room service.  you'll feel refreshed once you've eaten something. ",2051165597,2009-06-05 19:58:56-07:00,138
@tommcfly u will conquer the smallest venue with ur nice voice easily! ,2051165802,2009-06-05 19:58:57-07:00,71
@tommcfly i just made this breakfast burito and man is it good ,2051166004,2009-06-05 19:58:59-07:00,63
@tommcfly You are so cute ,2051168097,2009-06-05 19:59:12-07:00,26
"@tommcfly do it, ya no ya wanna  i would haha",2051168969,2009-06-05 19:59:45-07:00,45
@tommcfly you know you want to! i'm eating a hot pocket and watching jurassic park! seen it a million times but it never gets old. ,2051190725,2009-06-05 21:01:50-07:00,131
@tommcfly If it gives u energy and is healthy....go on and eat it!! ,2051202075,2009-06-05 21:05:50-07:00,68
"@tommcfly i'm watching the Radio:Active Wembly dvd..!  ""McFly-a-zord..oh dear..""  i lovee that partt.    and what's Armaghedon about..?",2051208760,2009-06-05 21:07:53-07:00,135
"@tommcfly you definitely have to come back to argentina ;) we'll be waiting for you ^^ you guys are so awesome, thank u so much ",2051293852,2009-06-05 21:32:12-07:00,128
@tommcfly i'm watching the Radio:Active Wembly dvd. & i love you little guitar spazms on stage! and McFly-a-zord..! ,2051327839,2009-06-05 21:40:22-07:00,116
"http://bit.ly/VwV6H Vote for @tommcfly, @TomFelton, @dannymcfly ! Please? ",2051407809,2009-06-05 21:56:54-07:00,74
@tommcfly What happened with that?? We all were ready for the show at 9! Great show!!! ,2051473127,2009-06-05 22:06:53-07:00,87
"@tommcfly Hey Tom can you reply my friend @naayribeiro ? She loves you, PLEASE reply her ",2051515616,2009-06-05 22:12:49-07:00,89
"@tommcfly hahahaha. Tom, you are definitely addicted on Twitter!! hahaha. tweet tweet...  Love you!! Xx",2051529985,2009-06-05 22:14:29-07:00,103
@tommcfly next time you come to brazil you MUST bring @DavidArchie hahahha  would so amazingggg <3,2051545158,2009-06-05 22:16:18-07:00,98
"@tommcfly *gasp* no twitter for an hour! such a tradgedy, you must be addicted ",2051593963,2009-06-05 22:22:05-07:00,79
@tommcfly good for you tom! what time is it where u are?? plz reply!! ,2051762209,2009-06-05 22:44:54-07:00,70
"@tommcfly haha responsible tom, i like it  good nighttttttttttttt xx",2051763141,2009-06-05 22:45:01-07:00,68
"@tommcfly Goodnighttt. Hope you're having fun. Have an amazing time, amazing person! ",2051763779,2009-06-05 22:45:07-07:00,85
@tommcfly Good night  hope you enjoid Argentina,2051773800,2009-06-05 22:46:35-07:00,47
@tommcfly HAHAA. way to be Tom. At least you wont be hungover like the others..! ;)  i hope you sleep well..!  Goodnight! XOXO. ,2051775576,2009-06-05 22:46:52-07:00,128
@tommcfly omg I was flipping out too when twitter was down. haha  its a sign of addiction to TWITTER ha ,2051776675,2009-06-05 22:47:02-07:00,104
"@tommcfly Why aren't you drinking with them? Trying to act like the good one? Kidding. Have an awesome time, awesome person! ",2051786969,2009-06-05 22:48:35-07:00,125
"@tommcfly you should wake them nice and early, perhaps with some sort of horn ",2051790471,2009-06-05 22:49:08-07:00,78
@tommcfly Maybe you should invite the rest of the band to sleep too! haha.. i think they're so tired of your show? Well.. Goodninght TOM! ,2051801192,2009-06-05 22:50:45-07:00,138
"@tommcfly Night Tom, thank you for giving us Our BEST SHOW EVER  â¥  love you ",2051802719,2009-06-05 22:50:59-07:00,79
"@tommcfly I miss you here... come to Brazil soon, again  love ya. Goodnight xx",2051816084,2009-06-05 22:53:03-07:00,78
"@tommcfly yahoo! wish i was there. mmmh, only for the alcohol. ",2051905521,2009-06-05 23:06:37-07:00,63
@tommcfly We US McFly fans are screaming for attention #USAWantsMcFly... We speak English... No offense to fans that don't ,2051982099,2009-06-05 23:19:13-07:00,123
@tommcfly Good night tom!  ,2052072907,2009-06-05 23:34:52-07:00,27
"@tommcfly Why do people from England twitter so much?? Haha, it's insane! ",2052659311,2009-06-06 01:31:37-07:00,74
"Whoahhh!!! @DavidArchie is now number 1!!! Haha, david fans are.....wow! Haha  @tommcfly lost to DA!! Haha.. Wth just happenned?!",2052659994,2009-06-06 01:31:46-07:00,129
@bubblesparaiso follow the McFly band members!! @tommcfly @Dannymcfly @dougiemcfly  and @mcflyharry  They're a great band. ,2052694457,2009-06-06 01:39:43-07:00,123
http://bit.ly/VwV6H Voe @tommcfly please evryone  100 votes to make him number 1!! xxx,2052765097,2009-06-06 01:56:15-07:00,86
@tommcfly Good boy  Not getting smashed is good..,2052773425,2009-06-06 01:58:15-07:00,49
@tommcfly I think harry should go on twitter more  and he should add a picture too haha,2052773754,2009-06-06 01:58:19-07:00,87
@tommcfly You should at all the Crunchy Nut in Argentina...and drink all the coffee  XXX,2052834166,2009-06-06 02:12:16-07:00,88
"@tommcfly Whoaaaa looks like @DavidArchie's winning on Twitter! I love McFly, but sorry, I'm a HUUUUGE Archie fan! Good luck ",2053041226,2009-06-06 03:02:22-07:00,125
"http://bit.ly/VwV6H Vote for @tommcfly, @TomFelton, @dannymcfly and @dougiemcfly  ONLY! Please? ",2053289827,2009-06-06 04:00:39-07:00,96
http://bit.ly/VwV6H VOTE FOR TOM FLETCHER (@tommcfly) PLEASE PLEASE PLEASE.  I might follow you if you vote for him. :>,2053307674,2009-06-06 04:04:32-07:00,119
"@tommcfly hey tom  how are you? now say to me how i can miss you even i don't know ya, i wish i could but... hah  xx",2053324876,2009-06-06 04:08:25-07:00,116
@tommcfly we can`t wait till see you in Denmark! European tour soon?  xx,2053426610,2009-06-06 04:30:53-07:00,72
http://bit.ly/VwV6H VOTE FOR TOM FLETCHER (@tommcfly) PLEASE PLEASE PLEASE. ,2053759925,2009-06-06 05:36:58-07:00,76
@tommcfly just had a bit of a sway to all about you on TMF ,2053791641,2009-06-06 05:42:46-07:00,59
@tommcfly You really need to tell everyone to vote for you!! You're not in the lead anymore! David beat you already. Haha ,2053825777,2009-06-06 05:48:58-07:00,122
@tommcfly haha. Why does that not suprise me?  x x x x,2053858057,2009-06-06 05:54:47-07:00,54
"@tommcfly or at least play you guys singing ""tweet tweet"" ",2054123829,2009-06-06 06:37:02-07:00,58
@Janaaahaa i think David is also pretty cool lad to win that competition. but you're right @tommcfly has to win now!  X,2054261013,2009-06-06 06:57:21-07:00,119
@tommcfly Do you vote for yourself on the tweeterwall?? Just..wondering. Haha ,2054531384,2009-06-06 07:33:21-07:00,78
@tommcfly sp. Archuleta  get of right. Gosh,2054534461,2009-06-06 07:33:44-07:00,43
@tommcfly I know! I'm voting like a freak! in the meantime u should check my pic http://twitpic.com/6pcvm and tell me what u think ,2054546790,2009-06-06 07:35:16-07:00,131
"@tommcfly ooouh don't worry tom, we fans will help you  (waiting in Chile )",2054547406,2009-06-06 07:35:20-07:00,75
@tommcfly Haha... gutted! Well... i will keep voting ,2054548620,2009-06-06 07:35:30-07:00,53
@tommcfly aww you deserved first  x.,2054548824,2009-06-06 07:35:31-07:00,36
"@tommcfly dont worry tom, you will be back winning sooon, i am like voting for you like every 20 mins  xx",2054560936,2009-06-06 07:37:04-07:00,105
"@tommcfly Don't worry, were working on making you first again  xxx",2054561573,2009-06-06 07:37:09-07:00,66
"@tommcfly hey! tom,good day for you ",2054593448,2009-06-06 07:41:14-07:00,36
"@tommcfly whens the next uk concert?  wow, your songs are used on all the DFS adverts ",2054609291,2009-06-06 07:43:16-07:00,86
"@tommcfly youre like 10 votes behind, get voting for yourself tom ",2054655383,2009-06-06 07:49:10-07:00,66
i put @tommcfly in the lead ,2054658970,2009-06-06 07:49:37-07:00,28
"i think my 2,800th tweet went to @tommcfly yeh about 2799 tweets go to you anyways  <3 Xx",2054659686,2009-06-06 07:49:43-07:00,89
@tommcfly whats the link to vote?  x,2054689270,2009-06-06 07:53:20-07:00,36
@tommcfly hey mr twitter! what time is the flight to chile? we are waiting! ,2054703713,2009-06-06 07:55:08-07:00,76
"@tommcfly hey Tom, I just wanna thank you for making my live better. I love all of you guys. so... thanks ",2054716775,2009-06-06 07:56:45-07:00,106
@tommcfly and you are on the first position again! yeah ,2054721639,2009-06-06 07:57:21-07:00,56
@tommcfly hahaa. we're here for you!  ,2054733609,2009-06-06 07:58:49-07:00,38
"@tommcfly  we try our best! its all because of us boardies, we make you win every poll there is, even if its pointless! xxx",2054734240,2009-06-06 07:58:54-07:00,123
"@tommcfly  i have voted like, a million times. everyone must know that you are the world's best twitterer ",2054735139,2009-06-06 07:59:01-07:00,106
@tommcfly ,2054735506,2009-06-06 07:59:04-07:00,10
@tommcfly i think we should keep voting ,2054736237,2009-06-06 07:59:09-07:00,40
@tommcfly      TOOOOOOOOOOM ,2054750636,2009-06-06 08:00:46-07:00,28
"@tommcfly oun  you just have the bestest followers because you are our Mr. twitter, you are the best. Love you.",2054753214,2009-06-06 08:01:04-07:00,111
@tommcfly you on the lead again? thank you is not enough mr... what about a reply?  xx,2054763280,2009-06-06 08:02:13-07:00,86
Vote @tommcfly for Mr Twitter Universe  http://bit.ly/VwV6H,2054765430,2009-06-06 08:02:27-07:00,59
@tommcfly:  We love you Tom,2054781705,2009-06-06 08:04:22-07:00,27
@tommcfly your tweets always seem to make me chuckle cheers ,2054794569,2009-06-06 08:05:52-07:00,60
@tommcfly    you deserve   being   best  twitter ,2054794916,2009-06-06 08:05:54-07:00,49
"@tommcfly Oh no wait, i think it hates ME, not you. Haha  Well anyway, congrats, you got your spot back )",2054798634,2009-06-06 08:06:19-07:00,105
"@tommcfly Yeah, @steph_davies and I are your biggest fans! You seriously deserve to win. You're the best person in this planet. ",2054825780,2009-06-06 08:09:33-07:00,128
"@tommcfly Heyy Tom, how re u guy?  Do you remember if any of you got a ring with black drawing of turtles in the show in SÃ£o Paulo?",2054826218,2009-06-06 08:09:37-07:00,132
@tommcfly ,2054842632,2009-06-06 08:11:33-07:00,10
"@tommcfly yeeeeeeah, you have ",2054873828,2009-06-06 08:15:16-07:00,30
"@tommcfly Yeah! @steph_davies is right! You deserve to win, MR.FLETCHER! Congratulations! ",2054874597,2009-06-06 08:15:22-07:00,90
"@tommcfly you deserve more than being best tweeter, you need a gold medal for putting up with danny,harry and dougie 24/7 ",2054876644,2009-06-06 08:15:37-07:00,122
"@Tommcfly tom, do you want to john the darkside? We have Starbucks! ",2054889246,2009-06-06 08:17:07-07:00,68
@tommcfly AND BEAT IT!!  Beat it is the best!! Hah! ,2054934685,2009-06-06 08:22:33-07:00,52
@tommcfly  would be nice if you guys sing black or white with michael ,2054934945,2009-06-06 08:22:35-07:00,70
@tommcfly please reply to mee! you are a legend!  xx,2054951367,2009-06-06 08:24:32-07:00,52
"@tommcfly Whats the link for that Twitter universe thing, I don't know how to get on it haha ",2054966100,2009-06-06 08:26:17-07:00,93
"@tommcfly Do you like michael jackson??? is that why you covered 'black or white', something like that   xoxox",2054967701,2009-06-06 08:26:29-07:00,110
@tommcfly bahahha i dont like michael jackson. but i hope you have fun at the concert! ,2054967869,2009-06-06 08:26:31-07:00,87
@tommcfly Arent they all sold out tho? i well wanted to go but the server was too busy when i tried! Can i come with you ,2054981159,2009-06-06 08:28:07-07:00,121
@tommcfly aw lucky u  xx i would like to go n see him !!!!,2054982028,2009-06-06 08:28:13-07:00,58
@tommcfly lets hope he doesn't cancel more dates ,2054998632,2009-06-06 08:30:09-07:00,49
"@tommcfly  I love ""Beat It"" haha  Great show last night! I loved it. Please come back soon. Love you guys, you're the best!",2055013540,2009-06-06 08:31:53-07:00,123
@tommcfly I love you Tom *-* You're so cute   <3,2055122030,2009-06-06 08:44:24-07:00,48
@tommcfly aww :'( tom fletcher is better!  that kinda rhymed haha...,2055150397,2009-06-06 08:47:34-07:00,68
"@tommcfly haha that would make things so much more convenient, wouldn't it? ",2055150418,2009-06-06 08:47:34-07:00,76
"@tommcfly hahaha tomfrommcfly is to big,tommcfly is better ",2055151632,2009-06-06 08:47:43-07:00,59
"@tommcfly it's gotta be better than ""that guy from that band"" right? ",2055151803,2009-06-06 08:47:44-07:00,69
"@tommcfly haha! well i don't think your family would be pleased for you to remove your surname - you are a fletcher, like i am a jones!  x",2055152044,2009-06-06 08:47:45-07:00,138
@tommcfly Aww sounds cool  x,2055164973,2009-06-06 08:49:16-07:00,28
@tommcfly bahahaha you are without a doubt my favourite person to follow on here ,2055165088,2009-06-06 08:49:17-07:00,81
@tommcfly stop complainingg haha the fans who call you tom fletcher are the ones who are worth it  xx,2055166502,2009-06-06 08:49:27-07:00,101
@tommcfly i agree haaa! see you next week in gloucester ,2055166591,2009-06-06 08:49:27-07:00,56
"@tommcfly HAHA, great idea! Maybe you could say you are Marty's brother.  OR SON!",2055166748,2009-06-06 08:49:29-07:00,81
@tommcfly I don't think that would be a very good idea... Giovanna might agree  #USAWantsMcFly #USAWantsMcFly #USAWantsMcFly,2055167559,2009-06-06 08:49:34-07:00,124
"@tommcfly LOL, oh i get it tom from mcfly, im a bit slow 2night HAHA. Whats the time where u r?? its 11.50 in western australia  xox",2055167571,2009-06-06 08:49:34-07:00,132
"@tommcfly Please don't! All McFly fans refer to you as Tom Fletcher  I do, I've taught all my friends not to call you Tom From McFly ",2055167583,2009-06-06 08:49:34-07:00,133
"@tommcfly But I love Fletcher  Okay, it might confuse my friends if I don't say 'From McFly' after it but I love your surname!",2055180675,2009-06-06 08:51:03-07:00,126
@tommcfly no Tom  Im going to Mr. Fletcher ;(,2055182317,2009-06-06 08:51:14-07:00,45
"@tommcfly well if you weren't Tom Fletcher or Tom McFly, who would you like to be? it could always be worse! at least your known ",2055183018,2009-06-06 08:51:19-07:00,129
@tommcfly Hmmm.... You Should Be Called T- Fletch ILike It Alot T- Fletch From Mcfly  Haha D-Jones H- Judd D-Poynter ,2055195648,2009-06-06 08:52:47-07:00,117
@tommcfly POYNTER is the sexiest surname i think i've ever heard. just to rub it in  x,2055197850,2009-06-06 08:53:02-07:00,86
@tommcfly you really like Fletcher when your last name is SimÃµes ,2055197872,2009-06-06 08:53:02-07:00,66
@tommcfly Hey at least you're known for something big you've accomplished! ,2055198737,2009-06-06 08:53:08-07:00,75
@tommcfly: haha  that's interesting!! ,2055214778,2009-06-06 08:54:56-07:00,38
"@tommcfly that's why you should had called the band Fletcher, ""here with me today I have Tom from Fletcher"" ",2055226498,2009-06-06 08:56:12-07:00,108
@tommcfly Bestest followers for the best Mr Twitter Universe! U deserve it! ,2055226588,2009-06-06 08:56:12-07:00,76
"@tommcfly Fletcher? I like it. Really, is sexy. well, for me ",2055231135,2009-06-06 08:56:42-07:00,61
@tommcfly i like your name the way it is...Tom Fletcher ,2055242564,2009-06-06 08:57:59-07:00,56
@tommcfly HAHAHAHAHAH i think it's a great idea ,2055257258,2009-06-06 08:59:34-07:00,48
@tommcfly I would easily change surname with you tom! Can I have it?  x,2055258292,2009-06-06 08:59:40-07:00,71
@tommcfly you can change your name for 'tom guidi' a good name! haha ,2055258630,2009-06-06 08:59:42-07:00,69
@DavidArchie @tommcfly twitted you...just fyi ,2055259363,2009-06-06 08:59:47-07:00,46
"@tommcfly here in Brazil you have a very deidicated fan - ME  im a musician, i love play your songs, i'd love if u be my friend on twitter",2055260543,2009-06-06 08:59:54-07:00,138
"@tommcfly haha, yeah I know  hmm.. you should use that for a song!",2055275519,2009-06-06 09:01:22-07:00,66
"@tommcfly mmm.. what about Tom Frankenstein? -well, I like that surname (but I still love FLETCHERRRRRR) ha  xx",2055277659,2009-06-06 09:01:35-07:00,111
@tommcfly u have twitter on your screen ,2055291247,2009-06-06 09:03:00-07:00,40
"@tommcfly I HATE COFFFEEEE, ITS RANK. just fyi ",2055292289,2009-06-06 09:03:06-07:00,47
@tommcfly Hello Tom ,2055294242,2009-06-06 09:03:19-07:00,20
"@tommcfly ohh, but coffee is so good!!  you are addicted to coffee, am i right??",2055305219,2009-06-06 09:04:29-07:00,80
"@tommcfly hey, Tom! You're on trending topics! take a look, everyone's talking about Tom Fletcher ",2055308346,2009-06-06 09:04:50-07:00,98
"@tommcfly if u r going to change your name it should be ""The Twitterer"" or something cool! although i think Tom Fletcher is cooler ",2055308891,2009-06-06 09:04:53-07:00,131
@tommcfly you can change your name for 'tom guidi' a good name! haha  but cause you want to change your name? ha xx,2055321005,2009-06-06 09:06:11-07:00,115
@tommcfly you on a hypo rage too? Join me .. Please? Zgksysifgloxlhxlhxostistiwtixyotkx ,2055336097,2009-06-06 09:07:50-07:00,88
@tommcfly This coffee is better than brazilian coffee?  xx,2055337337,2009-06-06 09:07:59-07:00,58
@tommcfly haha my 2 favourite things in one pic Coffee and Apple  you seem to as big of a coffee junkie as me =P #McFLY #coffee,2055354347,2009-06-06 09:09:50-07:00,127
@tommcfly seems like the whole twitter world is talkin about ur name-thing. ,2055369353,2009-06-06 09:11:25-07:00,76
@tommcfly You are in Trending Topics (TT) yeaaah ,2055385371,2009-06-06 09:13:10-07:00,49
@tommcfly i get called maddie so i'm going to pretend that was to me  ha x,2055399893,2009-06-06 09:14:46-07:00,74
"@tommcfly so you're here now, answer me pleeeeeeeease, love ya hahah  xoxo",2055400252,2009-06-06 09:14:49-07:00,74
@tommcfly whaaaaaaat? PneumoultramicroscopicossilicovulcanoconiÃ³tico is better  (it's the biggest word in portuguese),2055414867,2009-06-06 09:16:23-07:00,118
@tommcfly SORRY WHAAAT? you sound like me when im round new people ahahhaaha  x,2055430716,2009-06-06 09:18:10-07:00,79
@tommcfly So what does it mean then? lol. its really cool!  x,2055443348,2009-06-06 09:19:35-07:00,61
@tommcfly Tom and Brazil on trending topics.. it feels so right!!! ,2055444466,2009-06-06 09:19:42-07:00,67
@tommcfly yeah if you try you will win a present of all brazilians girls  jones has to try too ,2055447485,2009-06-06 09:20:03-07:00,95
@tommcfly number four in OMAN! we matter too ,2055460227,2009-06-06 09:21:24-07:00,45
"@tommcfly oi,te amo *-* (u don't need google translate this time,did u ?  )",2055464570,2009-06-06 09:21:54-07:00,75
@tommcfly did you see Mamma Mia? is a musical amazing with song of Abba *-* I'm seeing now ,2055478358,2009-06-06 09:23:25-07:00,91
i'd like to think that @tommcfly is the reason why tom is a trending topic. everybody loves tom. ,2055480442,2009-06-06 09:23:39-07:00,97
"@tommcfly you're in the trending topics, not tom hanks, tom cruise or tom jones! but its you cos ur so special ",2055490896,2009-06-06 09:24:48-07:00,111
"@tommcfly I don't know why I show you these site but, the most important is that France Love and Wait you  Please come here !",2055511163,2009-06-06 09:27:03-07:00,125
"@tommcfly tom, you need come to brazil soon! your days here was amazing! i'll never forget! you're back in october even? love you guy! ",2055620073,2009-06-06 09:39:00-07:00,135
@TUTTEAMY lalalalalalalaaa I think @tommcfly is the most awesome person on the planet ,2055632402,2009-06-06 09:40:21-07:00,86
@tommcfly will you knit me and @kateyy__ a scarf? ,2055635606,2009-06-06 09:40:42-07:00,50
@tommcfly Tom is in trending topics ,2055728639,2009-06-06 09:50:54-07:00,36
"@tommcfly HAHAHAHA i really laughed, buy some deodorant for they tom  .",2055995932,2009-06-06 10:20:06-07:00,71
"@tommcfly tom, i need you here in brazil! when you come again? i heard that you're back in october, is true?  Xx",2056067341,2009-06-06 10:28:01-07:00,112
@tommcfly Well at least you all had fun  Are you coming home now?,2056067509,2009-06-06 10:28:02-07:00,65
@tommcfly I want to see a photo!  hahaha. x,2056094753,2009-06-06 10:30:58-07:00,43
"@tommcfly cause obviously, the order will be, an egg & a needle & then an ice cream & then a goose & moose & apple juice oooooh yeah!  x",2056207554,2009-06-06 10:43:21-07:00,136
@tommcfly a hangover on a plain! no thanks! bet they feel bad!  xx,2056279380,2009-06-06 10:51:20-07:00,66
@tommcfly are you coming back to england now?  xx,2056279995,2009-06-06 10:51:25-07:00,49
"@tommcfly so, gonna be mr. twitter universe or not?  xx",2056299284,2009-06-06 10:53:32-07:00,55
@tommcfly great! next stop...VENEZUELA ,2056315711,2009-06-06 10:55:22-07:00,39
@tommcfly I'm doing a cover of Do Ya. Perhaps I upload the video on YouTube and I'll show you my version  haha it's funny sing like u! xx,2056315944,2009-06-06 10:55:24-07:00,137
@tommcfly Tom.. Please reply to me.. just once.. it can even be just 1 letter i dont mind x Pweaseeeeeeeeeeee ,2056353714,2009-06-06 10:59:36-07:00,110
And pls vote for @tommcfly on http://bit.ly/PmvRY for mr twitter universe ! ,2056446001,2009-06-06 11:09:31-07:00,76
@tommcfly please come back sometime  we all had so much fun last night! thanks for coming.,2056446432,2009-06-06 11:09:35-07:00,90
@tommcfly do ya really need one? Who would do it? You tweet enuf for ya all... ,2056463413,2009-06-06 11:11:24-07:00,79
@tommcfly no non mi piace  i like it the way it is!,2056463550,2009-06-06 11:11:25-07:00,51
@tommcfly no seperate ones are just finee ,2056464270,2009-06-06 11:11:29-07:00,42
@tommcfly hmmm yeah maybe x  x x  x,2056464425,2009-06-06 11:11:30-07:00,35
"@tommcfly That'd be nice, but it's good as it is too ",2056465327,2009-06-06 11:11:36-07:00,53
@tommcfly YEAH!!  xxx,2056465497,2009-06-06 11:11:37-07:00,21
@tommcfly fan mail fan mail yes? yes? yes? hahah ,2056481675,2009-06-06 11:13:24-07:00,49
@tommcfly no. i like seperate ones ,2056482846,2009-06-06 11:13:32-07:00,35
"@tommcfly yes, of course ",2056482952,2009-06-06 11:13:33-07:00,25
"@tommcfly No, i think that this way is better ",2056500137,2009-06-06 11:15:27-07:00,46
@tommcfly i think a McFly twitter profile will be cool  good idea ,2056501676,2009-06-06 11:15:37-07:00,66
@tommcfly YESS ,2056517692,2009-06-06 11:17:23-07:00,15
"@tommcfly Hmmm, I'd say no.. You already have a Myspace.. + what would you put on it? You all have your own profiles ",2056520988,2009-06-06 11:17:44-07:00,117
@tommcfly i think will be great! ,2056534645,2009-06-06 11:19:19-07:00,33
@tommcfly but you probably would you be there ,2056535981,2009-06-06 11:19:28-07:00,46
"@tommcfly noo, I think it's better this way 'cause separetely you guys tweet more  but Harry should tweet more tho . xX   <3",2056536047,2009-06-06 11:19:28-07:00,124
@tommcfly I like you having your seperate ones but if you had a mcfly account I would follow it ,2056552899,2009-06-06 11:21:19-07:00,96
"@tommcfly Yes, you should! ",2056589580,2009-06-06 11:25:23-07:00,27
@tommcfly a Mcfly twitter profile? hmmm probably... that'd be cool  but you and dougie must let the others use it too lol,2056592473,2009-06-06 11:25:42-07:00,121
"@tommcfly no, theres no point cos your the only one that will tweet like your the only one that blogs on myspace haha! ",2056625802,2009-06-06 11:29:30-07:00,119
@tommcfly yehh that wud be awsome  i love you guys <3 x,2056751429,2009-06-06 11:43:33-07:00,55
@Tommcfly Yes! Give a Harry somehwere to chat ,2056788485,2009-06-06 11:47:44-07:00,46
vote for @tommcfly dudes  He must be the number one! ;) http://bit.ly/VwV6H,2056822905,2009-06-06 11:51:38-07:00,75
@tommcfly I think..you have a Myspacesite together as Mcfly.. and Twitter is for each of you to tweet. ,2056823725,2009-06-06 11:51:44-07:00,103
@tommcfly it much more fun following the 4 of you. ,2056878208,2009-06-06 11:57:57-07:00,51
@tommcfly maybe  ,2056972171,2009-06-06 12:08:05-07:00,17
@tommcfly yes!! mcfly twitter profile is an excellent idea ,2057029865,2009-06-06 12:14:24-07:00,59
@tommcfly yerrrp u should ,2057102095,2009-06-06 12:22:30-07:00,26
@tommcfly YEAH ,2057207745,2009-06-06 12:34:23-07:00,15
@tommcfly I'm listening to Radio Disney! ,2057225101,2009-06-06 12:36:19-07:00,41
@tommcfly hum i think a McFly twitter profile will be cool ,2057370601,2009-06-06 12:52:44-07:00,59
@tommcfly YES !!  personal profiles and a group one xxx,2057477235,2009-06-06 13:04:40-07:00,55
"@tommcfly yay, David Archuleta is following now. Just to let you know! My two favorite people!  And I love the last name Fletcher. ",2057477799,2009-06-06 13:04:44-07:00,131
@tommcfly were you given packed lunches? now thats cute ,2057585934,2009-06-06 13:16:45-07:00,56
@tommcfly yeah! McFly should have a Twitter profile ,2057620598,2009-06-06 13:20:44-07:00,52
@DebbieFletcher @tommcfly @dannymcfly @mcflyharry @dougiemcfly Good Night!  and dont foget - come to ISRAEL! xX,2057657743,2009-06-06 13:24:59-07:00,111
"@tommcfly Yeeeeees, You should have a Mcfly twitter profile ",2057710376,2009-06-06 13:30:59-07:00,60
@tommcfly I think u should ,2057937787,2009-06-06 13:57:05-07:00,27
vote for @DavidArchie here as Mr. Twitter  Universe at http://bit.ly/tUOXB! He's already #2 to @tommcfly..let's make him #1! ,2058180758,2009-06-06 14:25:37-07:00,125
"@tommcfly i think a mcfly twitter account is not necessary cause we get enough mcfly info from u, doug&dan. well, u mostly  thx for that",2058247713,2009-06-06 14:33:39-07:00,136
"@tommcfly bahaha, yeah Archuleta is a  very sexy last name. But ur sexy. ",2058279390,2009-06-06 14:37:26-07:00,73
"@tommcfly Hope you enjoy Chile  Miss ya alot in Brazil, dude! Hope you come back soon. Luv ya Xx",2058280416,2009-06-06 14:37:33-07:00,96
@tommcfly its crazy how they know exactly what time you'll be there :/ little scary. well have fun anyway ,2058282083,2009-06-06 14:37:45-07:00,106
@tommcfly aww you make it seem like youve got boring fans  please look at http://bit.ly/Krevb  tell me what u think,2058316453,2009-06-06 14:41:47-07:00,115
@tommcfly r u performing at Isle Of Wight on friday? x pl answer and i have no idea how the wight bit is spelt so like  x,2058316460,2009-06-06 14:41:47-07:00,121
"@tommcfly well you haven't been in Sweden yet, we're crasy ",2058333156,2009-06-06 14:43:48-07:00,59
"@tommcfly 	 hahahaha, wildest fans! good luck there in chile ",2058380875,2009-06-06 14:49:36-07:00,61
@tommcfly WELCOME TO CHILE TOM ! ,2058501048,2009-06-06 15:04:01-07:00,33
@tommcfly ok.. i can wait for u !! to come back!! ,2058585156,2009-06-06 15:13:52-07:00,50
@tommcfly Hello! Tom ,2058724375,2009-06-06 15:30:23-07:00,21
@tommcfly I wanna come back to that day and live it all over again!!!  Love you!!! Xx,2058758052,2009-06-06 15:34:17-07:00,85
@tommcfly haha !! ACE !! Have a good time ,2058758457,2009-06-06 15:34:20-07:00,42
@tommcfly hi tom  do you know that song  Would I Lie To You of Charles & Eddie ? and did you love it ^^?,2058810337,2009-06-06 15:40:21-07:00,104
@tommcfly yes have a mcfly twitter profile! ,2058845139,2009-06-06 15:44:32-07:00,44
@tommcfly glad you made it there safely  only just though by the sounds of it!,2058846508,2009-06-06 15:44:42-07:00,78
"@tommcfly no listen this girl, mcfly is very good, and jonas brothers can't be better than mcfly ! ",2058878225,2009-06-06 15:48:34-07:00,99
"@tommcfly hey dude, i want you have more and more wonderful things in your life and be happy, have God and much life for you, i love ya ",2058914085,2009-06-06 15:52:46-07:00,136
@tommcfly come to sweeeeden  xxxxx,2058945948,2009-06-06 15:56:38-07:00,34
@tommcfly your name is cool... It reminds me of my favourite movie! hahah anyways if you don't like you can change it to Tom Rodriguez  xD,2058997846,2009-06-06 16:02:39-07:00,138
@tommcfly http://twitpic.com/2y9c6 - greatest ,2059016239,2009-06-06 16:04:52-07:00,46
@tommcfly wildest fans? hahaha and brazilians are the most people in love for you ,2059034087,2009-06-06 16:06:57-07:00,82
@tommcfly glad to know that we're not the craziest..iwas afraid that you weren't coming back because of the first time you came to brasil ,2059049552,2009-06-06 16:08:47-07:00,138
@tommcfly Owwwnnnn *.* So cute! ,2059064620,2009-06-06 16:10:33-07:00,32
"@tommcfly Tom, your amazing  hope your okay ",2059065706,2009-06-06 16:10:40-07:00,44
@tommcfly  Manchester are the best fans!!!  and we have the best city and the best venue!!!!! ,2059065781,2009-06-06 16:10:41-07:00,94
@tommcfly but nothing'll be as kick ass as your next show in dublin =] yeahhh ,2059067780,2009-06-06 16:10:55-07:00,78
"@tommcfly today i was hiking and we had to make a lot of noise to scare bears away, so we sang mcfly songs. ",2059068356,2009-06-06 16:11:00-07:00,108
@tommcfly WOLVERHAMPTON ! please say hi to me  you reply back to the people taht joke and say nasty stuff.....please ,2059082251,2009-06-06 16:12:39-07:00,117
"@tommcfly OOOOOWN! lovely! that's why we all love you so much, tom!  own",2059083190,2009-06-06 16:12:46-07:00,72
@tommcfly haha I understand you Tom!  thank you!!! <3 love ya! xxx,2059083592,2009-06-06 16:12:49-07:00,66
"@tommcfly you should add the other half of that quote to your bio, it's =the best part! ",2059100172,2009-06-06 16:14:49-07:00,88
@tommcfly Cardiff!! are the best fans oj we are good fans thoo well me and my best mate are ,2059102185,2009-06-06 16:15:03-07:00,92
@tommcfly Thats sooo sweet! or tweet! as you like  I am dazzled by the show and the meet&greet i cant believe it yet!!,2059115668,2009-06-06 16:16:40-07:00,118
@tommcfly Harry Potter is on Tv here in brazil now! love it! the only thing missing is my cheeseburguer ,2059117488,2009-06-06 16:16:53-07:00,104
@tommcfly Enjoy the film  Do Ya remixed by the french mcfly team http://bit.ly/19eKNH .,2059118491,2009-06-06 16:17:01-07:00,87
"@tommcfly you are so cute, Tom!   xx",2059118662,2009-06-06 16:17:02-07:00,36
@tommcfly the show of  you are amazing  ,2059119008,2009-06-06 16:17:05-07:00,40
"@tommcfly you guys r everything for us, believe  everything we do, we do for u, and this is what really cares.",2059119201,2009-06-06 16:17:06-07:00,110
@tommcfly I WATCHED STAR WARS TODAY!!! STARWARS III REVENGE OF THE SITH!!  I LOVE IT!!  LY XXX PLEASE REPLY XXX,2059132737,2009-06-06 16:18:44-07:00,111
"@tommcfly yeees yes, every fans in love for you in every place! ",2059133739,2009-06-06 16:18:51-07:00,64
@tommcfly I WATCHED STAR WARS TODAY!!! STARWARS III REVENGE OF THE SITH!!  I LOVE IT!!  LY XX PLEASE REPLY XX,2059134660,2009-06-06 16:18:58-07:00,109
@tommcfly Enjoy the movie  Do Ya remixed by the french mcfly team http://bit.ly/19eKNH,2059150839,2009-06-06 16:20:57-07:00,86
"love it when @gfalcone601 gives @tommcfly a hard time  though he is the one mcfly who doesnt ""deserve"" a hard time, since he is a good boy",2059152422,2009-06-06 16:21:08-07:00,138
"@tommcfly oh I like it, I have the barbie of the characters HAHA ",2059152602,2009-06-06 16:21:09-07:00,65
@tommcfly which of the Star Wars film you like most? ,2059152629,2009-06-06 16:21:12-07:00,53
@tommcfly tom can you pretty please with a cherry on the top reply to me.just say hiya!  xx,2059165966,2009-06-06 16:22:50-07:00,91
@tommcfly carollyne fletcher ,2059167482,2009-06-06 16:23:01-07:00,29
@tommcfly you never reply! please even just say hey to me. honestly it would make my life! pleaase? ,2059167714,2009-06-06 16:23:03-07:00,100
@tommcfly Star Wars rulesss lol! im watching Ace Ventura  you seen it?,2059168762,2009-06-06 16:23:10-07:00,70
"@tommcfly enjoy the movie  I never watched it, because I don't have npatience haha",2059182312,2009-06-06 16:24:51-07:00,82
"@tommcfly man, love Star Wars ",2059184952,2009-06-06 16:25:10-07:00,30
@tommcfly   Hi hi hi ,2059200216,2009-06-06 16:27:02-07:00,21
"@tommcfly Thanks for coming, Chile loves you ",2059201463,2009-06-06 16:27:11-07:00,45
@tommcfly I've never seen a star wars film... Probs a crime in your eyes!! Haha. Which is your fave?  xx,2059201880,2009-06-06 16:27:14-07:00,104
"@tommcfly which ep of star wars are you watching? wish i could watch with you, you seem worthy of its love ",2059216286,2009-06-06 16:29:00-07:00,107
"@tommcfly I'm watching Star Wars too.  if it's the same channel, will get the episode III on later.  sorry bad english. xx",2059229955,2009-06-06 16:30:38-07:00,122
@tommcfly ok i'm giving up to get a answer from you. you won baby ,2059268002,2009-06-06 16:35:15-07:00,66
"@tommcfly Tom,lack little for you to be Mr Twitter Universe. ",2059268374,2009-06-06 16:35:18-07:00,61
"@tommcfly In Spain, we could make an amazing show too.. but you all have to come to know that! hÃ¡! ",2059283330,2009-06-06 16:37:08-07:00,100
"@tommcfly go on your myspace, i left u a message ",2059297905,2009-06-06 16:38:57-07:00,49
"@tommcfly I'm watching Star Wars too.  if it's the same channel, will get the episode III on later. sorry bad english. xx",2059300789,2009-06-06 16:39:19-07:00,121
@tommcfly you are fantabymazingbrilliawsome ,2059314334,2009-06-06 16:40:57-07:00,44
@tommcfly dont you think you look like edward? http://twitpic.com/6scth hahahah i thought so ,2059348331,2009-06-06 16:45:06-07:00,93
"@tommcfly Tom, I need to share this, just got BTTF n DVD,I have never seen it. Is it a good movie?(stupid questio) bye please awnser ",2059348455,2009-06-06 16:45:07-07:00,133
@tommcfly you are fantabymazingbrilliawsome ,2059350622,2009-06-06 16:45:23-07:00,44
@tommcfly own  you are always trying to make all your fans feel special and that's cute. ily â¥,2059365208,2009-06-06 16:47:11-07:00,96
"@tommcfly I wanna see all the Star Wars movies, just because of you ",2059365635,2009-06-06 16:47:14-07:00,68
@tommcfly tar wars geek O.o That's sweet  may the force be with you \.../,2059381222,2009-06-06 16:49:08-07:00,73
@tommcfly i've seen one of the guys who played darth vadar at a convention ,2059381409,2009-06-06 16:49:09-07:00,75
@tommcfly you are like a child thomas. how cute! ,2059382694,2009-06-06 16:49:19-07:00,49
@tommcfly I never saw star wars.It is good? ,2059396385,2009-06-06 16:50:59-07:00,44
@tommcfly Tom! Did you know that the Sylvia Young building is moving? No more of your name in my drama room in the attic! Memories!  x x,2059398491,2009-06-06 16:51:15-07:00,136
"@tommcfly I just finished watching the radio active DVD, it was amazing! you guys definitly need to come to Canada! ",2059414813,2009-06-06 16:53:14-07:00,116
@tommcfly have you watched 'fanboys'? its pretty cool ,2059480469,2009-06-06 17:01:13-07:00,54
"@tommcfly lived a tom, some say he was the weirdest thing they had ever seen, and those some liked it that way ",2059531905,2009-06-06 17:07:15-07:00,111
@tommcfly did you tried the 'Alfajores the maicena'? already miss following you through buenos aires! be back soon pleaseeeee ,2059532869,2009-06-06 17:07:22-07:00,126
"@tommcfly If you come to australia, we shall call you by your australian name which shall be, Tomgaroo ",2059547756,2009-06-06 17:09:10-07:00,103
"@tommcfly  did you find a Starbucks here in brazil? there's one next ""Sheraton""... WHY DON'T YOU COME? HAHA i'm kidding ",2059583490,2009-06-06 17:13:31-07:00,120
"@tommcfly   what day are you going to see Michael Jackson? I'm going to see him too, so glad my date wasn't moved back till 2010!",2059631114,2009-06-06 17:19:14-07:00,129
@tommcfly aw thats ok Tom  your the reason i have twitter anyways and your tweets are the ones i look forward to haha iloveyou xx,2059665048,2009-06-06 17:23:22-07:00,129
@tommcfly No need to lie Tom you know Brazilian fans are the best ones ,2059680764,2009-06-06 17:25:14-07:00,71
#yorly? @BBRRIITTTTYY (Brittainie Bryers):@tommcfly aw thats ok Tom  your the reason i have twitter anywahttp://bit.ly/14QCtk,2059715721,2009-06-06 17:29:34-07:00,125
@tommcfly http://twitpic.com/6sicb - haha! I love you! ,2059780522,2009-06-06 17:37:25-07:00,55
"@tommcfly dude, i love you, marry me marry me ",2059781340,2009-06-06 17:37:30-07:00,46
@tommcfly hahaa.  niceee.  hope you're having fun in Chile!  ,2059781852,2009-06-06 17:37:34-07:00,61
@tommcfly haha.absolutely ,2059796941,2009-06-06 17:39:24-07:00,26
"@tommcfly http://twitpic.com/6sicb - hahaha! You're the Best! I swear, I wanted to be there!!  ",2059797451,2009-06-06 17:39:27-07:00,95
@tommcfly tommm!!!!! hahaaa...im drinking a cup of coffee and it made me think of you..hmmm wonder whyy!!! ,2059812419,2009-06-06 17:41:11-07:00,107
@tommcfly http://twitpic.com/6g582 - sexy is a great definition! ,2059815471,2009-06-06 17:41:32-07:00,65
@tommcfly LOL!! totally agree! ,2059829823,2009-06-06 17:43:17-07:00,31
@tommcfly http://twitpic.com/6sicb - awesome  [3],2059848346,2009-06-06 17:45:30-07:00,49
"@tommcfly it was so cool to see u in argentina, the plane and the ariport ! can't believe this ! do u remember who i am? ",2059849399,2009-06-06 17:45:38-07:00,121
#yorly? @BBRRIITTTTYY (Brittainie Bryers):@tommcfly aw thats ok Tom  your the reason i have twitter anywahttp://bit.ly/14QCtk,2059914608,2009-06-06 17:53:36-07:00,125
@tommcfly http://www.twitpic.com/5x3uq I LOVE this photo! ,2059915241,2009-06-06 17:53:40-07:00,58
@tommcfly i'm voting for u to be Mr Twitter Universe ,2060017163,2009-06-06 18:05:44-07:00,53
"@tommcfly Can you understand that you are inside of my ipod? Not to mention my mind. Yes, I am your fan ",2060017481,2009-06-06 18:05:46-07:00,104
@tommcfly http://twitpic.com/6sicb - maybe i'll get that veiw when you guys comes to the US someday.  soon right?,2060051034,2009-06-06 18:09:48-07:00,113
@tommcfly  follow me ,2060136329,2009-06-06 18:19:45-07:00,21
@tommcfly I love STAR WARS too! ,2060157537,2009-06-06 18:22:11-07:00,32
@tommcfly http://twitpic.com/6sicb - that perfect! I have both gone at this show! but I went to Refife and was also veeery good!   I L ...,2060274532,2009-06-06 18:35:45-07:00,138
@tommcfly I'm still hopeful that one day @mcflyharry will use his twitter. Tell him Tom! You're the twitter-addict! That's why I love u  â¥,2060276797,2009-06-06 18:36:02-07:00,140
"@tommcfly http://twitpic.com/6sicb - Hahah, love you guys. Wish I had that view! Come to Canada, we'll make it happen. ",2060276980,2009-06-06 18:36:03-07:00,119
@tommcfly http://twitpic.com/64eyw - I'LL BUY! perfect cell ,2060401819,2009-06-06 18:50:18-07:00,60
"@tommcfly dude, you're back at #2! You're still the best twitterer tho ",2060419925,2009-06-06 18:52:21-07:00,71
@tommcfly you're so freaking crazy about space. lovely ,2060511316,2009-06-06 19:02:33-07:00,55
@tommcfly it's okay star wars is epic ,2060527045,2009-06-06 19:04:19-07:00,38
@tommcfly i just wanna tell you one thing : you're soooo cute  haha,2060614940,2009-06-06 19:14:24-07:00,67
"@tommcfly it's my friend's birthday and she's a huge fan, can you say happy birthday to @renatajb pleaseee?     thank you tomm",2060617391,2009-06-06 19:14:44-07:00,126
"@tommcfly haha, guess you'll need glasses tomorrow, as I did by watching so many hours without pauses haha, I hope you won't ",2060634219,2009-06-06 19:16:41-07:00,125
@tommcfly i cant believe that you're watching stars wars in chile .. haha love you ,2060649529,2009-06-06 19:18:30-07:00,83
@Meylitza @tommcfly DUH. i own them all ,2060767056,2009-06-06 19:32:20-07:00,40
@tommcfly tom don't comedown now...we left but the people that stay aren't truly fans...good night ,2060802223,2009-06-06 19:36:21-07:00,99
@tommcfly Now you just gotta go watch the new one in theatres :p Ill come with ,2060836897,2009-06-06 19:40:25-07:00,79
"Agreeing With @tommcfly Starwars Marathon, Geeks Unite ",2060871415,2009-06-06 19:44:29-07:00,55
"@tommcfly I was robbed last night, need a reply from you to fell happy  just say hi or something, if you read this",2061132384,2009-06-06 20:14:34-07:00,114
@tommcfly if you would like to broaden your fan horizons you could always come to americaaaa ,2061457903,2009-06-06 20:54:46-07:00,93
"@tommcfly heey, today I had watched Star Wars episode 1,2 and 3 too *-* next saturday it's gonna have more Star Wars marathon ",2061489390,2009-06-06 20:58:47-07:00,126
@tommcfly noo! not mcfly twitter profile! we're fine this way ,2061571139,2009-06-06 21:08:50-07:00,62
@tommcfly I don't know about the McFly Twitter Profile... i prefer this way  i like spend part of my time reading your updates haha,2061602068,2009-06-06 21:12:45-07:00,131
"@tommcfly tom, i watched star wars III this night and i thought about u. your songs make me believe that everything worthwhile! thanks ",2061651888,2009-06-06 21:19:08-07:00,135
"@tommcfly lol. the other days i was talking with a friend about SW and I thought about you  i didnt see them yet, BUT I WILL! ",2061665785,2009-06-06 21:20:56-07:00,126
@tommcfly aww good night starboy love you! ,2061714443,2009-06-06 21:27:16-07:00,43
@tommcfly good night Tom  Love you <3,2061729633,2009-06-06 21:29:16-07:00,37
"@tommcfly sometimes, the more we don't expect, the more good things happen! you shouldn't count so hard. good night, btw ",2061743920,2009-06-06 21:31:07-07:00,121
@tommcfly did you write this here in brazil? http://twitpic.com/6szu3 I CANT STOP LAUGHING HAHA  xx,2061759404,2009-06-06 21:33:10-07:00,99
"@tommcfly I like the efects that Star Wars have on you, look like a child on christmas evening  night tom!",2061804269,2009-06-06 21:39:12-07:00,106
@tommcfly hahaha can't wait for the holidays can you? silly!  you still have your birthday!!! lol good night tom!,2061834010,2009-06-06 21:43:16-07:00,113
"@tommcfly Awww, how cute. Your counting the days till Christmas. Ha, goodnight Tom! ",2061834639,2009-06-06 21:43:21-07:00,84
@tommcfly Sweet dreams  i love yoou,2061877174,2009-06-06 21:49:05-07:00,35
@tommcfly Goodnightt. ,2061907582,2009-06-06 21:53:14-07:00,22
"@tommcfly have a sweet night tom,you deserve it ",2062339960,2009-06-06 22:57:40-07:00,48
@tommcfly you count the days til christmas?  that's cute,2062361496,2009-06-06 23:01:12-07:00,56
"http://bit.ly/VwV6H vote vote vote for Tom Fletcher (@tommcfly)! Please, please, please? Let's make him #1 again! ",2062388365,2009-06-06 23:05:33-07:00,114
@tommcfly @dougiemcfly @mcflyharry @dannymcfly HIII ! I love you  lmao how are u guys? shout out the UK!x x,2062723655,2009-06-07 00:05:43-07:00,107
@tommcfly there's only 200 days til Christmas here ,2062755695,2009-06-07 00:11:39-07:00,51
"http://bit.ly/VwV6H vote vote vote for Tom Fletcher (@tommcfly)! Please, please, please? Let's make him #1 again! ",2062867134,2009-06-07 00:33:59-07:00,114
"@tommcfly omg i know, this year is going by really quickly HAHA!!!! did u figure that out or are you counting down?? LOL   xoxox",2063224703,2009-06-07 01:49:42-07:00,128
@tommcfly you should post even more photos  i really love them!,2063243825,2009-06-07 01:53:56-07:00,63
@tommcfly goodnight tom  also theres only 41 days until your birthday! yaaaayy!  how many days till youre back in the UK? xxxx,2063389333,2009-06-07 02:27:47-07:00,126
"@DavidArchie haha @tommcfly says you have a sexy last name, 'Archuleta' it is sexy for me haha LoL ",2063431638,2009-06-07 02:37:57-07:00,99
@tommcfly tom fletcher works better. but if you call ur self tom from fletcher then that would be rather funney. ,2063488265,2009-06-07 02:51:48-07:00,113
@tommcfly good morning! Its 5:58 hrs and today is the concert! So exciting. Have to go to take a shower ,2063529715,2009-06-07 03:01:57-07:00,104
I knew that when i saw @tommcfly my life would soon move over from the fast lane!! http://bit.ly/VwV6H vote for him ,2063532343,2009-06-07 03:02:36-07:00,116
"@tommcfly yeah, it's a very sexy last name. i want that. ""Bianca Archuleta""  LMAO. just kidding. it's not gunna happened.",2063634906,2009-06-07 03:28:00-07:00,121
"the sun is in the sky and it is gunna be a glorious day, so pur urself a coffee and vote for @tommcfly http://bit.ly/VwV6H ",2063635631,2009-06-07 03:28:10-07:00,123
@tommcfly I had a dream about you lot last night. Glad it wasn't a nightmare ha ,2063693107,2009-06-07 03:42:08-07:00,80
@Jenny_Stuart yeah! its so annoying. @tommcfly deserves it sooo much ,2063694804,2009-06-07 03:42:33-07:00,69
@tommcfly Doing our best efforts to put you back in first place ,2063703688,2009-06-07 03:44:48-07:00,64
when you vote for @tommcfly my heart goes boom ,2063725937,2009-06-07 03:50:04-07:00,47
"@tommcfly are u seriously countin down til xmas?? OMG I can't wait for summer...not xmas! beach&sun everyday, long nights... oh yeah!! ",2063733898,2009-06-07 03:51:52-07:00,135
@tommcfly i have never heard you before live ;( i really want! Denmark will kick ass! please coem soon  we love you guys xx,2063794753,2009-06-07 04:06:07-07:00,123
@tommcfly i have never heard you live before ;( i really want! Denmark will kick ass! please come soon  we love you guys xx,2063797472,2009-06-07 04:06:46-07:00,123
@tommcfly @dannymcfly @dougiemcflly @mcflyharry the R:A dvd has gone platinum! i think a congradualtions is in order!! (: aha  xxxxxxxxâ¥â¥â¥,2063898274,2009-06-07 04:30:20-07:00,144
YESSS. @DavidArchie is finally following @Tommcfly! Hahaha! Cutie. ,2063942920,2009-06-07 04:40:22-07:00,67
"@tommcfly Have you seen Grease 2? If you have, you should do a cover of 'Cool Rider'. That would be amazing!!  x",2063980553,2009-06-07 04:48:41-07:00,112
Hey @tommcfly  Went to the show in Sydney on the day before my b'day . I'm still wearing my Radioactive bangle . Best Present EVER <3,2063989405,2009-06-07 04:50:38-07:00,133
C'mon my 26 followers! vote at @tommcfly! He's the twitterman! http://bit.ly/VwV6H,2063997979,2009-06-07 04:52:32-07:00,82
@tommcfly http://twitpic.com/64eyw - i want it! where can i get one?  xx,2064087475,2009-06-07 05:10:46-07:00,72
@VeraaCorruptedx haha okay..... lol yea @tommcfly is too amazing so i guess fantabymazingbrilliawsome does fit him ,2064176205,2009-06-07 05:28:31-07:00,115
"@tommcfly tom, i need you here in brazil! when you come again? i heard that you're back in october, is true?  Xx",2064270075,2009-06-07 05:46:43-07:00,112
@tommcfly http://twitpic.com/64eyw - OMG thats so awesome i want 1 so bad  xxxx,2064327545,2009-06-07 05:57:17-07:00,79
"@tommcfly tom, i need you here in brazil! when you come again? i heard that you're back in october, is true?  Xx",2064348437,2009-06-07 06:00:53-07:00,112
"@tommcfly when you play guitar for so long, how do you stop your fingers from hurting?? or do you just put up with it??  ",2064373774,2009-06-07 06:05:09-07:00,121
"@tommcfly tom, i need you here in brazil! when you come again? i heard that you're back in october, is true?  Xx",2064422479,2009-06-07 06:13:23-07:00,112
@sharlynnx i agree shame on you twitter clearly @tommcfly is mr twitter universe and always will be ,2064458995,2009-06-07 06:19:26-07:00,100
@tommcfly http://twitpic.com/4hqj5 - wish I was the girl ,2064493812,2009-06-07 06:25:16-07:00,57
"@tommcfly ooooh, you say STAR WARS too *-* I was watching here ",2064530144,2009-06-07 06:31:07-07:00,63
http://bit.ly/VwV6H just because i was gone for an hour doesnt mean you can slack off haha jks but still vote for @tommcfly ,2064544268,2009-06-07 06:33:22-07:00,124
@Brantanamo Get @tommcfly back in the lead! Spread the word  http://bit.ly/VwV6H,2064631256,2009-06-07 06:47:01-07:00,80
"@tommcfly tom, i need you here in brazil! when you come again? i heard that you're back in october, is true?  Xx",2064644626,2009-06-07 06:49:08-07:00,112
"@tommcfly haha ONLY! thats ages, kinda, im sure it will fly by! are you going to jump out a box for me on christmas? ",2064671726,2009-06-07 06:53:11-07:00,117
@tommcfly heey Tom  it's true that you come back here to Brasil in October?,2064854369,2009-06-07 07:19:56-07:00,75
@tommcfly only 13 days till me aqnd my mates come and see you !!! and star wars is amazing ,2064867555,2009-06-07 07:21:50-07:00,91
"@tommcfly tom, i need you here in brazil! when you come again? i heard that you're back in october, is true?  Xx",2064896422,2009-06-07 07:25:56-07:00,112
@tommcfly tooom.....guess waaa?....your amazing ,2064952764,2009-06-07 07:33:36-07:00,48
@tommcfly http://twitpic.com/64l1e - nossa que viagem mano kkkkkkk thats crazy but you're talented ,2065180759,2009-06-07 08:04:02-07:00,99
"@gfalcone601 @tommcfly I think so, too  Why not? YouÂ´re a lovely couple",2065235171,2009-06-07 08:10:39-07:00,72
"@tommcfly i have many good photos of you at Sao Paulo, if you want it, talk to me ",2065314384,2009-06-07 08:20:27-07:00,82
@tommcfly Morning to you to!  xx,2065314680,2009-06-07 08:20:29-07:00,32
@tommcfly when r u guys coming to jersey? gd luck with the tour ,2065330730,2009-06-07 08:22:28-07:00,64
"@tommcfly yeaaaaaaaaaaaaaah, marriage! ",2065332244,2009-06-07 08:22:39-07:00,39
@tommcfly i read that too! ofcourse i had no idea what they were talking about ,2065333066,2009-06-07 08:22:45-07:00,79
"@tommcfly tom, i need you here in brazil! when you come again? i heard that you're back in october, is true?  Xx",2065362496,2009-06-07 08:26:22-07:00,112
@tommcfly Morning Tom! Are you also reading my tweet?? ,2065363595,2009-06-07 08:26:30-07:00,55
"@tommcfly tom, come back to Brazil soooon please, we love your music dude, COME BACK COME BACK ",2065363690,2009-06-07 08:26:31-07:00,95
"@tommcfly i met you in brazil, you are sooo cute ",2065381277,2009-06-07 08:28:45-07:00,49
"@tommcfly good morning, good mo-o-orningggggggg, good morning to youuuuuu. ",2065394561,2009-06-07 08:30:21-07:00,75
"@tommcfly tom, i need you here in brazil! when you come again? i heard that you're back in october, is true?  Xx",2065394788,2009-06-07 08:30:22-07:00,112
"@tommcfly Are you aware that David Archuleta's following you already? Haha, i told him to. You're awesome like that. ",2065396353,2009-06-07 08:30:34-07:00,117
"@tommcfly you should do a spoof to single ladies, now that would be hilarous  Only in a pink leotard.",2065397394,2009-06-07 08:30:42-07:00,101
"@tommcfly tom, how r u? i hope u liked Argentina, i'll be waiting for u, again !  friday was the best day of my life â¥",2065397985,2009-06-07 08:30:46-07:00,120
"@tommcfly hi tom, please look at this  http://twitpic.com/6tqkg and are you performing at the Isle of wight on friday? plz reply x",2065445615,2009-06-07 08:36:41-07:00,130
@tommcfly whats the next McFly song to be released? ,2065446068,2009-06-07 08:36:44-07:00,52
"@tommcfly tom, i need you here in brazil! when you come again? i heard that you're back in october, is true?  Xx",2065476580,2009-06-07 08:40:30-07:00,112
"@tommcfly you playing football were funny, believe it! haha te amo  xx",2065478014,2009-06-07 08:40:41-07:00,70
"@tommcfly you have to have to have to win! when i go on it to vote, the + isnt there to click on like iv already voted! il keep trying  Xx",2065492192,2009-06-07 08:42:26-07:00,138
"@tommcfly tom, i need you here in brazil! when you come again? i heard that you're back in october, is true?  Xx",2065494987,2009-06-07 08:42:47-07:00,112
@tommcfly - I saw Derren Brown about a week ago and I never expected you all to be a part of it! I loved the song at the end haha  xxx,2065495371,2009-06-07 08:42:50-07:00,134
"@tommcfly Hi! i and another 10 girls have shout ""MCFLY"" yesterday at night, and we send you one letter and one rose, do you receibe that? ",2065525686,2009-06-07 08:46:32-07:00,138
"@tommcfly Wow, so how was the tour? And lavender smells awesome  x",2065526984,2009-06-07 08:46:41-07:00,66
@tommcfly hopee youu win the mr twitter universe thing  you deserve because your tweets cheer me up [:,2065541913,2009-06-07 08:48:31-07:00,102
@tommcfly Hey Tom! We had a party last night and I ofcourse requested McFly!! All my family turned to look at me! It was funny!  xxxx,2065543167,2009-06-07 08:48:40-07:00,133
"@tommcfly Tom,  will you talk to me one day ? ",2065544899,2009-06-07 08:48:53-07:00,46
@tommcfly bet you cant wait to go home now ,2065561523,2009-06-07 08:50:55-07:00,43
"@tommcfly Can you just say Hello to @linlina please.  she's my best friend, and needs to see something fun right now.. xx",2065575078,2009-06-07 08:52:35-07:00,121
@tommcfly : you like Chile?...I can't wait for the concert today ,2065576095,2009-06-07 08:52:43-07:00,65
@tommcfly wow is pretty! ,2065576419,2009-06-07 08:52:45-07:00,25
@tommcfly  you guys gotta come to Brazil in the summer! ,2065577095,2009-06-07 08:52:50-07:00,56
"@tommcfly tom, i need you here in brazil! when you come again? i heard that you're back in october, is true?  u can answer me please? xx",2065591658,2009-06-07 08:54:37-07:00,136
@tommcfly Hi Tom. If you doing international THIS year please include DENMARK!  we loves you!! xx,2065608567,2009-06-07 08:56:37-07:00,97
@tommcfly will you watch Green Day on UK this year? can't wait to see them in Brazil... Billie is trying to learn some portuguese! ,2065608954,2009-06-07 08:56:40-07:00,131
@tommcfly you boys will come back all pretty smelling ,2065609691,2009-06-07 08:56:45-07:00,54
@tommcfly TOM!! wow i think i got a bit over excited then. erm.................................................................. hi  xxxxx,2065610153,2009-06-07 08:56:49-07:00,138
@tommcfly - I saw Derren Brown about a week ago and I never expected you all to be a part of it! I loved the song at the end haha  xxx,2065624946,2009-06-07 08:58:37-07:00,134
"@tommcfly tom, i need you here in brazil! when you come again? i heard that you're back in october, is true?  Xx",2065627324,2009-06-07 08:58:54-07:00,112
Vamos ajudar gente  @tommcfly Tom need some help!! http://bit.ly/VwV6H /  And the first place too!,2065641873,2009-06-07 09:00:30-07:00,98
@Nicole1029 VOTE!!!!!   http://bit.ly/VwV6H @Jonasbrothers tell your fans to vote for @tommcfly OKAY! ? http://bit.ly/VwV6H,2065643337,2009-06-07 09:00:40-07:00,123
Vamos ajudar gente  @tommcfly Tom need some help!! http://bit.ly/VwV6H /  And the first place too!,2065662472,2009-06-07 09:02:53-07:00,98
@tommcfly I LOVE YOU! ,2065663695,2009-06-07 09:03:02-07:00,22
"@tommcfly tom, i need you here in brazil! when you come again? i heard that you're back in october, is true?  Xx",2065677710,2009-06-07 09:04:39-07:00,112
Vamos ajudar gente  @tommcfly Tom need some help!! http://bit.ly/VwV6H /  And the first place too!,2065679388,2009-06-07 09:04:51-07:00,98
@tommcfly  http://twitpic.com/6u1sr LOOK THIS PICTURE TOM  DO YOU LIKE IT? http://twitpic.com/6u1sr,2065698048,2009-06-07 09:06:58-07:00,99
@tommcfly http://bit.ly/6ACHH   haha now you will swim with sharks! But they don't bite  it's awesome,2065699566,2009-06-07 09:07:09-07:00,101
Vamos ajudar gente  @tommcfly Tom need some help!! http://bit.ly/VwV6H /  And the first place too!,2065731430,2009-06-07 09:10:50-07:00,98
"@tommcfly tom, i need you here in brazil! when you come again? i heard that you're back in october, is true?  Xx",2065732178,2009-06-07 09:10:55-07:00,112
@tommcfly http://twitpic.com/6g55n - i like this one. ,2065749131,2009-06-07 09:12:52-07:00,54
"@tommcfly But u guys had to stay married for about a month I guess, otherwise u won't have good memories enough Tom! ",2065751538,2009-06-07 09:13:09-07:00,117
"@tommcfly I vote do it  but i dont think i want to know what it is that will ""remind"" you of your 1st marriage! xxx",2065765365,2009-06-07 09:14:46-07:00,115
@tommcfly Can I be there when this happens.  That is a good one  ,2065767257,2009-06-07 09:15:00-07:00,65
@tommcfly Wow Tom I just woke up and checked twitter and that is the first thing I see....niceeeeeeeee ,2065767437,2009-06-07 09:15:01-07:00,103
@tommcfly It would make my day if you said happy birthday to me  please reply x,2065782310,2009-06-07 09:16:45-07:00,79
@tommcfly that would be kindda awesome ,2065782390,2009-06-07 09:16:45-07:00,39
Vamos ajudar gente  @tommcfly Tom need some help!! http://bit.ly/VwV6H /  And the first place too!,2065783724,2009-06-07 09:16:55-07:00,98
@tommcfly wow lmao i needed a laugh thanxx Tom! ,2065784430,2009-06-07 09:17:00-07:00,48
@tommcfly haha you would make a good couple but so would Danny and Dougie ,2065784707,2009-06-07 09:17:02-07:00,74
"@tommcfly haha, that would be fun!   Then every magazine would be writing about the two gay guys in McFly! <3 haha",2065784961,2009-06-07 09:17:04-07:00,114
@tommcfly marry me ,2065790992,2009-06-07 09:17:47-07:00,19
"@tommcfly YAY, really? Who's gonna be the man of the relationship, you or him? I support your marriage ",2065791854,2009-06-07 09:17:53-07:00,103
"@tommcfly don't marry Dougie, marry me ",2065818959,2009-06-07 09:21:08-07:00,39
"@tommcfly Hey Tom, please, can you tell me the name and singer of the song you sang here, please! http://tinyurl.com/mrzbom  ",2065834362,2009-06-07 09:22:59-07:00,125
@tommcfly You'd form a really nice couple tough ,2065852674,2009-06-07 09:25:08-07:00,48
@tommcfly and @gfalcone601 are 2nd places at Mr. Twitter Universe and Ms Twitterworld .. keep voting for the best couple ever !! ,2065921044,2009-06-07 09:32:58-07:00,129
"@tommcfly tom, congratulate meeeeee  today is my b-day, my super swet sixteen *-*",2065924017,2009-06-07 09:33:18-07:00,81
"@tommcfly I don't know why but that remind me of Ross Geller, from Friends... anyway, I think u and Doug would make a cute couple  love u!",2065938956,2009-06-07 09:35:00-07:00,138
@tommcfly Only 201 sleeps until Christmas!  So only 201 sleeps until my birthday !  nice!,2065941212,2009-06-07 09:35:15-07:00,89
@tommcfly i think you 2 should just do it  xXx,2065942700,2009-06-07 09:35:25-07:00,46
"@tommcfly that's you , i love the concert â¥ please come back again this year !  http://yfrog.com/0wz5gj",2065960040,2009-06-07 09:37:23-07:00,105
@tommcfly aww ! can i be your bridesmaid ! That would make me very happy ,2065976077,2009-06-07 09:39:13-07:00,73
@tommcfly LOL !  i can soooo see u 2 doing that but doug in a cheesy old wedding dress ,2066102841,2009-06-07 09:53:39-07:00,87
"@tommcfly 2 say Location: Planet Earth on your profile is a dangerous, yet bold move. You should keep that info private when your famous! ",2066136395,2009-06-07 09:57:30-07:00,138
@tommcfly good answer  i don't understand the fans tht r like tht with u,2066173865,2009-06-07 10:01:32-07:00,72
"@tommcfly Nooo, I'm joking!!  hahahah. Love you!! Xxx",2066194735,2009-06-07 10:03:50-07:00,53
"@tommcfly TOM, PEOPLE FROM BRAZIL ARE MAKING A PETITION AGAIN, 4 U COME BACK TO BRAZIL IN 2010, BUT WE KNOW THAT U COME BACK IN 2009. LOL ",2066390438,2009-06-07 10:25:49-07:00,138
"@tommcfly Do it please,but don't divorce! you are such a lovely couple,you know it ",2066392162,2009-06-07 10:26:01-07:00,83
"@tommcfly, you do make me laugh. ",2066464762,2009-06-07 10:34:16-07:00,33
Vote for @tommcfly for mr twitter germany  <3 http://bit.ly/VwV6H,2066554569,2009-06-07 10:44:22-07:00,65
"@tommcfly But we still are in this fight!  ""TOM FLETCHER FOR MR. TWITTER UNIVERSE!!"" *-* hahaha. Love you!! Xxx",2066607962,2009-06-07 10:50:24-07:00,111
@tommcfly  hi ,2066643302,2009-06-07 10:54:23-07:00,14
Vote for @tommcfly !!!   http://bit.ly/VwV6H  ,2066678333,2009-06-07 10:58:22-07:00,46
vote for @tommcfly  He is only on the 2nd place!! :'D http://bit.ly/VwV6H,2066735132,2009-06-07 11:04:31-07:00,73
"@tommcfly hey, its my birthday haha  just wondering, do u remember us in the lowry hotel? NOTE PICTURE haha",2066773919,2009-06-07 11:08:45-07:00,107
@tommcfly Take a look at our website! We wrote a song for you guys  #peidonacara if dont like it http://back2wonderland.blogspot.com,2066790316,2009-06-07 11:10:34-07:00,132
@tommcfly you're on swedish tv right now  gordon ramsay's the f word haha! very funny lol xxx,2066790716,2009-06-07 11:10:36-07:00,93
@tommcfly Hey Tom!! Pls say hi to your German Fans   Do you come to Germany this year? Xxxx,2066792249,2009-06-07 11:10:46-07:00,91
"@tommcfly hey how can i get in touch with your agent/manager, to get you guys to sing in my birthday?  becoz i LOVE YOUU!!!!!!!!!!!!!!",2066958180,2009-06-07 11:29:16-07:00,134
@tommcfly Brazil missing you  xx,2066973477,2009-06-07 11:30:54-07:00,32
"@tommcfly Hey Tom, I've gotta ask, how did you understand what the man was saying on the show you went on in Brazil.  x",2067012561,2009-06-07 11:35:17-07:00,119
@tommcfly take a look at this http://twitter.threadless.com/ they've got some awesome t shirts about twitter on there ,2067013569,2009-06-07 11:35:24-07:00,118
"@tommcfly you complained about your wikipedia photo, now it's changed!  X http://bit.ly/m3Vm1",2067069625,2009-06-07 11:41:32-07:00,93
"@tommcfly you really should. do you have a new tour coming out any time soon? i went to ur radio:active one last nov, i love you guys  xx",2067317460,2009-06-07 12:07:59-07:00,137
@tommcfly @gfalcone601 please tell us if you likey  http://twitpic.com/3gvkz,2067780479,2009-06-07 12:56:55-07:00,76
VOTE VOTE VOTE!!  @TOMMCFLY IS BACK IN THE LEAD!!   http://tinyurl.com/qwey8r,2068316129,2009-06-07 13:52:31-07:00,77
"Good Night people!  dont forget to vote for @TomMcFly ! as we've got big time difference, people probably will vote all night! VOTE!",2068535172,2009-06-07 14:14:56-07:00,132
"Tom, you're the first  @tommcfly",2068554066,2009-06-07 14:16:55-07:00,32
brb  btw @tommcfly is in the lead.,2068725610,2009-06-07 14:35:13-07:00,34
@tommcfly Lol im sure they were not dissapointed Tom  xxxx,2069305050,2009-06-07 15:38:03-07:00,58
"@tommcfly the fans will always enjoy the concert tom, even if you sound like a bad school band! don't worry ",2069342456,2009-06-07 15:42:07-07:00,108
@tommcfly I'm sure the fans don't blame you. I bet you next time is going to be loads better ,2069342492,2009-06-07 15:42:07-07:00,93
@tommcfly tom please tweet about the competition! people vote when you do and we want to keep you in first place ,2069344073,2009-06-07 15:42:18-07:00,113
@tommcfly Don't you worry! McFly have the most passionate fans EVER! they will understand ,2069344121,2009-06-07 15:42:18-07:00,90
@tommcfly tom...calm down ,2069359584,2009-06-07 15:44:02-07:00,26
"@tommcfly RELAAX TOM, THEY STILL IN LOVE WITH YOU! AND I'M SURE THEY LOVED THE SHOW OK? DON'T WORRY ",2069360085,2009-06-07 15:44:05-07:00,100
"@tommcfly dont be upset, smile smile ",2069360295,2009-06-07 15:44:06-07:00,37
"@tommcfly what happened in chile tom? well, im sure they dont mind and the chile fans will always support you ",2069360310,2009-06-07 15:44:07-07:00,110
"@tommcfly c'mon, we know who you are and we know how perfect your concert is ",2069360634,2009-06-07 15:44:09-07:00,77
@tommcfly Ahhh im sure your fans will stick with you guys your an awesome group of guys ,2069362436,2009-06-07 15:44:20-07:00,88
"@tommcfly well if them fans stop liking you guys.. then their not true fans. you guys are absolutly awsome, and we all hope you know that ",2069379874,2009-06-07 15:46:15-07:00,138
@tommcfly I?m sure that you didn?t lose any fans! We all still love y?all no matter if the sound was bad ,2069380741,2009-06-07 15:46:21-07:00,105
@tommcfly I'll be Ok ,2069380998,2009-06-07 15:46:22-07:00,21
"@tommcfly don`t worry about those things.. always happen, you guys won`t lose your fans. WE LOVE YOOU ",2069381374,2009-06-07 15:46:25-07:00,102
"@tommcfly don't worry about it. there are fans that will be ungrateful, but there are true fans who will stick by you no matter what ",2069414662,2009-06-07 15:50:10-07:00,133
@tommcfly MCFLY ARE AWESOME! and your fans know who you are and how  an amazing band mcfly is ,2069418102,2009-06-07 15:50:32-07:00,94
"@tommcfly aww i'm sorry you feel so upset, but true fans would never give up on you. Hang in there ",2069435214,2009-06-07 15:52:27-07:00,99
"@tommcfly The real fans know how good you guys are, and will always suport you. And I bet you it wasn't that bad ",2069473942,2009-06-07 15:56:43-07:00,113
"@tommcfly Tom I'm sure they understand! we all know you guys make fantastic shows! but just for the record, if you need a fan, here I am! ",2069474676,2009-06-07 15:56:48-07:00,138
@tommcfly I'm sure if they are real fans they won't be disappointed with you guys. They will understand that was not ur fault. ,2069493502,2009-06-07 15:58:54-07:00,127
@tommcfly don't worry tom cuz every little thing gonna be all right ,2069493682,2009-06-07 15:58:55-07:00,68
"@tommcfly You just gotta be happy,but sometimes thats hard.So just remember to smile,smile,smile CHEER UP TOM  Love you",2069511953,2009-06-07 16:00:49-07:00,119
"@tommcfly I don't think you lost fans, we all know this kind of this happen and  know it's not your fault, true fans will understand this ",2069527921,2009-06-07 16:02:33-07:00,138
@tommcfly Hug virtual in Tom Fletcher! hahaha ,2069530472,2009-06-07 16:02:51-07:00,46
"@tommcfly if they are really fans, they will understand and apologize you, if they're not, you are not loosing anything. my opinion ",2069567159,2009-06-07 16:06:53-07:00,132
@sln25373 @tommcfly PLEEEASSSE REPLY TO HERRR ,2069567967,2009-06-07 16:06:59-07:00,46
"@tommcfly ooh, tom =/ dont get this sad.. you'll be always awesome no matter what happens ! and you didnt lose fans.. believe me ! haha ",2069641638,2009-06-07 16:15:12-07:00,136
@tommcfly South America loves you ,2069695025,2009-06-07 16:21:18-07:00,34
@tommcfly celebrate? aaam i'm not celebrating! I MISS U GUYS haha. the show in Argentina was AMAZING. U made me cry  Love u guys so much.,2069695066,2009-06-07 16:21:18-07:00,137
@tommcfly have fun  hope you enjoyed the rest of the tour,2069695320,2009-06-07 16:21:20-07:00,57
"@tommcfly yeeah, go celebrate! NO MORE CRAZY FANS! Thank God, haha ",2069696601,2009-06-07 16:21:29-07:00,67
"@tommcfly have fun tom  you all deserve, and please, come back as early as you can :') all the south america love you sooo much ! â¥",2069696793,2009-06-07 16:21:30-07:00,133
"@tommcfly Yeah, go on and celebrate! You deserve it  You guys are amazing! Thanks for one of the best days of my life, I love you! â¥",2069711745,2009-06-07 16:23:13-07:00,134
"@tommcfly oh, im so glad you are calm now. its not a big deal, we love you ANYWAY, no matter what!  have a nice celebrating.",2069712655,2009-06-07 16:23:19-07:00,124
"@tommcfly breath, angel ",2069714251,2009-06-07 16:23:29-07:00,24
"@tommcfly to be honest you shouldn't get upset, any mcfly gig is a good gig no matter the script ",2069752533,2009-06-07 16:27:45-07:00,97
@tommcfly shit happens! for every bad show there's 50 good ones! and you'll always have fans everywhere cos us fans are kickass!  x x x,2069771448,2009-06-07 16:29:53-07:00,135
@tommcfly Ended now the South American tour and we are waiting for you again. ,2069792301,2009-06-07 16:32:09-07:00,78
"@tommcfly http://twitpic.com/3wc71 - DAAAAAAAANNY, can you call me? Please ",2069954616,2009-06-07 16:50:14-07:00,75
"@tommcfly the show was so So damn awesome Tom, you're so fucking amazing. Please DONT say you 'were like a school band!' ",2070111243,2009-06-07 17:06:47-07:00,121
"@tommcfly oh, enjoy the night  You're all deserve it! #southamericalovesmcfly",2070288187,2009-06-07 17:25:46-07:00,77
@tommcfly now what tom? are u ok? or u're missing argentina? YOU'RE SO VERY WELCOME HERE  COME BACK !!,2070366521,2009-06-07 17:34:07-07:00,102
"@tommcfly Tom, don't be sad! Nobody likes to see you that way! ",2070367267,2009-06-07 17:34:11-07:00,63
@tommcfly Yep. Today would be better if you answer me. ,2070368359,2009-06-07 17:34:18-07:00,55
I want a hug from @tommcfly  HAHA' i love you baby â¥,2070386066,2009-06-07 17:36:10-07:00,54
@tommcfly have you ever thought about playing in the CARIBBEAN? oooh that sounds good right? ,2070386089,2009-06-07 17:36:10-07:00,93
"@tommcfly Hey Tom, i was in the starbucks when i remember you ",2070388710,2009-06-07 17:36:26-07:00,62
@tommcfly sorry you're having a bad day..  your fans are still gonna love you guys that's a fact ,2070388912,2009-06-07 17:36:27-07:00,97
@tommcfly McFLY is a success and the failures are almost unnoticeable! i love you so much ,2070408147,2009-06-07 17:38:30-07:00,90
@tommcfly sure the show wasn't as bad as you thought! Enjoy your night  xxxx,2070408507,2009-06-07 17:38:31-07:00,76
"my 900th tweet goes to in no order, @dougiemcfly @dannymcfly @tommcfly @mcflyharry @tregster @shawnee_dj @kateyy__ cause i love you all ",2070450470,2009-06-07 17:43:02-07:00,136
"@tommcfly and dont worry cuz you'll NEVER lose your fans  u didnt dissapoint us, PLEASE COME BACK TO CHILE SOON!",2070579851,2009-06-07 17:56:55-07:00,112
"@tommcfly tom not worry about chile concert, fans were more than happy anyway, i0m from chile ",2070808079,2009-06-07 18:19:55-07:00,94
http://twitpic.com/6vk5i - @tommcfly the best smile! ,2070844426,2009-06-07 18:23:45-07:00,53
"@tommcfly Good night, sweet dreams Tom  Still up voting for you!",2071137243,2009-06-07 18:53:51-07:00,64
"@tommcfly peitchinho pro mr.Twitter universe lol te amo,tom ",2071137538,2009-06-07 18:53:53-07:00,60
"@tommcfly Good night dude, i wish a good trip in your back to UK, and we loved your perfomance here, back soon and we love McFLY forever ",2071137637,2009-06-07 18:53:54-07:00,137
@tommcfly Do you read minds? woow! I was talking about you now! Have a good back home! See you next tour in South America! ,2071156444,2009-06-07 18:55:50-07:00,123
"@tommcfly Good night Tom, I'll hope you  have a good day tomorrow! And, South America loves McFLY ",2071156450,2009-06-07 18:55:50-07:00,98
"@tommcfly after you go to bed, u can reply me right? hehehe, hav good dreams tom ",2071158601,2009-06-07 18:56:03-07:00,81
@tommcfly have a nice trip back ,2071179180,2009-06-07 18:58:08-07:00,32
@tommcfly ONLY 200 SLEEPS TILL CHRISTMAS!    i hope you're day got better Mr. Fletcher..!  ,2071179741,2009-06-07 18:58:11-07:00,91
"@tommcfly Good night Tom  and good travel, Brazil loves you. xXx",2071241165,2009-06-07 19:04:18-07:00,64
@tommcfly ahaha why?! what happened during the dinner?! ahaha if it makes your day better...we all love you!!  haha,2071241807,2009-06-07 19:04:22-07:00,115
@tommcfly This ir really cool.. u r in my country!! i love u mcfly ,2071283430,2009-06-07 19:08:29-07:00,67
@tommcfly you were great guys! maybe the sound wasnÂ´t the best but you play very good the show was great! we are not disappointed at all ,2071286739,2009-06-07 19:08:50-07:00,138
@tommcfly  i have just eaten pizza and it made me remind you ,2071304388,2009-06-07 19:10:36-07:00,61
"Good Night my friends! and @tommcfly, Good Night Sweet! ",2071324635,2009-06-07 19:12:37-07:00,56
"@tommcfly hey, you're almost mr. twitter universe! ",2071387202,2009-06-07 19:18:51-07:00,51
@tommcfly Good night Tom and good dreams too. ,2071542724,2009-06-07 19:33:58-07:00,46
@tommcfly Goodnight Tom ,2071656788,2009-06-07 19:44:03-07:00,24
"@tommcfly Tom, please say hi to Santos!!!  i love you so much, McFly is nothing without you, you are the brain!!! haha pls say hi!!!",2072352368,2009-06-07 20:51:44-07:00,132
"@tommcfly good night, mr.twitter universe ",2072354213,2009-06-07 20:51:56-07:00,42
"@tommcfly don't  tell harry, but you're my favourite from mcfly ",2072408292,2009-06-07 20:58:14-07:00,64
"@tommcfly hahaha, you could be the next Hugh Jackman! ",2072409220,2009-06-07 20:58:20-07:00,54
@tommcfly you have everything else going for you! there is no stopping you. you could definitely get one! im rooting for ya! ,2072427411,2009-06-07 21:00:21-07:00,125
"@tommcfly hope you still have this http://www.twitpic.com/6vwn8 and that gio, debbie and carrie like their presents ",2072479526,2009-06-07 21:06:20-07:00,116
@tommcfly danny is drunk at the bar singing you need to come see this! Haha come on  party at the bar! Woo,2072511884,2009-06-07 21:10:11-07:00,106
@tommcfly why not come pay a visit to Ohio my boy...it shall be fun ,2072515497,2009-06-07 21:10:36-07:00,68
@tommcfly Marvin is so cute!! you too! ,2169458525,2009-06-14 14:32:16-07:00,39
"@tommcfly my friend got a kitten today, just like youuu!  shes still deciding between oliver or oscar, which one you thinks better?  xx",2169477899,2009-06-14 14:34:10-07:00,135
@tommcfly awww hes a famous wee kitten already lol  who picked the name? its dead sweet  xxx,2169479867,2009-06-14 14:34:21-07:00,92
"@laubow_  @tommcfly lol oooh yes, Laura makes a vair good point. It would be amazing. ",2169481030,2009-06-14 14:34:28-07:00,86
"@tommcfly Hahaha, i think so. Marvin is so sweet, maybe he will join the band! ",2169481031,2009-06-14 14:34:28-07:00,79
"@tommcfly haha, im watching you on the 5:19 show, you have no exam tips at all! its funny! ",2169501798,2009-06-14 14:36:30-07:00,91
@tommcfly @mcflymusic @dannymcfly @dougiemcfly @mcflyharry GOOD MORNING GUYS!!  upto much today? X x x,2175053168,2009-06-14 23:58:21-07:00,102
@CarrieChute if @tommcfly likes it then all's good! ,2175238226,2009-06-15 00:26:46-07:00,52
@tom_fletcher hey idiot! u are an IDIOT! there is only 1 tom fletcher on twitter! @tommcfly! i got cha back real tom!  pfft what a tool..,2175300193,2009-06-15 00:36:31-07:00,137
@tommcfly why did you decide to call your kitty marvin?  just wondering x,2175667185,2009-06-15 01:38:37-07:00,73
@tommcfly GOOD LUCK MARVIN!! and good morning ,2175723817,2009-06-15 01:48:39-07:00,46
@tommcfly When Marvin will be on twitter ? ,2175736537,2009-06-15 01:50:55-07:00,43
"@tommcfly Marvin shud play here at my house, I have persian cat! ",2175736768,2009-06-15 01:50:57-07:00,65
@tommcfly Goodluck Marvin ,2175760015,2009-06-15 01:55:12-07:00,26
"@tommcfly Aww, Marvin is so adorable!! I hope the other cats will like him  What are their names? Good luck, Marvin ;)",2175782521,2009-06-15 01:59:23-07:00,118
http://bit.ly/G8Er7  - Vote @tommcfly ,2175807175,2009-06-15 02:03:20-07:00,38
@tommcfly it would be awesome if you guys tried to get a song on the New Moon soundtrack...just saying  we could start #mcflyfornewmoon ,2175840741,2009-06-15 02:09:07-07:00,136
@tommcfly Good Luck Marvin  x,2175944610,2009-06-15 02:27:25-07:00,29
@tommcfly everything's ok with Marvin after meeting Leia and Aurora?  u should put a pic of them all together *-*,2175964777,2009-06-15 02:31:04-07:00,113
@tommcfly @gfalcone601 awh its like the older kids are meeting the new baby for the first time! Definitely a big day in ur house today ,2175966658,2009-06-15 02:31:22-07:00,135
@tommcfly @gfalcone601 aww  I'm sure they'll love him! x,2176010647,2009-06-15 02:39:12-07:00,56
@tommcfly marvin is soooo cute  I wish I could have a cat too...,2176011846,2009-06-15 02:39:24-07:00,64
@tommcfly Good luck to Marvin then ,2176058021,2009-06-15 02:47:29-07:00,35
@gfalcone601@tommcfly The search is on for Britainâs most mischievous kitten! Enter now at catslikefelix.co.uk/ mischief. ENTER MARVIN ,2176210620,2009-06-15 03:14:02-07:00,137
"@WalkInTheSun_ Did you know, we are seeing @Tommcfly @dannymcfly @dougiemcfly and @mcflyharry in FIVE days? ahhhh!       ",2176304134,2009-06-15 03:30:09-07:00,121
"@tommcfly good luck to marvin :3 I'm sure he'll be okay, don't worry ",2176588396,2009-06-15 04:15:56-07:00,69
@tommcfly Wouldnt it just be the coolest thing ever to do the voice for a Disney character...like Ariel or Prince Ali? That'd be sweet! ,2176630948,2009-06-15 04:22:20-07:00,136
@mcflymusic @tommcfly Sweden.. Have you ever heard that you have A LOT of fans here? WE NEED YOU ,2176671476,2009-06-15 04:28:28-07:00,97
"@tommcfly wish Marvin good luck from me  and he's the cutest kitten ever, so the other cats will love him anyhow xx",2176697879,2009-06-15 04:32:18-07:00,115
@tommcfly i hope you play the heart never lies on saturday ,2176866924,2009-06-15 04:56:29-07:00,59
@tommcfly your next cat must be nammed Martin after Martin McFly  hahahahaha,2177841950,2009-06-15 06:47:29-07:00,76
"gonna take a picture of my star wars hoody as promised.. not sure when, but today  @tommcfly @paula_mcfly",2177991504,2009-06-15 07:01:48-07:00,105
"@tommcfly Please say ""Hi"" to all your german fans..  Xx Evi",2178121842,2009-06-15 07:13:35-07:00,59
@tommcfly yeah that's spelt right (: well go and eat something more tom ,2178122892,2009-06-15 07:13:41-07:00,72
"@tommcfly bread, oil and vinegar together is nice  don't think it makes you anxious tho...",2178124562,2009-06-15 07:13:49-07:00,90
@tommcfly yummy. So? How did it go with the cats meeting? Send Marvin a kiss  haha xxx,2178147634,2009-06-15 07:15:55-07:00,86
@tommcfly Hey! Could you please spread the word about McFlyMcFans? ,2178147796,2009-06-15 07:15:56-07:00,67
@tommcfly Oooo bad mix of food lol bloating and/or indigestion to follow! ,2178148088,2009-06-15 07:15:58-07:00,74
@tommcfly Yep anxious is spelled right  I do that sometimes as well. Could be you having to introduce little Marvin to the rest ,2178233387,2009-06-15 07:23:47-07:00,128
"@tommcfly Please say ""Hi"" to me and my two best friends @Melli1310 and @McFLYFan_Katie  I don't wanna bother you.. German greets Xx Evi",2178279985,2009-06-15 07:27:59-07:00,135
"@tommcfly TOM, you're so beautiful! I love you so much! when do you came to brazil again? don't forget us! *-* could you reply me? ",2178299503,2009-06-15 07:29:46-07:00,131
"@tommcfly I think there's another fake of you @TM_Fletcher. But don't worry, all your fans know who the real one is.  xx",2178520369,2009-06-15 07:49:21-07:00,120
@DebbieFletcher@tommcfly@dannymcfly@dougiemcfly@mcflyharry mcfly Ã© uma energencia! ,2179034875,2009-06-15 08:33:10-07:00,84
@tommcfly if there is ever a celebrity deal or no deal i shall campaign to get you on it ,2179277926,2009-06-15 08:53:16-07:00,89
"@tommcfly Please Tom, can you wish happy b-day to my best friend @NiickG? She's a huge fan and it would be an awesome present!! ",2179949648,2009-06-15 09:48:20-07:00,128
@tommcfly http://twitpic.com/64eyw - omg i want ,2180176657,2009-06-15 10:06:49-07:00,48
"@tommcfly I do believe that i spelt right  hehe, probably! See you on friday  Can't wait!! x",2180525306,2009-06-15 10:35:19-07:00,92
@tommcfly I wrote about you in my french exam today as a celebrity who has a great influence on me  Love you xxx,2180550126,2009-06-15 10:37:21-07:00,112
"@tommcfly tom ! Marvin is so cute!, he seems  garfield  haha",2180650472,2009-06-15 10:45:28-07:00,60
@tommcfly would be SO HAPPY if you responded to me!!!! You guys are so talented & I hope for new music soon  I LOVE YOU. GOD BLESS! ,2180651168,2009-06-15 10:45:31-07:00,132
@tommcfly why r u so excited about?  i hope ur day turns great!.. i passed math with  17! i'm so happy! ,2180929023,2009-06-15 11:08:00-07:00,104
"@tommcfly Tom, today is my birthdaaaaaay! ",2181100359,2009-06-15 11:22:03-07:00,42
@tommcfly  hope your having a good time with marvin ,2182047754,2009-06-15 12:39:00-07:00,52
@tommcfly so how was the afternoon with dougie and the pussycats? hahahaha ,2182402895,2009-06-15 13:07:21-07:00,75
"@tommcfly  Hello Tom, how are you? How feels Marvin? The others are nice with him? Xxxx",2182530486,2009-06-15 13:17:36-07:00,87
@tommcfly i shall send you this until i get a response.  no one words!  http://is.gd/12JJP,2182553881,2009-06-15 13:19:34-07:00,90
"http://twitpic.com/7hqy3 - @tommcfly this is my cat, in his normal relaxing mode not as cute as Marvin though! ",2183071061,2009-06-15 14:00:30-07:00,111
@tommcfly ,2183426117,2009-06-15 14:29:23-07:00,10
"@tommcfly Good show Tom, for you and the guys ",2183426348,2009-06-15 14:29:24-07:00,46
@tommcfly like our banner? We really want to give u it next time there's a signing in Scotland  http://twitpic.com/3gvkz,2183478492,2009-06-15 14:33:39-07:00,120
@tommcfly i bet you guys did very well. ,2183478666,2009-06-15 14:33:40-07:00,40
@tommcfly Hi tom!! how are u? i dont like jonas but ... hope you have gone well in the show   greetings of chile!,2183498911,2009-06-15 14:35:20-07:00,113
"@tommcfly Tell Harry to get back on Twitter. I know the internet is still new to him, but he's done it before. ",2183623914,2009-06-15 14:45:42-07:00,111
"@tommcfly  Why you have to be so perfect ?... Believe me , Fletcher is a very sexy namee, and very english too (no problem on it)! ",2183697106,2009-06-15 14:51:43-07:00,131
@tommcfly much better ,2183720915,2009-06-15 14:53:44-07:00,22
"@tommcfly so glad ur happy  but let me tell u a little secret: u guys r sooo much better than the JB , lol",2183721103,2009-06-15 14:53:45-07:00,106
@tommcfly haha have you seen the jonas brother southpark episode! pretty funny! keep up awesome work  xxxxx,2183722449,2009-06-15 14:53:52-07:00,107
@tommcfly Busted o/ ,2183723558,2009-06-15 14:53:57-07:00,20
@tommcfly is it weird not being the main band again? when are you next going to perform in london?  x,2183723756,2009-06-15 14:53:58-07:00,101
@tommcfly im glad you guys had fun!! ,2183747276,2009-06-15 14:55:54-07:00,37
@tommcfly You guys should tour with Demi Lovato ,2183769006,2009-06-15 14:57:41-07:00,48
@tommcfly wanted 2 be there tonight! why dont u come with jonas to brazil han? ok... almost impossible but i'm a dreamer  lol,2183770142,2009-06-15 14:57:47-07:00,125
@tommcfly oh you're really like it  you remind day of BusteD? oh ToM! ,2183770322,2009-06-15 14:57:48-07:00,70
@tommcfly oh my.. Busted days. we miss it too. :')  I'm glad you played with JB Tom! ,2183771799,2009-06-15 14:57:55-07:00,85
@tommcfly busted days that makes me sad but now its JONAS all the way  hope your the uk support that would make my night on the 22 nov,2183772733,2009-06-15 14:58:00-07:00,134
"@tommcfly I just know a few songs of JB, but I'm happy that you guys sang with them. ",2183846063,2009-06-15 15:03:54-07:00,85
@tommcfly Toom! Just had had my first Starbuck's cofee yesterday and remembered of you! That's really good!  ,2183869296,2009-06-15 15:05:46-07:00,109
@tommcfly it was amazing  well done...if ur still with them say thanks for a great night and demi  it was amazing!,2183871089,2009-06-15 15:05:56-07:00,114
@tommcfly Maybe you guys should think about touring with JB in the States. That would be an ammmaaazzinnggg tour. ,2183916963,2009-06-15 15:09:45-07:00,114
@tommcfly heyyy tom! have fun at wembley. just a tweet to let you know you rock! ,2183932321,2009-06-15 15:11:01-07:00,81
@tommcfly  aww thats awesome!  aand wanna meet my cat http://twitpic.com/7hxly http://twitpic.com/7hxir,2183969271,2009-06-15 15:14:04-07:00,103
"@tommcfly The busted yeahh, i didnt say that with bad intencion!  good that youÂ´ve spent so well tom!! have a nice night !! byee  !!",2184065896,2009-06-15 15:22:20-07:00,133
@tommcfly OMG! come to SPAIN with them  that would be amazing!!,2184300070,2009-06-15 15:42:30-07:00,63
"@tommcfly please, dont compare JB with Busted! Hill Valley High will come to Brazil!  can you say an 'Hi Bia' for me ? no? ok so =*",2184348446,2009-06-15 15:46:45-07:00,131
@tommcfly   McFLY and Jonas Brothers huh ? Nice Tom ,2184370915,2009-06-15 15:48:42-07:00,52
"@tommcfly you and James should play together again once, at least. For the old times  I love Busted. Who cares it's over.",2184393408,2009-06-15 15:50:41-07:00,121
@tommcfly i looooooooove uuuu ,2184460614,2009-06-15 15:56:43-07:00,30
"@tommcfly My God died, I do not believe you played with JB! love unconditionally as they love you  hope it was a great show. xx",2184627051,2009-06-15 16:11:03-07:00,127
@tommcfly & @Jonasbrothers duet of STAR GIRL?!!? omgggg  i wish i saw that live! come to ny and playyyy ,2184942079,2009-06-15 16:38:53-07:00,104
"@tommcfly Hey,Tom! How are you? And your voice is better? Goodnight for you. ",2185354190,2009-06-15 17:15:21-07:00,77
"@tommcfly goognight tom, have good dreams ",2185354894,2009-06-15 17:15:24-07:00,42
@tommcfly Tomelette is always a good idea! ,2185356341,2009-06-15 17:15:34-07:00,43
"@tommcfly goodnight tom, good dreams ",2185376273,2009-06-15 17:17:18-07:00,37
@tommcfly GOOOODNIGHT!! ,2185376410,2009-06-15 17:17:19-07:00,24
@tommcfly donna about you but im thinking crunchy nut and a cup of tea ,2185377429,2009-06-15 17:17:24-07:00,71
"@tommcfly dude, you think a loooooot about breakfast! ahahaha. good night Tom  xxx. â¥",2185377842,2009-06-15 17:17:26-07:00,87
"@tommcfly good night n good luck tomorrow  and sorry about the things I said about JoBros, I don't like them but u like so, ok  McFLY <3",2185378172,2009-06-15 17:17:28-07:00,136
@tommcfly Goodnight Tom... Say something to me please.... today is my b-day  Lovee youu,2185468335,2009-06-15 17:25:38-07:00,87
@tommcfly good night baby! ,2185803458,2009-06-15 17:55:47-07:00,27
@tommcfly I love your kitty. It needs a twitter too ,2186411907,2009-06-15 18:48:09-07:00,52
"@tommcfly omg, can you guys PLEASE tour with jb, and come to america!!  that would actually make my life <3.  ",2188168747,2009-06-15 21:25:08-07:00,110
"@tommcfly @dougiemcfly @Dannymcfly if you knew this was your last day on earth, with wich celebrity would you like to spend it? ",2188633963,2009-06-15 22:15:43-07:00,128
@tommcfly you were amazing ,2189685811,2009-06-16 00:38:38-07:00,27
"@tommcfly Tommm! ""Booo, go to your naughty corner""  haha you were amazing thomas  i'm so glad you and jonas brothers are friends!",2190054769,2009-06-16 01:38:20-07:00,129
@tommcfly - Good morning to u! And a good day in beautiful London! Here in Lisbon the day is starting to look brigther! ,2190058429,2009-06-16 01:38:59-07:00,120
@tommcfly have great fun today ,2190066686,2009-06-16 01:40:19-07:00,31
"@tommcfly can't wait to hear the new stuff, especially as you said that its old mcfly meets new mcfly  see in you in 3 days!  xx",2190067290,2009-06-16 01:40:25-07:00,128
"@tommcfly Tom! Hi! Glad its sunny there, its sunny in ireland too! Outside pool, sweet! Coming home today. When did u get home?  x",2190090725,2009-06-16 01:44:27-07:00,130
@tommcfly #mcflysongoneclipsemovie I say: try it!!  x.,2190117248,2009-06-16 01:49:01-07:00,54
@tommcfly Please show us the new studio's pics!!! ,2190170341,2009-06-16 01:58:17-07:00,50
@tommcfly aww wow! Alright 4 some! such a nice day  xx,2190185488,2009-06-16 02:00:43-07:00,54
@tommcfly I'm going to be in London today too  watching All Star Family Fortunes  p.s. Your Mexican wave last night was incredible ;),2190197280,2009-06-16 02:02:36-07:00,133
@tommcfly Lucky you! Its cold and wet here in norwich! ,2190199543,2009-06-16 02:03:01-07:00,55
@tommcfly is recording going well? Can't wait for the new album  xo,2190232666,2009-06-16 02:08:37-07:00,67
@tommcfly hows marvin doing?  have a great day at the studio! xx,2190317809,2009-06-16 02:23:00-07:00,64
"Hoping @tommcfly, @dannymcfly, @dougiemcfly and @mcflyharry are coming to Sweden soon! ",2190467800,2009-06-16 02:48:56-07:00,87
@tommcfly .. I cant work out how to actually use twitter so hope this is right  amazing show wth jb last night...i screamed sooooo loud ,2190574608,2009-06-16 03:07:07-07:00,136
@tommcfly  you luck things ! hope you have a great day recording & swimming ,2190739908,2009-06-16 03:35:31-07:00,76
@tommcfly are you playing at t4 on the beach its my 1st time going it would be great if you were it would be my 5th time seein u !! ,2190763340,2009-06-16 03:39:34-07:00,132
@tommcfly btw you look so gorgeous   http://bit.ly/24c5K,2190991514,2009-06-16 04:15:28-07:00,56
@tommcfly Maths and Blodgee are my 2 faves =D \o-o/ <---- They are Harry Potter glasses ,2191058590,2009-06-16 04:25:17-07:00,88
@tommcfly Well.. I am off to make a cup of teaa. ,2191060494,2009-06-16 04:25:33-07:00,49
@tommcfly how could you they dont deserve you jonas bros are so annoying but im not quite sure why aha ,2191205654,2009-06-16 04:46:00-07:00,103
@tommcfly LOVED it. Made my night. You boys are brilliant. See you Friday ,2191633885,2009-06-16 05:40:31-07:00,74
@tommcfly Not for mcfly? Ah well have fun!  xxx,2192164451,2009-06-16 06:36:48-07:00,47
"@tommcfly When the sun shines, they slip into the shades, and sip their lemonades, when the sun shines... ",2192184544,2009-06-16 06:38:47-07:00,106
@tommcfly you should record Star Girl with JB ,2192269225,2009-06-16 06:46:41-07:00,46
"@tommcfly why you at the studio then?  just watched a video of you guys and the jonas brothers last night, it looked amazing!",2192311895,2009-06-16 06:50:40-07:00,125
@tommcfly Gonna make a trip to England in the holidays. I'm so excited ,2192315339,2009-06-16 06:50:59-07:00,71
@tommcfly Heya Tom! You should follow Peter Facinelli from Twilight  This is why: http://bit.ly/2S3xlc,2192836467,2009-06-16 07:37:16-07:00,102
That fake Tom Fletcher is so crap!! Its @tom_fletcher thats FAKE....its obvious that @tommcfly is the REAL ONE!!!  Xxxxxxxxxxxxxxxxxxxxxxx,2193180128,2009-06-16 08:06:18-07:00,138
