content,id,timestamp,length
@ddlovato @David_Henrie ummmmm i cant find it. ,1467929230,2009-04-06 22:51:34-07:00,47
@ddlovato Do you hate us?? Please don't ,1467953367,2009-04-06 22:58:30-07:00,40
@ddlovato Wish that i could see it..  Thats the downside of living in Sweden.. Good Luck anyway ,1469661950,2009-04-07 07:02:58-07:00,96
"@ddlovato hey demi, wen are you and selena gonna do another video? i miss them ",1469674492,2009-04-07 07:05:11-07:00,79
@ddlovato ahhhh i wish i could go to the dallas show...but i wont be near there then ,1548280868,2009-04-17 20:31:31-07:00,85
@ddlovato I just saw your tour dates and now I am sad..You come to houston two days before I get home from vacation ,1548773731,2009-04-17 21:56:12-07:00,116
"@ddlovato sonny with a chance in the UK, only 6 more days. I can't wait, but I'll miss it. I'm at the McFly concert  hmm .. I'll record it",1551831910,2009-04-18 10:05:14-07:00,138
@ddlovato demii!! how is your stage going to be?? i dont know what kind of seats to look for when i buy them on tuesdayy ,1552024212,2009-04-18 10:35:16-07:00,121
"@ddlovato hi demi, at which airport in Germany were you? If you were in Munich I missed you by like a day  if you'd answer that'll be grea",1553173354,2009-04-18 13:33:51-07:00,138
@ddlovato awww. why. omg i really wana c ure new show but it is not out here ,1553237653,2009-04-18 13:44:01-07:00,77
@ddlovato HEY DEMI WHY DO YOU NOT COME TO AUSTRIA??? ,1553241890,2009-04-18 13:44:43-07:00,53
"@ddlovato WHYY??!! IS NOT MY FAULT!, MY PARENTS ARE BUSY FOR 1TH TIME!  I FEEL UPSET... (( (u)",1553242505,2009-04-18 13:44:49-07:00,94
"@ddlovato Hi,How long are you in London? I have uni lectures during your show on Wednesday ",1553273877,2009-04-18 13:49:52-07:00,91
@ddlovato do u even get to know me messages? ,1553299270,2009-04-18 13:53:52-07:00,45
@ddlovato we'll miss you toooooooo  xoxo,1553299772,2009-04-18 13:53:57-07:00,40
@ddlovato HEY DEMI WHY DO YOU NOT COME TO AUSTRIA???  AND YEAH I WISH YOU A GOOD FLIGHT ,1553300244,2009-04-18 13:54:01-07:00,88
@ddlovato HEY DEMI WHY DO YOU NOT COME TO AUSTRIA???  AND YEAH I WISH YOU A GOOD FLIGHT ,1553302256,2009-04-18 13:54:19-07:00,88
@ddlovato Ilove ou demi you are great ,1553701121,2009-04-18 14:58:48-07:00,38
@ddlovato i wish you would reply to mee... ,1553884927,2009-04-18 15:28:39-07:00,43
@ddlovato Wish you were coming to Toronto. ,1556627732,2009-04-18 23:37:32-07:00,43
@ddlovato i wish i could see your concert. ,1556679130,2009-04-18 23:50:45-07:00,43
@ddlovato I FRUCKIN' LUV U!!!!! <3333   UR SO FUNNY ON UR SHOW!! xD i wish i can meet u in person !! ,1557068390,2009-04-19 01:50:13-07:00,101
"@ddlovato Your in germany? i am too,baumholder.  i never seen a celebrity in concert .'cept Lil Jon.",1557146911,2009-04-19 02:16:55-07:00,100
@ddlovato. Why do you hate me?  Lol,1557268969,2009-04-19 03:02:34-07:00,35
@naomilovesyou you're not the only one who thinks @ddlovato should come to belgium ,1557291180,2009-04-19 03:11:10-07:00,83
@kthxx ROFLLL isn't he dead? he might talk back. @ddlovato won't  demi I love you. lolll,1557340733,2009-04-19 03:30:30-07:00,88
"@ddlovato I'm so angry that i cant come to youre concert, Demi!!!! ",1557380492,2009-04-19 03:45:37-07:00,67
@ddlovato can't wait to travel  ,1557457247,2009-04-19 04:13:59-07:00,32
@ddlovato I know how you feel... From america to europe is a nightmare!! ,1557476717,2009-04-19 04:20:58-07:00,73
@ddlovato Are you in Madrid now? OMG! haha you are so tired  go to sleep and have fun in Spain!,1557520560,2009-04-19 04:36:36-07:00,95
@ddlovato         Iï¿½m sad you was in Germany and i couldnï¿½t see you...,1557521038,2009-04-19 04:36:48-07:00,74
@ddlovato - i dont get your jokee ,1557538005,2009-04-19 04:42:45-07:00,34
@ddlovato why are u there? come to italy ,1557579462,2009-04-19 04:57:01-07:00,41
@ddlovato what you've been in germany   where you have been ??  please please answer,1557783059,2009-04-19 05:59:06-07:00,84
@ddlovato OMG i cant believe you actually pit stopped in GERMANY !! and i didnt know  awwww i wanna meet u !!!!!!! love you <33,1557974334,2009-04-19 06:47:42-07:00,127
@ddlovato  Hey! Demi? U still there?  ,1558048762,2009-04-19 07:04:30-07:00,38
@ddlovato omg! I wish I could be there!  I can't wait to see u the 13.6 in Madrid! Love you!,1558468977,2009-04-19 08:28:18-07:00,92
@ddlovato what a pity that I wont go in any of the show here in brazil ,1559602470,2009-04-19 11:34:17-07:00,71
@ddlovato bad you're summer tour is not comming to Norway ,1559609790,2009-04-19 11:35:24-07:00,58
"@ddlovato omg, that's Madrid! i wish i was there, i live far from that place  have fun here, demi! love you xxx",1559641585,2009-04-19 11:40:26-07:00,111
@ddlovato http://twitpic.com/3lwfk - Welcome to Spain Demi!!I'm from Spain but not from Madrid. i would like to be in Madrid ,1559676767,2009-04-19 11:45:55-07:00,125
@ddlovato have a great day Demi i have school  haha x,1563735005,2009-04-20 00:02:06-07:00,53
"@ddlovato pleaseeee come to manchester, UK... with every band its always about London.. its difficult to keep traveling to London ",1564505869,2009-04-20 03:48:44-07:00,130
@ddlovato they are just trying to scare you ,1564690283,2009-04-20 04:33:59-07:00,44
"@Tommcfly @ddlovato @mileycyrus .. how do you get a rhythm to a song you write? I've written quite a few songs, but I can't do it  .. ilu",1565189369,2009-04-20 06:08:12-07:00,137
@ddlovato Why the sad face?  Don't Worry. Be Happy! ,1572834303,2009-04-20 22:43:33-07:00,52
"@ddlovato what happened, demi ? ",1572857063,2009-04-20 22:48:24-07:00,32
@ddlovato i dunno demi  ignore them they are dumb they only know what others tell them to be true than to actually figure it out.urperfect,1572908111,2009-04-20 22:59:25-07:00,138
"@ddlovato have fun in London shame I'm not gunna be there though, coz I'm in school!  id love to meet you too,so where abouts in london...",1572934032,2009-04-20 23:04:50-07:00,138
@ddlovato I know right. I think I'm okay. But most of people think I'm fat  but I'm like 46KG and i'm 15. I just don't understand it.,1572937087,2009-04-20 23:05:28-07:00,133
@ddlovato why you  for,1572954791,2009-04-20 23:09:26-07:00,22
"... wondering why @ddlovato is sad  now im sad :,( iLove U Demi ...",1572957666,2009-04-20 23:10:03-07:00,67
"@ddlovato Why are you ""  "" ? :o",1573000609,2009-04-20 23:19:53-07:00,31
@ddlovato  What's the matter?,1573212663,2009-04-21 00:10:29-07:00,29
@ddlovato scary dream  just woke up from it.,1573525257,2009-04-21 01:34:56-07:00,44
@ddlovato Enjoy it!  I miss it. ,1573683740,2009-04-21 02:20:56-07:00,32
@ddlovato what?? you are in munich? do you have a show there? :O omg i want to see you !! munich is soo near to me  please reply (:,1574020051,2009-04-21 03:55:20-07:00,131
"Wow! Im sooo tired  ... @ddlovato Demi, your tweets made me laugh so much! I freakin love Munich. I spent a whole week there last summer!",1574020282,2009-04-21 03:55:22-07:00,137
@ddlovato Yay for elbow hi-fives! Swine flu has got me a little scared too ,1675994791,2009-05-01 20:49:48-07:00,75
@ddlovato haha that pic u drew was AWESOME! I would be scared about the flu too  b careful! Stay healthy...I love ur music  Thx so much,1676194202,2009-05-01 21:20:56-07:00,135
I just realized I am SOOOO pumped for @ddlovato concert like I don't think I can wait until july! ,1677111461,2009-05-02 00:30:29-07:00,98
@ddlovato lol it's okay though it saves you in case she was mean ,1678563655,2009-05-02 07:05:48-07:00,65
@ddlovato Demzz Please come to Monterrey With The Jonas Brothers ,1678575156,2009-05-02 07:07:50-07:00,65
27 days til Jonas Brothers 3D and Nickelback! @ddlovato demi gosh you HAVE to do a tour in the UK. like seriously! London is too far away ,1678625570,2009-05-02 07:16:36-07:00,138
@ddlovato i don't agree  like to hear u singing 'lo que soy' haha,1678654868,2009-05-02 07:21:38-07:00,65
@ddlovato I don't know spanish enough to say who's good and who's not. ,1678679379,2009-05-02 07:25:45-07:00,71
"@ddlovato Sadly, I'd probably be so excited if I saw you I'd walk right by you as well ",1678688638,2009-05-02 07:27:20-07:00,87
I think I'm gonna start replying @ddlovato that she is ungrateful apparently she only replies to those ,1678691861,2009-05-02 07:27:53-07:00,103
"@ddlovato  Hey Demi! How are you ? It's Emma. I see,your Facebook got deleted ",1678750675,2009-05-02 07:37:20-07:00,78
@ddlovato demi you just made me so hungry for taco bell hah and its only 10 in the morning ,1678865555,2009-05-02 07:55:55-07:00,91
@ddlovato why do you not answer to your fan ? ,1678963226,2009-05-02 08:11:12-07:00,46
Aaah I just heard @ddlovato 'La La Land' on the radio for the 1st time yay!! I know I'm twittering too much but I'm bored ,1678999119,2009-05-02 08:16:51-07:00,122
"@ddlovato winona'a hometown is about 30 minutes from where i liv, but i've never sen her ",1679032031,2009-05-02 08:21:57-07:00,89
@ddlovato R u doin the brimingham(uk) concert with the jb ? cuz i wana cum c u in concert so bad but u ent doin concerts in the uk ,1680703399,2009-05-02 12:17:58-07:00,131
@ddlovato I was cyber-bullied the other week..... did u ever get that? it wasn't nice that's for sure ,1686011054,2009-05-03 03:16:34-07:00,102
@ddlovato demii your amazingggg! what happend to your facebook?  mwaa take careeeee & keep inspiringgg me  lovee youuuuuu mwaa xx,1686048587,2009-05-03 03:29:15-07:00,129
shorting out music for bbq unfortunately my family dont appreciate the music of @mileycyrus @ddlovato and @Jonasbrothers  oh well =] xo,1686281167,2009-05-03 04:42:02-07:00,135
@ddlovato girl you are sooo lucky...i would do anything to be there ..and id do anything to be at your show this summer in fl ,1686984363,2009-05-03 07:25:02-07:00,126
@ddlovato bozle? what is this? i dont understand ,1687040067,2009-05-03 07:35:08-07:00,49
@ddlovato good luck tonight!!! I wish I was going ,1687277208,2009-05-03 08:15:39-07:00,50
"@ddlovato you're so lucky, i wanted to go so badly but i couldn't ",1687310420,2009-05-03 08:21:07-07:00,66
@ddlovato hey I'm in the crowd for honor and your under an umbrella  hahah lucky.,1687657938,2009-05-03 09:15:55-07:00,81
@ddlovato who all did you see at bamboozle? sometimes I wish I lived up somewhere by jersy so I could go to bamboozle!  lol( im frm texas),1688852242,2009-05-03 12:04:00-07:00,138
@ddlovato Have you ever had a moment where you fel that everyone is too muchh of a grown up for you? i am   no one won't play with me..,1689010245,2009-05-03 12:25:07-07:00,135
i just missed swac for the third week in a roww! im sorry demi  @ddlovato,1692846315,2009-05-03 20:55:33-07:00,73
http://twitpic.com/4j6zx - @JohnBernos and I WISHING we were at BAMBOOZLE watching our girl @ddlovato and the rest of the homies ,1693678383,2009-05-03 23:22:28-07:00,129
@ddlovato wow you rocked so much!!!! i wasnt there  but ive seen you on youtube and wow keep rockin' and rollin' xoxo,1694704210,2009-05-04 03:47:34-07:00,117
have loose my faith in celebrities replies  Example:@jonasbrothers @selenagomez @taylorswift13 @dannitapaola @ItsChelseaStaub @ddlovato,1694989799,2009-05-04 04:50:49-07:00,135
"@ddlovato go fangirl over guys your age, please and thank you, we DO NOT appreciate it ",1696132153,2009-05-04 07:40:34-07:00,87
@ddlovato oh I'm so happy that u r back! I missed you so much ,1750994971,2009-05-09 18:25:02-07:00,62
"@ddlovato 0h yaaay Y0u're back ! , I g0t w0rried f0r y0u because 0f these stupid rum0rs. ..   I saw 0n Y0uTube, y0ur Bamb0oZzle !Extra;)",1751034759,2009-05-09 18:30:42-07:00,136
"@ddlovato Awwh Demi  Sorry To Hear You Miss Sel, But Soo Glad To Welcome You Back To Twitter  Come To Australia ? Love You&God Bless,xo",1751848336,2009-05-09 20:25:30-07:00,135
@ddlovato http://twitpic.com/4vtlm - I wish I had a dog! She's so adorable ,1752348487,2009-05-09 21:40:49-07:00,75
@ddlovato i missed demi's tweets more  haha x) jk..... i miss my mom ,1752769986,2009-05-09 22:55:57-07:00,69
@ddlovato i miss bob the bear ,1753532619,2009-05-10 02:06:55-07:00,30
"@ddlovato http://twitpic.com/3ez15 - i you hate in this picture,you're soo tan,it makes you look older ",1754209973,2009-05-10 05:25:37-07:00,103
@ddlovato hey demi heyy! i love you & u rock! i wish i could meet you ,1755569338,2009-05-10 09:28:32-07:00,70
"@ddlovato jealous  i wish i was still growing. i'm stuck at 5'3"" for the rest of my life",1759121631,2009-05-10 18:30:36-07:00,88
"@ddlovato congrats on growing!! ur catching up with me-i'm 5'8''! i wish i could go to ur show, but we spent so much money to see JB!! ",1759275940,2009-05-10 18:51:25-07:00,135
"@ddlovato sorry for my TERRIBLE writing in the last post, but the 140 limit ",1791921209,2009-05-13 21:32:15-07:00,76
@ddlovato  hey demi.. how's it goin? could you please greet me here.. my friends won't believe that you are the real demi.. ,1793280314,2009-05-14 02:04:41-07:00,124
"@ddlovato hey, how are u? the last days of school are coming up.  then the exams :S and then summer ",1793569948,2009-05-14 03:11:49-07:00,100
@ddlovato awesome demi!too bad i can't see what it looks like ,1822454819,2009-05-16 19:37:01-07:00,62
@ddlovato oh that is such a sad movie! ,1822461556,2009-05-16 19:37:57-07:00,39
"@ddlovato I be scared of this movie, well not much but have ",1822492219,2009-05-16 19:42:04-07:00,60
@ddlovato You are the moonlight of my life every night(8)... la la la la... Green Day...  I wish speak enlgish perfectly,1822606903,2009-05-16 19:58:11-07:00,120
@ddlovato tweeted @nicksantino saying she loved him. I have no chance now ,1822613209,2009-05-16 19:59:04-07:00,74
"@ddlovato Edward Scissorhands good movie, a little freaky, and sad ",1822685348,2009-05-16 20:08:53-07:00,67
Why am I not recieving any updates from @ddlovato ? ,1823569150,2009-05-16 22:19:46-07:00,52
@ddlovato: dont cry demi! I would be exactly the same way. I dont think i would be able to handle it ,1823867517,2009-05-16 23:14:42-07:00,101
@ddlovato Don't cryyyy  Think about other stuff. Like how happy you'll make people be. We are the one's who should cry. I'm sure I'll cry.,1823871212,2009-05-16 23:15:23-07:00,138
@ddlovato hi!! i wish u cud reply ,1823894496,2009-05-16 23:20:04-07:00,34
"@ddlovato  Have fun in South America, though! Go visit Tegucigalpa! lol jk That's the only S.American place I remember from Spanish class.",1823921194,2009-05-16 23:25:28-07:00,138
@ddlovato where you heading? ,1823964455,2009-05-16 23:34:14-07:00,29
@ddlovato aww demi. you were supposed to come to monterrey.  now i'll go to one of your concerts at USA cause you aint coming  ILY,1824041570,2009-05-16 23:50:15-07:00,130
@ddlovato i cant wait till you come to argentinaaa. i hope i can go to the concert ,1824054947,2009-05-16 23:53:05-07:00,83
@ddlovato how do u know who is real and who is fake on here? Kinda frustrating ,1824364591,2009-05-17 01:04:07-07:00,79
listening to @ddlovato album to make everything better. makes me cry more lol cause one of the songs was our songs and now were not bff ,1824556291,2009-05-17 01:54:05-07:00,136
i couldnt live without @ddlovato i am gonna miss her so much!!!! come back soon  i need my friendyyy!,1825881106,2009-05-17 07:06:46-07:00,101
i heard screams downstairs maybe @ddlovato or  @Jonasbrothers or @ mileycyrus ARE HERE oh wait none of them are in the country  darnn,1826135996,2009-05-17 07:46:55-07:00,133
@ddlovato me and the states miss you already!! <3 ,1827141734,2009-05-17 10:04:51-07:00,50
@ddlovato do u and selena talk alot anymore? it doesnt seem like it ,1827694578,2009-05-17 11:15:06-07:00,68
"@ddlovato You wanna sleep? xD in Lima 12:49AM here, in venezuela 1:45  i Just wanna be with You!",1833447848,2009-05-17 23:19:02-07:00,96
@ddlovato love you demi! ur so lucky u graduated.. i have exams for like 4weeks starting 2day ,1833499344,2009-05-17 23:29:03-07:00,94
"@ddlovato I hate change.  unfortunatly, we can't do anything about it....",1833689520,2009-05-18 00:07:02-07:00,73
@ddlovato so true. and it really hurts when things changed for the worst. ,1833701256,2009-05-18 00:09:32-07:00,74
"@ddlovato i know just how you feel...  sometimes it hard too move on, but its for the best.",1833716575,2009-05-18 00:12:35-07:00,91
"@ddlovato aw, are you alright? ",1833723692,2009-05-18 00:14:04-07:00,31
@ddlovato yea. is there a problem Demi? ,1833736002,2009-05-18 00:16:35-07:00,40
"@ddlovato It's a very sad realization sometimes, but it's very true. It just sucks when a person you care about changes for the worse ",1833743630,2009-05-18 00:18:14-07:00,134
@ddlovato PLS REPLY BACK ,1833750457,2009-05-18 00:19:44-07:00,25
@ddlovato but what happens when the friend that you needed is moving across country and the summer was the only time you had to sed her? ,1833839921,2009-05-18 00:38:37-07:00,137
why won't @ddlovato talk to me? ,1833853073,2009-05-18 00:41:27-07:00,32
"@ddlovato why dont u write then to us ?  I writing u everyday till i got twitter from,and nothing :/ love u demiii.xx",1833862997,2009-05-18 00:43:41-07:00,117
@ddlovato ironicly that is very true..i'm sry that the one who told you that is doing this to you   but you are strong know that!,1833911385,2009-05-18 00:54:43-07:00,129
@ddlovato why do others have to leave? if they are real friends why do they forget? ,1833912116,2009-05-18 00:54:53-07:00,84
@ddlovato Awwww. Demi I hope no one is making you feel terrible now. ,1833916322,2009-05-18 00:55:51-07:00,69
"@helenaanneh  that like almost made me cry, i've always got your back helena and i WILL get @ddlovato to reply to you i promise, i love u",1833925164,2009-05-18 00:57:52-07:00,137
@ddlovato this has been a stressfull month for me to think how to get you reply me.you did to your other fans but me.how sad ,1833943363,2009-05-18 01:01:50-07:00,125
@helenaanneh  i cannot thankyou enough for everything you have helped me through @ddlovato needs to know how incredible you are i love you,1833947441,2009-05-18 01:02:42-07:00,138
"@ddlovato =O why do u say that ?? u'r such an amazing person, never doubt it !  ",1834009827,2009-05-18 01:16:53-07:00,80
"Soooo sleepy.  I'm going to bed. Nightttt @BREEawNUHH, oh & @ddlovato, who never replies to me. :'(",1834079803,2009-05-18 01:33:02-07:00,99
"@ddlovato   Really hope you come back to the UK soon Demi, didn't get a chance to see any of your appearances ",1834203048,2009-05-18 02:01:32-07:00,110
"@ddlovato your so lucky to feel that way, I simply cannot there's just too much I want to do in my life and I know they'll never be done ",1834388635,2009-05-18 02:44:43-07:00,137
"@ddlovato ""and my best friends, you know who you are"" that's the bad, I know that I can't be one of that best friends  anyway I love you;)",1834642323,2009-05-18 03:42:14-07:00,138
@ddlovato You're great Demi.  My only regret is that I am out of town when you come to Orlando ,1834710509,2009-05-18 03:56:46-07:00,95
@ddlovato idk if your going through the same thing but the day before my 13bday my friend told me that i changed and now i am lonely ,1834875050,2009-05-18 04:28:53-07:00,133
How come @selenagomez and @ddlovato arnt going on tour together? that makes me sad not seeing them together ,1932346148,2009-05-26 21:17:08-07:00,108
@ddlovato What's that on your hand? Oh my number *lame  *,1932463021,2009-05-26 21:31:02-07:00,57
"@ddlovato the album is going to be phenomenal, i just know it. too bad your not coming to canada on your tour though ",1955768877,2009-05-28 20:35:41-07:00,117
@ddlovato SUSPENSE NOOOO  PLEASE DEMI PLEASE :'D,1955826777,2009-05-28 20:41:24-07:00,48
@ddlovato DEMI!!!!! I JUST TOLD YOU NOT TOOOOO  gah!!!!!!!!!!,1955830970,2009-05-28 20:41:50-07:00,61
@ddlovato that's mean ,1955834806,2009-05-28 20:42:14-07:00,22
@ddlovato demi!!! NOOOOOOOO. how long is the suspense gonna go?! i don't think i can take it... ,1955835977,2009-05-28 20:42:22-07:00,96
@ddlovato doonnttt doo thiss to usss  we are just helpless stupid fanssss ,1955841811,2009-05-28 20:42:59-07:00,74
@ddlovato if i die tomorrow? i will never know the date of the song  love ya ;),1955851957,2009-05-28 20:44:07-07:00,79
@ddlovato THAT NOT FAIR! i was already exited buuuh ,1955862504,2009-05-28 20:45:12-07:00,52
@ddlovato it really sucks when somone doesnt reply to you ,1955865840,2009-05-28 20:45:33-07:00,58
@ddlovato demi you're killing us! please dont do that  haha,1955876359,2009-05-28 20:46:41-07:00,59
@ddlovato DEMIIII YOUR BEST FRIEND SPENT LIKE 3 MONTHS HERE AND YOU DONT EVEN COME?  THIS SUCKS! COME TO VANCOUVER!!!,1955879988,2009-05-28 20:47:05-07:00,117
"@ddlovato Demi will you please tell us.....The wait is killing me! For everything! The Music, Tour! URG......Please ",1955884651,2009-05-28 20:47:35-07:00,116
@ddlovato well thats not very nice to keep us in suspense  tell it!,1955928368,2009-05-28 20:52:18-07:00,67
@ddlovato  when does it release? ,1955982666,2009-05-28 20:58:14-07:00,33
"@ddlovato suspense, suspense. what to do during the mean time? study  did u get a tan in south america? last time i went i got bad bites!",1955987916,2009-05-28 20:58:48-07:00,137
@ddlovato Your Mean ,1956016843,2009-05-28 21:01:56-07:00,20
@ddlovato aaaaaaaaa Demi! whatever u wanna do is fine! crap ill wait!  Cant wait YaY!,1956137432,2009-05-28 21:15:36-07:00,85
@ddlovato demi! no more suspense. lol  and i reallly want to see you on tour but im seeing JB and my mom doesnt want me to spend my $ ,1956139245,2009-05-28 21:15:49-07:00,134
@ddlovato but dont worry im working on her... i think i will be there but idk. hopefuly i will see you in CHICAGO! i will cry if i dont ,1956156301,2009-05-28 21:17:50-07:00,136
"@ddlovato you cruel, cruel girl...we have to wait... ",1956174684,2009-05-28 21:20:03-07:00,53
@ddlovato YOU LIKE HAVING THIS POWER OVER US! -meanie ,1956327855,2009-05-28 21:38:41-07:00,54
@ddlovato my back hurts  stupid sitting on the floor :/ LOL TELL US ALREADY!!! pleeeease,1956343018,2009-05-28 21:40:35-07:00,88
@ddlovato  heheheh.. i wanna know!!.. <3<3<3<3<3 love uu demiii!!,1956489755,2009-05-28 21:59:37-07:00,65
@ddlovato Demi I miss you!!!  please return soon to Argentina!! I love you with all my heart! you're MY LIFE <3 i need see you!,1956514847,2009-05-28 22:02:42-07:00,127
@ddlovato i can`t wait to hear your new album. i`m sure will be amazing.please just replay to me  i love you so much!!!!,1957072637,2009-05-28 23:26:30-07:00,120
"@ddlovato demi, just say hi to me and it`s enough. just replay to me please  love you so much!!!",1957086137,2009-05-28 23:28:47-07:00,96
@ddlovato july... too long ,1957096447,2009-05-28 23:30:28-07:00,27
thank you @ddlovato (: cant wait!!!! ummm btw ima crash still sick ,1957098844,2009-05-28 23:30:51-07:00,67
@ddlovato Caan't Iht Be Earlier? ICant Wait That Long.  Ahar. (:,1957103831,2009-05-28 23:31:42-07:00,64
"@ddlovato Since obviously living in Alaska, only a few radio stations we get here. ",1957154717,2009-05-28 23:40:18-07:00,83
@ddlovato Yayyyyyyyyyyy!!!!! but thats sp far away! ,1957192464,2009-05-28 23:46:48-07:00,52
"@ddlovato, ahhhhhhh so excited for july 21 (: ecxept stupid australia won't get it til like decembbberrrrrrrr  but stilll ahhh! congratss.",1957223957,2009-05-28 23:52:26-07:00,138
"@ddlovato july 21st!?? that means at your concert I won't know all the songs.  oh well, yay demi!! <3",1957523236,2009-05-29 00:46:11-07:00,101
@ddlovato hey! im a fan form Puerto Rico .. can'wait for your next CD ... xoxoxoxo Come back on tour here please  !!,1960262681,2009-05-29 07:41:06-07:00,116
@ddlovato miss chatting with you ,1961253361,2009-05-29 09:13:03-07:00,33
"It's so annoying when I want to go see The Sats, @OfficialJoBros and @ddlovato in concert..but I know I'LL Have to pay ",1962257822,2009-05-29 10:46:06-07:00,119
@ddlovato DEMI YOU WERE SO PRETTY WITH YOU'RE BANGS AND EVERYTHING .YOU LOOK TOO GROWN UP IN THIS PICTURE  i liked your bangs.,1963155007,2009-05-29 12:17:16-07:00,126
@ddlovato hey how is everything going? please reply back. sometimes i think you hate me because you never reply back to me ,1963330944,2009-05-29 12:33:41-07:00,123
@ddlovato where are ya headin to for your family vaca? i hope the paparazzi leave you alone ,1963988449,2009-05-29 13:33:16-07:00,92
@ddlovato or with other food like i can't put penutt butter in my bread it always broke my bread  y need to tosted TOO MUCH NOW,1964052366,2009-05-29 13:39:04-07:00,127
Listen to Back Around by @ddlovato ...love this song. Meet @TiniOlsen tomorrow ^.^ But we canï¿½t go swimming  Sorry,1964231440,2009-05-29 13:55:19-07:00,116
http://twitpic.com/67hac - My besties. If only @ddlovato was there. ,1964247674,2009-05-29 13:56:45-07:00,68
"@ddlovato today ""sonny with a chance"" came to brazil, i loved it!! you're amazing <33 please reply ",1964539715,2009-05-29 14:23:55-07:00,99
@Jonasbrothers @ddlovato you are disappointing me...... ,1964625858,2009-05-29 14:32:18-07:00,56
My besties. If only @ddlovato was there.  on Twitpic http://bit.ly/bRg6W (via @MileyCyrus),1965087224,2009-05-29 15:18:36-07:00,90
@ddlovato http://twitpic.com/5h3ad - And Brazil??? WE LOVE YOU TOO!! ,1965248504,2009-05-29 15:35:11-07:00,69
"@ddlovato it's quite hard cause when you attempt to spread it, the cornbread falls apart... ",1965265905,2009-05-29 15:36:59-07:00,92
My besties. If only @ddlovato was there.  on Twitpic http://ff.im/-3o32G,1965379382,2009-05-29 15:49:02-07:00,72
My besties. If only @ddlovato was there.  on Twitpic: http://twitpic.com/67hac - My besties. If only @ddlovato .. http://twitpic.com/67hac,1965379563,2009-05-29 15:49:03-07:00,138
tMeme> My besties. If only @ddlovato was there.  on Twitpic: http://twitpic.com/67hac - My besties. If.. http://twitpic.com/67hac,1965555022,2009-05-29 16:07:35-07:00,129
* My besties. If only @ddlovato was there.  on Twitpic: http://twitpic.com/67hac - My besties. If only @ddlova.. http://twitpic.com/67hac,1965999575,2009-05-29 16:56:13-07:00,137
@ddlovato  my cousin is in jail for shoplifting and drugs she is 16! im upset please help me feel better ,1966183016,2009-05-29 17:16:53-07:00,105
"@ddlovato How hard is it 2 be running back an forth constantly? Ya kno workin all the time, havin crazy sleepin schedules? Must be hard ",1966241834,2009-05-29 17:23:45-07:00,136
"@ddlovato Come back to Brazil, pleeease! ",1966875225,2009-05-29 18:33:34-07:00,41
@ddlovato haha. Can't wait 4 the video!!! Ur not going to keep us in suspense again w/the release date of the single r u? Please don't ,1966877040,2009-05-29 18:33:46-07:00,135
"@ddlovato i tought u were shootin 4 your new cd, ",1966908918,2009-05-29 18:37:15-07:00,49
My besties. If only @ddlovato was there.  on Twitpic http://u.nu/3f98,1967121318,2009-05-29 19:00:42-07:00,69
@ddlovato Btw I thought you were filming Here We Go Again ,1967170860,2009-05-29 19:06:00-07:00,58
@ddlovato im getting tired of this. you never freakin reply to me. and its rele getting me mad. ,1967210169,2009-05-29 19:10:04-07:00,96
695th update. @ddlovato PLEASE SAY HI TO ME. ,1967259704,2009-05-29 19:15:19-07:00,45
#TWRF My besties. If only @ddlovato was there.  on Twitpic: http://ping.fm/NZfUT - My besties. If only.. http://ping.fm/OiLdZ,1967360378,2009-05-29 19:26:19-07:00,125
"@ddlovato i need speak Seriously  with you, sometimes you really hurt me ): your always reply  to some people, but never to me.. > :: ",1967695939,2009-05-29 20:03:03-07:00,134
"@ddlovato i wish my dreams were coming true at this moment.. but, there now ",1968728995,2009-05-29 22:04:41-07:00,76
@ddlovato i'm so happy 4 u & sel!! i can't wait 4 both of ur albums they r gonna be beyond amazing!!  if only my dreams would come true ,1968821692,2009-05-29 22:18:01-07:00,136
@ddlovato madison is the cutest thing alivee. she doesnt need to be frustrated over paps  im sorry ur sister has to go through that<3,1968830302,2009-05-29 22:19:20-07:00,133
@ddlovato i want your sis to let me follow her but she won't im sad  you guys are amazing!!!!,1968833957,2009-05-29 22:19:54-07:00,93
@ddlovato demiiii! i cant wait to see you in london june 15... i still havent met you...  how are you?,1968837321,2009-05-29 22:20:22-07:00,102
@ddlovato Aww I saw the pap pictures of her.  Sucks that they're starting to follow at her at such a young age already.,1968838101,2009-05-29 22:20:29-07:00,119
"@ddlovato aww that's sad.  poor girl ha but you're right, paparazzi suck to the MAX. they even annoy me majority of the time.",1968843270,2009-05-29 22:21:15-07:00,125
@ddlovato yuck... i hate paps! there so slimy  ...,1968843320,2009-05-29 22:21:15-07:00,50
@ddlovato aw maddiee  i dont know why the paparazzi are so annoying! I cant understand because im not a rockstar like you! Loveyaa!,1968848545,2009-05-29 22:22:02-07:00,131
@ddlovato - you guys have a lot of patience. I'd probably smack somebody if they stalked me every where I went ,1968855516,2009-05-29 22:23:05-07:00,111
@ddlovato nvm ur sister just twittered that ur headed to the Bahamas! i cant believe u didnt invite me ,1968857392,2009-05-29 22:23:21-07:00,103
@ddlovato how annooying ,1968866975,2009-05-29 22:24:50-07:00,24
@mileycyrus I feel sad too. 'coz I haven't had a reply from YOU or @ddlovato  ,1968874957,2009-05-29 22:26:01-07:00,78
@ddlovato  that's awful! poor madison!,1968880190,2009-05-29 22:26:49-07:00,38
@ddlovato HAHAHA i just moved to the neighborhood! they were crazy today. i feel bad for ya'll ,1968880575,2009-05-29 22:26:52-07:00,95
@ddlovato it must suck i feel bad for yall ,1968882268,2009-05-29 22:27:07-07:00,43
"@ddlovato  awhh, madison  tell her i says: i hate the paps too >:[ she doesnt need that, and nor do you.",1968896915,2009-05-29 22:29:24-07:00,104
@ddlovato i wish I was there with u!  just long enuf to meet u and then faint,1968902448,2009-05-29 22:30:14-07:00,77
"@ddlovato Some day can you write back me, please? I know that you're a superstar but I want that you talk me  haha",1968908736,2009-05-29 22:31:11-07:00,114
@ddlovato hahaha. ur sisters sound awesome. Yall enjoy your vaca together. wish I was there to meet yall  I would prob do a happy dance.,1968925361,2009-05-29 22:33:41-07:00,136
@ddlovato awww madison   i feel like they shouldnt bug kids...until they're old enuf to cash their paychecks they should b offlimits,1968936037,2009-05-29 22:35:21-07:00,132
"@ddlovato please demi, respond to me   I'm your fan! hahaa.. u ar so awesome !!",1968944482,2009-05-29 22:36:40-07:00,79
"@ddlovato Demiiiii, how come you never message me  It hurts my feelings you know",1968976542,2009-05-29 22:41:49-07:00,80
@ddlovato aww I remember finding roly poly's when I lived in Texas. I don't see them in new york though ,1969090041,2009-05-29 23:00:21-07:00,104
"@ddlovato hi demi im a big fan and i'm from egypt can i contact you privatly plz reply, thank you. p.s i really need to contact you ",1969587197,2009-05-30 00:31:39-07:00,132
@ddlovato this is my last tweet for you.i'm not going to waste time tweeting for someone who don't appreciate any of it. you're mean ,1969811434,2009-05-30 01:18:59-07:00,133
@ddlovato this is my last tweet for you.i'm not going to waste time tweeting for someone who don't appreciate any of it. you're mean ,1969826387,2009-05-30 01:22:23-07:00,133
@ddlovato: hey demi ! please reply 2 me. i really want it badly  please !!! i really love u ! ur so pretty !!!,1970077697,2009-05-30 02:21:39-07:00,110
"@ddlovato Hey Demi, i wa just wondering if you have a profile page on Bebo & Facebook because there are ALOT of people faking you  x Steph",1970720441,2009-05-30 04:58:31-07:00,138
@ddlovato omgosh is it like 8 in the morning where you are. no wait im getting confused with time differences ,1970883445,2009-05-30 05:32:25-07:00,110
@ddlovato pleeaseee reply? i tried all day yesterday  please please please? It would seriously mean SO much! love you and ROCK ON! Im Sana,1970884443,2009-05-30 05:32:37-07:00,138
"@ddlovato yesterday ""sonny with a chance"" came to brazil, i loved it!! you're amazing <3 please reply ",1970884478,2009-05-30 05:32:37-07:00,102
@ddlovato aww have fun! i wish i was on vacation  can't wait for the album!!,1970887812,2009-05-30 05:33:17-07:00,76
@ddlovato pleeaseee reply? i tried all day yesterday  please please please? It would seriously mean SO much! love you and ROCK ON! Im Sana,1970890517,2009-05-30 05:33:51-07:00,138
"@ddlovato yesterday ""sonny with a chance"" came to brazil, i loved it!! you're amazing <33 please reply ",1970890639,2009-05-30 05:33:52-07:00,103
"@ddlovato yesterday ""sonny with a chance"" came to brazil, i loved it!! you're amazing <3 please reply ",1970894167,2009-05-30 05:34:34-07:00,102
@ddlovato hey if u've gotten over that fear of bikini pics..... Just saying...I'm sorry ur just really hott!! ,1970896453,2009-05-30 05:35:01-07:00,110
"@ddlovato yesterday ""sonny with a chance"" came to brazil, i loved it!! you're amazing <33 please reply ",1970910406,2009-05-30 05:37:48-07:00,103
@ddlovato hope u enjoy your vacation! Hopefully the Papz won't follow you.. But I doubt they won't ,1970910543,2009-05-30 05:37:50-07:00,99
"@ddlovato yesterday ""sonny with a chance"" came to brazil, i loved it! you're amazing <33 please reply ",1970916087,2009-05-30 05:38:59-07:00,102
"@ddlovato i feel left out, my nose is stuffy too  lol jk jk its just stupid hayfever and for once the weather is pretty good in england ",1970919648,2009-05-30 05:39:41-07:00,136
"@ddlovato yesterday ""sonny with a chance"" came to brazil, i loved it!! you're amazing <33 please reply ",1970922237,2009-05-30 05:40:10-07:00,103
@ddlovato woah Yay you!  have fun! i have to wait till June to have vacation and till August to  leave Belgium ,1970926903,2009-05-30 05:41:05-07:00,111
"@ddlovato yesterday ""sonny with a chance"" came to brazil, i loved it!! you're amazing <33 please reply ",1970930588,2009-05-30 05:41:49-07:00,103
@ddlovato hey thanks for not replying to me...  i thought different of you!,1970946475,2009-05-30 05:45:01-07:00,75
"@ddlovato yesterday ""sonny with a chance"" came to brazil, i loved it! you're amazing <33 please reply ",1970950618,2009-05-30 05:45:46-07:00,102
"@ddlovato Is incredible,ur HUGE dreams have come true & mine.(meeting u & miley) havnt even begun!  maybe 1 day they'll come true like urs",1971015105,2009-05-30 05:58:01-07:00,138
"@ddlovato no stuffy nose for me,so I'm not your best friend ",1971076286,2009-05-30 06:08:38-07:00,60
@ddlovato  i loveeee vacation!! in brazil its only in july ,1971083975,2009-05-30 06:10:01-07:00,59
@ddlovato eww my nose is so stuffed that ecerythome my head is like upsidedown it feels like it's gonna explode ,1971144020,2009-05-30 06:20:16-07:00,112
@ddlovato eww my nose is so stuffed that everytime my head is like upside down it feels like it's gonna explode ,1971150681,2009-05-30 06:21:24-07:00,112
"@ddlovato awww, what fight?  im sooo soorryy !",1971337025,2009-05-30 06:51:39-07:00,46
@ddlovato hey demi =D I answered by the official Twitter so once demi please love you too girl  !!!!,1971369647,2009-05-30 06:56:42-07:00,100
@ddlovato I hope im there at your plane.. lol i mean come on. life's unfair. i'm in asia ,1971381864,2009-05-30 06:58:36-07:00,89
"@ddlovato yesterday ""sonny with a chance"" came to brazil, i loved it!! you're amazing <33 please reply ",1971395250,2009-05-30 07:00:30-07:00,103
@ddlovato sonny with a chance is so cool.. i hope you can reply ,1971402570,2009-05-30 07:01:35-07:00,64
@ddlovato I hope im there at your plane.. lol i mean come on. life's unfair. i'm in asia ,1971412719,2009-05-30 07:03:04-07:00,89
"@ddlovato yesterday ""sonny with a chance"" came to brazil, i loved it! you're amazing <33 please reply ",1971423004,2009-05-30 07:04:31-07:00,102
@ddlovato I hope im there at your plane.. lol i mean come on. life's unfair. i'm in asia ,1971432145,2009-05-30 07:05:50-07:00,89
"@ddlovato yesterday ""sonny with a chance"" came to brazil, i loved it!! you're amazing <33 please reply ",1971449524,2009-05-30 07:08:21-07:00,103
"@ddlovato yesterday ""sonny with a chance"" came to brazil, i loved it! you're amazing <33 please reply ",1971450654,2009-05-30 07:08:30-07:00,102
"@ddlovato yesterday ""sonny with a chance"" came to brazil, i loved it!! you're amazing <33 please reply ",1971451775,2009-05-30 07:08:40-07:00,103
@ddlovato talkin' about family. makes me feel... ,1971466408,2009-05-30 07:10:43-07:00,49
@ddlovato I hope im there at your plane.. lol i mean come on. life's unfair. i'm in asia ,1971495584,2009-05-30 07:14:43-07:00,89
@ddlovato I'm so sad!!!!! I whish if @ddlovato reply anything to me  Even if she say hi :|,1971545683,2009-05-30 07:21:07-07:00,90
@ddlovato You're so lucky to be famous and talented! It seems to be the only way that Tom Fletcher will notice anyone ,1971595728,2009-05-30 07:27:45-07:00,118
@ddlovato  mine is not coming true,1971818899,2009-05-30 07:58:08-07:00,34
@ddlovato I wish most of our dreams did come true ,1972003323,2009-05-30 08:21:25-07:00,50
i would greatly like to meet @ddlovato. but my parents dont let me do anything. not even if i pay for it. LAME ,1972131609,2009-05-30 08:37:27-07:00,111
boo! @selenagomez and @ddlovato are going to be in toronto the day that i graduate. so there isn't even a slight chance of seeing them ,1972443985,2009-05-30 09:14:11-07:00,135
@ddlovato awww poor demi. But thats just part of being a celebrity..be greatful you get that life and are friends with the jonas brothers ,1972611180,2009-05-30 09:33:05-07:00,138
"@ddlovato Hey DemDems! Are you friends with Trace Cyrus? I have never heard his music, though.... ",1973478127,2009-05-30 11:13:35-07:00,98
@ddlovato awww!!! Glad to hear you and your family get a vacation!! Enjoy it! I don't know when the last time I took a vaca w/my family. ,1973627917,2009-05-30 11:31:20-07:00,137
http://twitpic.com/69zm9 - My besties. If only @ddlovato was there. ,1974056306,2009-05-30 12:21:12-07:00,68
i really wanna meet @ddlovato @mileycyrus @jonasbrothers and @taylorswift13 ,1975133613,2009-05-30 14:31:02-07:00,76
@ddlovato Do you read your fan's responses to your tweets? Or is it a waste of time...? ,1975309021,2009-05-30 14:53:16-07:00,88
@ddlovato thats good for you some people don't get to spend time with there family ,1975352001,2009-05-30 14:58:46-07:00,83
ugh @ddlovato just left to go on vacation and already I wish she was back ,1976237884,2009-05-30 16:53:22-07:00,74
Nooo! wizards is over  now is up Sonny with a chance @ddlovato is so hillarious!Disney people are so talented I realized that 2 secs ago!,1976385359,2009-05-30 17:12:44-07:00,137
"@ddlovato , oh demi , i love you so much , i need you girl ",1977314513,2009-05-30 20:40:20-07:00,59
@ddlovato: wow i wish i could actually go to one f ur concerts except idk how to find ur showtimes.  ,1977920975,2009-05-30 22:00:41-07:00,101
@ddlovato I heard is was a great film but I did a deep study on the making of the movie that I may just see it in a  technical way... ,1977922144,2009-05-30 22:00:50-07:00,134
@ddlovato i watched bride wars just because i really like anne hathaway ,1977925120,2009-05-30 22:01:15-07:00,72
@ddlovato i cry every time i watch that movie! ,1977932744,2009-05-30 22:02:16-07:00,47
@ddlovato you seem to cry a lot. ,1977933279,2009-05-30 22:02:20-07:00,33
"@ddlovato oww that movie makes me cry, beatiful history but sad ",1977948438,2009-05-30 22:04:26-07:00,64
@ddlovato: when i dont have a guitar i use a dulcimer except they dont work the same! ,1977949130,2009-05-30 22:04:32-07:00,86
@ddlovato I KNOW THAT FEELING. I left mine at my moms house this weekend! ,1977955175,2009-05-30 22:05:20-07:00,74
@ddlovato I need a guitar right now 2 ,1977955331,2009-05-30 22:05:22-07:00,38
@ddlovato Do you read our responses to your tweets? Or is it a waste of time? ,1977956547,2009-05-30 22:05:31-07:00,78
@ddlovato ugh i wish you were coming to canada or i wish i was going to one of your concerts in the us ,1977958775,2009-05-30 22:05:51-07:00,103
"@ddlovato hi demi, you've seen Changeling? I like it too, I was hoping she found her son though ",1977964296,2009-05-30 22:06:36-07:00,96
@ddlovato susan boyle lost !!  that's not fair...,1977984567,2009-05-30 22:09:31-07:00,49
@ddlovato Hey Demi..a question you do when you're depressed?I'm depressed and do not do that  Saludos desde Venezuela,1978026222,2009-05-30 22:15:30-07:00,117
@ddlovato you can have one of mine... 3000 miles away tho  hehe,1978054195,2009-05-30 22:19:35-07:00,63
@ddlovato P.S. Why was Bride Wars embarrassing? I love that movie! And I love Kate Hudson! ,1978113717,2009-05-30 22:28:40-07:00,91
@ddlovato aww! im so happy cuz you are happy 8D i have to go  goodnight girll!! you are AMAZING! have a nice night! loveya?,1978137233,2009-05-30 22:32:09-07:00,123
@ddlovato DEMI DEMI PLZ COME TO CHILE AGAIN  WE LOVE YOU HERE!,1978147653,2009-05-30 22:33:39-07:00,62
"@ddlovato Dude.. I need some good advice. Help!? I miss my best friend too  and ""Bride Wars"" seriously made me cry my eyes out! Lol",1978152061,2009-05-30 22:34:19-07:00,131
"@ddlovato Didn't I warn you?   Is it not a good movie, though?",1978165392,2009-05-30 22:36:19-07:00,62
@ddlovato aawwwwwww demi i wont reply to you again because i am a suck up apparently    x),1978168368,2009-05-30 22:36:46-07:00,90
"@ddlovato HEY DEMI, PLEASE SAY HI! ",1978171282,2009-05-30 22:37:12-07:00,35
@ddlovato i hate the ending of that movie whenever I think about it I get really sad ,1978176352,2009-05-30 22:38:01-07:00,85
"@ddlovato please, reply  you'll make my whole year if you just say 'hey!' haha <3",1978190144,2009-05-30 22:40:11-07:00,81
@ddlovato i think i cried for a week straight for how sad the ending was ... ,1978210759,2009-05-30 22:43:27-07:00,77
"@ddlovato I LOVE THAT MOVIE, so sad ",1978224354,2009-05-30 22:45:36-07:00,36
@ddlovato I cried...My world would be completely crushed. so sad. ,1978238100,2009-05-30 22:47:47-07:00,66
"@ddlovato aww i hate sad movies, have you seen marley and me? my sisters and i cryed for like half an hour after that movie.. so sad  xo",1978259262,2009-05-30 22:51:09-07:00,136
@ddlovato the very end of the movie needs to change! Reminds me of Message in a bottle. ,1978260678,2009-05-30 22:51:23-07:00,88
@ddlovato I almost started crying when I watched it. I was soo bummed. I was hoping it would be one of those really happy movies. Haha. ,1978268392,2009-05-30 22:52:39-07:00,136
@ddlovato I CRIED for like 5 minutes after nights in rodanthe!!!  not teary-eyed-- full on cry!!!,1978402240,2009-05-30 23:15:02-07:00,97
@ddlovato The ending was really sad  but I didn't like the movie..way to long and slow.,1978433701,2009-05-30 23:20:37-07:00,87
"@ddlovato OMG! I saw that movie. I know what it is like to miss a really good, true friend...  it is is a sad moment...",1978521575,2009-05-30 23:37:13-07:00,119
"@ddlovato - if you made a terrbie mistake what would you do, need words of someone i can look up to ",1979955385,2009-05-31 05:09:37-07:00,100
@ddlovato Omg changeling IS amazing! Angelina Jolie is such an amazing actress! It's even more sad though bc it's true ,1980205538,2009-05-31 06:02:21-07:00,119
one week since a saw @jonasbrothers and @ddlovato  i hope they come back!,1980212191,2009-05-31 06:03:40-07:00,73
@ddlovato Now I bring it everywere I go. Man Changeling is so sad!! I hate that stupid ditective or whatever!! She never found her son. ,1980246810,2009-05-31 06:10:12-07:00,136
@ddlovato I know how it feel miss a friend..I cried for her 2 days ago ,1980600676,2009-05-31 07:11:14-07:00,71
@ddlovato Ugh me and my friend hate Nights in Rodanthe! We thought it would be good and then we saw it and left early! It's sad.. ,1981560346,2009-05-31 09:24:42-07:00,130
@ddlovato I love the movie Nights in Rodanthe...  sad.. but good!!,1981569262,2009-05-31 09:25:50-07:00,66
@ddlovato ahh that movie is soo sad. i cried my eyes out  but its still one of my favorites,1981689194,2009-05-31 09:41:09-07:00,91
"@ddlovato Demi, cannot wait for your new album, it's going to be a-mazingggg! Come back to the UK soon, wasn't able to see you AGAIN! ",1982083296,2009-05-31 10:29:39-07:00,134
@Jonasbrothers & @ddlovato i miss u guys so muuch! ,1982572160,2009-05-31 11:28:39-07:00,51
@theBrandiCyrus i totally voted for her!  haha who ISN'T going?! lol except @ddlovato ,1983250474,2009-05-31 12:47:47-07:00,86
"@ddlovato I LOVE YOU DEMI, COME BACK TO BRAZIL PLEASE ",1985033057,2009-05-31 16:17:38-07:00,54
@ddlovato omggg i love you girlyyyy! i miss you and the rest of the camp rock cruuu  !,1986018971,2009-05-31 18:11:38-07:00,86
@ddlovato DEMI I LOVE YOU SO MUCH GIRL :3 ! please reply is one of my dreams ,1986044144,2009-05-31 18:14:00-07:00,77
@ddlovato you're not at the mtv movie awards? ,1986062885,2009-05-31 18:15:47-07:00,46
@ddlovato That sounds awesome! I thought that youd be at the MTV music awaards ,1986069369,2009-05-31 18:16:24-07:00,79
@ddlovato why arent you at the mtv movie awards? i was looking forward to see you n tv ,1986088825,2009-05-31 18:18:15-07:00,87
@ddlovato are you watching the MTV movie awards? milez just lost her fist award to ashley tisdale ,1986090002,2009-05-31 18:18:23-07:00,98
@ddlovato Demi she didn't win breakthrough so far ,1986098507,2009-05-31 18:19:13-07:00,50
@ddlovato she already lost to Ashley Tisdale so im kinda bummed ,1986105065,2009-05-31 18:19:52-07:00,64
@ddlovato miley lost her award ,1986105748,2009-05-31 18:19:57-07:00,31
@ddlovato she lost ,1986122666,2009-05-31 18:21:35-07:00,19
@ddlovato why you dont go to the mtv movie awards? you cant go  ?,1986154531,2009-05-31 18:24:33-07:00,65
@ddlovato my hi hat is all messed up so its hard to play lalaland on drums  with out somethin wrong happening <ZERO XxTWITCHxX>,1986207166,2009-05-31 18:29:31-07:00,127
@ddlovato I can't watch it cause I live in Canada.. but I heard she lost  I'm so mad..,1986282693,2009-05-31 18:36:33-07:00,86
@ddlovato She lost.  tears,1986298126,2009-05-31 18:38:04-07:00,26
@ddlovato You never twett me back  . But I'll keep trying. Love you! Adore you! Come back to argetnina soon! You were incredible!,1986320942,2009-05-31 18:40:04-07:00,129
@ddlovato reply to me.. please.  sad face,1988716095,2009-05-31 23:10:03-07:00,41
@ddlovato Myy friend who died in a car accident last june  would of got your next  album.because your amazing too so many people(:x,1988740761,2009-05-31 23:14:13-07:00,131
"@ddlovato im sad!!! i REALLY wanna c 1 of ur concert's when i go 2 nyc, but u arent gonna b there! i live all the way in juneau, ak! ",1988767862,2009-05-31 23:19:02-07:00,133
@ddlovato I'm not going to know any of the words to the new songs when I see you on July 13th. ,1988809239,2009-05-31 23:26:14-07:00,95
"@ddlovato im sad!!! i REALLY wanna c 1 of ur concert's when i go 2 nyc, but u arent gonna b there! i live all the way in alaska! ",1988957896,2009-05-31 23:53:35-07:00,129
@ddlovato jetlag is a horrible thing ,1989326253,2009-06-01 01:07:58-07:00,37
@ddlovato DEMII! (; I cantt sleeep either  idk wat to do! wat should I do to make me fall asleeep? haahaa. -.- help.istill haf skool tmrw!,1989327235,2009-06-01 01:08:10-07:00,138
@ddlovato ahah dude demii!wutcahduin? I still cant fall asleeep  help me! bahaha x] wat time is it theree? (: it'll means a lot if urply.,1989366949,2009-06-01 01:16:42-07:00,137
@ddlovato how cum u werent at the MTV awards?? ,1989368457,2009-06-01 01:17:01-07:00,47
@ddlovato man I must be stupid. I'm not getting these jokes at all ,1989401240,2009-06-01 01:24:15-07:00,67
@ddlovato haha nice. like their album title and how it rhymes? i think its a good title tho. very catchy. i can't sleep either though ,1989424795,2009-06-01 01:29:29-07:00,134
@ddlovato Ha Love you Demi! Can't wait for your album! come to HAwaii ,1989434626,2009-06-01 01:31:37-07:00,70
"@ddlovato oh and by the way, I think your amazing, and I wish I could see you live again. But I have no money. ",1989461051,2009-06-01 01:37:39-07:00,111
@ddlovato why dont you guyzz reply to me ! ,1989565893,2009-06-01 02:00:37-07:00,43
"@ddlovato i still don't get it? wow, i must be slow. hahaha. ",1989593237,2009-06-01 02:06:16-07:00,61
@ddlovato  you still cant sleep?? btw i love ur music and style and ur so pretty ,1989601898,2009-06-01 02:08:10-07:00,81
"@ddlovato, @mileycyrus,@selenagomez . im so sad becas of you guyz . i thnk i shold give up twiter & thrw all my fan stuff about you away ",1989630448,2009-06-01 02:14:24-07:00,137
"oh my gosh why am i awake?! Oh that's right, studying! but why is @ddlovato awake? OH..VACAYY!  jealousss",1989634528,2009-06-01 02:15:16-07:00,105
@ddlovato where have you gone on vacation. im in the uk its 10.22am and 78f. off to work in an hour ,1989669572,2009-06-01 02:22:58-07:00,100
@ddlovato i LOOOOOVE you. THANKS for your music. come to italy  have fun with your family. God bless !,1989680319,2009-06-01 02:25:20-07:00,102
@mileycyrus omg :o why aren't u longer following @ddlovato? i didn't found her with ur following people ,1992281607,2009-06-01 08:29:57-07:00,104
"@taylorswift13 @selenagomez @ddlovato Please pray for my friend's dog Mikey, he may has cancer ",1993983624,2009-06-01 11:13:48-07:00,95
"@taylorswift13 @selenagomez @ddlovato Please pray for my friend's dog Mikey, he may has cancer  @cerryq",1993990769,2009-06-01 11:14:30-07:00,103
the hardest week ever! i have so much learnin  i want to @ddlovato !!!!!!,1994130401,2009-06-01 11:27:39-07:00,73
@ddlovato enjoyyyy!! You deserve it. I'm doing homework ,1994674722,2009-06-01 12:17:03-07:00,56
"@ddlovato I wish i could be in a hut on the beach, but here, in Argentina, it's Autuuuuumn ",1994757933,2009-06-01 12:24:45-07:00,91
"@ddlovato Please see this, come to the uk & not just london. Its to far  xo",1994908516,2009-06-01 12:38:54-07:00,75
@ddlovato Oooh I wish i was there on the beach  I have a test today so i'm studying.,1995041211,2009-06-01 12:51:24-07:00,84
@ddlovato how can you party over here when its really cloudy and very moody  the weather hasnt been at its best lately.,1995332256,2009-06-01 13:19:14-07:00,119
@ddlovato  i wish i was there ,1995351979,2009-06-01 13:21:08-07:00,30
@ddlovato @thedebbyryan Lucky. I wish I could go to the beach. ,1995439803,2009-06-01 13:29:38-07:00,63
@ddlovato you are at the beach? I still at work and later I have classes ,1995510558,2009-06-01 13:36:23-07:00,73
@ddlovato boys suck  except for the jonas brothers DD,1996082415,2009-06-01 14:30:27-07:00,53
@ddlovato Deemi I know you will read and will not answer me   but I wanna tell you that you is very important to me!,1996153471,2009-06-01 14:37:07-07:00,116
"@ddlovato Demi,I know this sounds so rude but do u, by chance,have an old sidekick that u wish 2 sell?They arent sold over here in the UK ",1996160882,2009-06-01 14:37:51-07:00,138
"@ddlovato out of sight,out of breath, i love you, your not here  hahaha iloveuudemii.",1996249548,2009-06-01 14:46:25-07:00,85
@ddlovato i really wanna go to your tour! but my mom bought me tickets for jb.  will you be going on tour again?,1996274250,2009-06-01 14:48:52-07:00,112
HEY @mileycyrus @ddlovato @perezhilton @therealtiffany @lucyyhale @thedebbyryan How are u  I love u babys im a big fann â¥,1996297084,2009-06-01 14:51:04-07:00,123
@ddlovato tell me about it sister ,1996317670,2009-06-01 14:53:07-07:00,34
@ddlovato lol hey ive heard u was lookin 4 a bf did any1 asked u out lol? nd well bye the way i wood lik 2 ask miley out butt she hasa bf ,1996333758,2009-06-01 14:54:43-07:00,138
@ddlovato why? are you disappointed of love? ,1996460303,2009-06-01 15:07:16-07:00,45
@ddlovato love is just a four letter lie. ,1996471250,2009-06-01 15:08:23-07:00,42
@ddlovato & @taylorswift13 listening to your music for the rest of my life. ,1996702554,2009-06-01 15:32:22-07:00,76
"@dcedillo thats a really good question, I don't even know & its really pissing me off, but now im listening to @ddlovato   i love her.",1996824149,2009-06-01 15:45:25-07:00,134
@ddlovato your words are sad buuu ,1996837668,2009-06-01 15:46:53-07:00,34
@ddlovato Have fun tonight demi!.. I wanna go out!  but I have homework LOL,1996883797,2009-06-01 15:51:53-07:00,75
SCHOOL WILL KILL ME ! :| I NEED VACATIONS ! but NOW  I AM SO JELOUS ABOUT @ddlovato Â¬Â¬ haha love yaaa gurl (:,1997078362,2009-06-01 16:12:51-07:00,111
@ddlovato i can teach u!!! (: Lol... demii come to venezuela plzz ,1997576710,2009-06-01 17:05:28-07:00,66
"@ddlovato Simply...You're my life! I hope that you return to Argentina soon, because I miss you so much  I love you more than my life!!",1997941903,2009-06-01 17:43:26-07:00,135
"@ddlovato woww, how was that demi ? im really sad,coz i wont be able 2 see ur concert,  i'll be leaving 1 day b4!i'll be waiting in brazil",1998249921,2009-06-01 18:14:26-07:00,138
@ddlovato i love you Demi!!!! u rock!!!!! cant wait for ur new album could you please reply!! i've been trying since i got my account ,1998413810,2009-06-01 18:30:29-07:00,134
@ddlovato i DARE you to comment me back!! im so excited to go see you in concert.. to bad im going to be far from stage  still excited!,1998726512,2009-06-01 19:01:32-07:00,135
@ddlovato .. be responsible when 911 comes.. lol. so i didn't get the $50  ahaha.,1998813078,2009-06-01 19:09:59-07:00,81
@ddlovato you should be ashamed your turned down @kayymx3's dare ,1998868383,2009-06-01 19:15:24-07:00,65
@ddlovato Outch i hope you dont get coal  btw did you SEE taylor launer at the mtv awards !!!!!!!!!!!!!!!!!!!!!!!!!! yeah (spechless),1999072862,2009-06-01 19:35:44-07:00,133
@ddlovato haha!! i was belive in him  until my friends speculate about it ,1999110280,2009-06-01 19:39:34-07:00,74
@ddlovato hope you were in chile  COME BACK SOON!HAVE FUN ON VACATIONS! AND PLEASE DONT HIT SANTA AGAIN AHAHAHAHAH LOVAYA DEMI YOU ROCK,1999256773,2009-06-01 19:54:33-07:00,135
@ddlovato hope you were in chile  COME BACK SOON!HAVE FUN ON VACATIONS! AND PLEASE DONT HIT SANTA AGAIN AHAHAHAHAH LOVAYA DEMI YOU ROCK,1999264810,2009-06-01 19:55:23-07:00,135
"@ddlovato santa claus?  when i was a child, my nanny  scare me with him ",1999500418,2009-06-01 20:19:38-07:00,72
@ddlovato you look skinny!   lol ily though you're gorgeoussss <3,2000121551,2009-06-01 21:27:16-07:00,65
@ddlovato http://twitpic.com/6g3tt - are you demi??????Â¿Â¿Â¿Â¿Â¿Â¿Â¿Â¿Â¿ not really ,2000424052,2009-06-01 22:05:06-07:00,85
"@ddlovato Try eating a chilli pepper, did it at school and had no drink after  water just made it worse lol",2001298419,2009-06-02 00:26:12-07:00,107
@ddlovato My friend did that. Now I owe her 5$. ,2002716371,2009-06-02 04:58:58-07:00,48
I have more than a thousand tweets and still no tweet from @ddlovato  BUT I WILL NOT LOSE HOPE! Hahah. iloveyoudemi.,2002846587,2009-06-02 05:18:22-07:00,116
DEMI LOVATOOO @ddlovato !! I stay up late and wake up early for your tweets. I really want a reply from you. ,2004103446,2009-06-02 07:40:19-07:00,109
@ddlovato http://twitpic.com/6g3tt - im sorry demi.  but i hate this picture. youre beautiful and everything but  youve changed so so ...,2005215985,2009-06-02 09:22:37-07:00,137
"@ddlovato ""Selena and Jonas ALL I NEED FOR BREATHER but Demi is ALL I NEED FOR LIVE"" i can live with breathe but i can't live with you ",2005875041,2009-06-02 10:18:48-07:00,135
@ddlovato demi..i hate the feeling of being teased  now i know how you must have felt during school. im looking up to you. i love you.,2007350253,2009-06-02 12:30:48-07:00,134
@ddlovato plese demi  i need to talk to you follow me,2010295230,2009-06-02 17:08:31-07:00,53
@ddlovato plese demi  i need to talk to you follow me @ddlovato plese demi,2010297739,2009-06-02 17:08:46-07:00,74
@ddlovato plese demi  i need to talk to you follow me plese demi @ddlovato i love you,2010301251,2009-06-02 17:09:08-07:00,85
@ddlovato plese demi  i need to talk to you follow me i'm from puerto rico is important plese demi @ddlovato,2010304531,2009-06-02 17:09:28-07:00,108
listening to 'dont forget' by @ddlovato  this song makes me cry  ,2010418383,2009-06-02 17:21:02-07:00,65
@ddlovato i feel u demi.i hate watching scary movies witout my fave cuz! ,2010527313,2009-06-02 17:31:56-07:00,73
"@ddlovato aww, i know! I watched halloween the other night and it just didnt feel the same!! ",2010531065,2009-06-02 17:32:18-07:00,93
"@ddlovato its not fair, u talk with ur friends, but not ur fans ( ur my role modal demi, please talk with me ",2010535638,2009-06-02 17:32:46-07:00,109
"I WANT MY DIVAS RIGHT HERE RIGHT NOOOOOOOOW! @ddlovato, @mileycyrus LUV YA SOOOOOOOOOOOOOOOOO FUCKING MUCH! ",2010618375,2009-06-02 17:41:06-07:00,108
"@ddlovato wow, i wanna do this.. ",2011414723,2009-06-02 18:59:19-07:00,33
"@ddlovato goodnight DEMI, enjoy you trip, i love you to death, brazil wont forget you, we miss you ",2011689685,2009-06-02 19:24:54-07:00,99
i love you @ddlovato but i stg if you hook up with trace cyrus i'm going to smack you upside the head on the 26th PLEASE STOP DATING FUGS ,2013193530,2009-06-02 22:06:57-07:00,138
"I wish I had a cold when @ddlovato had hers.. So that we can be best friends, too.  I'm so depressed.",2013327877,2009-06-02 22:24:56-07:00,101
@ddlovato owr family own a jehtskii (: buht ihts winter over here so ihave too wait till summer  jetskis are so fun.,2013466852,2009-06-02 22:44:47-07:00,116
SO SAD! Just found out I might not be able to go to @ddlovato 's concert on 6/29!! ...  I think I'm gonna go cry now...,2013584374,2009-06-02 23:02:20-07:00,119
Listening to @ddlovato 's Don't Forget. I hate this feeling. ,2013638257,2009-06-02 23:10:37-07:00,61
@ddlovato You're one of those Twilight obsessed fans? Rawr ,2014184054,2009-06-03 00:42:51-07:00,59
Aww. I missed another chance of getting a reply from @ddlovato  ,2014226744,2009-06-03 00:50:47-07:00,64
@ddlovato aww I love demi lovato; and doesnt it just suck that ppl that say mean things get replys'  but me who LOVES this kid cant get 1,2014353951,2009-06-03 01:15:04-07:00,137
@ddlovato i wish you'd reply me ,2014389850,2009-06-03 01:22:12-07:00,32
"@ddlovato Aww. Demi, will you please reply to me?  I really love you! You're the best.  I MEAN IT.",2014414084,2009-06-03 01:27:03-07:00,98
http://twitpic.com/67hac - My besties. If only @ddlovato was there. ,2016473301,2009-06-03 06:50:22-07:00,68
@mileycyrus its really disappointing that youre not going to come to Canada  you have a lot of fans here you and @ddlovato  oh well,2017504615,2009-06-03 08:30:00-07:00,131
@ddlovato i think its sad that you dont reply you fans..  i would love just to get a shout out from you..,2031174961,2009-06-04 09:26:25-07:00,105
ohh!!  @ddlovato has been distanced of seel?,2031378911,2009-06-04 09:43:58-07:00,44
@ddlovato I enter every contest & try everything 2 get to meet yu  noluck not even a twitter reply,2032933335,2009-06-04 11:58:51-07:00,98
dont forget by @ddlovato is the best song right now  ,2039774360,2009-06-04 22:46:23-07:00,53
@ddlovato Sorry you have a headache...... I do too... Worst headache of MY LIFE!! ,2039971495,2009-06-04 23:17:00-07:00,82
@ddlovato http://twitpic.com/6g3tt - woww! you're so thin.  and youre skirt is so short...double   ... but you still looking gorgeous,2044047919,2009-06-05 08:47:36-07:00,133
@ddlovato http://twitpic.com/6g3tt - woww! you're so thin.  and your skirt is so short...double   ... but you still looking gorgeous,2044049367,2009-06-05 08:47:44-07:00,132
@ddlovato and @TraceCyrus .. YUCKKKKKKKK!! eww.. what is she thinking!? she is soo beautiful and could do SO MUCHHH BETTER!!!!    ,2044376164,2009-06-05 09:16:02-07:00,130
it hurts so much .  can someone help me? @ddlovato I love you @mileycyrus and you.,2045023263,2009-06-05 10:07:36-07:00,82
@jonasbrothers too be honest JOE @ddlovato is right you are HOT! btw is 'much better' about camilla belle ,2046496240,2009-06-05 12:15:49-07:00,106
@ddlovato I want to be a part of Camp Rock 2! But I don't know how :-< and I'm in the Philippines ,2047897590,2009-06-05 14:20:47-07:00,98
@ddlovato  I was trying to explain to the girl she was beautiful an not letting herself eat is silly.  its sad shes only 13 ,2047976095,2009-06-05 14:28:12-07:00,124
"@ddlovato you have more than 250,000 followers, you'll never answer me  cry cry",2047976910,2009-06-05 14:28:16-07:00,79
"@ddlovato you have more than 350,000 followers, you'll never answer me  cry cry",2047980217,2009-06-05 14:28:35-07:00,79
"@ddlovato That is a more powerful statement, and I'd like to see that to, but sadly it probably wont happen  theres always gonna be haters",2047984304,2009-06-05 14:28:58-07:00,138
@ddlovato  negative ppl will always be there slagging others off becuase they are jelous and cant c the truth in the statement ,2048005512,2009-06-05 14:30:55-07:00,127
@ddlovato I know what you're saying demi but sometimes when someone says something enough to you it doesnt matter what you tell yourself ,2048020728,2009-06-05 14:32:20-07:00,137
@ddlovato when r u done school??? i kant wait for summer im going into 7th grade to the high school yayyy ,2048040158,2009-06-05 14:34:11-07:00,106
@ddlovato i know huh? and david carradine died ,2048048764,2009-06-05 14:34:58-07:00,47
"@ddlovato i cant say that to myself, i just cant...i dont think im beautiful ",2048059195,2009-06-05 14:35:57-07:00,77
"@ddlovato Yeah but even if you said that everday, theres still people who will bring you down ",2048063338,2009-06-05 14:36:19-07:00,94
@ddlovato Follow me PLEASE! I'm a biiiig fan of you and I really want to talk with you but Idk how  I'm so sad  I LOVE YOU SO MUCH!,2048090697,2009-06-05 14:38:55-07:00,131
"@ddlovato hey demi, dont listen to the critics.. they can hurt you seriously  you're so beautiful! take a mirror and check it  luv ya!",2048154310,2009-06-05 14:44:51-07:00,134
"@ddlovato I'm trying to reach my dreams, but it seems impossible  any advice?",2048647082,2009-06-05 15:32:31-07:00,77
@ddlovato so what your saying is girls who are fat and skinny aren't normal? be careful with your words girl! ,2048810747,2009-06-05 15:48:46-07:00,110
"@ddlovato it would be so cool to enter to be in your music video, but i live in Ohio and there is no way i can afford a plane ticket ",2049355244,2009-06-05 16:44:11-07:00,133
my dad wont take me to california on monday to be @ddlovato 's music video for 'here we go again' ,2049528187,2009-06-05 17:02:20-07:00,98
my dad wont take me to california on monday to be in @ddlovato 's music video for 'here we go again' ,2049542966,2009-06-05 17:03:54-07:00,101
@ddlovato i wish it could haha ,2049938338,2009-06-05 17:46:15-07:00,31
Really pissed that I still have finals next week & that I won't be able to be an extra in @ddlovato's new video. So close yet so far. ,2049966862,2009-06-05 17:49:25-07:00,134
for the video of @ddlovato :'( aah this is unfair  i really want to go to that casting  she is my idol and i would <3 to be in her video,2050015161,2009-06-05 17:54:51-07:00,136
@ddlovato i really wish u wouldn't go on gossip sites like OceanUp. lots of stupid haters on there that are failing at life ,2050072483,2009-06-05 18:01:01-07:00,124
@ddlovato but what if we don't believe what were saying? i mean how many times can we say something to make ourselves feel better? ,2050093448,2009-06-05 18:03:18-07:00,131
@ddlovato I want to be in your music video super bad! but here I am in Minnesota. ,2050252680,2009-06-05 18:20:23-07:00,82
@ddlovato is the prettiest guurrrl out!!! wish i could be as gawgus as she is!!1 ,2051619214,2009-06-05 22:25:17-07:00,81
"dont forget @ddlovato, family portrait @pink, because of you @kellyclarkson and even the climb @mileycyrus have the power to make me cry! ",2052325652,2009-06-06 00:21:18-07:00,138
@ddlovato Please come to Belgium sometime soon? Your tour only includes the U.S. so i wont be able to see you ,2053084441,2009-06-06 03:12:33-07:00,110
@ddlovato I don't like the people who keep talking bad about others ,2053678858,2009-06-06 05:21:50-07:00,68
"@ddlovato, could u film one of your music videos here in Brazil??? I would love to be in your video this monday, but I can't go to LA.. ",2053857858,2009-06-06 05:54:44-07:00,136
I think that @ddlovato should include england in her summer tour!! ,2054807682,2009-06-06 08:07:23-07:00,67
@ddlovato my grandad is not doing very well and I'm having a hard time dealing with it  I need to study but can't concentrate  I'm sad,2054946364,2009-06-06 08:23:57-07:00,134
i cant wait for @ddlovato n @jonasbrothers album.n im so happy for @mitchelmusso album but i cant get his autographs ,2055050630,2009-06-06 08:36:12-07:00,117
@ddlovato demi you're AWESOMEEEEEE ! brazil misses you  we love you so much ! when are you coming back ?,2055051961,2009-06-06 08:36:22-07:00,104
@ddlovato COME TO the netherlands!  we want to listen to you're awesome voice LIVE!,2055072875,2009-06-06 08:38:48-07:00,83
@ddlovato I wanna you in Brazil again ,2055119820,2009-06-06 08:44:07-07:00,38
"http://twitpic.com/6qzqx - Demi Lovato-new cover album, my version but i couldnt change the colour writing  plz comment @ddlovato x",2055267114,2009-06-06 09:00:30-07:00,131
@ddlovato I'm stck revisin  You're lucky your allwd to see a friend on Saturday. I'M NOT! We're makin it to evenin in Englandd. need sleep,2056012817,2009-06-06 10:21:55-07:00,138
@ddlovato Can you guys PLEAAAAAAAASE make a youtube video?! PLEASE!!! PLEASE! PLEASE!!!!!!!! ,2056064100,2009-06-06 10:27:38-07:00,93
@ddlovato that would be my dream ,2056567447,2009-06-06 11:22:56-07:00,33
@ddlovato why wont u respond?.... ,2056625321,2009-06-06 11:29:27-07:00,34
"@mileycyrus @ddlovato tell the jobro's that there youtube has been suspended :'( like you'll read this, but ah well...   ",2056807087,2009-06-06 11:49:53-07:00,121
I wish I was with @mileycyrus @ddlovato @selena gomez and @jonasbrothers ,2057110120,2009-06-06 12:23:25-07:00,73
I wish I was with @mileycyrus @ddlovato @selenagomez and @jonasbrothers ,2057113741,2009-06-06 12:23:49-07:00,72
"Ok, Mom couldn't dig the energy of having @ddlovato @mileycyrus and @Jonasbrothers on her refrigerator... too bad ",2060984029,2009-06-06 19:57:30-07:00,114
@ddlovato album is coming out on my birthday...im not sure how i feel about that...dont really wanna share my day ,2061166479,2009-06-06 20:18:46-07:00,114
@ddlovato hahaha can't wait to c it! u rock girl! i really â¥ u. .. u're the best!  kisses from Argentina <333 we miss u ,2061178714,2009-06-06 20:20:15-07:00,122
"@ddlovato aw, I wish I could go!! But you're not coming here. ",2061291170,2009-06-06 20:33:53-07:00,62
@ddlovato I'm so mad i can't see you this year ,2061294771,2009-06-06 20:34:20-07:00,47
@ddlovato i dont know if im gonna be there ,2061296902,2009-06-06 20:34:36-07:00,43
@ddlovato i wish i could go on July 14th!! But Ill be in the Philippines...  have fun though!! WA STATE LOVES LOVATO!,2061298373,2009-06-06 20:34:47-07:00,117
@ddlovato omg i love u so much answer me please demi  i need u,2061301694,2009-06-06 20:35:11-07:00,62
@ddlovato i sooooo want to go to one of your shows but you arn't coming anywhere close to where i live in VA. ,2061326277,2009-06-06 20:38:11-07:00,110
@ddlovato i really wish i could go to your concert! but its just horrable timing! if only it was a weeek after. ugh ,2061327547,2009-06-06 20:38:21-07:00,116
@ddlovato too bad you haven't added Toronto Canada as a stop yet ,2061337179,2009-06-06 20:39:33-07:00,65
@ddlovato good luck girl! and please please please come back to ARGENTINA!! ARGENTINA!! we miss u girl  love u â¥ u r the best ,2061347899,2009-06-06 20:40:51-07:00,128
@ddlovato AHH! when you start ur tour i start my trip around europee! i wish i wasn't misssin your tour  &i wish i were in ur music vid!<3,2061367860,2009-06-06 20:43:19-07:00,138
"@ddlovato I hope you have a blast on your tour D   Your amazing , too bad your not preforming in TO !   your awesome, ily!",2061373916,2009-06-06 20:44:05-07:00,122
@ddlovato gd luck demi! i really wana go but i dont live in us ,2061474283,2009-06-06 20:56:51-07:00,63
@ddlovato And this is my last weekend before school tomorrow.. ,2061609985,2009-06-06 21:13:46-07:00,63
I which I had money to buy the @jonasbrothers and the @ddlovato album ,2061734537,2009-06-06 21:29:55-07:00,70
@ddlovato wanted to see you on tour so badly  couldn't get tickets. you're just too popular < 33,2061754824,2009-06-06 21:32:33-07:00,96
@ddlovato Wish i could come... ,2061761950,2009-06-06 21:33:29-07:00,31
"@ddlovato im so bumed, i live in australia so i cant try out for your shoot  sucks. we get no opportunity here  i want to be>>",2062138917,2009-06-06 22:25:55-07:00,126
@ddlovato I totally get what you mean about Nights in Rodanthe that movie is so sad!  Richard Gere and Diane Lane are amazing!!,2062173586,2009-06-06 22:31:09-07:00,127
has a wonderful day with @ddlovato @xnicholasjonasx and @selenagomez !! dont wanna leave LA ,2062221145,2009-06-06 22:38:24-07:00,92
@ddlovato im so upset  my mom doesnt let me come to your music video shoot. ughhh -_-,2062357961,2009-06-06 23:00:35-07:00,85
@ddlovato Why wont you spend the night at @selenagomez 's? Demiii. ,2062654232,2009-06-06 23:52:54-07:00,67
@ddlovato Spending the night @nathanCstern 's yayy!!!! I wanted to be cool too ,2062657191,2009-06-06 23:53:28-07:00,79
@ddlovato youre lucky...im grounded for coming home an hour late..cruel.. ,2063485300,2009-06-07 02:51:04-07:00,74
wanna meet @jonasbrothers & @ddlovato so bad ,2064801633,2009-06-07 07:12:11-07:00,45
"omg @ddlovato NOT FAIR you shouuld film a video in LONDON, id come id definetly be allowed. lucky americans ",2065032758,2009-06-07 07:44:37-07:00,108
@ddlovato http://twitpic.com/6np19 - i love it!  i used to have a demi fansite...but the domain expired . bleh ,2065421651,2009-06-07 08:33:42-07:00,111
@ddlovato I Love what you do !! You are incredible ! France is a great !! But I can't see you  This is me...,2067250655,2009-06-07 12:01:02-07:00,108
"@ddlovato please could u help me?  My mother ruined her life because I didn't liked the guy she was dating, What should I do now? ",2067961221,2009-06-07 13:15:23-07:00,130
"@ddlovato REVISION!  french orals.... grrrreat, its truly NOT funny how little concentration i have!! i mean wat the frig??",2068175103,2009-06-07 13:37:43-07:00,123
Why out there are persons that say they're the real @ddlovato stop doing that is not funny  the persons that do that are so stupid :S,2068743288,2009-06-07 14:37:09-07:00,133
@ddlovato http://twitpic.com/5h3ad - man. what I would give to be standing there ,2071445374,2009-06-07 19:24:33-07:00,81
Watching SWAC.. omggg i really wanna be in @ddlovato 's music video. ahh  fhdskghakgahak !! ,2072313284,2009-06-07 20:47:16-07:00,92
@ddlovato OHH i had that sorry  hope u feel better,2169494068,2009-06-14 14:35:44-07:00,50
@ddlovato awwwww that sucks demi hope you feel better soon ,2169498656,2009-06-14 14:36:11-07:00,59
@ddlovato get better demi!  i hate when people dont feel good!!,2169499397,2009-06-14 14:36:16-07:00,63
"@ddlovato awww, i'm sorry.  i hope you get better",2169499766,2009-06-14 14:36:18-07:00,49
@ddlovato Feel Better!  not fun having stomach problems,2169501237,2009-06-14 14:36:27-07:00,55
@ddlovato omg i have that problem! I have to take tablets for it aswell  x,2174682949,2009-06-14 23:04:43-07:00,74
@ddlovato I hope yesterdat it was a great concert... I wanted to be there  I can't to cry when I think about it... I want to see you <3,2174723847,2009-06-14 23:10:12-07:00,135
wish i was seeing @Jonasbrothers and @ddlovato tonight ,2175120654,2009-06-15 00:08:15-07:00,55
Going to the see @jonasbrothers today and @ddlovato so excited. But my blackberry broke AGAIN i'm so upset ,2175474050,2009-06-15 01:05:12-07:00,107
"@ddlovato If i makes you feel any better, I think i sprained my toe... ",2176532412,2009-06-15 04:07:21-07:00,71
@ddlovato You know your sad smileys look like happy ones when looked at it from right to left !!     <-- Look CAREFULLY from this side,2176545710,2009-06-15 04:09:26-07:00,134
@ddlovato heyy how does your stomach feel? mine hurts too.  but if your on some diet then urs is probably worse.hope you feel better!<3,2176768681,2009-06-15 04:42:33-07:00,135
@ddlovato and @Jonasbrothers only 6 hours left. It's been over a month now  So excited! I cant wait!!,2176780329,2009-06-15 04:44:14-07:00,101
@ddlovato...my heart sad...why? J.....? ,2176849027,2009-06-15 04:53:58-07:00,40
I am so sad. That's unfair. I so want to see @jonasbrothers & @ddlovato live in TUNISIA. ,2177010667,2009-06-15 05:15:27-07:00,89
@ddlovato Hi Demi! i need help. i'm being bullied ,2177201476,2009-06-15 05:39:33-07:00,50
@ddlovato damn  could have come in like the 8th July or something when I'm going down haha,2177242607,2009-06-15 05:44:34-07:00,90
"@ddlovato  i wish i was coming to see the show tonight, come to LIVERPOOL ! xo",2177254690,2009-06-15 05:45:59-07:00,78
Wants to attend @ddlovato 's concert at HOUSTON! but cant. ,2177490229,2009-06-15 06:11:52-07:00,59
"@ddlovato looked out for you in oxford street, but u obviously didnt go  xx",2177657479,2009-06-15 06:29:08-07:00,75
"@ddlovato great to have you in london, luv you demi, don't you just hate that it rains so much!!  say hi to the Jo Bros for me please ",2177899266,2009-06-15 06:53:04-07:00,134
@ddlovato nooooooooooooo i was just in London  sucks,2178034516,2009-06-15 07:05:45-07:00,52
sat in a car for 8 hours today beside hannah and all to go and see @ddlovato  it better be worth it ... jk ily really hannah (bffl)!,2179180735,2009-06-15 08:45:21-07:00,132
@ddlovato me tooo!!! I have Acid Reflux which is so annoying and I can't eat anything i like.  hope you feel better!,2179508255,2009-06-15 09:11:58-07:00,116
@ddlovato know how you feel gurl! I got diagnosed with acid reflux a month ago. i have to follow guidelines or i get massive heartburn ,2179625560,2009-06-15 09:21:39-07:00,135
@ddlovato Gosh I'm so jealous you get to go all around the world and I'm still stuck in Portugal  ..... Good luck on your tour ^^,2179892978,2009-06-15 09:43:42-07:00,129
@ddlovato I've been feeling miserable all day cos I can't go to your show. I know it sounds stupid but you are SUCH an inspiration to me. ,2180099193,2009-06-15 10:00:35-07:00,138
@ddlovato Hope the show goes well tonight. If you replied to me I would feel so much better. Not going to your show hurts  Love you.,2180115265,2009-06-15 10:01:53-07:00,132
@ddlovato poor you  hope you feel better soon.,2180500282,2009-06-15 10:33:19-07:00,46
@ddlovato Yay your in my country! Have and awesome show tonight! Im so upset that I cant go. I couldnt get tickets  All SOLD OUT!! <3 Katy,2180519300,2009-06-15 10:34:51-07:00,138
"@ddlovato Yo demi, unfortunately, the website i bought you tickets in were a scam, i havent recieved them, So im not seeing you July 17th ",2180520128,2009-06-15 10:34:55-07:00,138
@ddlovato wots up with ur tummy?  xxxx,2180523196,2009-06-15 10:35:09-07:00,38
@ddlovato Do you feel better?? I'm so worried about you! ,2180539671,2009-06-15 10:36:29-07:00,57
@ddlovato @jonasbrothers @m_callahan what do you think of the weather tonight in london?? Haha its awful ..I'm in the car ,2180564845,2009-06-15 10:38:33-07:00,122
@ddlovato hope your tummy gets better!! i was going to be watching the show tonight but it is to far from my house.    xxx,2180638876,2009-06-15 10:44:33-07:00,122
"@ddlovato Good for you Demi! I've only been following you for a little while, what's wrong with your stomach? Mine keeps acting up too. ",2180680834,2009-06-15 10:47:57-07:00,136
@ddlovato ahhhhhhhhhhhhhh i wanna vote u!! but i can't register   is very disappointing..,2180725825,2009-06-15 10:51:39-07:00,89
@ddlovato I tried to vote for you and miley but it dosen't let me ,2180741357,2009-06-15 10:52:56-07:00,66
@ddlovato LOVE YOU! Wish I was coming to the show tonight...silly exams ,2180741710,2009-06-15 10:52:57-07:00,72
@ddlovato deeeeeemi I'm tryiing but they say I can't vote! ,2180745256,2009-06-15 10:53:15-07:00,59
@ddlovato i am tryin to vote but it wont let me ,2180790183,2009-06-15 10:56:57-07:00,48
@ddlovato i would totally vote for you but it's not letting me ,2180812654,2009-06-15 10:58:49-07:00,63
I just tried to vote for the Teen Choice awards and got DENIED! I didn't realize they were so strict!  sorry @perezhilton and @ddlovato,2180816240,2009-06-15 10:59:07-07:00,135
@ddlovato   CONGRATULATIONS!   I Would Vote For Yuu But It Wont Let Me Register ,2180817745,2009-06-15 10:59:14-07:00,80
"@ddlovato Demi girl, I'm trying to vote for you, but the freaking website won't let me sign up. I feel a protest coming on. ",2180822344,2009-06-15 10:59:36-07:00,124
@ddlovato It wont allow me to vote ,2180915809,2009-06-15 11:06:55-07:00,35
"@ddlovato I don`t know what`s the problem with TCA, they don`t let me vote even if I am 13 ",2180952043,2009-06-15 11:09:52-07:00,91
@ddlovato hey! i was buzzed to see i could vote for an award for you but it turns out residents in the uk can't vote! im sorry! ,2181043032,2009-06-15 11:17:20-07:00,128
"@ddlovato I also have stomachproblems, yougurt is one of the things I also can eat. but I can't eat raw fruit  I'll hope you feel better<3",2181073113,2009-06-15 11:19:49-07:00,138
@ddlovato i cant vote  and i dont know why...,2181075322,2009-06-15 11:20:00-07:00,45
well this sux. it wont let me vote anymore for @ddlovato ,2181118255,2009-06-15 11:23:31-07:00,57
@ddlovato @Twilight_Gossip Awww tooo baaaad my vote wasn't counted  because I live in the UK,2181121882,2009-06-15 11:23:50-07:00,92
@ddlovato ahh demi were stuck outside wembley in a MASSIVE queue will you still come on at 7:30 even if not everyones in? ,2181148505,2009-06-15 11:26:02-07:00,122
@ddlovato its not letting me vote ,2181342564,2009-06-15 11:41:53-07:00,34
@ddlovato sorry but i tried to vote but i'm from spain and i'm unable to vote ,2181375519,2009-06-15 11:44:37-07:00,78
@amyjessicab hope ur having wish i was there  hope demi is awsome x and JB! i am really hoping @ddlovato will be playing nov 20 w/jb!!,2181412214,2009-06-15 11:47:39-07:00,134
"@ddlovato Sorry, Demi but I tried but it won't let me.  I'll try again later.",2181421216,2009-06-15 11:48:22-07:00,77
@ddlovato Why can't brazilian people vote for the People Choice Awards?? I'm sad now ,2181493749,2009-06-15 11:54:15-07:00,85
@ddlovato i keep trying to vote for you and despite how many times i reload the pg it says the polls r closed for most of your catagories ,2181521853,2009-06-15 11:56:32-07:00,138
I am really sad now... I am too old to vote in @ddlovato ,2181709143,2009-06-15 12:11:28-07:00,57
@ddlovato I'LL VOTE FOR YOU!  once i can get in because it's being realllyyyyy slow. ,2181714276,2009-06-15 12:11:52-07:00,85
"@ddlovato I was going to vote, when I register, told me I cant vote, it is 13-19 years, Im 16! i was going to vote for u! Sorry ",2182214258,2009-06-15 12:52:29-07:00,128
@ddlovato registering to vot for teenchoice awards isnt working! every date i put in as dob doesnt work ,2182500436,2009-06-15 13:15:11-07:00,104
@ddlovato but now it won't let more people vote ,2182504135,2009-06-15 13:15:28-07:00,48
"@ItsChelseaStaub @ddlovato @mileycyrus i want to vote for all 3 of you, but the website keeps saying i cant vote  ugh, i will keep trying.",2182778347,2009-06-15 13:37:26-07:00,138
"@ddlovato aww im one year too old to vote  shall i lie about my age and vote anyway lol, if i get caught ill say you made me do it haha",2183270720,2009-06-15 14:16:36-07:00,135
@alyssaxbabee oh and in between the @taylorswift13 it plays @mitchelmusso or @ddlovato lol I haven't heard a @mileycyrus song all day ,2183793546,2009-06-15 14:59:42-07:00,134
why did we hve 2 book our holidays 4 nxt week? @ddlovato @Jonasbrothers @Lisa_Veronica and @Jessicaveronica are all in London this week! ,2184981674,2009-06-15 16:42:27-07:00,137
@erliou56 (: thank you! you are toooooooooooo. <3 i miss @ddlovato . ,2185034626,2009-06-15 16:47:12-07:00,69
@mileycyrus oh miley please add me  i'm flor_js8@hotmail.com yo your contacts please and @ddlovato too ,2185081130,2009-06-15 16:51:25-07:00,103
@ddlovato http://twitpic.com/6np19 - pink *.* gosh i love ur pink lips  so beautiful! what about sel demi? are u mad whit her  that  ...,2185353107,2009-06-15 17:15:15-07:00,136
@ddlovato http://twitpic.com/6np19 - pink *.* gosh i love your pink lips  so beautiful! what about sel demi? are you mad whit her  t ...,2185371407,2009-06-15 17:16:53-07:00,136
@ddlovato http://twitpic.com/3ez15 - pink *.* gosh i love your pink lips  so beautiful! what about sel demi? are you mad whit her  t ...,2185411863,2009-06-15 17:20:32-07:00,136
@ddlovato http://twitpic.com/3ez15 - what about sel demi? are you mad whit her  that nice relationship of frendship that you have whit ...,2185414301,2009-06-15 17:20:45-07:00,138
"is actaully sad @ddlovato isn't coming to toronto on her tour, and there for didn't vote for her for the music tour category... ",2185752991,2009-06-15 17:51:12-07:00,128
"@ddlovato Demii.. Well, you never answer  U'r present in my prayers from the OTHER SIDE OF THE WORLD! Love u.. Blessings! bye",2187154101,2009-06-15 19:52:08-07:00,125
@ddlovato Were missin you in London !  xxxxxxxxx,2190391872,2009-06-16 02:35:47-07:00,48
@ddlovato We miss you so much ! we'll see you in so much time  hope you'll come back ! france Loves You,2190394169,2009-06-16 02:36:12-07:00,103
"@ddlovato COME TO BRAZIL AGAIN, WE MISS YOU ",2190396997,2009-06-16 02:36:42-07:00,44
@ddlovato wow you must be exhausted ! You were awesome last night!!! I'm travelling back home today ,2190442346,2009-06-16 02:44:35-07:00,100
"@ddlovato U were amazing last night, i wish you were still in london ",2190463217,2009-06-16 02:48:07-07:00,69
@ddlovato NOOOOO! GUTTED! shame! i'll have to wait till next year i guess!  hope everything went okaii! ,2190703800,2009-06-16 03:29:29-07:00,104
@ddlovato i saw a picture of someone being sucked in a jet engine once. be careful demi we don't want to lose you! ,2190711818,2009-06-16 03:30:44-07:00,115
"@ddlovato u r so lucky. u r beautiful, talented and just awesome. i'd do anything to have any of those qualities but i'm stuck being me ",2194411727,2009-06-16 09:45:35-07:00,136
@ddlovato do u have to be like a certin age cuz it wont let me vote and i really wanted to vote for you ,2195923389,2009-06-16 11:47:16-07:00,104
"@ddlovato, i can't find it in France ",2196217730,2009-06-16 12:10:45-07:00,37
"@ddlovato I would buy it, but I'm from the UK! ",2196227687,2009-06-16 12:11:33-07:00,47
@ddlovato i would love to  but sadly our stands our fully decorated with stupid magazines  CLUELESS,2196284356,2009-06-16 12:16:04-07:00,99
"My life's boring, I want to change it, I need someone famous talk to me: @mileycyrus @ddlovato @selenagomez @comeagainjen @mandyyjirouxx ",2197288975,2009-06-16 13:35:23-07:00,137
"My lifeÂ´s boring, I want to change it, I need someone famous talk to me: @mileycyrus @ddlovato @selenagomez @comeagainjen @mandyyjirouxx ",2197372519,2009-06-16 13:41:56-07:00,138
@ddlovato what happened to @m_callahan 's dad? ,2197384363,2009-06-16 13:42:51-07:00,47
@ddlovato @m_callahan I'm praying. I hope your dad is okay ,2197396321,2009-06-16 13:43:48-07:00,59
@ddlovato demi i love you SO MUCH. you're everything for me  you can answer me please ?! would  the most wonderful thing i love you â¥,2197397843,2009-06-16 13:43:55-07:00,135
@ddlovato i.wish.i.could.get.an.audition.for.camp.rock.2. ,2197491121,2009-06-16 13:51:15-07:00,58
"@ddlovato please pray for my mom because she is really ill in hospital   It would mean so much to me if you would reply, thankyou! xoxo",2197513138,2009-06-16 13:53:00-07:00,135
"@ddlovato I prayed, I will pray again later, I hope that they are okay  Hope you are well and that you are safe Demi xxxxxxxxxx God Bless",2197539953,2009-06-16 13:55:06-07:00,137
@ddlovato whats wrong with her dad? ,2197765598,2009-06-16 15:08:30-07:00,36
my local cvs didn't have the people's special edition with @ddlovato and @selenagomez ,2198012489,2009-06-16 15:29:36-07:00,86
"@ddlovato u r so lucky bcuz u r beautiful, talented and just awesome. i'd do anything to be just like u but i'm stuck being me ",2198648774,2009-06-16 16:22:23-07:00,127
ok seriously is @ddlovato and @selenagomez gonna do ANY press TOGETHER besides the premiere?? maybe tomorrow? hopefully ,2198709242,2009-06-16 16:27:34-07:00,120
@ddlovato . so  im so sad becuse i cant go to ur concert  hope i can met you one day    its funny becuse im 16 and im a  huge fan,2199813769,2009-06-16 18:02:22-07:00,129
"@ddlovato you can't forget...about me demi  ok...it was weird...but PLEAAASE say a little ""hi"" to me :@",2200120030,2009-06-16 18:27:57-07:00,103
I'm upset  I can't find @ddlovato and @selenagomez 's People magazine anywhere ,2200242571,2009-06-16 18:37:53-07:00,79
@ddlovato i wud but im in UK when ya touring here ,2200260008,2009-06-16 18:39:19-07:00,50
@ddlovato I want to but I dont have enough money to go to any of your concerts ,2200260190,2009-06-16 18:39:20-07:00,79
@ddlovato i have to wait til the 13th of july ,2200263313,2009-06-16 18:39:36-07:00,46
@ddlovato I REALLY WANT TO SEE YOU! but your not coming to Canada!  you HAVE to come to Toronto soon! THURSDAY! but i cant go cause...,2200263731,2009-06-16 18:39:38-07:00,134
@ddlovato i would totally go if I could! but I'll have to wait your next time in brazil.. ,2200264588,2009-06-16 18:39:42-07:00,90
@ddlovato what?  I'm going to your friend's first show this weekend. I want to go to yours!!,2200265381,2009-06-16 18:39:46-07:00,92
@ddlovato no! I have to wait till aug 2nd to see you. .  but still going to be the best show right? <33,2200268498,2009-06-16 18:40:01-07:00,103
"@ddlovato aw girl, wish i could see you. too bad you're not coming to toronto ",2200272861,2009-06-16 18:40:21-07:00,78
@ddlovato You have a concert this weekend? Huh. Why wasn't I informed  Now I'm sad.,2200273808,2009-06-16 18:40:26-07:00,83
@ddlovato Wish I were... ,2200291046,2009-06-16 18:41:50-07:00,25
@ddlovato the next question is when are u gonna have show in Malaysia? Bc i live in Malaysia ,2200300180,2009-06-16 18:42:36-07:00,93
"@ddlovato I wish I could go, but i'm too far away ",2200315390,2009-06-16 18:43:51-07:00,50
@ddlovato I WISH I COULD ,2200324237,2009-06-16 18:44:34-07:00,25
@ddlovato I will add prayers for your friends dad while I also pray for my own. He has cancer  I hate having parents sick,2200324429,2009-06-16 18:44:35-07:00,121
@ddlovato i want to come soooo bad  but i dont have the money ,2200334588,2009-06-16 18:45:24-07:00,62
@ddlovato I wish I could. but I live too far away and it makes me sad because the chance to be at one of your concert is very little ,2200336379,2009-06-16 18:45:33-07:00,133
@ddlovato not me  im on vacation on the other side of the world.. sad.,2200338391,2009-06-16 18:45:42-07:00,70
@ddlovato i'm not  I REALLY WISH IT ! ,2200344605,2009-06-16 18:46:13-07:00,38
@ddlovato the final audition for our school's Theater Group  will start tomorrow. I'm so nervous ,2200346342,2009-06-16 18:46:22-07:00,97
"@ddlovato i would be if it was in vancouver BC. but nnnooooo, its not  none are! bbbooo.",2200364904,2009-06-16 18:47:57-07:00,88
@ddlovato i really wish i was coming but my parents said no because i already have 2 big things planned for summer. ,2200366874,2009-06-16 18:48:06-07:00,116
@ddlovato unfortunately not me im stuck home with the flu! ,2200391875,2009-06-16 18:50:12-07:00,59
"@ddlovato Sadly i didn't come, if was in Brazil I probaly would go, but isn't  Are you planning to come to brazil? SAY YES PLEASE!!",2200420862,2009-06-16 18:52:37-07:00,131
@ddlovato i really wish you were coming to toronto for your tour! ,2200430448,2009-06-16 18:53:24-07:00,66
@ddlovato wish I was  but im going 2 ur show on june 25th!,2200444893,2009-06-16 18:54:37-07:00,58
@ddlovato i want to! But i live so faar  i'm sad,2200456839,2009-06-16 18:55:36-07:00,48
@ddlovato demi say hi show ur fan some love ,2200489546,2009-06-16 18:58:17-07:00,44
"@ddlovato i wish, too bad you aren't having any shows in australia ",2200586438,2009-06-16 19:06:02-07:00,67
@ddlovato  i wish but i'm so broke it hurts.  ,2200663192,2009-06-16 19:12:11-07:00,46
@ddlovato oh my?! im not  unless u can giveee mee free tickets C:,2200678592,2009-06-16 19:13:26-07:00,65
@ddlovato I wanted to go but I'm living in Brazil. =/ reply me please!!!   ,2200710971,2009-06-16 19:16:04-07:00,75
@ddlovato I wish but I can't ,2200854728,2009-06-16 19:28:01-07:00,29
@ddlovato I want to but it's too far ,2200951209,2009-06-16 19:36:01-07:00,37
@ddlovato I wish! When I tried buying tickets to your concert in NY it was completely sold out ,2200963092,2009-06-16 19:36:59-07:00,95
@ddlovato i wishh!!!  but i am august 6th!    I can't waitt! love you<3 glad you had fun today! XoXo-Holly<3,2200963433,2009-06-16 19:37:01-07:00,108
@ddlovato I will love to!  Why I dont live in your country  !!! Pliss return to Chile! I love u demi!!!,2201147830,2009-06-16 19:52:25-07:00,103
@ddlovato i wish i could go to your cocert when you come to tampa.. but unfortunatly i dony have enough money ,2201266992,2009-06-16 20:02:16-07:00,110
@ddlovato I Wish I Was ,2201282896,2009-06-16 20:03:37-07:00,23
@ddlovato oh i wish i could go! i saw an ad for you're concert and i totally flipped but my dad refused to buy me tickets  but good luck!,2201604404,2009-06-16 20:30:37-07:00,137
"@ddlovato i would love to go see you for my b-day tomorrow, but you're nowhere near where i live!! ",2201820192,2009-06-16 20:49:20-07:00,99
@ddlovato I watched that yday. same  i love that! xDD,2202649566,2009-06-16 22:09:56-07:00,53
@ddlovato omg.! i love biggie...  may he rest in peace.. damn! i didnt know u liked biggie! ;),2202650074,2009-06-16 22:09:59-07:00,94
"@ddlovato i love that moviee,makes me cry ",2202658897,2009-06-16 22:10:54-07:00,42
@ddlovato ii noe thats sucha sad moviee  ily demmiii..,2202663190,2009-06-16 22:11:21-07:00,54
@ddlovato you not alone ,2202664437,2009-06-16 22:11:29-07:00,24
@ddlovato I saw Notorious...I wish he hadn't gotten shot. ,2202684980,2009-06-16 22:13:44-07:00,58
[-O] @ddlovato I saw Notorious...I wish he hadn't gotten shot.  http://tinyurl.com/nw77v6,2202687933,2009-06-16 22:14:04-07:00,89
@ddlovato i know right ,2202695678,2009-06-16 22:14:53-07:00,23
@ddlovato Notorious and 2Pac are a very best legend of Rap . R.I.P ,2202700811,2009-06-16 22:15:24-07:00,67
@ddlovato I cried like a baby watching that movie ,2202706862,2009-06-16 22:16:03-07:00,50
@ddlovato i wish he were too... ,2202756433,2009-06-16 22:21:25-07:00,32
@ddlovato as do I. If ya don't know now you know n*gga.  he was awesome,2202767066,2009-06-16 22:22:36-07:00,71
I miss @ddlovato and @selenajoey sooooo much ,2202775536,2009-06-16 22:23:35-07:00,45
Watching Notorious for the third time... I wish biggie was still around  (via @ddlovato),2202789574,2009-06-16 22:25:11-07:00,88
@ddlovato i'm sad because your not coming to Puerto Rico  id go again i went to your first  concert here (:  your awesome!!,2202817557,2009-06-16 22:28:21-07:00,123
@ddlovato I'll love to come to your show but it's impossible because I live in France ,2202871604,2009-06-16 22:34:27-07:00,86
@ddlovato so awesome..already...?? i cant wait to hear and watch the movie..but i guess until next year  ,2203903796,2009-06-17 00:49:28-07:00,105
"@ddlovato Your first show is the weekend of my sweet sixteenth! Whatta shame I'm like halfway across the globe   Um,is it on the Sunday?",2204063297,2009-06-17 01:13:41-07:00,136
@ddlovato Notorious was SUCH a good movie! I miss Biggie... I wish he was still here to spit the raps like he used to... ,2204079278,2009-06-17 01:16:08-07:00,121
@ddlovato I would so LOVE too...but I can't   ,2204231896,2009-06-17 01:40:17-07:00,46
@ddlovato awwwwwwww your sooooooo sweet hahaha i cried like a baby when i saw that movie ,2204377865,2009-06-17 02:03:28-07:00,89
@ddlovato its so good.. he was so tallented ,2205148806,2009-06-17 04:04:34-07:00,44
"Trying to vote for @ddlovato On teen choice, But the things SO slow ",2205462926,2009-06-17 04:47:38-07:00,68
@ddlovato please follow me ! ,2206650620,2009-06-17 06:51:40-07:00,29
@ddlovato I would if I could but I can't   ,2206938681,2009-06-17 07:15:48-07:00,43
@ddlovato i cant come to your openig show  but CT is the place to start! youre soo pretty and such an inspiriation to me,2208265862,2009-06-17 08:59:16-07:00,120
@ddlovato I wish I could come but I didn't get tickets! I didn't even know they were on sale! Sorry!! ,2208559507,2009-06-17 09:20:55-07:00,102
@ddlovato DEMI! i have to get my wisdom teeth pulled tomorrow  i'm so scared!!,2209200617,2009-06-17 10:07:30-07:00,78
@ddlovato you should come to Indiana! We never get to see you guys. ,2209201670,2009-06-17 10:07:34-07:00,68
@ddlovato i would love to come but i can't  because i live in germany,2209326720,2009-06-17 10:15:51-07:00,69
@ddlovato I want to but Im from Puerto Rico  you wont come to PR on your tour,2209327735,2009-06-17 10:15:55-07:00,77
@ddlovato I wish I could go but it's way too far from where I live ,2209329392,2009-06-17 10:16:02-07:00,67
"@ddlovato Oh, if I could...  Demi, you HAVE to come to Brazil! )=",2209332566,2009-06-17 10:16:14-07:00,65
@ddlovato i wish i could come see u!! Buuuut i cant. ,2209333674,2009-06-17 10:16:19-07:00,53
@ddlovato i wish i could see you in concert. It would be awesome. But i dont have money to go out of state and see you. ,2209351550,2009-06-17 10:17:30-07:00,120
@ddlovato wish I could come to see you but I can't! I live in Italy ,2209356310,2009-06-17 10:17:49-07:00,68
@ddlovato I'd wish it ,2209366370,2009-06-17 10:18:29-07:00,22
@ddlovato i wish i could go i cant cause i have finals the next day ,2209414479,2009-06-17 10:21:44-07:00,68
@ddlovato perhaps! pity that is far ,2209602530,2009-06-17 10:34:45-07:00,36
@ddlovato I live in CT but i cant go!  I want to go SOOOO BAD!,2209631154,2009-06-17 10:36:45-07:00,62
@ddlovato ugh i couldn't get tickets  i live in stamford. I want to go SO badly ,2209736649,2009-06-17 10:44:14-07:00,80
@ddlovato I wish the PPP Premiere was in Montreal. I can't go to Toronto ,2209770447,2009-06-17 10:46:36-07:00,73
@ddlovato I wish I could see u Demi but I live in Brazil!  But I'm sure you are going to do a perfect show! Good luck! Love u!,2209774743,2009-06-17 10:46:54-07:00,126
rly wanted to go to one of @ddlovato 's ohio concerts. but couldnt cause i have no money. wow sucksss. ,2209805991,2009-06-17 10:49:10-07:00,103
Why can't I go and see @ddlovato this sunday? Why do I live in Argentina? IT'S SO UNFAIR   ,2210191189,2009-06-17 11:16:48-07:00,91
@ddlovato I used to go out with a boy...were the same age and we were together for 4 years and loved eachother...then he cheated on me ,2210194286,2009-06-17 11:17:02-07:00,135
@ddlovato i tried talking to him but he ignores me...how do i get over him  i love him so much... thank you  x,2210220561,2009-06-17 11:18:58-07:00,110
@ddlovato I wish.....but i dont like in CT ,2210277350,2009-06-17 11:23:17-07:00,43
@ddlovato meeeeeeeeee but i cnt go its finals weekend ,2210534799,2009-06-17 11:42:16-07:00,54
@ddlovato DEMI I CAN'T BELIEVE YOU'RE GOING TO BE IN CT SOON! It's so cool to see Hartford CT on your status. Wish I could go   Love you.,2210961710,2009-06-17 12:15:00-07:00,137
@ddlovato i wanted to go to the premiere!!!  but i might not be able to.,2211016036,2009-06-17 12:19:21-07:00,72
@ddlovato that's my home town I wish I could be there  but ILL SEE YOU IN GA!!!!!!,2211017941,2009-06-17 12:19:30-07:00,82
@ddlovato Why'd you have to go and take the title of an OKGo song?  ,2211209450,2009-06-17 12:34:23-07:00,68
@ddlovato i wish i could come to the PPP premiere..but i have an exam tomorrow ,2211211163,2009-06-17 12:34:31-07:00,79
@ddlovato one of your profiles on faxebook hit me up and and I asked if it was fake and it deleted me hahaha ,2211264791,2009-06-17 12:38:30-07:00,109
@ddlovato is it in stores or something? Because its not on itunes ,2211290233,2009-06-17 12:40:23-07:00,66
@ddlovato Where is it? I can't find it on itunes ,2211352812,2009-06-17 12:45:00-07:00,49
@ddlovato Where would we be able to hear it? It's not on itunes ,2211426747,2009-06-17 12:50:28-07:00,64
@ddlovato-- nu uh! I can't find it ,2211471269,2009-06-17 12:53:47-07:00,35
@ddlovato I'm not but I wish I was ,2211567311,2009-06-17 13:00:48-07:00,35
@ddlovato im not :/ .. i would go to one if you were coming to AL ,2211567804,2009-06-17 13:00:50-07:00,66
@ddlovato i wish i could come but your on the other side of the world  x,2211569443,2009-06-17 13:00:57-07:00,72
@ddlovato Oh Demi!  I wish I could go! But I live in Costa Rica and you arent coming here so.. =( ! PLEASE COME SOME DAY!,2211570089,2009-06-17 13:01:00-07:00,121
"@ddlovato I wanna see you on your birthday in VA, but I can't.  Do another tour soon?",2211571434,2009-06-17 13:01:05-07:00,85
@ddlovato WHERE CAN I LISTEN TO HERE WE GO AGAIN???  i cant find it,2211571710,2009-06-17 13:01:06-07:00,67
"@ddlovato Im in london  But i came on monday You were amazing,",2211571848,2009-06-17 13:01:07-07:00,62
"@ddlovato Wish i could , but im in england  xx",2211572786,2009-06-17 13:01:11-07:00,46
@ddlovato I wish i was  Dam it! I hate living in London,2211572812,2009-06-17 13:01:11-07:00,55
"@ddlovato i wish you had a show in Ontario, California ",2211572898,2009-06-17 13:01:12-07:00,55
@ddlovato i wish i was going! can you please come to toronto on your tour! i wish i could see you at the premier but i have a chem exam! ,2211573134,2009-06-17 13:01:13-07:00,137
@ddlovato i want but i can't ,2211573744,2009-06-17 13:01:16-07:00,29
@ddlovato I'm not from the us so no unfortunately i won't be going to any of your concerts  I want to. World tour yeah? Promise.,2211574096,2009-06-17 13:01:17-07:00,128
@ddlovato i was supposed to fly out for it  but i have an exam  so my parents sold my ticket  i was heartbroken  good luck though! x,2211575796,2009-06-17 13:01:26-07:00,132
@ddlovato sorry i wish i could  you should come to brazil by yourself without the jb heh,2211576714,2009-06-17 13:01:30-07:00,88
@ddlovato i wish i coould.  hopefully ill get to go to one of your shows though! good luck!,2211576993,2009-06-17 13:01:31-07:00,91
"@ddlovato Well, I was praying that you were going to be 1 of the special guests at the JB concert this sat. in Dallas, but i guess not ",2211593607,2009-06-17 13:02:42-07:00,135
@ddlovato i wish .. but i live in Portugal and your tour doesn't come to Portugal .. ,2211594136,2009-06-17 13:02:44-07:00,85
"@ddlovato, I wish you were coming to Toronto during your tour ",2211596250,2009-06-17 13:02:53-07:00,62
@ddlovato I'm not  I live in Finland so now! But I'm listening to your song Remember December. LOVE IT. I know I'll love your 2nd album!,2211599887,2009-06-17 13:03:09-07:00,136
@ddlovato i really iwsh i could go to one of ur concerts  ur comming where i live but..i dont have money,2211600200,2009-06-17 13:03:11-07:00,104
"@ddlovato i want to... but i live in england, THEN at the end of yur tour i saw manchester.. then i realised it was in the US ",2211602920,2009-06-17 13:03:23-07:00,126
@ddlovato OOh demi... I want to go to your show... but I can't because I'm from Brazil..  so come back!! i miss you!! :/,2211603056,2009-06-17 13:03:23-07:00,120
"@ddlovato i don't know why , i wish i could see your concert, jonas concert and miley's concert ! but you never come to Portugal .. ",2211627542,2009-06-17 13:05:11-07:00,132
@ddlovato i wish i was ,2211631384,2009-06-17 13:05:28-07:00,23
@ddlovato I wish... but i live in maine ,2211631640,2009-06-17 13:05:29-07:00,40
"@ddlovato I would love but I not  come to Portugal Demi, we love you <3",2211746991,2009-06-17 13:14:00-07:00,71
@ddlovato where can we hear your new sooonnngg?? It's not on MySpace or YouTube  But anyway: congrats and can't wait to hear it!! <3,2211747394,2009-06-17 13:14:02-07:00,132
"@ddlovato i am DYINGGG to go, but i can't. i'm seriously gonna die inside knowing that your show is in NY & i'm missing it..  -cries-",2211749061,2009-06-17 13:14:10-07:00,133
"@ddlovato I won't go, because i'm so far  but I want you come Brazil again! i love you so much demi.",2211755721,2009-06-17 13:14:39-07:00,100
@ddlovato  I wish. When am I ever gonna go to one of your shows?,2211855010,2009-06-17 13:22:05-07:00,64
"@ddlovato i wish i could, but i live a little bit too far ",2212070504,2009-06-17 13:38:16-07:00,58
"@ddlovato AWE, I wish I could come sooo badly. I was saving money, but didn't reach my goal  but I know you'll do great on your tour Demi!",2212125481,2009-06-17 13:42:25-07:00,138
@ddlovato i would loooooooove to come!!! xD but i'm not from america i wish i was  <3!! have funnnnnnnnnnnnnnnn!! ,2212135406,2009-06-17 13:43:09-07:00,114
@ddlovato ughhhh why???? its ok i guess......u have 2 rehearse then  still support u though,2212425005,2009-06-17 14:04:45-07:00,91
"@ddlovato i live in australia. your too far away  i love you, your amazing<3",2212433777,2009-06-17 14:05:22-07:00,76
@ddlovato aaah i wish i could comee  lol x x,2212435887,2009-06-17 14:05:32-07:00,44
@ddlovato i really wanted go.. but i live far far away  i'm from brazil. we need a show just yours here! will be awesome! love yoouu demi,2212448984,2009-06-17 14:06:29-07:00,137
"@ddlovato Oh I went to Madrid, it was awesome, I wanted you saw you in the soundcheck  Love you so much",2212450482,2009-06-17 14:06:36-07:00,103
@ddlovato i have to wait untill......AUGUST ,2212451794,2009-06-17 14:06:41-07:00,44
"@ddlovato i wish i was there to go to your first show but i cant...sorry!  But if i could, i would totally go! ;)",2212538076,2009-06-17 14:13:08-07:00,113
@ddlovato I wish I could be there but itÂ´s to far away ,2212538245,2009-06-17 14:13:09-07:00,56
"@ddlovato omgosh Demi wish I was comin to your show, but I'm stuck in boring rainy old england. Not good.  Please reply to me tho, tweet?",2212539620,2009-06-17 14:13:15-07:00,137
@ddlovato I wish i could see your show ,2212540320,2009-06-17 14:13:19-07:00,39
@ddlovato i wanna so much go to yourconcerts... but WOW i'm from brazil ,2212620167,2009-06-17 14:19:25-07:00,72
"@ddlovato oh really , that sucks  but i wish you replyed to me , that would be really cool! but i know you wont but watever its okay <3 u!",2212676298,2009-06-17 14:23:47-07:00,138
"@ddlovato i wish i could go, demi  if i lived there i wouldn't miss it for the world!",2212728699,2009-06-17 14:27:47-07:00,85
"@ddlovato demi: i wish i could be in EVERY show you make  im just a little far from where you live, im from argentina ",2212859978,2009-06-17 14:37:41-07:00,118
@ddlovato you neeed to come to pittsburgh. hershey is just too far away for me  i really wanna see you live again.,2213044040,2009-06-17 14:51:48-07:00,114
"@ddlovato YAY!! I am going to your Jul. 16th concert!!Man, I won't be meeting you cause I'm gonna be in the middle ",2213174980,2009-06-17 15:01:48-07:00,115
"@ddlovato i would love to go to your concert, but i'm a  little far away ",2213233939,2009-06-17 15:06:19-07:00,73
"@ddlovato DEMI I CAN'T,BUT I'D LOVE TO   I'M FROM PERU!! COME BACK PLEASE.YOUR VOICE IS AMAZING, WE LOVE YOU.",2213254283,2009-06-17 15:07:53-07:00,109
"@ddlovato im nottt  but two of my good friends are! and i live an hour away, so..i'll pretend i'm there haha.",2213270285,2009-06-17 15:09:09-07:00,109
@ddlovato i wish i was but i live in england so i can't  are you going to tour in england? Xx,2213334246,2009-06-17 15:14:12-07:00,93
@ddlovato Im not coming to your show  i live in England but i SO want you to come to Manchester! xxx,2213361645,2009-06-17 15:16:20-07:00,100
"@ddlovato ooh, i wish i could to the maxxx! but i'm out of the state,  i will when you come to florida tho, does that count??? :-D haha",2213402723,2009-06-17 15:19:37-07:00,135
"@ddlovato is not fair. I want to see you too, but i cant  cause im from argentina, anyway i love you demi.",2213460533,2009-06-17 15:24:14-07:00,106
"@ddlovato  Unfortunately, I can't go.....I would LOVE to go though. I'm a really huge fan! xoxo",2213498113,2009-06-17 15:27:17-07:00,95
"@ddlovato I REALLY wish I was going to your philly concert, but i couldn't get tix  so sad",2213630108,2009-06-17 15:37:57-07:00,90
@ddlovato you just called the plane ugly. thats not nice ,2213894437,2009-06-17 15:59:29-07:00,57
"@ddlovato Like, that's not scary or anything. Poor you. ",2213959628,2009-06-17 16:04:33-07:00,56
"@ddlovato welcome to Canada! Have fun in Toronto, wish i could be there, but im in the middle of exams!  ... have a good premiere",2214055540,2009-06-17 16:12:18-07:00,129
@ddlovato when are you heading to? I wIsh i could have seen your concert in madrid but my parents didn't ket me go ,2214058881,2009-06-17 16:12:34-07:00,115
@ddlovato unfortunately i'm a londoner  but i saw you on the 15th and you were amazing! i'm definately coming to see you again! X,2214286830,2009-06-17 16:31:43-07:00,129
@ddlovato i can't find you'll new single on itunes  its really sad,2214577400,2009-06-17 16:56:32-07:00,66
@ddlovato i will be in Your concert ... reply me ,2214769535,2009-06-17 17:12:29-07:00,49
@ddlovato i wish i got tickets to the PPP premiere in toronto but i have an exam the next day  do a show in toronto soon PLEASE!,2215007614,2009-06-17 17:32:31-07:00,128
"@ddlovato oh, how I wish I could come to your first show.. but I live in BRAZIL  DEMI, PLEASE COME BACK! WE LOVE YOU SO MUCH <3",2215181994,2009-06-17 17:47:26-07:00,127
"@MillieYuuup this makes me upset   But yey on the job front.  @ddlovato found the new single, it's amazing. Be proud.",2215220016,2009-06-17 17:50:33-07:00,117
@ddlovato and sorry by the writing but I do not speak English I am of Guatemala        ,2215223791,2009-06-17 17:50:51-07:00,87
@ddlovato i wish i could goooooooooooo  my job doesnt pay me enough lolll. but i love you. i saw you in hartford with jb & avril on 7/26,2215295681,2009-06-17 17:56:51-07:00,136
"@ddlovato good luck at the premiere! I would be there but sadly, I have exams! ",2215327643,2009-06-17 17:59:31-07:00,79
"@ddlovato yes me too, i cried when he died ",2215401913,2009-06-17 18:05:26-07:00,43
@ddlovato IM LIKE HALF AN HOUR AWAY FROM YOU! ,2215592345,2009-06-17 18:20:57-07:00,46
@ddlovato you're only 2.5 hours away from me ! ,2215602331,2009-06-17 18:21:45-07:00,47
@ddlovato what are you doing in my beautiful country? rawrr sont vraiment tous entrain de prendre possession du territoire canadien ,2215602966,2009-06-17 18:21:48-07:00,132
@ddlovato what i wouldn't give to be there right now ,2215622331,2009-06-17 18:23:22-07:00,53
"@ddlovato hello demi ! here we go again is the most amazing song ever. i want to go to the PPP premiere,but i have finals  have fun !!",2215622948,2009-06-17 18:23:25-07:00,134
@ddlovato awwh. im gonna miss out on not seeing you. ,2215769339,2009-06-17 18:35:12-07:00,53
@selenagomez @ddlovato WELCOME TO CANADA! Hope you feel at home!! Wish I could be in Toronto with you. ,2215770105,2009-06-17 18:35:15-07:00,103
@ddlovato I wish I was coming to you show  I want to go but I'm not allowed to attend a show outside of my area (Montreal).Plz Come here!!,2215835819,2009-06-17 18:40:42-07:00,138
"@ddlovato hello Miss Demi, i wish i could be there but theres no ride there... no one wants to drive me the hour trip ",2215838290,2009-06-17 18:40:55-07:00,118
"@ddlovato I just tried to win tickets to your concert soon, and i didnt  im soooo sad! I need to see you !",2215900342,2009-06-17 18:45:59-07:00,106
@ddlovato HELLO! Wish I could come tmrw but I can't. ,2215913679,2009-06-17 18:47:08-07:00,53
@ddlovato Good Luck!! Wish I could watch you ,2215985596,2009-06-17 18:53:16-07:00,45
@ddlovato you're my favorite because you cried when you saw notorious. haha. i wish he was still alive too. ,2216013468,2009-06-17 18:55:30-07:00,108
"@ddlovato i wish I could go to the premiere in Toronto.. my mom said for a show, she would drive me 6 hours, but not a premiere ",2216030066,2009-06-17 18:56:51-07:00,128
"@ddlovato I wish I could come tomorrow night but no I have to study my butt off for science instead... Stupid exams, I wanna meet you! ",2216109885,2009-06-17 19:03:05-07:00,135
@ddlovato  Demi you're in toronto? Are you visiting Jasmine?Where are you going to be I want to meet you so bad  Any malls you're going 2?,2216144522,2009-06-17 19:05:48-07:00,138
@ddlovato i'm still trying to get tickets to the show ,2216149367,2009-06-17 19:06:11-07:00,54
Look at that @ddlovato & @selenagomez is just 30 minutes away from me and I'm missing out On them. Thank you mom. ,2216419476,2009-06-17 19:27:33-07:00,114
"@ddlovato Am sorry, I just can't find it THAT funny, nice movie, but not as funny as everyone thinks it is, what am I missing ? ",2216676563,2009-06-17 19:49:06-07:00,128
@ddlovato Im going to one of your concerts but not the one this weekend but i want to ,2216855613,2009-06-17 20:03:38-07:00,86
@ddlovato i can't go to the premiere because my grad is tomorrow  so sad. i wanted to see you!,2216855870,2009-06-17 20:03:39-07:00,94
@ddlovato partyyyy! what are you guys doing tonight? you should make a youtube vid. i miss you and sel's youtube videos ,2216941045,2009-06-17 20:10:34-07:00,120
@ddlovato  make the mean girls go away,2217073491,2009-06-17 20:21:17-07:00,38
@ddlovato @selenagomez I wish I could see you guys at the princess protection program premeire tomorrow but I can't go  Oh wel...HAVE FUN!,2217230485,2009-06-17 20:34:27-07:00,138
i hope @ddlovato could reply me someday  i love that girl she's amazing !!! ,2217291345,2009-06-17 20:39:36-07:00,76
@ddlovato Hi Demi! Guess what? We're in the same province! Too bad I can't see you  You should totally stop by Hamilton. Hahah,2217352326,2009-06-17 20:44:46-07:00,126
@ddlovato bleh it's not on the iPhone iTunes yet. ,2217399826,2009-06-17 20:48:51-07:00,50
"@ddlovato today is my birthday, please send me a reply ",2217618809,2009-06-17 21:07:47-07:00,55
"@ddlovato today is my birthday, plese send a ""hi"" for me ",2217696255,2009-06-17 21:14:40-07:00,57
@ddlovato @selenagomez I'm on a quest to find the special edition of People magazine!! Every store that I go to doesn't soom to have it! ,2217814748,2009-06-17 21:25:34-07:00,137
@ddlovato @selenagomez I'm on a quest to find the special edition of People magazine!! Every store that I go to doesn't seem to have it! ,2217818239,2009-06-17 21:25:55-07:00,137
@ddlovato Sometimes tragedies have to happen in order for there to be an impact on the public. ,2217860478,2009-06-17 21:29:58-07:00,95
@ddlovato yay pictures  you probably look gorgeous in all of them. im so sad that you arent coming to vancouver for your tour ,2217891597,2009-06-17 21:32:50-07:00,126
@ddlovato you should come to utah on your tour  lol,2217924445,2009-06-17 21:35:59-07:00,51
"@ddlovato http://twitpic.com/7orc2 - Damn, I need to get my ass to Paris. Too bad my empty wallets won't let me ",2217949823,2009-06-17 21:38:25-07:00,112
@ddlovato haha demi! Your too funny. I wish i could see your tour but ill be in ny when your coming here ,2217974238,2009-06-17 21:40:46-07:00,105
@ddlovato it wont let me see the pics! ,2217988845,2009-06-17 21:42:12-07:00,39
@ddlovato I remember that painting when I went to Europe. All my pictures got deleted ,2218012986,2009-06-17 21:44:37-07:00,86
@ddlovato sleeps with the angels  ,2218051065,2009-06-17 21:48:26-07:00,34
@ddlovato sorry the more I am Brazilian insistence not quit haha please see  http://twitpic.com/7f58a pleeeaseee ,2218052888,2009-06-17 21:48:37-07:00,113
@ddlovato i wish i could see u but im going to see miley and metro station instead  sorry,2218592070,2009-06-17 22:45:59-07:00,89
"@ddlovato http://twitpic.com/7orj9 - AHH!!! I never looked up, so I didnt get to see this when I was there ",2218617746,2009-06-17 22:49:02-07:00,107
@ddlovato Im just reallly bored ,2218686456,2009-06-17 22:57:13-07:00,32
"@ddlovato free meet and greet in orlando pwease? I love you, but I'm poor ",2218696685,2009-06-17 22:58:26-07:00,74
@ddlovato i want to go to your cleveland show so bad but i am upset the floor sold out  idc that im older ily!,2218728893,2009-06-17 23:02:07-07:00,110
demi   why cant u just reply to me .. just once..   @ddlovato,2218789110,2009-06-17 23:09:09-07:00,61
"@ddlovato Great job with the new song, kid! If your Boston show wasn't the same day as my No Doubt/Paramore show in NJ, I'd be there. ",2218793261,2009-06-17 23:09:37-07:00,134
trying to study for math exam.. but whats really on my mind ? ... wanna go  see Demi and Selena !!!  ... @ddlovato @selenagomez,2218853477,2009-06-17 23:16:42-07:00,127
"I wish I didn't live in NZ and we would get @ddlovato CD when it actually comes out, Waiting is duummbbbb ",2219514517,2009-06-18 00:42:53-07:00,106
"I swear, the only thing keeping me out of misery is knowing @ddlovato's in the city and guitar club this afternoon....i'm still sick. ",2220606025,2009-06-18 03:30:49-07:00,134
@ddlovato  hey just to say you were soo good at Wembly on Monday night ! I missed la la land  but you were awsome ,2221503629,2009-06-18 05:30:20-07:00,114
"Is stoked to see @selenagomez and @ddlovato at downtown TDot, hope my boi feels better ",2222437715,2009-06-18 06:59:03-07:00,87
"@ddlovato AHHH!! I wish I could go to ur concert in Hartford, Ct. Why on fathers day?!?!  Now I have to wait for your next tour..not good",2222768831,2009-06-18 07:25:14-07:00,137
"@ddlovato your going to the ppp premiere tonight, and i cant cause i have finals, so i have to wait till august to meet you ",2223050494,2009-06-18 07:47:09-07:00,124
@selenagomez @ddlovato are you guys there for the premiere of princess protection program??? I wish I could go to that or watch ,2223489542,2009-06-18 08:20:18-07:00,128
Should be in toronto right now... FMLLL  @ddlovato @ddlovato @ddlovato,2224083734,2009-06-18 09:04:07-07:00,70
@ddlovato what time is the premier tonight cuz im dying to go but i don't when it is  pleeeeeasee replyy,2224710843,2009-06-18 09:50:18-07:00,104
@ddlovato omg cant wait for the premiere! BUT.. sadly it doesnt premiere here in Brazil on the same day. its only in July ,2224750672,2009-06-18 09:53:16-07:00,122
"@ddlovato when does it premier on family channel? i hope your enjoying yourself in toronto, if your still here! its crappy weather though ",2224771701,2009-06-18 09:54:51-07:00,138
@ddlovato i wish i could see you next week ,2224858090,2009-06-18 10:01:09-07:00,43
"@ddlovato Dude, i just found out that there are vip tix for ur shows but i cant get them cos i already got tix  life sucks.",2224946416,2009-06-18 10:07:27-07:00,123
@ddlovato wish i could go but i have my math exam the next day ,2224969301,2009-06-18 10:09:05-07:00,63
@ddlovato I voted the other day. Took 4ever cuz apparently Internet n tweetie is extremely slow =/ & ur song still isnt n iphone iTunes ,2226236520,2009-06-18 11:42:10-07:00,136
@ddlovato Wish I could!! ,2226290374,2009-06-18 11:46:10-07:00,25
"@ddlovato OMG, loooved your single! want the full album ",2226387020,2009-06-18 11:53:28-07:00,56
@selenagomez @ddlovato wish i could come there and meet with you guys! ,2226636742,2009-06-18 12:11:47-07:00,71
@ddlovato @selenagomez wish i could come there and meet you guys! cant believe i have to miss this opportunity ... ,2226662993,2009-06-18 12:13:44-07:00,115
@ddlovato ahhhhh can't wait till next Friday(: I tweet you every possible time. But ill never get an @reply  that's ok yur still my fav.,2227046382,2009-06-18 12:42:34-07:00,136
Goin To My Camp Rock yeyyy ;) I wish i could meet @ddlovato ,2227290266,2009-06-18 13:00:49-07:00,60
@ddlovato Bad day. I'm broken inside. BUT ... you are my medicine for the soul. ,2227380914,2009-06-18 13:07:30-07:00,80
"@ddlovato ohh you make me wish that movie... I wanna see it! But I have to wait a little more than you, like a month... ",2228374195,2009-06-18 14:21:39-07:00,120
@ddlovato http://twitpic.com/6np19 - DEMIII I cant wait for you back in france  I miss u ,2228405799,2009-06-18 14:24:04-07:00,89
@ddlovato http://twitpic.com/7qu30 - you guyss look GORGEOUS i wish i could have come to see you guys but i dont have a car tonight   ...,2228828428,2009-06-18 14:56:20-07:00,137
"@ddlovato, i dont know if you have time for me, but im doing what you used to do, i need help  HELP ME DEAR",2228832248,2009-06-18 14:56:37-07:00,107
@ddlovato Selena's behind is showing ,2228832443,2009-06-18 14:56:38-07:00,37
@ddlovato http://twitpic.com/7qu30 - Love you guys!!!!!! wish i was going to the Red Carpet event!   HAVE FUN!,2228835403,2009-06-18 14:56:52-07:00,110
@ddlovato you guys are so pretty! i wish i could go to your premiere  i live close too! oh well. have fun you guys! you deserve everything,2228836599,2009-06-18 14:56:58-07:00,138
"@ddlovato I wish that I could go to the premiere, STUPID EXAMS  Anyways you girls look beautiful, have lots of fun <3",2228855433,2009-06-18 14:58:25-07:00,117
@ddlovato Very pretty dresses! Please pray for my brother Michael. He's in a coma(for the past month) after a motorycle accident... ,2228878641,2009-06-18 15:00:10-07:00,132
@ddlovato http://twitpic.com/7qu30 - Well hello ;) now why couldn't you choose the UK to do this  you've made me deeply sad that I can ...,2228914234,2009-06-18 15:02:46-07:00,138
@ddlovato i dont care what my friends say insane or other@ plz come 2 any place near egypt any place in africa and i swear i'll go to it ,2228963507,2009-06-18 15:06:30-07:00,137
"@ddlovato http://twitpic.com/7orc2 - OMG! is my dream go to paris and see you in person... I saw you in concert chile, but far  hopefu ...",2229300289,2009-06-18 15:32:43-07:00,138
@ddlovato wow u look so pretty!! i wish i could go  i love selena's hair!!  hope you have fun(for me!!),2229960241,2009-06-18 16:26:53-07:00,103
@ddlovato i already tweeted this once but i'm coming! what is your new single called? i looked on itunes and youtube and couldn't find it ,2230898216,2009-06-18 17:45:45-07:00,138
@johnnyJonas I KNOW !! im devestated and i meann come on its @ddlovato  parents dont understandd anythingg,2230937074,2009-06-18 17:49:05-07:00,106
@ddlovato AHHHHHH. I WISH I COULD GOO!!! You two are finally in toronto but you come on an exam day. like SERIOUSLY?! ,2230967572,2009-06-18 17:51:39-07:00,118
@ddlovato I've just voted in the TCA for you and for JONAS i can't vote for sel  because she's Nominated to a category and there are you!,2231275163,2009-06-18 18:17:04-07:00,137
@ddlovato haha...I just got an email from you on buzznet...but i realized it was telling me I didnt win tickets. fail! ,2231520054,2009-06-18 18:39:45-07:00,119
@ddlovato i have to wait another two years for prom  lol,2232048218,2009-06-18 19:22:51-07:00,56
"@ddlovato, @mileycyrus, @taylorswift, and @selenagomez are my role models. I would soooooo love you to follow me...please ",2232061729,2009-06-18 19:23:57-07:00,122
@ddlovato still sad i cant see uSunday  mom wont let me go even though im in college!cuz i've seenJB 2many times but glad saw u last time,2232081752,2009-06-18 19:25:35-07:00,137
@ddlovato hahaa..so luucky! i didnt have a prom yet ,2232116670,2009-06-18 19:28:27-07:00,52
@ddlovato live it up for me too I never got to go to my prom either ,2232123515,2009-06-18 19:29:01-07:00,68
please pray for my dog @mileycyrus @ddlovato she is dieing she is a brown lab im crying just tweeting about it  i will miss her xo kolbi,2232347235,2009-06-18 19:47:13-07:00,136
@ddlovato http://twitpic.com/7qu30 - Wish PPP will come out in my country soon.  I wanna watch it sooo bad. Eww gtfo @gokira! Madison  ...,2232469155,2009-06-18 19:57:22-07:00,138
DANG I KNOW A GIRL THAT CRASHED PROM WITH @ddlovato AND @selenagomez... now i seriously wish i went to the PPP premier ,2232470602,2009-06-18 19:57:29-07:00,119
@ddlovato please fallow me ,2232613471,2009-06-18 20:09:05-07:00,27
"http://twitpic.com/7rsi1 - i was this close to @ddlovato and wanted her to sign my ipod, or my book.. but she didn't.  SHE LOOKED BEAU ...",2232769698,2009-06-18 20:22:08-07:00,138
"Currently listening to @ddlovato oldie ""shadow"" LOVE IT. Wish I met you today  one day. It isn't the end",2233886105,2009-06-18 22:03:46-07:00,104
@ddlovato you promised to come back  aw it was nice seeing you in real life though ! haha,2233960877,2009-06-18 22:11:16-07:00,89
@ddlovato ah so cool you guys are in my city toronto why cant u come to my prom haha its on tuesday  wow they really dont recognize you?,2234273699,2009-06-18 22:44:44-07:00,136
can't sleep.  listening to Here We Go Again by @ddlovato seriously.. relates SO good at the moment. love you giiirl (:,2234884437,2009-06-18 23:57:33-07:00,118
"@ddlovato you're lucky, my school doesn't have prom and I will never get to experience it ",2235150530,2009-06-19 00:32:24-07:00,90
"omg prom was AWSOME, loads of dancing feet are killing me. At Michelleyys house listening to some @ddlovato tis all good college soon  x",2236068297,2009-06-19 02:46:32-07:00,136
"http://twitpic.com/7sh5p - @ddlovato you looked beautiful, but I wish I got a photo with you and an autograph ",2236546240,2009-06-19 03:58:49-07:00,110
"@ddlovato have fun! but its worth it when you come to hartford! jb wont come here, but you will! im not going to ur show  but i rly want 2",2237887709,2009-06-19 06:30:44-07:00,138
@ddlovato Hey Demi How r u? I'm sick ,2238298091,2009-06-19 07:05:35-07:00,37
@ddlovato you forgot! you promised you would come back and you didnt.  i waited outside for your for an extra 2 hoursss,2238317199,2009-06-19 07:07:08-07:00,119
@ddlovato aww that sucks!...sorry girllie!  i feel for yah! <3,2238407942,2009-06-19 07:14:27-07:00,62
@ddlovato so i'm super jealous that one of my friends met you last night at the PPP premier. ,2239687119,2009-06-19 08:50:47-07:00,93
"@ddlovato I wish I could go to one of your concerts  but theyre all too far away.. come to ottawa, canada! <3",2240271270,2009-06-19 09:32:44-07:00,109
@ddlovato Pfft. You could've atleast did one England date ,2240286549,2009-06-19 09:33:52-07:00,58
is so sad she cannot watch @ddlovato and @selenagomez in PPP....it will come on disney channel here in India  ,2240341828,2009-06-19 09:37:51-07:00,110
"@ddlovato do a world tour, do a london date ;D OR CAMBRIDGE! i want to see you ",2240357016,2009-06-19 09:38:57-07:00,79
"@ddlovato oceanup?and im so excited to see you in florida.i missed you at the ppp premiere cause of my finals  btw, here we go again is <3",2240376349,2009-06-19 09:40:21-07:00,138
@ddlovato plz come 2 KUWAIT u have lots of fans here!! ur so huge here!! i wish there's a way that i can show u all ur fans     ,2240409079,2009-06-19 09:42:41-07:00,128
@ddlovato ya- i feel sorry 4 ya.  ppl can get WAYYY too personal! ,2240436948,2009-06-19 09:44:42-07:00,66
"@ddlovato hello, how are you? if you had individual show here in Brazil, I would, but it was with the JoBros  i don't like them, xx",2240518357,2009-06-19 09:50:31-07:00,131
@ddlovato oh noooo. what happened ,2240771255,2009-06-19 10:08:35-07:00,34
aww demis crying  @ddlovato @selenagomez this movies good already,2241105999,2009-06-19 10:32:51-07:00,65
"@ddlovato I miss you & @selenagomez making youtube videos  make one soon? k, thanks",2242218786,2009-06-19 11:55:11-07:00,83
please pray for my dog @mileycyrus @ddlovato she is dieing she is a brown lab im crying just tweeting about it  i will miss her dearly,2242893029,2009-06-19 12:45:51-07:00,134
miss your faces @jonasbrothers @ddlovato @selenagomez @mileycyrus & @mvanduyne .. ,2243378962,2009-06-19 13:22:29-07:00,82
"Aw, I wished @ddlovato had Canadian tour dates too, now. ",2243977276,2009-06-19 14:08:36-07:00,57
I wanna GET BACK to the old days.... @ddlovato HELP ME! I'm just so crushed  It's been nearly 2 and a half years!! (read my tweets),2244262998,2009-06-19 14:31:03-07:00,131
ppp is AMAZING almost reduced me to tears     GREAT movie guys!  @ddlovato @selenagomez,2244934807,2009-06-19 15:25:25-07:00,87
@ddlovato  Wish I could go to your first headlining concert!,2246442478,2009-06-19 17:36:06-07:00,60
@ddlovato i want to go to ur show but i can't. ,2246607308,2009-06-19 17:51:11-07:00,47
"@ddlovato How about you and @selenagomez be my bestfriends for a week and go to the beach with me. All of my ""real"" friends bailed. ",2246917359,2009-06-19 18:19:01-07:00,132
"@ddlovato PLEASE demi come again to ARGENTINA!!! WE MISS U!!!! love u, and I miss u ",2246942519,2009-06-19 18:21:14-07:00,84
"@ddlovato DEMI! I only wish you were from Iowa! lol dnt hate me for watching it on the internet, i wont be around a tv next friday. sorry ",2247215253,2009-06-19 18:45:45-07:00,138
@ddlovato I Miss you .. Please come back to NYC ,2247829018,2009-06-19 19:41:16-07:00,48
"Goodnight! Go watch PPP @ddlovato @selenagomez its amazing, made me cry when Demi was looking out the window crying :\ ",2247984658,2009-06-19 19:55:36-07:00,119
"@ddlovato holy crap im watching this too! dude , its so sad how people kill them  soo sad.",2248741908,2009-06-19 21:06:31-07:00,90
@ddlovato Nawhh. That show is sadd ,2248743533,2009-06-19 21:06:41-07:00,35
@ddlovato I know! It's so sad what people do to animals and to other people for that matter. ,2248744155,2009-06-19 21:06:45-07:00,93
"@ddlovato why aren't you coming ANYWHERE near me on your tour, ",2248750344,2009-06-19 21:07:23-07:00,63
@ddlovato Whale Wars is crazy it makes me sad ,2248768025,2009-06-19 21:09:09-07:00,46
@ddlovato i used to love watching the animal planet but i don't think i have it anymore ,2248777542,2009-06-19 21:10:05-07:00,88
@ddlovato   animal cops equals the bestest show!  ....and saddest   !,2248789113,2009-06-19 21:11:10-07:00,69
@ddlovato Whaling is disgusting and i was saddened to see a whale harpooned on the show. i actually cried ,2248796482,2009-06-19 21:11:55-07:00,106
"@ddlovato i watch animal planet too  i love the animal police thing, it is so sad ",2248800874,2009-06-19 21:12:20-07:00,82
@ddlovato really? we think that her show doesn't pass here ,2248849037,2009-06-19 21:17:12-07:00,59
@ddlovato im watching princess protection program & everyone is being so mean to u  its making me sad. u look pretty covered in yogurt! <3,2248852498,2009-06-19 21:17:35-07:00,138
@ddlovato i feel bad for the whales. ,2248863463,2009-06-19 21:18:43-07:00,37
@ddlovato i'm super bummed i might have to miss your show in boston  got my tickets and everything but my cousin just died today  ,2248929999,2009-06-19 21:25:38-07:00,130
"@ddlovato I been wanting to watch that, not on animal planet for me ",2248941854,2009-06-19 21:26:51-07:00,68
@ddlovato ya riiight Connecticut is the most boring place on the earth.... wiiish i could go to the concert ,2248972724,2009-06-19 21:30:02-07:00,108
@ddlovato I live 20 minutes to Hartford but dont have ticket so I cant see you ,2249198097,2009-06-19 21:53:42-07:00,79
today totally made me miss high school..  but on a happier note..im going to see @ddlovato next week!!!!,2249359607,2009-06-19 22:11:02-07:00,104
i ALWAY miss whale wars.  thank you @ddlovato for reminding me of that ,2249443261,2009-06-19 22:20:24-07:00,71
@ddlovato @mileycyrus @taylorswift13 music gets me through the day. or shall i say night. can't sleep. ,2249793639,2009-06-19 23:02:01-07:00,103
@ddlovato I am so upset. I have no ride to your concert Sunday  Let's say you pick me up and I will pay for gas. Sounds good to me xx,2250191044,2009-06-19 23:55:10-07:00,133
@ddlovato Sad I just missed you in Toronto. ,2250530311,2009-06-20 00:46:18-07:00,44
"ewwwww, work from 9-3 then cape  , but @ddlovato in 6 days!!!!",2252059645,2009-06-20 05:20:44-07:00,62
"@jobroluvxoxo haha blaming spanish too? for me, historys the problem. im pissed. i rly wanna go to @ddlovato's show ",2252524552,2009-06-20 06:27:23-07:00,116
@ddlovato i wish you had more time here too. i can't make your concert tomorrow ,2252852220,2009-06-20 07:07:14-07:00,80
@ddlovato connecticut is great and all except for the crappy weather we've been having. get ready for the rain ,2253530620,2009-06-20 08:19:30-07:00,111
"@ddlovato so did i, but i realllyyy want to go back to bed ",2253797460,2009-06-20 08:45:28-07:00,59
@ddlovato had one of those the other night. it was about my boyfriend finally coming to see me...then when i woke up he broke up with me. ,2253809690,2009-06-20 08:46:37-07:00,138
@ddlovato Yea! Me Too! But I Had To Get Up.  My Dream Was About I Guy I Have A Crush On.,2253837436,2009-06-20 08:49:15-07:00,88
@ddlovato Me too...too bad it will never come true ,2253840375,2009-06-20 08:49:32-07:00,51
i really wish i could buy a VIP ticket for @ddlovato's concert but it's too much money ,2253855523,2009-06-20 08:50:55-07:00,87
@ddlovato aw I love those dreams ,2253867671,2009-06-20 08:52:04-07:00,33
@ddlovato I totally know how that feels ,2253880120,2009-06-20 08:53:16-07:00,40
@ddlovato aww! that so sweet! are you coming back to london? everytime you come we miss you ,2253885765,2009-06-20 08:53:49-07:00,92
@ddlovato never care with me ,2253897313,2009-06-20 08:54:56-07:00,29
"@ddlovato demi, i love you, please reply? ",2253936407,2009-06-20 08:58:38-07:00,42
"@ddlovato I have had that happen b4, you wake up from the most amazing dream, then try to finish it, but u can't ",2254018230,2009-06-20 09:06:04-07:00,113
@ddlovato I hate when that happens. I wish they came true  But i lose faith then i lose faith in reality when i dream.,2254359665,2009-06-20 09:37:40-07:00,118
@ddlovato we all have those kind of dreams ,2254406981,2009-06-20 09:42:02-07:00,43
"@ddlovato last night i also had a dream i wish i never woke up from, i dreamed i saved up money to move to LA and was an actress ",2254526778,2009-06-20 09:53:13-07:00,129
@ddlovato please please please please reply back ..... HUGE HUGE FAN here in the middle east...please ,2254910885,2009-06-20 10:28:27-07:00,102
@ddlovato Its scary ,2254916729,2009-06-20 10:29:00-07:00,20
@ddlovato i'm sick and home alone plese talk to me ,2255073796,2009-06-20 10:43:15-07:00,51
@ddlovato i'm sick and home alone plese talk to me  plese,2255085486,2009-06-20 10:44:18-07:00,57
@ddlovato i'm sick and home alone plese talk to me  plese i'm from puerto rico,2255088194,2009-06-20 10:44:32-07:00,78
"@ddlovato i'm sick and home alone plese talk to me  i got my eye red plese talk to me i'm bored P,R",2255095162,2009-06-20 10:45:09-07:00,99
@ddlovato i'm sick and home alone plese talk to me  Plese Dem I'm From p.r.,2255097721,2009-06-20 10:45:22-07:00,75
@ddlovato i'm sick and home alone plese talk to me  i'm from P.R. plese,2255121525,2009-06-20 10:47:28-07:00,71
@ddlovato i'm sick and home alone plese talk to me  I;m From P.r. Plese,2255133099,2009-06-20 10:48:28-07:00,71
@ddlovato i'm sick and home alone plese talk to me  dem pleseeee,2255151792,2009-06-20 10:50:09-07:00,64
"@ddlovato Okay last time,im gonna leave u alone cz u wont reply  http://bit.ly/tvz4o",2255160069,2009-06-20 10:50:53-07:00,84
@ddlovato i'm sick and home alone plese talk to me  P.r. I'm From P.R. plesee Follow Me,2255162440,2009-06-20 10:51:06-07:00,87
@ddlovato i'm sick and home alone plese talk to me  Follow Me I;m from P.R.,2255172852,2009-06-20 10:52:03-07:00,75
@ddlovato i'm sick and home alone plese talk to me  plese dem follow me i'm from pr.,2255182821,2009-06-20 10:52:58-07:00,84
@ddlovato i'm sick and home alone plese talk to me  Plese DEMI FOLLOW ME I'M FROM P.R.,2255210385,2009-06-20 10:55:27-07:00,86
http://twitpic.com/7x5dt - Bad quality.  Watching @ddlovato & @selenagomez movie PPP!,2255485406,2009-06-20 11:20:04-07:00,85
OMG. i also wanna see @ddlovato on tour too! I'M SORRY DEMI! ,2255768293,2009-06-20 11:45:35-07:00,61
@ddlovato Noooo! My friends and I wanted to do a hardcore version of one of your songs! But it'll be in garage band and amature ,2255858950,2009-06-20 11:53:55-07:00,128
@selenagomez and @ddlovato I am sorry for being annoying! I know... I should stop! But I just love you so much! Sorry ,2256166878,2009-06-20 12:21:43-07:00,118
@ddlovato awwww! demz...hope you get better   i'll pray for you!,2256640779,2009-06-20 13:04:56-07:00,64
"@ddlovato aww..  i'm sure you'll do great, as usual.. (: <3",2256640829,2009-06-20 13:04:56-07:00,59
@ddlovato: oh my!  feel bettter. I'm sure you'lll be fine by tomorrow. Praying for you,2256643514,2009-06-20 13:05:10-07:00,86
"@ddlovato  aw! feel better! or the world will go insane without your amazing,beautiful voice! (:",2256643774,2009-06-20 13:05:11-07:00,96
@ddlovato hope you're okay demi!  *hugggg*,2256645366,2009-06-20 13:05:19-07:00,42
@ddlovato  I'll pray for you.,2256656209,2009-06-20 13:06:19-07:00,29
"@ddlovato awn  of course i'll pray for you, my queen! i'm sure your voice will be better tomorrow! <3",2256656474,2009-06-20 13:06:20-07:00,101
@ddlovato Oh my gosh! I'm praying for your voice to get better! ,2256670312,2009-06-20 13:07:36-07:00,64
@ddlovato   please PLEASE please don't say that. i'm praying.  I cant wait for the show,2256705803,2009-06-20 13:10:50-07:00,87
@ddlovato Join the club.  I'll pray for you if you pray for me.,2256711039,2009-06-20 13:11:18-07:00,63
@ddlovato oh  I pray for you,2256712698,2009-06-20 13:11:27-07:00,28
@ddlovato awh. i'm sure you'll do fine tomorrow! i'm praying <3 wish i could go ,2256715579,2009-06-20 13:11:43-07:00,80
@ddlovato aw ur voice is lovely i hope your better!  !! i love your songs! xox,2256715981,2009-06-20 13:11:45-07:00,78
@ddlovato OMG.  i'll pray for you.!! <3,2256739796,2009-06-20 13:13:55-07:00,39
"@ddlovato awee  hope you feel better! No matter what, your show is gonna be amazing ",2256757610,2009-06-20 13:15:31-07:00,84
@ddlovato what happened to selena?!  it seems like youre ignoring her... please clarify this!,2256758018,2009-06-20 13:15:33-07:00,93
sad  get well demi *prays for the stength u need*@ddlovato,2256793564,2009-06-20 13:18:49-07:00,58
@ddlovato hope your voice gets better i really wish i could see your concert this summer ,2256805992,2009-06-20 13:20:01-07:00,89
@ddlovato  Get well soon! *praying for you*,2256844997,2009-06-20 13:23:38-07:00,43
@ddlovato Demi sorry about by english ,2256866328,2009-06-20 13:25:37-07:00,38
@ddlovato maybe tea will help? ,2256937615,2009-06-20 13:32:11-07:00,31
@ddlovato I'll pray for you gf but I still wish I could be there  xx,2256945825,2009-06-20 13:32:57-07:00,68
@ddlovato ouuu demi....sorry!  i feel so bad ...but ill pray for you,2257029584,2009-06-20 13:41:01-07:00,68
@ddlovato. i hope you get better. i live in CT but i didn't get tickets to see your show.  im so upset. but i know you'll do great!!,2257085897,2009-06-20 13:46:22-07:00,132
@ddlovato I'm supposed 2g2 ur show in CT and can't make it  It is fathers day tho (we realized that after the tickets were purchased),2257115119,2009-06-20 13:49:09-07:00,133
"@ddlovato My voice isn't doing so well either, but fortunately i don't even have to use it..unlike youuuu  lol, i'll pray..!",2257142057,2009-06-20 13:51:47-07:00,124
i wanna see @ddlovato in concert at jones beach on july 24...BUT ITS SO FRIGGIN EXPENSIVE AND I'M BROKE! ,2257267035,2009-06-20 14:03:51-07:00,105
"@ddlovato being sick sucks so much. i was gonna see ""up"" tonight but now i don't know if i can  bleh. good luck tomorrow!",2257416610,2009-06-20 14:18:09-07:00,121
LALA. in the camaro going into hartford. @ddlovato you better heal that voice. cat will be upset ,2257517666,2009-06-20 14:27:50-07:00,97
"@ddlovato NOOO !  :O , I PRAY FOR YOU GIRL ! I love you <3",2257741436,2009-06-20 14:49:10-07:00,58
@ddlovato wish i could of been their  stupid uk,2257811621,2009-06-20 14:55:59-07:00,47
@ddlovato say happy birthday nanda to @nanda_marinho please ,2257817901,2009-06-20 14:56:36-07:00,60
"@ddlovato - Awww, great timing  Still wish you the best of luck!",2257833764,2009-06-20 14:58:10-07:00,64
@ddlovato ARE YOU KIDDDING? we were gonna come and seee you but we didnt have a ride  i hope you meet you tomorrrow. PLEASE COME OUTSIDE.,2257834569,2009-06-20 14:58:14-07:00,137
@ddlovato i hope you get your voice back ,2257843962,2009-06-20 14:59:10-07:00,41
@ddlovato omg  ! your jokiing me right ?! nooo! dont tell me you lost your voice ?! demi ! aweh damn it i feel so bad . i still love u !,2257846176,2009-06-20 14:59:23-07:00,136
@ddlovato I thought you were going to reply to fans that were going to your concert ,2257865878,2009-06-20 15:01:10-07:00,84
@ddlovato ANSWER MY QUESTION!!!! haha sorry im not in a very good mood today ,2257868018,2009-06-20 15:01:23-07:00,77
@ddlovato Oh no.   I wish you all the best. Get well soon!,2257878909,2009-06-20 15:02:24-07:00,58
@ddlovato feel better !  i'm going to your show wednesday ! i'm so excited i can't wait !!,2257884834,2009-06-20 15:02:58-07:00,90
"@ddlovato you're awesomeee. i love youu. don't lipsync. then, they make fun of you ",2257898841,2009-06-20 15:04:18-07:00,83
@ddlovato i have a real bad throat too  it's from screaming too much @ wembley on monday. get better soon!,2257899503,2009-06-20 15:04:22-07:00,106
@ddlovato  I really hope you get better soon darling.,2257903156,2009-06-20 15:04:43-07:00,53
@ddlovato  hope it gets better for you (yn),2257904884,2009-06-20 15:04:53-07:00,43
D@ddlovato  i feel your pain..getting over strep ,2257919217,2009-06-20 15:06:12-07:00,49
@ddlovato aww  i bet you'll still be amazingg!,2257922205,2009-06-20 15:06:29-07:00,46
@ddlovato aw im sorry you lost your voice  hope you get it back in time to sing <3,2257924200,2009-06-20 15:06:40-07:00,82
@ddlovato so sorry for you...i've lost it me too ,2257927463,2009-06-20 15:06:59-07:00,49
"@ddlovato aw demi i'm so sorry about your voice  i'm sure you'll still sound beautiful though, you always do. just rest up until then <3",2257928201,2009-06-20 15:07:03-07:00,136
"@ddlovato me too, but that's because I've been sick for the last 3 days, my voice sounds like a man and feels like sandpaper ",2257939696,2009-06-20 15:08:11-07:00,125
@ddlovato any way we can still get m&g for monday?!? the vip tix are sold ouuuttt i believe  i wanna meett you againnn <3,2257940151,2009-06-20 15:08:14-07:00,121
@ddlovato Oh no Demi! I'm so sorry to hear about your voice  You're show will still be amazing! Do you have to lipsync?,2257952008,2009-06-20 15:09:21-07:00,119
aw i feel sorry for @ddlovato  sorry demi. i hope your voice gets better !,2257953141,2009-06-20 15:09:28-07:00,74
@ddlovato are u seeing one of her concerts!? ,2257960278,2009-06-20 15:10:09-07:00,45
@ddlovato OMG !   That is so bad .. but i hope that by tomorrow you have your voice back!,2257961538,2009-06-20 15:10:15-07:00,89
"@ddlovato And I have to meet YOU before I die, but sometimes seems so impossible  Oh I'm sad now =/",2257967370,2009-06-20 15:10:48-07:00,99
"@ddlovato Aww, Demi I hope you feel better soooon  I'll pray for you to get better(: I love youuu<3333",2257984419,2009-06-20 15:12:25-07:00,102
"@ddlovato Wow.. I'm a singer, so I know that losing your voice is one of the worst things that can happen.. ",2257992083,2009-06-20 15:13:08-07:00,108
@ddlovato why don't you ever talk to me demi what have i done to you??? ,2258008316,2009-06-20 15:14:40-07:00,72
@ddlovato and i have to meet you before i die ,2258033638,2009-06-20 15:17:01-07:00,46
"@ddlovato dear demi, i lost a friend yesterday cuz of a fight. Any advice? it would really help. i miss her ",2258039579,2009-06-20 15:17:33-07:00,108
"@ddlovato do you like spiders? well not like, but are you afraid of them. cause they're my biggest fear ",2258047857,2009-06-20 15:18:19-07:00,104
"@ddlovato awwww  that sucks!  did you love Toronto?  i was going to come down to see you, but my mom wouldnt let me ",2258057966,2009-06-20 15:19:18-07:00,116
"@ddlovato dear demi, i lost a friend yesterday cuz of a fight. Any advice? it would really help. i miss her ",2258058519,2009-06-20 15:19:21-07:00,108
@ddlovato please bring miley cyrus to fresno. she is not coming here on her current tour ,2258074491,2009-06-20 15:20:47-07:00,89
@ddlovato awh demi rest your voice as much as you can! and don't worry i'm sure your show will rock tomorrow! wish i could go ,2258096131,2009-06-20 15:22:50-07:00,126
@ddlovato omg! 3 times? are you seroius? poor you!  #BTS,2258097806,2009-06-20 15:23:00-07:00,56
@ddlovato gah. that's horrible.  i'd get super clausterphobic.. bahaha. i don't even know if i spelled that right. xD,2258101523,2009-06-20 15:23:22-07:00,117
"@ddlovato once, i hurt my hand on the elevator's door ",2258102237,2009-06-20 15:23:26-07:00,54
@ddlovato ur so awesome demi. i wish u would reply but i no ur so busy. wish i could meet u ,2258116207,2009-06-20 15:24:44-07:00,92
@ddlovato I want demi to tweet me  since im never gonna meet her cz i live in ireland ,2258140388,2009-06-20 15:27:00-07:00,86
@ddlovato i hope i could one day get a tweet from demi. but i know it will never happen  i love you demi! july 11th<333,2258140768,2009-06-20 15:27:02-07:00,119
@ddlovato it sucks that you never reply to me  i wish you would it would like literly change me life ! ii seriously do love u ! pls reply,2258146144,2009-06-20 15:27:32-07:00,137
@ddlovato  ADD A TORONTO DATE TO YOUR TOUR MANNNN. i want to see david archuleta & you so bad ,2258146248,2009-06-20 15:27:33-07:00,94
wishes @ddlovato would reply  shes so awesome!!,2258156051,2009-06-20 15:28:29-07:00,47
"@ddlovato yeah! so do i, i dont belive in love anymore, people broked my heart so many times ",2258157041,2009-06-20 15:28:35-07:00,93
@ddlovato Demi it just happened to me  It sucks. . please reply,2258159071,2009-06-20 15:28:46-07:00,63
@ddlovato again? three strikes and your out! ,2258159205,2009-06-20 15:28:47-07:00,45
@ddlovato ADD A TORONTO DATE TO YOUR TOUR MANNNN. i want to see david archuleta & you so bad ,2258159306,2009-06-20 15:28:48-07:00,93
@ddlovato awww  I love you! I hope you don't either!,2258159496,2009-06-20 15:28:49-07:00,52
"@ddlovato aww demi *hugs* I hope that never happens to you again. If it does, whoever did it will no about it from me ",2258161766,2009-06-20 15:29:02-07:00,118
@ddlovato aweh  who did you get your hearbroken by? ill never break you heart. because il always love you as a fan ! xo your the best!,2258163416,2009-06-20 15:29:11-07:00,134
@ddlovato Well I want to tell you that I watched PPP and I cried every time that Rosie and Carter did  It was BEAUTIFUL,2258163755,2009-06-20 15:29:14-07:00,119
@ddlovato awwz demi  i have the same fear... sigh..,2258164072,2009-06-20 15:29:15-07:00,51
"@ddlovato your breaking my heart by not replying  haha i kid! but yeah, it'd be nice.. ;D",2258164640,2009-06-20 15:29:19-07:00,89
@ddlovato  i've tweeted you alot and never get a reply =( =( =(,2258165098,2009-06-20 15:29:22-07:00,63
"@ddlovato me too  You know what, screw guys. Don't let ANYBODY make YOU feel like less than you are. No one deserves your tears!!!!!",2258167093,2009-06-20 15:29:32-07:00,132
@ddlovato awwww thats happened to me sooo many times i hate it ,2258167403,2009-06-20 15:29:34-07:00,63
@ddlovato its one of mine too  anyways i love you demi can't wait to see you one day!!!!!!!!!!!!!,2258175881,2009-06-20 15:30:21-07:00,97
@ddlovato Awe  That's so sad,2258176490,2009-06-20 15:30:23-07:00,28
"@ddlovato some guys are just stupid , OMG !  I wish you tweet me .. but you never do",2258178726,2009-06-20 15:30:35-07:00,84
@ddlovato aaaww!  girl! .. that's mine too.,2258179080,2009-06-20 15:30:37-07:00,43
@ddlovato exactly what i fear of ,2258181742,2009-06-20 15:30:51-07:00,33
@ddlovato  i know how that feels,2258182848,2009-06-20 15:30:58-07:00,32
"@ddlovato you NEVER reply me, i send 957397950 tweets for you everyday and you never reply me! thats sad ",2258185949,2009-06-20 15:31:15-07:00,105
"@ddlovato , i wish you could reply to me sometime  ! i wish sometime . but it prob wont happen  its okay . but dont worry u wont get ur.",2258186956,2009-06-20 15:31:21-07:00,136
"@ddlovato  bless you. its tough. but everyone experiences heart break and you will pull through again, like you did before. be strong x",2258199529,2009-06-20 15:32:33-07:00,135
"@ddlovato My biggest fear is... well... don't reach my dreams, I think ",2258202231,2009-06-20 15:32:49-07:00,71
how come @ddlovato never replies to me  all I wanna do is meet/talk to her.,2258203150,2009-06-20 15:32:54-07:00,75
@ddlovato aw thats saaaaad ,2258204807,2009-06-20 15:33:04-07:00,27
@ddlovato Aweee Demi thats one of my biggest fears tooo ,2258204982,2009-06-20 15:33:05-07:00,56
@ddlovato mmm...  iis also one of th fears Ive got  *,2258206984,2009-06-20 15:33:16-07:00,53
@ddlovato omg hey soo i really want to become an actress and i dont know wwhere to start can u help me plz!!  btw u rock,2258207839,2009-06-20 15:33:22-07:00,120
I have been tweeting @ddlovato for the past half hour and not one reply  shes such a huge inspiration to me i would cry if she replied 2me,2258228171,2009-06-20 15:35:18-07:00,138
"@ddlovato at 16...twice is kind of a lot lol.  I understand tho, I'm 17 & hve had my heart broken twice. It's the worst feeling. ",2258229462,2009-06-20 15:35:25-07:00,129
@ddlovato do u like my profile picture? i think it's adorable <3 i want that people mag! but i live in argentina  send one to me! haha,2258239607,2009-06-20 15:36:24-07:00,134
"@ddlovato demi never reply 2 me ethier  but u still rock, hope ur voice gets better !",2258244463,2009-06-20 15:36:52-07:00,85
@ddlovato Loves pretty addictive isnt it? it hurts when its taken away ,2258248773,2009-06-20 15:37:16-07:00,71
"I always wonder why i can sign up on Say Now from my country, thats suck! Cz i cant call @ddlovato n @selenagomez ",2258251910,2009-06-20 15:37:34-07:00,114
@ddlovato omg. thats my fear too  FEEL BETTER <3,2258257385,2009-06-20 15:38:05-07:00,48
@ddlovato  hope that doesn't happen. heartbreak sucks.,2258264991,2009-06-20 15:38:47-07:00,54
@ddlovato my too ,2258269609,2009-06-20 15:39:15-07:00,17
@ddlovato please reply ,2258270433,2009-06-20 15:39:19-07:00,23
@ddlovato demi is mean she nvr repies 2 me ,2258270688,2009-06-20 15:39:21-07:00,43
@ddlovato Please say a hi demi ! ,2258284931,2009-06-20 15:40:43-07:00,33
@ddlovato please reply  it would make my day... or my year..,2258286507,2009-06-20 15:40:51-07:00,60
"@ddlovato aw, i've only been once.. and it's so nice to feel that. but i hope you heart never gets broken cuz u dont deserve it dems  ily",2258303651,2009-06-20 15:42:30-07:00,137
@ddlovato i've been stuck in an elevator 2!!i was there for almost 1hour with the lights turned off!for 6 months i didn't use it again.. ,2258307113,2009-06-20 15:42:50-07:00,137
@ddlovato wow Not wise of your fear of the elevators incredible!  i love you demi !,2258313412,2009-06-20 15:43:27-07:00,83
@ddlovato hopefully you wont.. dudette yu never tweet back ,2258314577,2009-06-20 15:43:34-07:00,59
@ddlovato ok so I totally agree! You probably have a better chance at meeting her than me. ,2258315312,2009-06-20 15:43:38-07:00,91
@ddlovato please reply  i really jus want a reply n dats all ,2258323115,2009-06-20 15:44:23-07:00,61
@ddlovato P.S. I have to meet Britney Spears before I die.= or if she dies ,2258340863,2009-06-20 15:46:05-07:00,75
@ddlovato heartbroken   i lost my girlfriend yesterday. we were together one years ;(,2258368575,2009-06-20 15:48:49-07:00,85
@ddlovato  why and how will you get your heart broke again? May I ask who or who were you going out with to get your heaetbroken again?  ,2258374817,2009-06-20 15:49:27-07:00,137
@ddlovato yure lip syncing tmrw?! For myy showw ,2258391497,2009-06-20 15:51:04-07:00,48
@ddlovato and talking about heartbrakes my bf just did it to me  he ruins everything :'(,2258399708,2009-06-20 15:51:53-07:00,88
@ddlovato know how u feel ,2258480146,2009-06-20 15:59:47-07:00,26
@ddlovato believe me so is mine it sucks i've had that happen before i'm going through it right now ,2258530984,2009-06-20 16:04:34-07:00,100
@ddlovato Also i prayed for your voice. Its amazing and i dont want it gone ,2258532293,2009-06-20 16:04:42-07:00,76
@ddlovato are you okay  dont fear heartbreak it does nothing but make people stronger <3,2258535121,2009-06-20 16:04:59-07:00,88
"@ddlovato I totally and completely agree, I fear this as well.  ",2258603682,2009-06-20 16:11:42-07:00,64
@ddlovato heart breaks are horrible.  just have faith. <3,2258655334,2009-06-20 16:16:44-07:00,57
"@ddlovato awe, today just isn't a good day for you is it? ",2258738152,2009-06-20 16:25:00-07:00,58
@ddlovato Oh yay.  That must suck.,2258749391,2009-06-20 16:26:07-07:00,34
@ddlovato *ELEVATORS haha that was such a fail  but i got there before tom ha.,2258765678,2009-06-20 16:27:44-07:00,78
@ddlovato demi runn but dont use the elevator... dont want you to get stuck  x,2258766633,2009-06-20 16:27:50-07:00,78
"@ddlovato PLEASE DEMI , REPLY ME ",2258784426,2009-06-20 16:29:38-07:00,33
@ddlovato at least it's not night time!! that happened to me once at like 4:30AM. it sucks ,2258825953,2009-06-20 16:33:37-07:00,91
@tommcfly STOP TALKED WITH @ddlovato and talking to me ,2258829579,2009-06-20 16:33:59-07:00,55
@tommcfly You answered she (@ddlovato) . And the people who gives you money does not!! ,2258871417,2009-06-20 16:38:08-07:00,87
@ddlovato ..falling in love  except me,2258954523,2009-06-20 16:46:29-07:00,38
@ddlovato HI!!! Please reply  it would mean soo much!,2258983015,2009-06-20 16:49:25-07:00,53
"@ddlovato ah demi, hope your voice is okay  ! hows everything going 'part from that? ox.",2258984242,2009-06-20 16:49:33-07:00,88
@ddlovato tom won't burn your donut ,2259020036,2009-06-20 16:53:08-07:00,36
@ddlovato that's what I said - twice!! But you never reply =\  LOL you don't love meeeeeeee!  (haha ;) ),2259028313,2009-06-20 16:54:01-07:00,104
@ddlovato i know... i want u too  .... hehe (:,2259030268,2009-06-20 16:54:13-07:00,46
@ddlovato and that's not me ,2259080242,2009-06-20 16:59:12-07:00,28
@ddlovato Aww  .. Guess she can't see this. ,2259086813,2009-06-20 16:59:51-07:00,44
@ddlovato ahw demi  i know how you feel i hate getting my heartbroken and i don't want it to happen again,2259155949,2009-06-20 17:06:28-07:00,105
@ddlovato Demi I hope you are enjoying Connecticut. I wish I could go to your concert tomorrow ,2259175727,2009-06-20 17:08:26-07:00,95
@ddlovato demiiiiii @SallytheShizzle is sadddd-icles now.  GIVE HER A HUGGG.,2259186264,2009-06-20 17:09:30-07:00,76
@ddlovato Demiiiiiiiiiii... please reply ,2259216309,2009-06-20 17:12:28-07:00,41
@ddlovato i love u to death baby but ughhhhhhhhhhhh. *sigh* if your happy.... ,2259302275,2009-06-20 17:21:05-07:00,78
@ddlovato i like youu .. i wish i could be so beautiiifuuuL ... like youuuu  !,2259303638,2009-06-20 17:21:13-07:00,78
"@taylorswift13 Awww! @DDlovato is on voice rest right now, too ",2260124676,2009-06-20 18:42:31-07:00,63
@ddlovato aw deeemmi; i hope your voice comes back ,2260521651,2009-06-20 19:21:08-07:00,51
"@ddlovato I want to see you more than anyone this Summer. But I can't afford tickets, or to drive into Boston. I'm like, crying ",2260938761,2009-06-20 20:00:40-07:00,128
@ddlovato I'm sorry about your voice ,2260941551,2009-06-20 20:00:54-07:00,37
@ddlovato heartbroken AGAIN??? WTF? ,2261134027,2009-06-20 20:18:58-07:00,36
"@ddlovato awww thats sad y would any1 want to brake ur heart. U are a Beautiful, Amazing, Talanted person y wuld they do that. ",2261316939,2009-06-20 20:36:06-07:00,127
"am i the only one who thinks its weird,not seeing @ddlovato and @Jonasbrothers together on tour,i miss the burning up tour ",2261486834,2009-06-20 20:52:05-07:00,123
@ddlovato dude! someone just tried breaking into my house ,2261574674,2009-06-20 21:00:19-07:00,58
@ddlovato ME EITHER! not fair.. ,2261609128,2009-06-20 21:03:30-07:00,32
"I Can not go to concert @ddlovato  Im so sad, Im flying to Texas right now!",2261625946,2009-06-20 21:05:10-07:00,75
"@ddlovato i use to think u were diff. then the other celebs n hollywood, i thought u cared bout helpin fans, but i dont think so now.  ",2261801224,2009-06-20 21:22:20-07:00,135
Cant fall asleep! Help! Wishing i could go 2 @ddlovato 's concert on august 20... Begging my dad. He wont budge. ,2261811391,2009-06-20 21:23:22-07:00,113
@ddlovato I would love to go but I'm from Chile ,2263027869,2009-06-20 23:47:02-07:00,48
@ddlovato Not me  I live in New Zealand and it just so happens that I won't have the time (or money) to make it to the US by tomorrow  ...,2263038191,2009-06-20 23:48:29-07:00,138
"@ddlovato so wish i could go, but i live in chicago ",2263038740,2009-06-20 23:48:34-07:00,52
@ddlovato GOOD LUCK DEMI!!!!! I wish I could go..... But I couldn't get tickets...   ,2263039510,2009-06-20 23:48:40-07:00,85
@ddlovato Wish i could!  All the way in Australia. ,2263041185,2009-06-20 23:48:55-07:00,51
"@ddlovato good luck demi tomorrow! i wish i were there to see you, but im from argentina   looove you! solu.",2263043002,2009-06-20 23:49:10-07:00,108
@ddlovato I would if it was in New Zealand! ,2263043646,2009-06-20 23:49:15-07:00,44
@ddlovato i cant go to anoy of your shows  but im trying to. it would make my day if you replyd back,2263046935,2009-06-20 23:49:43-07:00,100
@ddlovato Hi Demiii! I can't go  Because I'm from Argentina  Please come back soon! Do you like Argentina?,2263048672,2009-06-20 23:49:59-07:00,106
@ddlovato I can't sleep either. I wish I was coming to your show ,2263060446,2009-06-20 23:51:34-07:00,65
@ddlovato not tomorrow  July 16th  u should get some sleep & rest ur voice. Sleep should help it.,2263062239,2009-06-20 23:51:50-07:00,97
"@ddlovato hey, hope your voice gets better for the concert!  I can't go to the concert, because i'm stuck in Brazil!  we will pray for you",2263069030,2009-06-20 23:52:49-07:00,138
"@ddlovato I wish!  Too bad I live in Canada! Oh well, I'll still be trekking it to Grand Rapids in August! Can't ... http://bit.ly/adQ7W",2263076127,2009-06-20 23:53:52-07:00,136
@ddlovato not me  good luck though!!! and break a leg...or something that doesn't hurt as much...haha.,2263076442,2009-06-20 23:53:55-07:00,102
"@ddlovato I want to go soooooooo bad but,I don't live near CT  ",2263094516,2009-06-20 23:56:32-07:00,63
"@ddlovato I live in DALLAS, Texas!! lol so i cant come ahah  but we saw you at the TX state fair and the PRIVATE concert at Nokia in gd pr",2263097900,2009-06-20 23:57:04-07:00,138
@ddlovato i wish i could come ,2263126314,2009-06-21 00:01:04-07:00,30
@ddlovato i wish i could come   its going to be like a dream come true !!!,2263150093,2009-06-21 00:04:31-07:00,74
"""But somewhere we went wrong"" (@ddlovato 's song) ... That happened to me ",2263173235,2009-06-21 00:07:55-07:00,74
"@ddlovato I'm in ct too! and I also cannot sleep, but I can't sleep because of stress from school  & I wish I were going to your concert!",2263187365,2009-06-21 00:10:03-07:00,137
@ddlovato  I wanna be there but unfortunately I don't live in the USA ,2263222545,2009-06-21 00:15:16-07:00,70
@ddlovato Hahahaha well good luck for your show tmmr No im not coming because i dont live there ,2263234860,2009-06-21 00:17:06-07:00,96
@ddlovato noo =( because my contry is chile T.T ,2263274835,2009-06-21 00:23:13-07:00,48
It's sunday! I hope @Jonasbrothers win the much music awards in Canada  @ddlovato kicking off her tour today in CT! I wish I were going ,2263285740,2009-06-21 00:24:57-07:00,136
@ddlovato im not going but i wish i was ,2263302066,2009-06-21 00:27:26-07:00,40
@ddlovato i wish i was ,2263309905,2009-06-21 00:28:40-07:00,23
It's tough saying goodbye to great friends.  So happy I get to see @ddlovato tomorrow! I need a happy night out!,2263363547,2009-06-21 00:36:49-07:00,112
@ddlovato i cant sleep either. ,2263398557,2009-06-21 00:42:28-07:00,31
@ddlovato  Wish I could goooo    Good luck thoughh.,2263483716,2009-06-21 00:56:25-07:00,51
@ddlovato Wish i was. ,2263542606,2009-06-21 01:06:02-07:00,22
@ddlovato oh i wish... come to vancouver canada  PLEASE i would give an arm and a leg to go!,2263596308,2009-06-21 01:15:14-07:00,92
@ddlovato come to Scotland . Please. ,2263847323,2009-06-21 01:59:31-07:00,37
@ddlovato i wish i was!  i really want to go to your show in detroit...but there's no lawn seats left and i cant afford pavillion. D:,2263868401,2009-06-21 02:03:05-07:00,133
"@ddlovato i wishhhhh i was. but i live in Scotland  come to Scotland Demi, please! x",2264169645,2009-06-21 03:00:30-07:00,84
@ddlovato if u  dated trace u'll regrect it i love u alot but i swear u''ll sooo doo  and u'll lose waayy 2 fans !!,2264374864,2009-06-21 03:40:12-07:00,115
"@ddlovato not me  but ill be at the Greenville,SC show. to help your voice out, a gift from me http://bit.ly/13AOrE",2264393205,2009-06-21 03:43:50-07:00,115
"@ddlovato i hate when here in brasil is morning and other contry is night you was beautifoul in brasil in the JB show , i wasn't tehre ",2264838982,2009-06-21 05:05:12-07:00,135
@ddlovato hey I'm not coming to any of the shows because you're not playing in Ireland  but seriously good luck & hope your voice is ok!,2264859987,2009-06-21 05:08:42-07:00,136
"i have the freakin flu  fml. i better be able to go to @ddlovato 's concert tomorrow or i will die, legit die.",2264936147,2009-06-21 05:21:21-07:00,110
@ddlovato have fun at the show here in my home of ct wish I bought tickets...  good luck,2264957576,2009-06-21 05:24:48-07:00,88
@ddlovato I want to. I like in CT Naugy to be right ,2264961019,2009-06-21 05:25:19-07:00,52
"Showed me what I couldn't find, when two different worlds collide. @ddlovato. What friends are supposed to be. ",2265086230,2009-06-21 05:45:11-07:00,111
"@ddlovato GOODLUCK with the show tonight. while ur on stage, ill be cramming science 4 my gcse (uk) exam 2morrow  hope the voice is back!",2265165168,2009-06-21 05:56:56-07:00,137
"@ddlovato I was going to meet you today but now I'm too sick to come  I'm soooo upset, I've been waiting for over forty days for today!!!!",2265174009,2009-06-21 05:58:17-07:00,138
"@ddlovato I want to meet Britney Spears  will be a thing impossible,also be impossible to meet you Ã§_Ã§",2265549721,2009-06-21 06:49:37-07:00,104
@ddlovato eh. i wish i were ,2265600071,2009-06-21 06:56:04-07:00,28
@ddlovato i wish  have a great show though!!!,2265684089,2009-06-21 07:06:10-07:00,45
@ddlovato Tomorrow begins my examination of maturity ... I'm fear .. do not sleep tonight ,2265731052,2009-06-21 07:11:49-07:00,90
@ddlovato i wiiiiiish! i have to study for finals  no where near as fun as going to your concert.,2265776563,2009-06-21 07:17:13-07:00,97
@ddlovato Good luck tonight Demi!! I wish I could be there but sadly I live in California  Talk to you later <3 Emma,2265835228,2009-06-21 07:24:12-07:00,116
@ddlovato's first show ... Today! I wanna be there ,2265874937,2009-06-21 07:28:49-07:00,51
I feel so bad for @ddlovato  It must suck losing your voice right befor eyou kick off your tour!,2266067771,2009-06-21 07:50:38-07:00,96
@ddlovato it would make my life if i could write a song with you before your show in virginia ,2266338544,2009-06-21 08:20:00-07:00,94
@ddlovato How I wish I could be there. I'd trade anything in the world to see you live.  I'll just pray for your voice. You'll do great.,2266388328,2009-06-21 08:25:16-07:00,136
@ddlovato i friggin wish i could come. but i cn't go to any of ur shows unfortunetly  i wn't b home when ur in my town  but i stil <3 u!,2266465147,2009-06-21 08:33:19-07:00,136
"@ddlovato omg i really wanted to go to that because i live in ct... but i couldn't  anyways, good luck demi!!!!!!!!!!!!!!!!!!!!!!!!",2267067506,2009-06-21 09:34:16-07:00,131
"@ddlovato I am-well I might.  My mom's not feeling well.  I might not come. Demi, I'm sorry. I was looking forward to this :'(",2267243513,2009-06-21 09:51:36-07:00,126
@ddlovato:  your cool im very tired to live in germany because i cant met you ... and you cant give me a signature ,2282106709,2009-06-22 10:57:04-07:00,115
I wanted to get the VIP package to see @ddlovato but they where all gone. ,2282499054,2009-06-22 11:26:46-07:00,74
I wish the @ddlovato and @davidarchie tour was coming to the UK too  I love when he sings apologize,2282650486,2009-06-22 11:38:11-07:00,99
@ddlovato i would totally come but i'm to far away!  are you coming 2 colorado?,2282734603,2009-06-22 11:44:31-07:00,79
"@ddlovato ahh I really really wish I could go to your concert, that would be AMAZING <3 have fun on your tour - wish I could be there! ",2283150964,2009-06-22 12:16:03-07:00,135
Wishing I was going to @ddlovato concert tonight ,2283771055,2009-06-22 13:02:54-07:00,49
@ddlovato I was supposed to meet you in an hour but they said there aren't any m&g's  at least I'll see you at the show-you'll be amazing!,2283970104,2009-06-22 13:17:50-07:00,138
@ddlovato Awwhh!  i hope you feell better<3,2284229014,2009-06-22 13:37:32-07:00,43
@ddlovato awwww *hugs* did you lose it again after last night?  maybe now is a good time to start learning sign language...? :| LOL,2284230326,2009-06-22 13:37:38-07:00,131
@ddlovato omg you lost your voice and your on tour wat are u going to do  P.S i hope you get better,2284230736,2009-06-22 13:37:39-07:00,99
"@ddlovato That sucks.   I just watched your new movie PPP, you and Selena were great!!",2284232621,2009-06-22 13:37:48-07:00,86
@ddlovato i hope your voice comes back soon! ,2284233094,2009-06-22 13:37:50-07:00,45
@ddlovato aww Demi  I'll keep praying for your voice to be better.,2284234820,2009-06-22 13:37:58-07:00,66
@ddlovato AWE! i hope everything works out for you! ,2284237142,2009-06-22 13:38:08-07:00,52
@ddlovato I'm sorry.  What did u do before 2 get it back? I'll pray 4 u.,2284238221,2009-06-22 13:38:13-07:00,72
@ddlovato I'm sorry about your voice  I hope it will come back soon !,2284238838,2009-06-22 13:38:16-07:00,69
@ddlovato I need my voice right now..and i lost it too  tomorrow i have a really important casting..and i have to sing.. what can i do? ,2284239448,2009-06-22 13:38:19-07:00,136
@ddlovato oh I'm so sorry!!!!!!I hope you will be better soon!That's so unfair ! ,2284253748,2009-06-22 13:39:23-07:00,81
@ddlovato think it's just for a little while. imagine all the people that lost their voices permanently ,2284255813,2009-06-22 13:39:33-07:00,104
@ddlovato  I hope you get your voice back soon!! I remember when I was sick like right before my play and i was worried i'd lose my voice.,2284257341,2009-06-22 13:39:40-07:00,138
@ddlovato  i'm sure that people will understand. i hope u feel better,2284261268,2009-06-22 13:39:57-07:00,69
@ddlovato It is necessary of the rest and not to speak. I lost my voice once I know what that makes ,2284264546,2009-06-22 13:40:12-07:00,100
@ddlovato sometimes we need a good cry. & your voice'll find its way back. sorta like the little mermaid  #trackle,2284265264,2009-06-22 13:40:15-07:00,114
I'm sorry @ddlovato . When people lose their voice they just don't talk for a few days.. Sorry ,2284265554,2009-06-22 13:40:16-07:00,95
@ddlovato   It'll be ok. I'm praying for you. I completely understand how you feel it is SO frustrating. But try and take it easy. <3,2284266272,2009-06-22 13:40:20-07:00,133
@ddlovato  I'm praying for you demi! Cheer up everything will be ok! Drink some throat coat and get well soon! Luv ya!!!,2284266367,2009-06-22 13:40:20-07:00,120
@ddlovato just don't talk. and drink tea honey!! I'm sooo sowwy about ur voice! ,2284267613,2009-06-22 13:40:26-07:00,80
@ddlovato Aw don't cry hun.  I'll say a lil prayer for you. Feel better!,2284285366,2009-06-22 13:41:43-07:00,72
@ddlovato just don't cry!  you'll figure something out! and i know that your voice comes back pretty soon because every1 is praying 4 you!,2284286248,2009-06-22 13:41:47-07:00,138
"@ddlovato awww dems don't cry!  try hot milk with honey! I feel bad for you, love! hope you get better soon! ",2284292053,2009-06-22 13:42:13-07:00,109
"@ddlovato  feel better! don't cry, the people that matter will stick by you!",2284292883,2009-06-22 13:42:17-07:00,76
@ddlovato I'm so sorry.  We (your fans) understand.  We just like to see YOU. You always pull it off in the end. Keep up the good thoughts,2284294049,2009-06-22 13:42:22-07:00,138
"@ddlovato so sorry about your voice  just know that your fans, like me, support you no matter what! we know that you give it your all...",2284311891,2009-06-22 13:43:42-07:00,136
@ddlovato I've lost my voice too ,2284315067,2009-06-22 13:43:56-07:00,33
@ddlovato Im so sorry 4 U Demi  I'll pray for u to get better! don't worry! you'll be OK i'm suree! you aren't alone we love you so much!,2284316302,2009-06-22 13:44:04-07:00,137
@ddlovato awww dont feel like that.  your voice is gonna come back believe me  just dont talk that much,2284316417,2009-06-22 13:44:04-07:00,103
@ddlovato You lost it again? I sorry. ,2284317079,2009-06-22 13:44:08-07:00,38
@ddlovato don't cry  .. iv'e never lost my voice hope yours comes back!!,2284323155,2009-06-22 13:44:34-07:00,72
"@ddlovato Pshhh,girl! I'd feel like crying if I had a big show to do and I couldn't sing either. I'm sorry  I hope your voice comes back!",2284395709,2009-06-22 13:49:59-07:00,137
"@ddlovato Pshhhh,girl! I'd feel like crying if I had a big show to do and I couldn't sing either. I'm sorry  I hope your voice comes back!",2284397963,2009-06-22 13:50:09-07:00,138
@ddlovato don't cryy  I love you so much ,2284398020,2009-06-22 13:50:10-07:00,41
@ddlovato  its horrible.....amuse yourself by writing signs or sayings you're most likely to say!,2284401443,2009-06-22 13:50:25-07:00,97
No offense but @tracecyrus doesnt seem like the greatest catch to me. Girls must be crazy or something to like this guy. Sorry @ddlovato ,2284406621,2009-06-22 13:50:48-07:00,137
@ddlovato Why you never answer me?  I really want to talk with you...my biggest dream is that I meet you  but it's not possible (,2284407205,2009-06-22 13:50:50-07:00,129
@ddlovato why? what's wrong? hope u had a gr8 opening concert!! sorry i couldn't be there ,2284430331,2009-06-22 13:52:33-07:00,90
@ddlovato oh demi  don't worry. Ur voice will be back. I'll pray for ya.,2284622056,2009-06-22 14:06:29-07:00,72
"@ddlovato love your music. To bad I wasn't picked to blog for ur Kansas City, Mo show. ",2284622870,2009-06-22 14:06:33-07:00,87
"@ddlovato I hope everything works out okay, and don't cry  You rock, and don't you forget it ",2284950993,2009-06-22 14:31:11-07:00,93
@ddlovato I understand you so much...I'm losing my voice too and I have to work my singing ,2285124321,2009-06-22 14:44:16-07:00,91
"@ddlovato , demi when will enter my life and make it shine ",2285129545,2009-06-22 14:44:40-07:00,59
"@ddlovato I kno how u feel, I lost my voice last night. Its annoying, makes me wanna call some1 n stuff but I can't ",2285378660,2009-06-22 15:03:24-07:00,116
@ddlovato oh I know how you feel  just about everytime I have a singing thing I lose my voice. You'll be okay though! I'll pray!,2285395375,2009-06-22 15:04:40-07:00,128
@ddlovato demi ive tried everything to meet you i guess it wasnt meant to be ,2285947122,2009-06-22 15:47:39-07:00,77
@ddlovato Can u help me ? I'm scared to move back to Germany... even though I still have friends there idk what to do. ,2286074153,2009-06-22 15:57:48-07:00,119
"You know what sucks? You write to people you admire and look up to, like @nickjonas or @ddlovato, my true heroes, and they never answer ",2286793755,2009-06-22 16:56:08-07:00,136
"@ddlovato ah demi, i'm so sad  i'll pray for your voice come back *-*",2287901518,2009-06-22 18:26:58-07:00,69
"@ddlovato hi demi,i love so muhc,please say 'Hello' to me ",2287969672,2009-06-22 18:32:32-07:00,58
At @ddlovato 's concert. My camera just died. Thanks a lot camera. ,2288004366,2009-06-22 18:35:22-07:00,67
"lol wow people hate on people they dont even know, like @mileycyrus @JustinMGaston @selenagomez and @ddlovato i feel sorry for them ",2288725187,2009-06-22 19:32:10-07:00,132
@ddlovato OMG I really love you!! All of my idols never reply me  Do you wanna be the first? lol LOVE YOU!!!!,2295652650,2009-06-23 08:12:13-07:00,109
@ddlovato the concert was AH-mazing! just the 4 hour drive there and back wasn't  but it was so worth it!<3,2296840352,2009-06-23 09:41:00-07:00,107
Listening to @ddlovato and @KSMOfficial I miss them already ,2298861260,2009-06-23 12:12:12-07:00,60
http://twitpic.com/87mh8 - @ddlovato Leaving stage  best concert ever!,2299023826,2009-06-23 12:24:22-07:00,70
"@ddlovato Ed McMahon, the legendary American television shoulder is dead ",2299379557,2009-06-23 12:50:55-07:00,73
"@ddlovato trying to get a reply of demi again, totally failing. ",2300004778,2009-06-23 13:36:53-07:00,64
i really want @ddlovato to tour here soon  i would love to go see her again half an hour wasnt enough!,2301020350,2009-06-23 14:53:46-07:00,102
"@ddlovato , demi would you ever follow me? ",2301165522,2009-06-23 15:05:05-07:00,43
@Dannymcfly @ddlovato @dougiemcfly @jonaskevin @mileycyrus @nickjonas @tommcfly @selenegomez do u every reply to fans - that will be a NO ,2302133838,2009-06-23 16:23:11-07:00,138
@ddlovato Hey Demi!(: i love ur song Catch Me i can totally relate to it ur so amazing! i wish u would reply but i doubt u ever will  XoXo,2302832097,2009-06-23 17:21:25-07:00,138
@ddlovato did u saw @oceanup last post?? its about u.. i try.. but i think im not wined.. sorry.. i really want to see U ,2302836755,2009-06-23 17:21:49-07:00,121
@ddlovato why are u not doing a show in Dallas on ur tour ,2302838387,2009-06-23 17:21:57-07:00,58
dear @ddlovato please follow me. i keep praying ,2302854854,2009-06-23 17:23:20-07:00,48
@ddlovato did u saw @oceanup last post??  its about u.. i try.. but i think im not wined.. sorry.. i really want to see U ,2302861520,2009-06-23 17:23:55-07:00,122
@ddlovato It's currently my jam! I'm going through an awful breakup but I still miss him. ,2302862093,2009-06-23 17:23:58-07:00,90
Never get a reply of @ddlovato :/ really unlucky ... I wish I had luck ,2302938578,2009-06-23 17:30:20-07:00,71
"@ddlovato Demi ! when you where in toronto, i was waiting outside the four seasons hotel for 7 hours waiting for you ! and you never came ",2303004032,2009-06-23 17:35:45-07:00,138
@ddlovato are you gonna come to monterrey mexico with the Jonas Brothers in july? Hope yes... because you have your tour that day ,2303144505,2009-06-23 17:47:27-07:00,130
@ddlovato wow demi i just saw some videos from the concert in PA yesterday i wish i could go to one of your concerts!! ,2321355671,2009-06-24 20:56:30-07:00,119
@ddlovato OmG!! you spend all your day twittering!! (me too... haha) Why you don't twitt me back when I twitt you?? ,2321412024,2009-06-24 21:01:09-07:00,116
"@ddlovato 'breathe... Without you, but I have to' ",2321419339,2009-06-24 21:01:46-07:00,50
@ddlovato OMG wish u came to my state but ur not ,2321445123,2009-06-24 21:03:58-07:00,49
@ddlovato I heard that you canceled 2 shows!  so sad...,2321456047,2009-06-24 21:04:54-07:00,55
@ddlovato Why did u canecel your consert in oregon me and my friends are so disapointed we where so looking forward to it ,2321456884,2009-06-24 21:04:59-07:00,122
;(@ddlovato Why did u canecel your consert in oregon me and my friends are so disapointed we where so looking forward to it ,2321923166,2009-06-24 21:46:24-07:00,124
"@ddlovato is the only way to meet you this tour to get vip, or win it through a radio station? ",2322159175,2009-06-24 22:08:40-07:00,95
@ddlovato Why did u canecel your consert in oregon me and my friends are so disapointed we where so looking forward to it ,2322279772,2009-06-24 22:20:40-07:00,122
Reallllly want to go to a @ddlovato concert  why do I have to be so broke?? I even found tickets with amazing seats...ugh!,2322672312,2009-06-24 23:02:50-07:00,122
annoyed that @ddlovato 's show was canceled on july 13th ,2322877270,2009-06-24 23:27:21-07:00,57
"I can't seem to ""follow"" @ddlovato... how come? ",2323076190,2009-06-24 23:51:38-07:00,48
"@ddlovato & @miley cyrus. so sad, there are imposters using your names on plurk.com ",2323182951,2009-06-25 00:05:04-07:00,84
"i said im so much better witout u , but it just anthr pretty lie cuz i breakdown evrtime u came around  - @ddlovato",2323412359,2009-06-25 00:35:06-07:00,115
@ddlovato It was AMAZING seeing you on June 15th...but one thing ..there was no Demi merchandise  I was most dissapointed. how come? X,2325214765,2009-06-25 05:00:39-07:00,134
"off work sick  get to watch all my sky+ stuff though watching a film with @ddlovato & @selenagomez in, so far so good. xoxo",2326010965,2009-06-25 06:25:04-07:00,123
my sisterrr has apendicitis. ahhhh. what about the @ddlovato concert ?! ,2326244889,2009-06-25 06:45:55-07:00,72
I can't go see @ddlovato tomorrow unless I can pull a freaking miracle. And that miracle would be finding money and a ride from RI. ,2327659281,2009-06-25 08:37:32-07:00,132
@ddlovato I will gladly give you the squirrel in Jenny's house if you join us. A SQUIRREL. It'll kill two birds with one stone! ,1467898241,2009-04-06 22:42:52-07:00,128
@ddlovato I am so FUCKING jealous of you girl. Have fun though  xxx,1467917121,2009-04-06 22:48:07-07:00,67
"@ddlovato heydemi  whats up? haha, i just wanted to say i love you music and your a really talented person. love to hear from you <3",1467919261,2009-04-06 22:48:45-07:00,132
@ddlovato I saw u were on and I just wanted to say hi! U r an amazin person + an inspiration.Thank you so much! I hope I can meet u 1 day ,1467935815,2009-04-06 22:53:28-07:00,138
"@ddlovato , i lovee you  check out hermans hermits. old, but classic group  i got like 4 of their songs stuck in my head  reply? <3",1467935996,2009-04-06 22:53:30-07:00,131
@ddlovato PLEASE FOLLOW ME DEMI!!! ,1467936663,2009-04-06 22:53:42-07:00,35
@ddlovato Pollen and salt - daphne loves derby . = love. i love your little song tweets so i decided to send you on of my own ,1467936895,2009-04-06 22:53:46-07:00,126
@ddlovato Bill Beckett And lovato are homies who knew! ,1468037348,2009-04-06 23:23:02-07:00,55
"@ddlovato and that kinda defeats the point of writing them. and if you like em you can follow me, i try to post at least one a day. ",1468053452,2009-04-06 23:28:06-07:00,132
"@ddlovato   new video. amazing. simply stunning, not to mention one of my favorites. ",1468178919,2009-04-07 00:08:39-07:00,85
@ddlovato  let me know when and we'll make it happen.,1468210203,2009-04-07 00:18:59-07:00,53
@ddlovato I just saw your interview with katie & karleigh!!  you're so awesome demi! I hope you'll come to germany one day ,1468236766,2009-04-07 00:28:06-07:00,123
@ddlovato hi demi  im masyaa nice to know you!,1468586737,2009-04-07 02:34:23-07:00,46
@ddlovato http://twitpic.com/2cbpl - So cute  What's his/her name?,1468698976,2009-04-07 03:14:09-07:00,66
@ddlovato Love ur pic. Nice glasses ,1469089983,2009-04-07 05:09:40-07:00,36
@ddlovato good morning ,1469448584,2009-04-07 06:24:53-07:00,23
"@ddlovato i've been at school since yesterday ! GOOD MORNING DEMI LOVATO , im a fan from canada ! ",1469449840,2009-04-07 06:25:05-07:00,98
"@ddlovato hope your days better than mine, it's 2:30pm and I'm bored and falling asleep. I'll put your music on, that'll cheer/wake me up ",1469505187,2009-04-07 06:35:08-07:00,138
"uber boreddd, i need some coke @ddlovato + i never knew that, learn something new everyday. ",1469505841,2009-04-07 06:35:14-07:00,92
"@ddlovato haha(: well, now i learned something too! demiiii, it's my birthday...and a reply from you would make it the best ever! replyy? ",1469505986,2009-04-07 06:35:16-07:00,138
@ddlovato it's 9:42 Post Meridiem in here now! ,1469558256,2009-04-07 06:44:37-07:00,47
@ddlovato hey Demi! I hope you have a great day! ,1469559073,2009-04-07 06:44:46-07:00,49
"@ddlovato hey demi! r u there?  if u r, please reply ",1469616064,2009-04-07 06:54:54-07:00,53
@ddlovato here are 15:55   GOOD MORNING!,1469642714,2009-04-07 06:59:37-07:00,40
@ddlovato sombody told me that you'll come to germany  when will you come? please answer or reply  ? <3,1469672811,2009-04-07 07:04:53-07:00,103
@ddlovato LOL It's good! How are u? I'm Dani ,1469672934,2009-04-07 07:04:54-07:00,45
"@ddlovato explain to me, this conspiracy against meeee.. yeah a little paramore quote there  x",1469673349,2009-04-07 07:04:59-07:00,94
@ddlovato how fun! ah it'll get better ,1469674329,2009-04-07 07:05:08-07:00,39
@ddlovato Hey Demi! Pleasee replyy im such a big fan and I love everything you do! It would mean so much! Youre such an inspiration! Sana ,1469703823,2009-04-07 07:10:21-07:00,138
@ddlovato have you ever thought of going on an Asia tour for you concert? like uh maybe Philippines ,1469731586,2009-04-07 07:15:15-07:00,100
@ddlovato whoaa. i never knew what a.m. and p.m. stants for either. thanks for letting us know! ,1469760761,2009-04-07 07:20:27-07:00,96
@ddlovato what conspiracy theory? :S   ,1470098726,2009-04-07 08:20:38-07:00,39
@ddlovato http://twitpic.com/3ez15 - ahhh demi i love you you're goreousssss. (: please follow me. you would make my life ,1548642666,2009-04-17 21:32:12-07:00,122
@ddlovato Can you come to New Zealand !! ,1548700541,2009-04-17 21:42:19-07:00,41
"now I'm bored, I have no-one else to talk to. might go bother Demi xD @ddlovato 15th june! hopefully i'll meet my idol!  I LOVE YOU! <3",1550761210,2009-04-18 07:11:24-07:00,135
"@ddlovato london apple shop gig i hope and pray i win tickets  your amazing, my inspiration! come to the UK more often we love you here ",1550936763,2009-04-18 07:41:04-07:00,136
@ddlovato i would if i lived in america and not in germany  come to germany and ill be there haha you rock!,1551365018,2009-04-18 08:51:55-07:00,107
@ddlovato took my car for my first spin parental free  and my ipod es on shuffle and La La Land came on. It was amazing. you rock ,1551618074,2009-04-18 09:31:52-07:00,130
@ddlovato It would mean the world to me if you said a simple hello ,1551618360,2009-04-18 09:31:54-07:00,67
@Jonasbrothers @ddlovato Just waiting for may 24th.. ,1551777185,2009-04-18 09:56:53-07:00,53
@ddlovato good luck with the show! ,1551777977,2009-04-18 09:57:01-07:00,35
@ddlovato I Love You Soooo Much Demi  You Are The Best!,1551778944,2009-04-18 09:57:09-07:00,55
@ddlovato oh demi. that sure was a knee slapper. ,1553080955,2009-04-18 13:19:23-07:00,49
"@ddlovato haha yeah, i get it ",1553081133,2009-04-18 13:19:27-07:00,30
@ddlovato you should stop by in the little country in the north SWEDEN i'll meet you at airport  have fun anyways<3,1553081653,2009-04-18 13:19:32-07:00,115
"@ddlovato heyy demi  i made my background from scratch, please take a look & i hope you like it ily xxxxxxxx",1553082285,2009-04-18 13:19:38-07:00,108
"@ddlovato clever, you like your sayings don't you? haha ",1553082427,2009-04-18 13:19:40-07:00,56
"@ddlovato demi,i just wanted to tell you that i know you're coming to greensboro on the 29th to see me.  because, last year on the 29th",1553082468,2009-04-18 13:19:38-07:00,135
@ddlovato Will u come in france too? PLEASE COMEEEE ! So many fans here ,1553082614,2009-04-18 13:19:41-07:00,72
@ddlovato hiyaaa demiiii  how are you dude? xxx,1553083111,2009-04-18 13:19:46-07:00,47
@ddlovato So how've you been lately ?.. Good I hope ,1553113002,2009-04-18 13:24:25-07:00,52
@ddlovato I'm stuck at work and was reassured by your post. I work at the library ,1553113277,2009-04-18 13:24:29-07:00,82
@ddlovato hi demi ! how are you ?? ,1553113864,2009-04-18 13:24:34-07:00,35
@ddlovato come to canada please i l u message back  i'd be sooooo happy !!!! ,1553145269,2009-04-18 13:29:32-07:00,77
"@ddlovato hahhaha, if i were you i would be scared too. ",1553177475,2009-04-18 13:34:31-07:00,56
"@ddlovato take care,, sometimes jet lag is annoying  but have a nice trip Demi! ",1553177905,2009-04-18 13:34:35-07:00,80
@Ddlovato Hi! I just thought I'd say I think you are freaking awesome and I looove you! ,1553177984,2009-04-18 13:34:35-07:00,88
@ddlovato lol youre so funny demi i wish i was friends with you  ! Cant wait til your Orlando Show!,1553178574,2009-04-18 13:34:41-07:00,99
"@ddlovato BTW, if you happen to get a little too bored you can always just talk to me hehe  Yeah? Yeah ?",1553179189,2009-04-18 13:34:47-07:00,104
@ddlovato Hey Demi xD Iï¿½m from Germany and a big fan of you ^^ at which airport are you ?Oh my gosh canï¿½t believe that youï¿½re in Germany ,1553208601,2009-04-18 13:39:25-07:00,143
@ddlovato you should totally wish @takemeback a happy bday. She adores you! ,1553209319,2009-04-18 13:39:33-07:00,76
"@ddlovato England loves you Demi, can't wait till you are over here, you are AMAZING, June 15th with JB, going to be awesome ",1553209606,2009-04-18 13:39:35-07:00,125
@ddlovato where in germany are you?? cause I live in frankfurt the city with the big airport ,1553241116,2009-04-18 13:44:34-07:00,93
@ddlovato Is like the coolest person in this world and i dont even know her ,1553242644,2009-04-18 13:44:49-07:00,76
@ddlovato happy flight!!! ,1553271084,2009-04-18 13:49:23-07:00,26
@ddlovato im so excited for your summer tour. can't wait to see you July 1 ,1553273020,2009-04-18 13:49:42-07:00,75
@ddlovato have a good flight ,1553273205,2009-04-18 13:49:45-07:00,29
@ddlovato  heyy demiii! how r u? i hope finee!  you sing so beautiful!   Regards from colombia!,1553274034,2009-04-18 13:49:54-07:00,95
@ddlovato Demi you're awesome. ,1553303353,2009-04-18 13:54:28-07:00,31
@ddlovato Have a safe trip & hope you have a great day today !  Much love & support always ?,1553304549,2009-04-18 13:54:42-07:00,92
@ddlovato  Aw. have a safe trip sweety. ill miss you more  ox,1553304715,2009-04-18 13:54:42-07:00,61
@ddlovato Say hi to spain for me! ,1553305854,2009-04-18 13:54:53-07:00,34
@ddlovato hi demi how are you??  my name is jessica and i live in paris salut sa va,1553333777,2009-04-18 13:59:21-07:00,83
@ddlovato Your truly an insparation ,1553335971,2009-04-18 13:59:41-07:00,36
@ddlovato Have a safe trip & hope you have a great day today !  Much love & support ?,1553524301,2009-04-18 14:30:00-07:00,85
@ddlovato love u girl (L)... i'll see u in 1 month and 3 days  with the jonas.. i can't believe it  u're amazing ..,1553555660,2009-04-18 14:35:04-07:00,115
@ddlovato DEmi I'm so excited for the concert in Chile! You rock! I can't wait to see you!!! You are sooooo cute! ,1553646026,2009-04-18 14:49:48-07:00,114
@ddlovato whooo that took me like an hour but i get it!!! ,1553678541,2009-04-18 14:55:08-07:00,58
@ddlovato This is alana hope u have i good time reply & keep in touch!!! ,1556117113,2009-04-18 21:42:09-07:00,73
"@ddlovato Ernie Halter is AMAZING. ""Whisper"" is such a great tune.  You should listen to Rewind by Paolo Nutini.",1556447885,2009-04-18 22:52:37-07:00,112
"@ddlovato wow, thats awesome. i just got off a plane from noosa  are you headed for australia anytime soon? xo",1556626679,2009-04-18 23:37:17-07:00,110
@ddlovato I'M SO FREAKING EXCITED RIGHT NOW! THIS SUMMER'S GONNA BE AMAZING CUZ OF YOUU! it's almost midnight but i'm FULL OF ENERGY! ,1556626690,2009-04-18 23:37:17-07:00,134
@ddlovato o0o0o That is so cool! Is it really nice in Germany right now? I want to go now ,1556626794,2009-04-18 23:37:19-07:00,90
@ddlovato have fun in...Madrid i believe?  concert there right?  wish i was that lucky:p  good luck ,1556627532,2009-04-18 23:37:30-07:00,100
@ddlovato good luck w the trip  god bless u ;),1556627787,2009-04-18 23:37:34-07:00,46
"@ddlovato wheww, spain! good luck, wish I could see you perform ;( what's  next? Indonesia, I hope  ",1556628652,2009-04-18 23:37:47-07:00,100
@ddlovato can you folllow meee plzz ,1556629224,2009-04-18 23:37:56-07:00,36
"@ddlovato whoooooa, international demi tweets... ",1556629515,2009-04-18 23:38:00-07:00,49
"@ddlovato could i please get a shout out or anything, i'm a huge fan i can't wait for your new cd ",1556646388,2009-04-18 23:42:21-07:00,98
@ddlovato looks like you're enjoying  good luck in everything!,1556646397,2009-04-18 23:42:24-07:00,62
"@ddlovato could i please get a shout out or anything, i'm a huge fan, i can't wait for your new cd ",1556647035,2009-04-18 23:42:31-07:00,99
@ddlovato good luck demi. Hope you have lots of fun. God Bless. ,1556647408,2009-04-18 23:42:36-07:00,64
"@ddlovato could i please get a shout out or anything, i'm a huge fan i can't wait for your new cd ",1556647770,2009-04-18 23:42:42-07:00,98
"@ddlovato could i please get a shout out or anything, i'm a huge fan, i can't wait for your new cd ",1556648202,2009-04-18 23:42:50-07:00,99
"@ddlovato could i please get a shout out or anything, i'm a huge fan i can't wait for your new cd ",1556648811,2009-04-18 23:42:59-07:00,98
@ddlovato are you in Germany with miley? and congrats! that's awesome! ps..ur music is so relatable. I love it! <3 ,1556649651,2009-04-18 23:43:11-07:00,115
"@ddlovato OH, and have fun in Spain! it'd be amazing to go there! ",1556668504,2009-04-18 23:47:58-07:00,66
@ddlovato i read that u come to mexico mont. w/ jb on may 17 thats true?? i hope u cant ansewer me  pliss!!,1556706154,2009-04-18 23:58:05-07:00,107
@ddlovato IM SO EXCITED YOU'RE COMING WITH THE JONAS BROTHERS TO PERU! YOU'RE AMAZING! Please reply. i'll be so happy ,1556742178,2009-04-19 00:07:49-07:00,118
@ddlovato where in germany are you? ,1556743728,2009-04-19 00:08:16-07:00,36
@ddlovato Have a safe trip and a fun one as well!! ,1556759099,2009-04-19 00:12:35-07:00,51
"@ddlovato i can't wait to see you on August 14th in Moline, IL. That's my bday ",1556906884,2009-04-19 00:57:03-07:00,79
@ddlovato  thank you for being such an awesome role model for young girls! In these times we need more girls like you and @selenegomez ,1556942206,2009-04-19 01:08:10-07:00,135
"@ddlovato I'm your biggest fan ever. SWITZERLAND is next to Germany, please come to Switzerland! here you have great cheese ",1556955715,2009-04-19 01:12:38-07:00,124
@ddlovato sounds like your having heaps of fun..enjoy yourself..how i wish i could one day see you in concert here in western australia ,1556956044,2009-04-19 01:12:47-07:00,136
@ddlovato :o! you're not far from my house! hop in! holland's great! ,1556957679,2009-04-19 01:13:19-07:00,69
@ddlovato hope you have fun in MADRID! ,1556986227,2009-04-19 01:22:57-07:00,39
"@ddlovato and then norway, right? ",1557031137,2009-04-19 01:37:41-07:00,34
@ddlovato Oh wow !! Germany. I wish that i could go to Germany. I learn to speak German at school. Hopefully therre is a trip coming up.  ,1557060049,2009-04-19 01:47:26-07:00,138
@ddlovato  Spain is so beautiful...and always funny ,1557135169,2009-04-19 02:12:44-07:00,52
@ddlovato when and where are u going here in madrid? please tell me demi cause i want to see you ,1557283676,2009-04-19 03:08:23-07:00,97
@ddlovato what!?you were in germany?how great is that  have a great time in spain!and I hope to see a show from you in germany very soon x,1557323049,2009-04-19 03:23:44-07:00,138
@ddlovato Are you going to Spain? Spain in Denmark? ,1557335874,2009-04-19 03:28:44-07:00,52
"@ddlovato awh   have a good sleep + enjoyy it there, i'm jealous aha !  <3  whats the view like? (:",1557456360,2009-04-19 04:13:38-07:00,99
@ddlovato Demiii *.* she twitterd and i saw it *.* WOOOOP im happy! Demi? you are awesome ,1557457223,2009-04-19 04:13:58-07:00,90
@ddlovato Hey how are you today??ur so great.hope you come to germany soon  lavo ya ?,1557457570,2009-04-19 04:14:06-07:00,85
@ddlovato woooowww!!! i canï¿½t believe youï¿½re in spain!!!! a!!!!! i love you demi!!!!! ,1557468841,2009-04-19 04:18:10-07:00,90
@ddlovato Have fun Demi! My sister\s been to Barcelona and she said the food in Spain is good. Haha. ,1557471055,2009-04-19 04:19:01-07:00,101
@ddlovato wow that must be exciting..i was watching u on ellen & i just want to say ur such a beautiful girl...dont forget it ,1557471680,2009-04-19 04:19:14-07:00,126
@ddlovato I watched all nine episodes today and I enjoyed it. Hope it comes soon in the Philippines. Take Care ,1557482875,2009-04-19 04:23:14-07:00,111
@ddlovato you need sleep... Good night  You just made my year!!! I seriously love you! You are such a great girl!! THANK YOU VERY MUCH!,1557482925,2009-04-19 04:23:15-07:00,135
"@ddlovato Oh! Are you in Madrid? I hope you like Spain  Wow! We're in the same country haha! Sweet Dreams [Tell me something, please]",1557485532,2009-04-19 04:24:14-07:00,133
@ddlovato hope you have a good nights sleep demi ,1557497444,2009-04-19 04:28:32-07:00,49
@ddlovato oh well sweet dreams  what are you doin in madrid?  pleae please please come to norway! i am such a huge fan! n i love u <3,1557497524,2009-04-19 04:28:35-07:00,133
"@ddlovato  come to manchester while your in england  id love to meet you did you have fun in germany? its beautiful, i love it. (L) xx",1557499450,2009-04-19 04:29:18-07:00,134
"@ddlovato Are you really in Madrid? Wow, hopefully, I'll meet you haha. I'm not trying to be a stalker but...what are you doing here? ",1557513240,2009-04-19 04:34:02-07:00,134
@ddlovato Europe is beautiful. isn't it? ,1557556328,2009-04-19 04:49:05-07:00,41
@ddlovato dont sleep!  You shouldnt miss ANYTHING of europe! Europe>US ,1557585963,2009-04-19 04:59:09-07:00,71
@ddlovato Awww Demi. Just want to say i think you are AMAZING! ,1557615773,2009-04-19 05:08:21-07:00,63
"@ddlovato DEMI WHY ARE YOU IN MADRID ?? I DONT UNDERSTAND PLEASE COME IN FRANCE, love you ",1557632705,2009-04-19 05:13:49-07:00,90
@ddlovato have fun in Spain! Feel free to stop by Norway while in Europe! ,1557663444,2009-04-19 05:23:34-07:00,74
@ddlovato You're close to me. I'm in Portugal ,1557663516,2009-04-19 05:23:36-07:00,46
listening to @ddlovato music.. ,1557666177,2009-04-19 05:24:27-07:00,31
@ddlovato have fun in europe  i love you,1557715105,2009-04-19 05:39:17-07:00,40
@ddlovato Have fun sleeping xP and tell me how pretty it is in Spain ,1557730132,2009-04-19 05:43:47-07:00,69
@ddlovato IN WITCH CITY YOU WERE IN GERMANY?????? ,1557731258,2009-04-19 05:44:07-07:00,50
@ddlovato wow! you're in madrid...it's amazing  where are you now?,1557732248,2009-04-19 05:44:26-07:00,66
@ddlovato Heyya im new on twitter i now you might not be the real demi lovato but i dnt mind. i just wanted to say Hi and howwa ya? x ,1557746391,2009-04-19 05:48:35-07:00,134
"@ddlovato heyy!   im sofia martensson, and i have written a song !  its probably not soo  good needs some touches but if u wanna sing it",1557962005,2009-04-19 06:44:45-07:00,136
@ddlovato hi demi!how are you?do you like spain when you arrived??answer me plz kisses ,1558532232,2009-04-19 08:39:47-07:00,87
http://twitpic.com/3llj0 - @ddlovato I want see you! ,1558675630,2009-04-19 09:04:52-07:00,53
"@ddlovato im listening to la la land at the minute, i love it  your an amazing singer! lovee xx",1558678169,2009-04-19 09:05:16-07:00,95
"@ddlovato I love you, I love all your songs. I'm from spain! ",1558707231,2009-04-19 09:10:19-07:00,61
get back and dont forget by @ddlovato. woohoo ,1558735305,2009-04-19 09:15:10-07:00,46
@ddlovato Your Awesome  & Can't wait to start watching Sonny with a chance ,1558856191,2009-04-19 09:35:29-07:00,75
@ddlovato Demii your the bestt! come to panamaa!  xoxoo.,1559037180,2009-04-19 10:05:12-07:00,56
"@ddlovato Hi Demi, i love you so much  check out that game http://tinyurl.com/cmre5d   itï¿½s funny",1559357135,2009-04-19 10:55:46-07:00,99
ahhhh! @ddlovato - LALA LAND VIDEO ON DISNEY CHANNEL!  Seen it a million times but never on TV! ,1559453521,2009-04-19 11:10:52-07:00,96
@ddlovato im listening to la la land right now and i eat McDonalds too! but im not famous haha your so amazing and have fun in EUROPE ,1559546676,2009-04-19 11:25:33-07:00,134
"@ddlovato i'm downloading your cd,wow,you have such a beatiful voice,and i loved your songs ",1559611673,2009-04-19 11:35:43-07:00,92
@ddlovato What such by Spain?DO YOU LIKE SPAIN?? I AM FROM SPAIN ,1559612026,2009-04-19 11:35:46-07:00,65
@ddlovato its even mote beautifull in bilbao rather that in madrid ,1559613311,2009-04-19 11:35:59-07:00,67
@ddlovato What you think about it? We need know if you could go to the party  It'll be PRETTY AMAZING!,1559613459,2009-04-19 11:36:01-07:00,102
@ddlovato I LOVEEE YOUUU (: i will die & come back to life if you reply to me ,1559613573,2009-04-19 11:36:00-07:00,78
@ddlovato in canada? i saw all of selenas updates. umm well i was wondering which one was the real selena. thanks! ,1559642171,2009-04-19 11:40:30-07:00,115
"@ddlovato im sooooo jealous i wanna be anywhere but here right now haha, ",1559644300,2009-04-19 11:40:51-07:00,73
@ddlovato you should come to sweden! you have alot of fans here ,1559645084,2009-04-19 11:40:59-07:00,64
"@ddlovato Hey Demi!! ur awesome! Im a big fan! Just wondering, when will Camp Rock 2 be coming out?? ~Eleanor ",1559709415,2009-04-19 11:50:58-07:00,110
"@ddlovato wow, Madrid! Really close to Austria  Ever been to Austria?",1559741771,2009-04-19 11:56:01-07:00,69
@ddlovato http://twitpic.com/3lwfk - Have fun in spain!!! We love u! Next time come to Barcelona u would love it! I see u june 13 ,1559841578,2009-04-19 12:11:07-07:00,130
@ddlovato http://twitpic.com/2cap4 - awww cute again lol its got blue eyes ahah must be the flash ,1563514398,2009-04-19 23:07:45-07:00,98
@ddlovato Aw thats so cute   i love you guys!,1563641295,2009-04-19 23:38:10-07:00,45
@ddlovato you need to add PITTSBURGH to your Tour List!!!! ,1563659556,2009-04-19 23:42:40-07:00,59
"@ddlovato hope you're having fun in europe  come to manchester, UK! better than london ;) xox",1563680137,2009-04-19 23:47:56-07:00,93
"@ddlovato good morning italy  ahah have a great day, demi!",1563681408,2009-04-19 23:48:14-07:00,58
"@ddlovato this is silly but i had a dance tryout on friday and i find out today if i made it, could you wish me luck & pray for me please ",1563716073,2009-04-19 23:57:23-07:00,138
@ddlovato this is silly but i had a dance tryout on friday and i find out today if i made it could you wish me luck & pray for me please ,1563717722,2009-04-19 23:57:49-07:00,137
"@ddlovato this is silly but i had a dance tryout on friday and i find out today if i made it, could you wish me luck & pray for me please ",1563718710,2009-04-19 23:58:05-07:00,138
@ddlovato this is silly but i had a dance tryout on friday and i find out today if i made it could you wish me luck & pray for me please ,1563719671,2009-04-19 23:58:19-07:00,137
"@ddlovato this is silly but i had a dance tryout on friday and i find out today if i made it, could you wish me luck & pray for me please ",1563737767,2009-04-20 00:02:47-07:00,138
@ddlovato this is silly but i had a dance tryout on friday and i find out today if i made it could you wish me luck & pray for me please ,1563738252,2009-04-20 00:02:55-07:00,137
"@ddlovato this is silly but i had a dance tryout on friday and i find out today if i made it, could you wish me luck & pray for me please ",1563738961,2009-04-20 00:03:06-07:00,138
@ddlovato this is silly but i had a dance tryout on friday and i find out today if i made it could you wish me luck & pray for me please ,1563739509,2009-04-20 00:03:15-07:00,137
@ddlovato Good morning Demi ! It's crazy that you're un Europe ! hï¿½hï¿½ !  Have a nice day in Madrid ! ,1563757255,2009-04-20 00:07:56-07:00,105
"@ddlovato Hey Demi, have fun in Madrid! Hope you come to Australia soon.  xx",1563812149,2009-04-20 00:22:45-07:00,76
@ddlovato Its almost 4am and I am blasting ur CD.haha! Idc though...no one complained yet. ;P but have a blast in Madrid.love you girl!!! ,1563867688,2009-04-20 00:38:09-07:00,138
@ddlovato I've always wondered that too! Haha. Love you demi. Reply to @ttaasshhaa she's your biggest fan  haha.,1564605391,2009-04-20 04:14:14-07:00,112
"@ddlovato DEMI  !!last night i was dreamin about you .. yay ! i was dreamin u stayed in my house .. haha, it's weird,but i'm so happy  !",1564622911,2009-04-20 04:18:31-07:00,136
@ddlovato yeah!and i reaLLy don't know to0.LoL..i Love u demi ,1564623074,2009-04-20 04:18:34-07:00,62
@ddlovato I have always wanted to open one to see if the alarm does sound haha ,1564625464,2009-04-20 04:19:09-07:00,79
@ddlovato I love u so much Demi  good luck in evrything.. i will always supporting you .. GBU always ,1564646037,2009-04-20 04:23:57-07:00,101
@ddlovato demi pleaasseeee come to MANCHESTER UK ,1564646040,2009-04-20 04:23:56-07:00,49
"@ddlovato Hey!!! Just want to say, that your voice is awesome. Love it!!!!!!! Have a nice day, wherever you are  Lovely greetings",1564646554,2009-04-20 04:24:03-07:00,129
"@ddlovato because they wanna scaaare you, but you're so brave and cool that they decide not to go off. ",1564647899,2009-04-20 04:24:22-07:00,103
@ddlovato its only bad when theres no sign but an alarm goes off...it happens ,1564667071,2009-04-20 04:28:48-07:00,78
"@ddlovato lol, I've always wandered the same thing! btw, thank you for answering my question in the live chat ",1564669329,2009-04-20 04:29:20-07:00,110
@ddlovato haha exactly! when do you arrive in england i have entered the in4merz ompetition to see you perform at the apple store  emilyxo,1564689844,2009-04-20 04:33:52-07:00,138
"@ddlovato Hi Demiii! Are you having fun?  Love you so much! <3 By a girl that can't wait to see you here in Italy, if you'll come..! <3<3",1564712882,2009-04-20 04:39:12-07:00,137
@ddlovato good luck with the uk release of yer album today. I got it.  love you.,1564756923,2009-04-20 04:49:01-07:00,80
@ddlovato Hi Demi! I'm your fan from Taiwan!! I really love your show and music!! Hope you can reply! (it would totally make my day) ,1565046016,2009-04-20 05:44:34-07:00,133
@ddlovato have fun here! U know we love u  next time come to barcelona =],1565071081,2009-04-20 05:48:54-07:00,73
@ddlovato They just say that because they dont want you to open that door  xox,1565074157,2009-04-20 05:49:27-07:00,78
"@ddlovato Heya, hear you're performing on wednesday in London  how do I get tickets? x PS.about to buy your album, it just came out ",1565878254,2009-04-20 07:45:03-07:00,132
i'm making it follow monday! @xsamanthanicole @megamileyfan @vprincessfan01 @vprincess @mandyyjirouxx @ddlovato @katiesantry @karleigh    ,1565879838,2009-04-20 07:45:14-07:00,138
@ddlovato why a sad face dont be sad theres no reason for a sad face be happy be glad. . . . run around or jump scream out thing be happy ,1572844231,2009-04-20 22:45:37-07:00,138
"@ddlovato don't sweat the petty stuff... you're beautiful, some people are just shallow.... you have every reason to smile ",1572866090,2009-04-20 22:50:19-07:00,123
@ddlovato demi PLEASE dont even listen to those haters. i think you have a great figure & you dont have to change it a bit. stay the same ,1572866561,2009-04-20 22:50:25-07:00,138
@ddlovato of yours and go show the world the real and amazing you. Btw I can't wait till you come to Portland Oregon!! ,1572867800,2009-04-20 22:50:41-07:00,119
"@ddlovato its silly, so cheer up your a perfect size, you dont need to change to how other people think you should be  random comment :L",1572868626,2009-04-20 22:50:52-07:00,136
@ddlovato turn that frown upside down ,1572888537,2009-04-20 22:55:12-07:00,38
http://twitpic.com/3pag7 - @ddlovato i love you! you'll always be my role model what ever happens im always behind you  xox (THIS MADE ...,1572912745,2009-04-20 23:00:17-07:00,138
@ddlovato Demi!  Come to The Rescue! with Invisible Children. 4/25/09. therescue.invisiblechildren.com,1572938579,2009-04-20 23:05:49-07:00,102
@ddlovato hahaha that's so awesome n scary at the same time! ,1573003086,2009-04-20 23:20:25-07:00,61
"@ddlovato it's a Catch 22...as long as you're happy and content with things, who cares. ",1573004351,2009-04-20 23:20:43-07:00,88
"@ddlovato: it's a lose-lose situation; it's best to ignore it & do what makes you happy. you're a role model, just take care of yourself ",1573004626,2009-04-20 23:20:49-07:00,137
@ddlovato oh no! i hope you are  soon.,1573004652,2009-04-20 23:20:47-07:00,38
@ddlovato don't care bout ppl who r saying u r too fat & then u r too skinny  I like u as u r & u r my role model  I love u pls write back,1573088418,2009-04-20 23:40:29-07:00,138
@ddlovato You and your body are perfect! Don't let anyone tell you something else! I'm serious! <3 whats moises' real twitter?  tnx!! <3,1573311004,2009-04-21 00:35:53-07:00,136
"@ddlovato JUST LOVE YOURSELF FOR WHO YOU ARE. PEOPLE TALK, DONT LISTEN  I LOVE YOU, YOUR FANS LOVE YOU THATS ALL THAT MATTERS!!!",1573329850,2009-04-21 00:40:54-07:00,128
"@ddlovato Seriously people can be so mean... They may be jealous of your talent ! You rock, girl. Nevermind what people say about you ",1573366547,2009-04-21 00:50:40-07:00,134
@ddlovato what's that? ,1573528438,2009-04-21 01:35:50-07:00,23
@ddlovato hey demi how are you?  <3,1573530322,2009-04-21 01:36:24-07:00,35
@ddlovato wheree goo?? .. jaja the autobahn is bored..:S but sometimes have a landscape beautiful ,1573544694,2009-04-21 01:40:40-07:00,98
@ddlovato How fast are you travelling? ,1573561932,2009-04-21 01:45:46-07:00,39
@ddlovato yeah! tsk! now I'm confused! ,1573564610,2009-04-21 01:46:29-07:00,39
"@ddlovato have fun in munich, germany!!  hope u'll be back here on tour one day ;)",1573785102,2009-04-21 02:50:50-07:00,82
@ddlovato oh cool are u in germany ??cause of autobahn haha  omg why don't you give a concert here??that was always my dream to see you,1573911820,2009-04-21 03:26:28-07:00,135
"@ddlovato Haha, I like how you corrected yourself with that one there, Demi ",1675792249,2009-05-01 20:20:26-07:00,76
@ddlovato I want to be more than a fan i want to be a friend do you think that's possible please reply back ,1675863007,2009-05-01 20:30:33-07:00,108
"@ddlovato nah, we'll all be fine.  Just make sure to wash your hands (elbows) often.  Also, wouldn't it be elbow ones-ing?  ><  ",1675932116,2009-05-01 20:40:33-07:00,128
@ddlovato I want to be more than a fan i want to be a friend do you think that's possible please reply back ,1675932713,2009-05-01 20:40:38-07:00,108
@ddlovato I want to be more than a fan i want to be a friend do you think that's possible please reply back ,1675999689,2009-05-01 20:50:31-07:00,108
@ddlovato http://twitpic.com/4d5nd - thats so awesome ,1676030376,2009-05-01 20:55:17-07:00,54
@ddlovato I want to be more than a fan i want to be a friend do you think that's possible please reply back ,1676066826,2009-05-01 21:00:48-07:00,108
@ddlovato We are watching Camp Rock. Just thought you should know ,1676160185,2009-05-01 21:15:25-07:00,66
@ddlovato I want to be more than a fan i want to be a friend do you think that's possible please reply back ,1676565010,2009-05-01 22:26:07-07:00,108
@ddlovato I want to be more than a fan i want to be a friend do you think that's possible please reply back ,1676639456,2009-05-01 22:40:32-07:00,108
@ddlovato I want to be more than a fan i want to be a friend do you think that's possible please reply back ,1676736187,2009-05-01 23:00:51-07:00,108
@ddlovato I want to be more than a fan i want to be a friend do you think that's possible please reply back ,1676954894,2009-05-01 23:51:26-07:00,108
@ddlovato i think your elbow fives might just change the wordl !! =O  hahaha,1677096642,2009-05-02 00:26:43-07:00,76
"@ddlovato i just wanna say that ""Don't forget"" is one of the best songs ever! it gets me through alot  thanks for that xoxo!",1677205628,2009-05-02 00:56:11-07:00,124
@ddlovato So am i x[ I'm terrified. oh!  I made you're first online magazine! not done yet though x] http://i40.tinypic.com/30urfbs.png,1677276397,2009-05-02 01:15:48-07:00,135
@ddlovato im so freaked about the swine flu too ! i love your idea of elbow fives haha ,1677701946,2009-05-02 03:31:11-07:00,87
@ddlovato awesome picture. wow your talents just dont end ,1677892232,2009-05-02 04:32:08-07:00,58
DEMI LOVATO SUMMER TOUR TICKETS!!!!  Cant wait to see you @ddlovato !!,1678090967,2009-05-02 05:27:26-07:00,70
"@ddlovato .ahh, Im scared about swine flu too. its like ""level 5"" or something. don't know what it means though. haha. England loves youu ",1678151346,2009-05-02 05:42:18-07:00,138
@ddlovato it's good to know  have a nice day .,1678463575,2009-05-02 06:47:24-07:00,46
@ddlovato Morning  Follow me plz. @Am4ndaxxx I love ur song's!,1678467212,2009-05-02 06:48:06-07:00,62
@ddlovato Have a great day ,1678489701,2009-05-02 06:52:26-07:00,27
@ddlovato are u going to make a movie?? ,1678490973,2009-05-02 06:52:40-07:00,40
@ddlovato hi demi.u r truly amazng.ur so ril & raw.u dnt bcum ds whole othr charctr infrnt of da cameras. i luv ur flaws.u giv hope 2 us. ,1678517962,2009-05-02 06:57:46-07:00,138
@ddlovato wow winona ryder!! Thats so cool! ii bet she was saying 'oh my gosh thats demi lovato' but too shy to say hi ,1678518329,2009-05-02 06:57:51-07:00,119
@ddlovato ...over if I tried to say hi. ,1678519837,2009-05-02 06:58:08-07:00,40
"@ddlovato I always dream that I meet you, but then wig out and akwardly stand there not saying anything. ",1678574567,2009-05-02 07:07:43-07:00,105
"@ddlovato demi, you should of had nerves to go up and say hi, you new people everyday it wouldnt be any different ",1678575262,2009-05-02 07:07:51-07:00,114
"@ddlovato  .. hahah  even stars get starstruck, right? ",1678576304,2009-05-02 07:08:02-07:00,55
"@ddlovato that sounds cool  but why didnï¿½t you say ""Hi"" ?? thats just one word ....LoL",1678577335,2009-05-02 07:08:12-07:00,88
"@ddlovato demiiiiiiii, I LOVE YOU ! you are amazing and gorgeous and i love your songs <3 ps. you are totalllllyy my role model ",1678577371,2009-05-02 07:08:13-07:00,128
"@ddlovato it's nice to hear that we all get embarressed around ""famous people""  better luck the next time!",1678605276,2009-05-02 07:13:05-07:00,106
@ddlovato Its my birthdayy!! ,1678605822,2009-05-02 07:13:10-07:00,29
"@ddlovato you're so lucky to meet her,Demi!,she's so beautiful ",1678606362,2009-05-02 07:13:16-07:00,63
@ddlovato Demi!! Please tell everyone to buy Girls Aloud Untouchable! Every tweet helps  ty x,1678660787,2009-05-02 07:22:38-07:00,93
"@ddlovato yuo, demi i can teach you  i speak spanish  and yeah is right!",1678661477,2009-05-02 07:22:45-07:00,72
@ddlovato haha yes well the bueno part ,1678662956,2009-05-02 07:23:00-07:00,39
@ddlovato Demi!! Please tell everyone to buy Girls Aloud Untouchable! Every tweet helps  ty xo,1678663020,2009-05-02 07:23:00-07:00,94
@ddlovato hahaha it's right demi ,1678663278,2009-05-02 07:23:03-07:00,33
"@ddlovato yes, it's right but i think you're trying to speak well and that's the most important thing ",1678663369,2009-05-02 07:23:04-07:00,102
@ddlovato jajajaja yes its right ! haha! have to love you for that! ,1678663370,2009-05-02 07:23:04-07:00,68
@ddlovato Demi!! Please tell everyone to buy Girls Aloud Untouchable! Every tweet helps  ty x,1678663992,2009-05-02 07:23:10-07:00,93
@ddlovato i have no idea - didnt take spanish  how many songs are you doing at wembley demi i love you  x<3x,1678664527,2009-05-02 07:23:15-07:00,108
@ddlovato Demi!! Please tell everyone to buy Girls Aloud Untouchable! Every tweet helps  ty xo,1678664839,2009-05-02 07:23:18-07:00,94
@ddlovato my state of mind has finally got the best of me ,1678691943,2009-05-02 07:27:54-07:00,58
"@ddlovato Haha, si, bueno es bueno ;) Hahah, yeah that /was/ right, Demi ",1678692258,2009-05-02 07:27:57-07:00,73
@ddlovato hey demi you are an amazing singer and thanks for being a great role model  ..im coming to ur show on june 25th..i cant wait =D,1678692541,2009-05-02 07:28:00-07:00,137
"@ddlovato I can teach spanish to you  hahahaha,",1678692984,2009-05-02 07:28:04-07:00,47
@ddlovato sup demi why dont u ever reply to me ,1678694039,2009-05-02 07:28:15-07:00,47
@ddlovato hi demi . you have good feeling today?? great ,1678755107,2009-05-02 07:38:03-07:00,56
@ddlovato haha that was funny ,1678784644,2009-05-02 07:42:51-07:00,30
"@ddlovato if youre at bamboozle then go to the zumies stage quick! 11:35, this condition is playing nd theyre amazing ",1678785443,2009-05-02 07:42:59-07:00,118
@ddlovato Is that spanish? ,1678786613,2009-05-02 07:43:10-07:00,27
@ddlovato  woooooww your spanish is very good!! ,1678786990,2009-05-02 07:43:13-07:00,48
@ddlovato i wish i knew wat that ment. demi lovato wat does that mean? ,1678787448,2009-05-02 07:43:18-07:00,71
"@ddlovato dude your amazingg! You've  helped me so much, thankss<333 ",1678815369,2009-05-02 07:47:46-07:00,69
"@ddlovato Hola, Como estas? You would say: Muy bien gracias, y tu? I'm taking spanish in school ",1678944850,2009-05-02 08:08:20-07:00,96
@ddlovato where is taco bell haha. currently happy i'm taking spanish 1 and i actually remember stuff ,1678976096,2009-05-02 08:13:11-07:00,102
"@ddlovato el Taco Bell is everywhere you go!! well, at least here in mexico, in all the shopping malls ",1678976930,2009-05-02 08:13:19-07:00,103
"@ddlovato  ohh myy goshh!! ,, are you the opening act for the jonas brothers at wembley in London on the 15th of june ?? xx ",1679041724,2009-05-02 08:23:25-07:00,124
@ddlovato lol yes that's right ,1679041924,2009-05-02 08:23:27-07:00,31
"@ddlovato Ohh Demii you speaks very well spanish  I think that your spanish es muy bueno  Youï¿½re amazing girl, I lovee u ?",1679072757,2009-05-02 08:28:07-07:00,124
@ddlovato is amazing in every way she connects w/ fans.She's a true person & that's why i totally look up to her.She's my hero!I ? Demi ,1679108312,2009-05-02 08:33:16-07:00,136
"21 days for my birthday, 92 days for @ddlovato concert, and 100 days for JB concert ",1679143263,2009-05-02 08:38:23-07:00,84
@ddlovato no sï¿½  but you got it right LOL,1679279412,2009-05-02 08:58:30-07:00,43
"@ddlovato you wrote in spanish really good   so... when you come to Argentina I want to hear you, haha. I love you so so so so so much! ?",1679314286,2009-05-02 09:03:22-07:00,137
@ddlovato ur spanish is pretty good. u should be ready for latinamerica ,1679316109,2009-05-02 09:03:38-07:00,72
@ddlovato that is such a great idea thanks im going to start doing that now!!!!! ,1679385776,2009-05-02 09:13:44-07:00,81
"@ddlovato http://twitpic.com/4d5nd - hahaha, lmfao. that was so funny xP u just cheered me up demi. thank u ",1679452638,2009-05-02 09:23:25-07:00,108
"@ddlovato wow Spanish hahaha if u come , we can teach u some , please come to Mexico  u do it great in LO QUE SOY !!!",1679768530,2009-05-02 10:08:04-07:00,117
http://twitpic.com/4f9vh - @ddlovato elbow-five to you Demii ,1680813482,2009-05-02 12:33:22-07:00,61
"@ddlovato y don't u call ur ""elbow high-fives"", ""elblows"" like instead of a low elbow cuz elbows rnt high ",1685172661,2009-05-02 23:19:28-07:00,106
"@ddlovato Hi Demi, I love ur singing and u were awesome in ""Camp Rock"". Not to mention, ur absoutley gorgeous! Keep up the good work!  xo",1685303033,2009-05-02 23:49:42-07:00,137
@ddlovato I want your reply !!!!!!!!!!!  Cuz I missed you SOOOOO much that you wont believe it........,1685536637,2009-05-03 00:50:25-07:00,102
"@ddlovato  Hey Demi, I love you so much like you are trying speak spanish, because I'm trying learn english and is so hard for me  ",1685693063,2009-05-03 01:35:42-07:00,131
@ddlovato hiiiii demi!! my name is estefi  are you read twilight?ï¿½? byeee,1686058105,2009-05-03 03:32:07-07:00,75
@selenagomez @ddlovato hey guys h0pe u accept my frnd invite on y0utube..  ,1686104852,2009-05-03 03:46:59-07:00,75
"i love @ddlovato and @selenagomez, can't wait for PPPP haha  both are such great actresses and singers and @jonasbrothers are amaze too xo",1686267832,2009-05-03 04:38:01-07:00,138
@ddlovato sonny with a chance is so good ! ,1686527877,2009-05-03 05:48:30-07:00,43
"@ddlovato http://twitpic.com/4foca - haha awesome! And Loove the ray bans.. ive been wanting some yellow ones, to brighten up any outfit ",1686596124,2009-05-03 06:04:16-07:00,137
@ddlovato Who Doesnt! haha.! ;) LOVE YOU DEMI! ure sooo amazing! <3 AND really inspiring  <33333333333,1686709066,2009-05-03 06:29:33-07:00,102
i love my @taylorswift @ddlovato @mileycyrus @JonasBrothers playlist also with @ladygaga  & @britneyspears  ,1686851981,2009-05-03 06:59:39-07:00,108
@ddlovato - Sonny with a chance is hillarious....x  every1 in london is loving it... well i hope every1 is... ,1686956065,2009-05-03 07:19:47-07:00,110
"@ddlovato ooh awesome gal  I'm watching SWAC right now, It's so awesome haha..Love you Demi",1686958633,2009-05-03 07:20:14-07:00,91
@ddlovato I want to be more than a fan i want to be a friend do you think that's possible please reply back ,1686983205,2009-05-03 07:24:49-07:00,108
@ddlovato I want to be more than a fan i want to be a friend do you think that's possible please reply back ,1686985420,2009-05-03 07:25:12-07:00,108
"@ddlovato just dropping by to say you're such an inspiration.i'm at a loss for words for you,demi. you're a wonderful artist ",1686985915,2009-05-03 07:25:18-07:00,125
@ddlovato omg can't wait to see you ! ,1686986037,2009-05-03 07:25:20-07:00,38
"@ddlovato come to Manila! Watched the 3d concert here last Feb. &when i saw u i almost cried, it was so real. i'd LOVE to see the u live! ",1687042469,2009-05-03 07:35:33-07:00,138
@ddlovato I want to be more than a fan i want to be a friend do you think that's possible please reply back ,1687042742,2009-05-03 07:35:36-07:00,108
@ddlovato DONT FORGET TO TWITTER IF YOU TALK TO BO BURNHAM  please!,1687247148,2009-05-03 08:10:44-07:00,67
@ddlovato please make them let us in ,1687279703,2009-05-03 08:16:04-07:00,37
@ddlovato @selenagomez h0pe u b0th having a great time  ,1690795095,2009-05-03 16:23:46-07:00,56
@ddlovato how was bamboozle? I absolutely love your sister! She's the best in DH. I'm sure she will follow in ur footsteps and be like u ,1691939642,2009-05-03 18:56:13-07:00,137
@ddlovato rain+heels+twittering=good time 4 paparazzi! Be careful!!  My girls (Kaylyn 7& Megan 6) LOOVE U & your music! SO RANDOM ROCKS!,1692490873,2009-05-03 20:06:32-07:00,136
"@ddlovato My little sister looks up to you.. so.. stay good! Haha. But um ya, ur a pretty awesome rockstar 4 some1 ur age  Love ur style!",1693180700,2009-05-03 21:47:17-07:00,137
@ddlovato hello!  also hello from my friend who is also a really big fan!,1693324629,2009-05-03 22:12:14-07:00,73
"heyy @ddlovato, hope you're having a nice day  it's rainy here and miserable, how'd your concert go? Are you touring with JB?!?!  xo",1693583569,2009-05-03 23:02:03-07:00,132
@ddlovato Your second episode of Sonny WAC was on in New Zealand tonight. You were (and still are) AMAZING! ily  xx,1694147450,2009-05-04 01:18:04-07:00,115
@ddlovato...... is an awesome band ,1694147639,2009-05-04 01:18:06-07:00,35
@ddlovato how was bamboozle? i wish i could've gone. && have you worked with laurie ann gibson? she told me you guys worked together ,1694608621,2009-05-04 03:23:26-07:00,133
@ddlovato  i just saw your performance on the ellen show. we're so behind in australia  you were AMAZING and have such a wonderful voice!,1694836374,2009-05-04 04:18:32-07:00,137
@ddlovato i wish i was there! but i live in holland ): but i'm going to see you in paris ,1695056917,2009-05-04 05:03:53-07:00,89
"@ddlovato I'm sure it was amazing  Wish I could have been there :] You're an incredible, phenomenal, amazingly talented singer ",1695080776,2009-05-04 05:08:26-07:00,127
@ddlovato Pleaseee Give Me A Shoutout  Love Georgia (UK),1695082802,2009-05-04 05:08:48-07:00,56
"@ddlovato You're one very talented singer, dancer and actress. Love your songs. I look forward to your next album. Cheers from the East! ",1695106383,2009-05-04 05:13:14-07:00,137
"@ddlovato I wish I could've been there. Demi, you need to throw in a Toronto, Canada show this summer! Please ",1695137296,2009-05-04 05:18:48-07:00,110
@ddlovato check out my twitpic telling people to buy your album!  http://www.twitpic.com/4jhn7,1695409814,2009-05-04 06:03:52-07:00,94
"@ddlovato who said demi can't wear her Converse with her dress oh baby, that's just demi. ",1696177395,2009-05-04 07:46:04-07:00,90
"@ddlovato http://twitpic.com/4vuuy - thats the most colorful thing ive seen all day,wow. ",1750929501,2009-05-09 18:15:34-07:00,89
@ddlovato WELCOMEEE BACKKKKK ,1750965456,2009-05-09 18:20:47-07:00,29
"@ddlovato Glad u r back Demi! You're such a talented, authentic and amazing girl. Keep doing what you love, you're making it brilliant ",1751248693,2009-05-09 19:00:36-07:00,135
@ddlovato hi ya demi! im glad ur back   http://twitpic.com/4vuuy i personally love the picture! haha,1751431792,2009-05-09 19:26:08-07:00,100
"I need to change my ways, instead of just being weak. I love @ddlovato she's a great role model ",1751646064,2009-05-09 19:56:23-07:00,96
@ddlovato aw! she's super cute!!! ,1751854466,2009-05-09 20:26:25-07:00,34
@jerwjr Thank you!  I'm working on @ddlovato's,1752018053,2009-05-09 20:50:57-07:00,46
@ddlovato Woo! Twitter kind of sucked without you. ,1752590467,2009-05-09 22:21:27-07:00,51
@ddlovato My mum loved the Camp Rock mothers day card I gave her. I knew she would. Happy Mothers Day from New Zealand! Haha ILY lots  xx,1752871771,2009-05-09 23:16:42-07:00,137
well.. i just saw the dead zone for the first time. its a good TV show. @ddlovato is back ,1753179112,2009-05-10 00:27:26-07:00,90
@ddlovato demi if you can i think itd be amazing if you covered thats what you get by paramore haha im sure you know it ,1753197101,2009-05-10 00:31:52-07:00,120
"@ddlovato http://twitpic.com/4vtlm - awww, she is really cute ",1753331223,2009-05-10 01:07:18-07:00,62
"@ddlovato Good to hear you're bck!! don't let stupid rumours put u down! as long as ur fans r behind you, you got nothing to worry bout  x",1753482398,2009-05-10 01:51:43-07:00,138
@ddlovato I missed u. Stop defending urself. Your true fans are with u  U're the best. And for me u didn't change. -Ur biggest french fan!,1753616078,2009-05-10 02:32:16-07:00,138
"@ddlovato : yaaay,  you're back .FINALLY!!! i love reading your tweets ;D. and you ;P ",1753633611,2009-05-10 02:37:45-07:00,86
@ddlovato http://twitpic.com/4vuuy - That's so cool. ,1753757945,2009-05-10 03:17:18-07:00,53
@ddlovato http://twitpic.com/4vuuy - whoooaaa i relli like it demi! its amazing!! ,1754006664,2009-05-10 04:32:50-07:00,82
@ddlovato http://twitpic.com/4foca - love the glassees ,1754042325,2009-05-10 04:42:46-07:00,55
@ddlovato tell diana i wish her a happy mother's day ,1754763347,2009-05-10 07:18:44-07:00,53
@ddlovato http://twitpic.com/4vuuy - haha lol thats brilliant maddness  how do you put picz on?,1754849282,2009-05-10 07:33:47-07:00,95
"@ddlovato http://bit.ly/QMAuH hey demi, can you please look at this?  #ceceliafindorff",1755841621,2009-05-10 10:09:31-07:00,86
"@ddlovato you grew.yeahh.haha  hi demi i'm your new fan i'm a metalhead but i love you,you're incredible and i like your songs.kisses bye.",1759052365,2009-05-10 18:21:11-07:00,138
@ddlovato My mom says thank U :] congrats 2 ur mom 4 this day & 4 having an amazing girl like U ,1759653399,2009-05-10 19:41:21-07:00,96
@ddlovato will you really come to brazil?  --stupid question by me ,1759854825,2009-05-10 20:06:35-07:00,67
@ddlovato i told my mom u said that she said thnx ,1760313386,2009-05-10 21:12:02-07:00,50
@ddlovato @ selenagomez thank you both in person for all the inspiration and determination you have given me ,1760359666,2009-05-10 21:19:28-07:00,109
"Good for you. I stopped at 5'5"" years ago! @ddlovato I GREW!!!! I'M 5'5"" NOW!!! ",1770952205,2009-05-11 22:43:37-07:00,80
@ddlovato Demi I'll deff see you on Brazil (Sï¿½o Paulo) on the show && stage!  so excited,1791744579,2009-05-13 20:58:51-07:00,90
@ddlovato hello  how are you?,1792238305,2009-05-13 22:33:04-07:00,29
@ddlovato My role model is back..  I miss your tweets or twits or whatever they call that ,1792419545,2009-05-13 23:04:56-07:00,90
"@ddlovato awh just try and enjoy every second, dont care about whats infront or behind you, focus on the path your on right now  love you",1792867068,2009-05-14 00:31:12-07:00,137
@ddlovato Hahaha I Love It When That Happends!!!! And Im Pretty Sure You Should Come To New Zealand  x,1793008785,2009-05-14 01:01:42-07:00,102
"@ddlovato If I may know, that is! ",1793051851,2009-05-14 01:11:20-07:00,34
@ddlovato if u reply this is gna be SO cool!  ill die young lol,1793117536,2009-05-14 01:26:27-07:00,63
@ddlovato i love you so much!! im so excited to see you on june 15 at wembly!! maybe ill even meet you !! please reply ,1793310161,2009-05-14 02:11:40-07:00,119
"@ddlovato awwwww  i do that toooo! by the way, you should totally come to Hong Kong! YOU HAVE SOOOOO MANY FANS HERE, it's crazy!",1793480759,2009-05-14 02:51:33-07:00,128
@ddlovato agree with you..The life is good! ,1793634407,2009-05-14 03:26:35-07:00,44
@ddlovato Hollywood is like a business. It's annoying. This is the same everywhere. ,1794133693,2009-05-14 05:02:48-07:00,84
@ddlovato im your big fans. i really love your song. ha ha ,1794224651,2009-05-14 05:17:27-07:00,59
@ddlovato Have u ever had a point in ur life where u felt helpless and knew u can't change anything because of some idiotic reasons? <3 u ,1794957345,2009-05-14 06:53:22-07:00,138
@ddlovato celebrities! You girls are soooo amazing  you's are beautiful on the inside and out  xoxox,1822324521,2009-05-16 19:18:47-07:00,100
"@ddlovato I obsessiouvly watch your video for ""Dont Forget"" because its such an amazing song and every girl can definitely relate. Kudos ",1822466708,2009-05-16 19:38:38-07:00,137
@ddlovato is tht a good movie??? never had the chance to watch it! hahahah  love u demi!!,1822467828,2009-05-16 19:38:47-07:00,89
"@ddlovato demi you are coming to peru on May 18 for the concert? I hope you come, I very fan of you ",1822506312,2009-05-16 19:44:04-07:00,100
@ddlovato packing what? ,1822576441,2009-05-16 19:53:50-07:00,24
@ddlovato you rock!  just 4 more days till you visit chile  freaking out to see you! all my love and support for you!,1822791495,2009-05-16 20:23:48-07:00,117
@ddlovato I LOVE YOU DEMI I CAN'T WAIT TO SEE YOU THIS SUMMER!  I'M DOING MY BEST OF FLYING FROM HONDURAS TO THE STATES!,1822940446,2009-05-16 20:44:27-07:00,120
@ddlovato edward scissorhands creeped me out!! i watched it in school and it was CREEPY! lol ,1822942437,2009-05-16 20:44:44-07:00,93
"@ddlovato don't worry demiii, you've got time ",1822978660,2009-05-16 20:49:54-07:00,46
@ddlovato your awsome come to australia sometime ,1823049604,2009-05-16 20:59:55-07:00,49
"Watching Camp Rock, starring @ddlovato and @jonasbrothers. Never gets old ",1823086992,2009-05-16 21:05:03-07:00,74
@ddlovato is it tour time?! ,1823190513,2009-05-16 21:20:01-07:00,28
"@ddlovato Dude! Edward Scissorhands is awesome... but you need to pack, girllll!! Don't forget your toothbrush haha. Have a blast ",1823321853,2009-05-16 21:40:03-07:00,130
@ddlovato oh wow i would like to help u packed ,1823539812,2009-05-16 22:14:48-07:00,47
"@ddlovato have a safe trip in South America  have fun, &take loads of photos! You'll do great! Better than that....AMAZING! Love you!",1823817309,2009-05-16 23:04:50-07:00,133
"@ddlovato just remember that you will ALWAYS be back, makes it easier.   Have fun down south ",1823870697,2009-05-16 23:15:17-07:00,93
@ddlovato  haha... donï¿½t cry... Hi.. iï¿½m from mexico i like your songs demi ,1823870887,2009-05-16 23:15:20-07:00,80
@ddlovato canï¿½t wait to see youu!!!here en peru  you are the bestt!!! ,1823943688,2009-05-16 23:30:06-07:00,72
@ddlovato demi i got your tickets today ,1823993998,2009-05-16 23:40:23-07:00,40
@ddlovato hey demi just wanted to wish u luck for ur tour with david archuleta  luvvv u,1823994410,2009-05-16 23:40:27-07:00,87
@ddlovato HAVE FUN DEMI  & Take care.  -GBY- ily<3,1824020245,2009-05-16 23:45:43-07:00,50
@ddlovato http://twitpic.com/59s0j - awwww!! fun! it's like winter in the middle of summer! (sorta) lol ,1824044189,2009-05-16 23:50:46-07:00,104
@ddlovato where ya goin? ,1824111649,2009-05-17 00:05:07-07:00,25
@ddlovato Why should we? ,1824181819,2009-05-17 00:20:42-07:00,25
"@ddlovato LOL ""You can call me Dragon"" ",1824182438,2009-05-17 00:20:50-07:00,39
@ddlovato My name is Marco and you can call me all night! haha kidding.........SMILE ,1824202614,2009-05-17 00:25:27-07:00,85
"@ddlovato 4 days for see you in Argentina!  I'm so excited, and you? ",1824221974,2009-05-17 00:29:58-07:00,69
"@ddlovato So if I go to ur concert in Greenville, SC in july.. would u promise to bring me up on stage to sing as song w/ u!? seriously. ",1824310582,2009-05-17 00:50:49-07:00,137
@Jonasbrothers @JohnLloydTaylor @greggarbo @ddlovato Have fun. ,1824330836,2009-05-17 00:55:54-07:00,63
@ddlovato at least you enjoy your home   I hated home when I was younger.  Of course now the things that are home usually travel with me,1824351127,2009-05-17 01:00:47-07:00,136
@ddlovato being far away from home is really so missing. ,1824371362,2009-05-17 01:05:48-07:00,57
@ddlovato okay then here goes...hey nighthawk! lol  how are you today?,1824389762,2009-05-17 01:10:27-07:00,70
@ddlovato I love you! You are awsome! You rock!  <3<3,1824564401,2009-05-17 01:56:16-07:00,53
@ddlovato you have to call me dragon ,1824788792,2009-05-17 02:56:25-07:00,37
Going to eat breakfast whilst listening to @ddlovato on my phone  Have a great day everyone!,1824806722,2009-05-17 03:01:09-07:00,92
@ddlovato or better :Nighthawk. how did you come to the name? ,1824936451,2009-05-17 03:36:11-07:00,62
@ddlovato http://twitpic.com/4kzlp - wuahahahah...yeah!! Chuck is...Chuck!  It's so funny!,1825063535,2009-05-17 04:10:51-07:00,90
"la la land by @ddlovato! your voice is completly unique, amazing! I love her voiceeeeeeeeee! ",1825241872,2009-05-17 04:57:01-07:00,93
@ddlovato Have fun girlie!!! Will be praying for u!! ,1825369208,2009-05-17 05:26:41-07:00,53
@mileycyrus: Follow @ddlovato to South america and do some concerts with her and @jonasbrothers. You got the parteyy ,1825413968,2009-05-17 05:36:44-07:00,117
@ddlovato hi nighthawk. Im such a fan ,1825460130,2009-05-17 05:46:45-07:00,38
listening to @ddlovato her cd is awesome i love until your mine i hope she does it on tour ,1825556275,2009-05-17 06:06:35-07:00,91
"@ddlovato and @DavidArchie, it's such a combination.  I LOVE IT. I so wanna watch them.  @aliyoopah, escape with me there! Hahaha.",1825715654,2009-05-17 06:37:15-07:00,130
@ddlovato You've got a huge talent ,1825742476,2009-05-17 06:42:11-07:00,35
@ddlovato do you have any meet and greets in la any time soon???? ,1825942996,2009-05-17 07:17:14-07:00,66
@ddlovato I watched that yesterday too ! I love Edward Scissorhands  http://bit.ly/EsKaR,1826035527,2009-05-17 07:32:21-07:00,88
@mileycyrus @ddlovato - is this some kinda new game that nobody knows about but you guys? ,1826175925,2009-05-17 07:52:28-07:00,90
@ddlovato lolzyz ill call u nighthawk then it soumds so secret agenty ive heard it before its wonderful ,1826176238,2009-05-17 07:52:31-07:00,104
just found out i have the same birthday as @ddlovato  <3,1826350023,2009-05-17 08:17:58-07:00,56
@ddlovato http://twitpic.com/2n5tz - What fun..have a colorful day Demi ,1826986049,2009-05-17 09:44:47-07:00,72
@ddlovato http://twitpic.com/2cfqc - Hey you are cute... but I see so much more ,1827009377,2009-05-17 09:47:50-07:00,80
@ddlovato That you have a nice day ,1827455172,2009-05-17 10:44:50-07:00,35
@ddlovato cant wait for the 21st! love you ,1827921752,2009-05-17 11:43:28-07:00,43
@ddlovato http://twitpic.com/59s0j - haha  REALLY?! that made my dayy!,1831238146,2009-05-17 18:29:22-07:00,70
"@ddlovato how is going the trip, Demi? hope you have a great time in S.A., mainly in Brazil  i won't be able to see you even if i want to,",1831348499,2009-05-17 18:41:50-07:00,138
@ddlovato PLEASEEEE YOU SING IT DONT FORGET AND LA LA LAND<3 I LOVE IT  and cogratulations for your voice is amazing with your talents!,1832257192,2009-05-17 20:28:19-07:00,135
"@ddlovato Have you ever watched Seth MacFarlane's Cavalcade of Cartoon Comedy ? You should...  it's awesome, will make your day ",1832373591,2009-05-17 20:42:08-07:00,128
"@ddlovato i'm watching the desperate housewives finale, and madison is so adorable! tell her i said hi! ",1833021794,2009-05-17 22:05:04-07:00,104
@ddlovato i just got tickets to your concert! im super excited ,1833222519,2009-05-17 22:38:13-07:00,63
@ddlovato @mileycyrus I KNOW YOU TOUCHED MY DRUMSTICK!!! haa ,1833442003,2009-05-17 23:17:53-07:00,61
"@DavidArchie We Filipino fans had a blast and we too can't thank you enough. I'm stoked for your upcoming tour with @ddlovato, Take Care. ",1833514539,2009-05-17 23:31:57-07:00,138
@ddlovato hey demi I just wanted to say you look so pretty with your tan you should keep it LOL  can't wait to see you July 18th,1833556643,2009-05-17 23:40:18-07:00,128
"@ddlovato Roses are red, violets are blue, i wish i could get one @reply from you!! ",1833644241,2009-05-17 23:58:08-07:00,84
@ddlovato and im glad you much to beautiful inside and out ,1833654668,2009-05-18 00:00:10-07:00,59
"@ddlovato And even if you'd changed, it was in the right way ",1833656484,2009-05-18 00:00:27-07:00,61
@ddlovato heyyy !!!! what's up ??? ,1833668914,2009-05-18 00:02:46-07:00,35
"@ddlovato Hey Demi, I can't wait to see you in London on June 15th! Love you  xoxo",1833669398,2009-05-18 00:02:53-07:00,82
"@ddlovato heey just watched sonny with a chance not along ago its awsome, u crack me up on that show  ",1833677061,2009-05-18 00:04:30-07:00,102
@ddlovato hey welcome to Peru  hope you like it here ;) c u tomorrow,1833677362,2009-05-18 00:04:34-07:00,68
"@ddlovato But i think u didn't changed. You still demetria devonne lovato  And you've not the ""big head' no. You're the best !",1833679225,2009-05-18 00:04:56-07:00,126
@ddlovato please follow me Demi  i love you. Please please please.,1833687166,2009-05-18 00:06:31-07:00,66
@ddlovato I couldn't have said it better myself Demi ,1833687181,2009-05-18 00:06:32-07:00,53
@ddlovato amen to that! change is just part of life ,1833687622,2009-05-18 00:06:37-07:00,52
"@Ddlovato i know wat u mean... Im going through the same exact thing, just hang in there. ",1833688892,2009-05-18 00:06:54-07:00,90
"@ddlovato amen. you're my idol, and i cannot WAIT to see you on july 6. eeee ",1833695748,2009-05-18 00:08:20-07:00,77
@ddlovato AMEN sister. I love you ,1833715446,2009-05-18 00:12:21-07:00,34
http://twitpic.com/5ezum - @ddlovato hey demi! look at this photo. it's a dragon ,1833716901,2009-05-18 00:12:39-07:00,81
@ddlovato demi your the best ily god bless ,1833718670,2009-05-18 00:13:01-07:00,43
"@ddlovato Are you okay? Past few posts seemed like... you're not on good terms with someone.. Well, hope you get better. ",1833724953,2009-05-18 00:14:19-07:00,121
@ddlovato i hope to be one of your friends  but i know i cant happen.... im dreaming in the daylight whhaaa!!!,1833725172,2009-05-18 00:14:21-07:00,110
@ddlovato hm. are you okay? ,1833725319,2009-05-18 00:14:23-07:00,28
@ddlovato agreed ,1833725520,2009-05-18 00:14:25-07:00,17
"@ddlovato p.s. This is a good quote 4 you. 'A true friend will be there, even if the rest of the world decides to walk out'  <3",1833726213,2009-05-18 00:14:34-07:00,127
@ddlovato yeah i do. thanksss ,1833728152,2009-05-18 00:14:59-07:00,30
@ddlovato you're so right demi. you are very smart for your age. ,1833734846,2009-05-18 00:16:19-07:00,65
@ddlovato we love you too Demi ,1833734957,2009-05-18 00:16:21-07:00,31
@ddlovato we all love you to ----- NOW I GOING TO GO BACK TO MY SONG i am translating i will give you the lyrics once i am done here ,1833735771,2009-05-18 00:16:31-07:00,133
"@ddlovato One day I WILL meet you, and that will make me soooo happy... until then, 'stay beautiful' ",1833735971,2009-05-18 00:16:34-07:00,101
"@ddlovato Roses are red, violets are blue, cheer up demi cuz we all love you!!! ",1833736563,2009-05-18 00:16:42-07:00,80
@ddlovato i love u so much demi. i'll NEVER stop supporting u & your music. thanks for being an amazing role model for us  ur the BEST! <3,1833737885,2009-05-18 00:16:59-07:00,138
@ddlovato was that supposed to be a sad post? if it is.. cheer up demi. ,1833754095,2009-05-18 00:20:26-07:00,72
@ddlovato Demi - i love you.  You're so cool   Just wanted you to know that   God bless you girl,1833754352,2009-05-18 00:20:29-07:00,96
@ddlovato  I like the one you posted about changes. ,1833755355,2009-05-18 00:20:42-07:00,52
"i miss rose. & im kinda feeling weird.. but im listening to our song  bffff<3 ""two worlds colide"" - @ddlovato sorry if i spelled it wrong",1833800998,2009-05-18 00:30:27-07:00,137
"@ddlovato ""who said I can't wear my converse with by dress? Well baby that's just me"" by favorite line of all time. Smile ",1833803320,2009-05-18 00:30:53-07:00,122
"@ddlovato someones always gonna be there for you, because a true friendship is one thats never broken no matter what the circumstance is. ",1833804152,2009-05-18 00:31:02-07:00,138
@ddlovato Sonny With A Chance is on - I LOVE it ,1833804635,2009-05-18 00:31:08-07:00,48
"@ddlovato omg r u in peru already? i used to live there before. ur gonna love it, have fun!! ",1833813513,2009-05-18 00:32:59-07:00,93
"@ddlovato thats good point, but think just in you...i gotta go..sweet dreams ",1833821228,2009-05-18 00:34:38-07:00,77
@ddlovato awww love you to! ,1833839438,2009-05-18 00:38:31-07:00,28
@ddlovato You are worthy of anything.  You work your ass off like every single day. ,1833840557,2009-05-18 00:38:45-07:00,84
@ddlovato if you grow a second head and start dating an ant i will still be a fan ,1833840928,2009-05-18 00:38:50-07:00,82
@ddlovato dont worry girl i appreciate you and your work! ,1833842384,2009-05-18 00:39:09-07:00,58
@ddlovato youre a great person! you allow us to believe in ourselves and keep our chin up. ,1833842531,2009-05-18 00:39:11-07:00,91
@ddlovato we love you too soo soo much. ,1833848925,2009-05-18 00:40:32-07:00,40
@ddlovato  hey we love U 2  rock on ,1833851739,2009-05-18 00:41:10-07:00,36
@ddlovato That's quite a humble thing to say ,1833857645,2009-05-18 00:42:28-07:00,45
"@ddlovato Hey Demi- please follow us to draw a smile upon a victims face, il explain all the details after u follow  xx",1833858007,2009-05-18 00:42:33-07:00,119
@ddlovato sorry it took me so long to answer you I'm done translating the song there's also video http://emilylizployvoresets... ,1833858496,2009-05-18 00:42:40-07:00,129
"@ddlovato ..I dont know u personally but u seem like an amazing person, so what if u change ur hair/clothes as long as ur hearts the same ",1833859685,2009-05-18 00:42:56-07:00,138
@ddlovato we love you more. please visit the Philippines! ,1833860749,2009-05-18 00:43:10-07:00,58
@ddlovato Demi.. Don't say that! you are soo worthy of your fans support! we love you like crazy! ,1833860922,2009-05-18 00:43:13-07:00,98
"@ddlovato your tottaly wrong!!you worth it!every support we give you,youre the only person who worth it demi ",1833865937,2009-05-18 00:44:20-07:00,109
@ddlovato We love you to ,1833866906,2009-05-18 00:44:34-07:00,25
@ddlovato I just got ur album. It's the most beautiful album I have ever heard from a female solo artist for years  I <3 two wrlds collide,1833867146,2009-05-18 00:44:37-07:00,138
"@ddlovato awehhhh, we all love you too! seriously, you are awesome ",1833867928,2009-05-18 00:44:49-07:00,67
@ddlovato you're more than worthy of every fans support. you're incredible and a amazing inspiration. please come to australia  xx.,1833869679,2009-05-18 00:45:10-07:00,131
@ddlovato Demi I love you too  You are amazing  Can't wait to see you when you're here in England ,1833878500,2009-05-18 00:47:08-07:00,98
@ddlovato Ridiculous. You deserve EVERY bit of support your fans give you  <3,1833885768,2009-05-18 00:48:50-07:00,77
@ddlovato i wish all the best for you. ,1833886812,2009-05-18 00:49:05-07:00,39
"@ddlovato Demi, we are always here for you, even if we've never met you. You're a perfect role model (even to me, and I'm 18!)  WE <3 YOU!",1833896917,2009-05-18 00:51:19-07:00,138
@ddlovato you ARE worthy of our support ,1833910258,2009-05-18 00:54:28-07:00,40
"@ddlovato We love you, too!  Oh, and I loved the new episode of Sonny tonight!",1833912484,2009-05-18 00:54:59-07:00,78
@ddlovato are getting & will get in the future! ,1833919367,2009-05-18 00:56:31-07:00,48
I'm starting to think that if I knew @ddlovato in real life she would be a really great person. ,1833919887,2009-05-18 00:56:38-07:00,96
"@ddlovato hi demi... wats up??? hope ur doing FINE... btw iam anya from philippines..  i ? ur SONGS.. specially ""trainwreck"".. ",1833920004,2009-05-18 00:56:40-07:00,127
"@ddlovato Demi, you are and always will be worthy of your fans' support.   We LOVE you!",1833920615,2009-05-18 00:56:49-07:00,87
@ddlovato Thankyou ,1833921007,2009-05-18 00:56:54-07:00,19
"@ddlovato ...idol. You keep our spirits up and our heads held high. You give us hope ya'know  So, thank you for doing that for us. xoxoxo",1833922405,2009-05-18 00:57:13-07:00,137
"@ddlovato You ovb know who your true friends are, but just remember that backstabbers are only powerful when you have your back turned  xx",1833922412,2009-05-18 00:57:13-07:00,138
@ddlovato im glad that person said that ,1833922830,2009-05-18 00:57:19-07:00,40
"@ddlovato Lima and mexico when? Eres Exactamente lo qe tu quieres ser  we are what we are, LO QE SOY, what you are, do not forget.",1833922891,2009-05-18 00:57:20-07:00,130
@ddlovato what a great friend and such wise words. That's a total keeper ,1833929816,2009-05-18 00:58:58-07:00,73
@ddlovato no one can make you feel inferior without your concern... you rock ,1833938709,2009-05-18 01:00:48-07:00,77
@ddlovato You're my favorite  Your album makes me feel better when I'm stressed the fudge out.,1833939503,2009-05-18 01:00:59-07:00,94
"@ddlovato 2/2 ""Everything feels like lies; the fear in your eyes.But never fear; I'll always be here, always be here."" From me to you ",1833940549,2009-05-18 01:01:14-07:00,134
@ddlovato Please tweet back! It would make my day. ,1833940772,2009-05-18 01:01:16-07:00,51
@ddlovato Good morning Nighthawk ,1833947337,2009-05-18 01:02:40-07:00,33
@ddlovato can't wait for you and every1 else to listen to it. I can only go up from here. ,1833948095,2009-05-18 01:02:51-07:00,90
"@ddlovato  ****** LIFE is not always easy, but you just need to live it ONE DAY AT A TIME ",1833948722,2009-05-18 01:03:00-07:00,90
@ddlovato  thats sweet!!,1833949437,2009-05-18 01:03:09-07:00,24
@ddlovato Trust me your deffently worth it  Team Miley ,1833959290,2009-05-18 01:05:23-07:00,55
@ddlovato @selenagomez: hi to both of you... i love your songs ,1833973103,2009-05-18 01:08:35-07:00,63
@ddlovato its funny they inspired u @ 4 in the mornin 2 tweet lmao0o ,1833974964,2009-05-18 01:09:02-07:00,69
@ddlovato That person is my hero. I will never forget those words! ,1833990836,2009-05-18 01:12:32-07:00,67
"@ddlovato Other try and make you feel small, so they can feel big. Dont let it get to you. Team Miley ",1834000599,2009-05-18 01:14:47-07:00,102
"how?? ""Starting to doubt ddlovato's identity"" im mean what they no you from your programs QUIT YOUR GIBBA GABBA FOOL haha  @ddlovato",1834002060,2009-05-18 01:15:06-07:00,132
@ddlovato http://twitpic.com/5f1gq this is my little puppy... ,1834017793,2009-05-18 01:18:44-07:00,62
@ddlovato ho told u those words ?? if u minde me askin  ,1834020720,2009-05-18 01:19:24-07:00,56
"@ddlovato Helloo!  I have a question, please answer if a small miracle happens and you see this haha, are you ever coming to egypt? ",1834055009,2009-05-18 01:27:24-07:00,132
"@ddlovato hi demi, i love your songs.. ",1834070699,2009-05-18 01:30:57-07:00,39
@ddlovato I'm glad they made you stop your twittabreak. ,1834089909,2009-05-18 01:35:22-07:00,56
@ddlovato WHOOO SAID ITTT  well im guessin you wont tell us but we are happy youre back,1834095812,2009-05-18 01:36:42-07:00,87
tell me how am i supposed to do to get these people out off my mind : @mileycyrus @mitchelmusso @ddlovato @emilyosment @selenagomez ,1834107886,2009-05-18 01:39:30-07:00,132
"@ddlovato just watched camp rock last night, u were really great mitchie! ",1834116337,2009-05-18 01:41:26-07:00,74
@ddlovato the WORLD! be strong and dont quit...we're here for u! Ur a role model and inspiration to billions. Tc love u demi  xoxoxo,1834116793,2009-05-18 01:41:32-07:00,132
@ddlovato send my regards to ur hero. hope il have one too.. ,1834148746,2009-05-18 01:49:01-07:00,61
@Lynaarchuleta ta porter Plainte c'e bien faut les tuï¿½ les putes @ddlovato I believe in youu  U are the best that's why i love u,1834220255,2009-05-18 02:05:31-07:00,130
"@ddlovato friendship is like peeing on yourself, everyone can see it but only you can feel the warm feeling it brings ",1834290766,2009-05-18 02:21:56-07:00,118
"@ddlovato don't worry, everything's gonna be alright..well at least now u know who ur true friends are ",1834306178,2009-05-18 02:25:42-07:00,103
@ddlovato !! You ROCK DEMI!! I love you!! ,1834376196,2009-05-18 02:41:51-07:00,42
"@ddlovato im writing the last assignment of my college career. It's 5am & Im so tired. watched ""Party"" live on Ytube. im awake now ",1834428698,2009-05-18 02:54:00-07:00,131
@ddlovato hi demi. i like your real name ,1834462146,2009-05-18 03:01:40-07:00,41
"@ddlovato your Amazing Demi  I dont understand why people seem to be doubting you all of a sudden :S its silly, I Love you <3",1834478796,2009-05-18 03:05:31-07:00,125
"@ddlovato lately I've been going through a lot, at school n stuff. but you've helped me get through it. THANK YOU. ily ",1834532389,2009-05-18 03:17:37-07:00,119
@ddlovato  you seem to have really sentimental moments some times.,1834534284,2009-05-18 03:18:04-07:00,66
@ddlovato To find somebody like this is a godsend. I'm glad you did. ,1834699460,2009-05-18 03:54:30-07:00,69
iamfunky @B_Lia ur so addicted to @ddlovato !! whyr u so addicted????????? i know shes wonderful but............................... ,1834709575,2009-05-18 03:56:34-07:00,132
Tweet tweet  love you @ddlovato! You are my idol ad my hero!,1834864665,2009-05-18 04:26:57-07:00,60
@ddlovato I love all your Amazing songs and I think you are an inspiration to all young girls out there  x Lauryn,1834876366,2009-05-18 04:29:08-07:00,113
@ddlovato & We love you too! ,1834885214,2009-05-18 04:30:43-07:00,29
@ddlovato Thank You!!! Love you too!! ,1834942896,2009-05-18 04:41:08-07:00,38
@ddlovato i agree! friendship requires real effort even when one is busy with their own lives. ,1835031361,2009-05-18 04:56:51-07:00,95
"@ddlovato aww, i love you too ",1835095221,2009-05-18 05:07:25-07:00,30
@ddlovato people change and prmises are broken. --jonas brothers. ,1835395028,2009-05-18 05:53:39-07:00,66
"@ddlovato aw! demi, ily! ur so amazing. are u and selena still friends?? i havent heard anythuing about u 2! hope ur ok  ur inspirational.",1835426184,2009-05-18 05:58:04-07:00,138
"@mileycyrus i couldn't have survived FamilyLife w/out u & @ddlovato ,both of you  definitely inspired me more than u would expect.Thank U ",1835485886,2009-05-18 06:06:03-07:00,138
@ddlovato day 22  u are incredible  not wait to see you,1835675051,2009-05-18 06:30:53-07:00,55
"@ddlovato....taught me to appreciate everything, not take things for granted & be YOURSELF. Hope you get the chance to reply back to me ",1835721108,2009-05-18 06:36:45-07:00,136
@ddlovato 92 days until I see you! ,1835921472,2009-05-18 07:01:18-07:00,35
@ddlovato as fans we totally support u and we have ur back. its important that u know that there are so many of us that will care. ,1836064344,2009-05-18 07:18:05-07:00,131
@twilight_freakk @ddlovato is in south america! Lol ,1836080157,2009-05-18 07:19:58-07:00,52
"@ddlovato  ""YOU GO BACK OUT THERE, AND YOU TWEET!"" ? hahaha omg that made me laugh! that's hilarious ",1836190393,2009-05-18 07:32:44-07:00,101
@ddlovato no I touch it ! ,1836350913,2009-05-18 07:50:28-07:00,26
@ddlovato u deserve all the happiness u feel. dont ever doubt that.  i believe in u -dontletthembringudown  see u @ur NY/NJ/PA shows ily<3,1836435914,2009-05-18 07:59:47-07:00,138
@ddlovato You SHould Feel Worthy Of Your Fans You Do An Amazing Job Everyone Loves You !  x,1836522061,2009-05-18 08:08:50-07:00,91
@ddlovato you're one of the most amazing people.  it's nice to see sane celebrities. you and selena are my favorites.  ,1880035196,2009-05-21 23:53:55-07:00,119
"@ddlovato and we'll be waiting for you with open arms, hands and hearts  Love ya girl!!! ",1880267624,2009-05-22 00:38:59-07:00,89
@ddlovato was amazing when she performed in Chile ,1880315301,2009-05-22 00:48:41-07:00,50
I wanna wake up feeling beautiful today....~love this song by @ddlovato it makes me ,1880654838,2009-05-22 02:01:09-07:00,84
http://bit.ly/QNQFs  Vote for La La Land by @ddlovato and Paranoid by @jonasbrothers!  The more the better,1880702280,2009-05-22 02:11:28-07:00,106
"@ddlovato I love stop this train! It's one of my favourite songs. well, almost all songs by john are my favourites.  he's a genius! :*",1880789729,2009-05-22 02:30:46-07:00,134
"@ddlovato AJ RAFAEL (AWESOME MUSICIAN, FAMOUS ON YOUTUBE) COVERED YOUR SONG, DON'T FORGET. PLEASE WATCH IT  IT'S GOOD! http://bit.ly/vFWAs",1880879053,2009-05-22 02:49:44-07:00,138
"@ddlovato AJ RAFAEL (AWESOME MUSICIAN, FAMOUS ON YOUTUBE) COVERED YOUR SONG, DON'T FORGET. PLEASE WATCH IT  IT'S GOOD! http://bit.ly/vFWAs",1881000881,2009-05-22 03:15:15-07:00,138
"@ddlovato AJ RAFAEL (AWESOME MUSICIAN, FAMOUS ON YOUTUBE) COVERED YOUR SONG, DON'T FORGET. PLEASE WATCH IT  IT'S GOOD! http://bit.ly/vFWAs",1881001914,2009-05-22 03:15:27-07:00,138
"@ddlovato AJ RAFAEL (AWESOME MUSICIAN, FAMOUS ON YOUTUBE) COVERED YOUR SONG, DON'T FORGET. PLEASE WATCH IT  IT'S GOOD! http://bit.ly/vFWAs",1881002340,2009-05-22 03:15:33-07:00,138
"@ddlovato AJ RAFAEL (AWESOME MUSICIAN, FAMOUS ON YOUTUBE) COVERED YOUR SONG, DON'T FORGET. PLEASE WATCH IT  IT'S GOOD! http://bit.ly/vFWAs",1881003049,2009-05-22 03:15:42-07:00,138
"@ddlovato AJ RAFAEL (AWESOME MUSICIAN, FAMOUS ON YOUTUBE) COVERED YOUR SONG, DON'T FORGET. PLEASE WATCH IT  IT'S GOOD! http://bit.ly/vFWAs",1881003530,2009-05-22 03:15:48-07:00,138
"@ddlovato AJ RAFAEL (AWESOME MUSICIAN, FAMOUS ON YOUTUBE) COVERED YOUR SONG, DON'T FORGET. PLEASE WATCH IT  IT'S GOOD! http://bit.ly/vFWAs",1881003883,2009-05-22 03:15:53-07:00,138
"@ddlovato AJ RAFAEL (AWESOME MUSICIAN, FAMOUS ON YOUTUBE) COVERED YOUR SONG, DON'T FORGET. PLEASE WATCH IT  IT'S GOOD! http://bit.ly/vFWAs",1881004215,2009-05-22 03:15:58-07:00,138
"@ddlovato AJ RAFAEL (AWESOME MUSICIAN, FAMOUS ON YOUTUBE) COVERED YOUR SONG, DON'T FORGET. PLEASE WATCH IT  IT'S GOOD! http://bit.ly/vFWAs",1881010408,2009-05-22 03:17:17-07:00,138
"@ddlovato AJ RAFAEL (AWESOME MUSICIAN, FAMOUS ON YOUTUBE) COVERED YOUR SONG, DON'T FORGET. PLEASE WATCH IT  IT'S GOOD! http://bit.ly/vFWAs",1881011157,2009-05-22 03:17:26-07:00,138
"@ddlovato AJ RAFAEL (AWESOME MUSICIAN, FAMOUS ON YOUTUBE) COVERED YOUR SONG, DON'T FORGET. PLEASE WATCH IT  IT'S GOOD! http://bit.ly/vFWAs",1881011853,2009-05-22 03:17:36-07:00,138
"@ddlovato AJ RAFAEL (AWESOME MUSICIAN, FAMOUS ON YOUTUBE) COVERED YOUR SONG, DON'T FORGET. PLEASE WATCH IT  IT'S GOOD! http://bit.ly/vFWAs",1881012961,2009-05-22 03:17:51-07:00,138
"@ddlovato AJ RAFAEL (AWESOME MUSICIAN, FAMOUS ON YOUTUBE) COVERED YOUR SONG, DON'T FORGET. PLEASE WATCH IT  IT'S GOOD! http://bit.ly/vFWAs",1881013232,2009-05-22 03:17:55-07:00,138
"@ddlovato AJ RAFAEL (AWESOME MUSICIAN, FAMOUS ON YOUTUBE) COVERED YOUR SONG, DON'T FORGET. PLEASE WATCH IT  IT'S GOOD! http://bit.ly/vFWAs",1881020656,2009-05-22 03:19:31-07:00,138
"@ddlovato AJ RAFAEL (AWESOME MUSICIAN, FAMOUS ON YOUTUBE) COVERED YOUR SONG, DON'T FORGET. PLEASE WATCH IT  IT'S GOOD! http://bit.ly/vFWAs",1881021227,2009-05-22 03:19:38-07:00,138
"@ddlovato AJ RAFAEL (AWESOME MUSICIAN, FAMOUS ON YOUTUBE) COVERED YOUR SONG, DON'T FORGET. PLEASE WATCH IT  IT'S GOOD! http://bit.ly/vFWAs",1881038885,2009-05-22 03:23:17-07:00,138
"@ddlovato AJ RAFAEL (AWESOME MUSICIAN, FAMOUS ON YOUTUBE) COVERED YOUR SONG, DON'T FORGET. PLEASE WATCH IT  IT'S GOOD! http://bit.ly/vFWAs",1881040144,2009-05-22 03:23:34-07:00,138
"@ddlovato AJ RAFAEL (AWESOME MUSICIAN, FAMOUS ON YOUTUBE) COVERED YOUR SONG, DON'T FORGET. PLEASE WATCH IT  IT'S GOOD! http://bit.ly/vFWAs",1881049500,2009-05-22 03:25:36-07:00,138
"@ddlovato AJ RAFAEL (AWESOME MUSICIAN, FAMOUS ON YOUTUBE) COVERED YOUR SONG, DON'T FORGET. PLEASE WATCH IT  IT'S GOOD! http://bit.ly/vFWAs",1881050808,2009-05-22 03:25:54-07:00,138
"@ddlovato 'Be yourself, because everyone else is already taken.' my favorite quote ",1881218855,2009-05-22 03:59:48-07:00,83
500th TWEET  dedicated to @tanyarhh @taylorswift13 @ddlovato @ashleytisdale @jonasbrothers @joshthomas87 most importantly my FOLLOWERS !,1881262109,2009-05-22 04:07:53-07:00,136
http://twitpic.com/5jl8x -How awesome is this picture?  @mileycyrus @ddlovato @selenagomez @taylorswift13,1881568986,2009-05-22 05:00:47-07:00,105
@ddlovato thx for understanding me in this  iï¿½ve got now another name specially 4 u ! love uu demi ! x33,1881631688,2009-05-22 05:10:32-07:00,106
my mum was singing and my dad was dancing to La La Land by @ddlovato and mum had it in her head all week and I havent sung it for at week ,1882062892,2009-05-22 06:09:22-07:00,138
@ddlovato enjoy brazil! its a great country  ,1882162452,2009-05-22 06:21:15-07:00,45
@ddlovato you are the most talented and amazing person! May god bless you cause you deserve it  i hope you come to australia with jb!,1882196831,2009-05-22 06:25:18-07:00,133
"@ddlovato Welcome to Brazil, I'm from Rio but I'll can't to see you , I love you, come back soon and good show ",1882483475,2009-05-22 06:57:22-07:00,111
"@ddlovato DEMI!  WELCOME TO BRAZIL, WE LOVE YOU SO MUCH DIVA <3",1882755284,2009-05-22 07:25:53-07:00,63
"I am sleepy but I am waiting for people to tweet. Hello, @ddlovato and @DavidArchie ! ",1882797713,2009-05-22 07:30:12-07:00,86
"@mileycyrus @ddlovato @selenagomez Just saw the Friends for Change commercial and you guys are fantastic, way to represent a good cause ",1882854172,2009-05-22 07:35:56-07:00,136
"I am going to school .. and I am about to have a test :S !! please, say to me GOOD LUCK!  jajaj  I TOTALLY LOVE @ddlovato&@jonasbrothers!",1883368498,2009-05-22 08:26:29-07:00,137
@ddlovato Hope you're feeling better  I don't have jokes though :\ I'm a rather poor comedian...,1932415589,2009-05-26 21:25:21-07:00,96
@ddlovato its nice to see that you actually interact with your followers! how nice ,1932653584,2009-05-26 21:55:15-07:00,83
@ddlovato It is the one with the ridiculously long subject line sent by Danil47 http://tinyurl.com/ag4qpb PLEASE check your myspace inbox ,1932871910,2009-05-26 22:25:09-07:00,138
"@ddlovato hey dd, is 'shut up and love me' about joe. ",1955774126,2009-05-28 20:36:10-07:00,54
@ddlovato wow! Demi really I can't wait 4 listen ur new album in special this song ,1955774683,2009-05-28 20:36:13-07:00,83
@ddlovato sounds good ,1955775158,2009-05-28 20:36:16-07:00,22
@ddlovato yea i cnt wait to hear ur new songs....i really wana hear the 1 bout bein in love in new york ,1955776394,2009-05-28 20:36:23-07:00,104
@ddlovato Demii cant you give us a preview or something like that soon? i really wanna hear it ,1955793696,2009-05-28 20:38:06-07:00,95
"@ddlovato demi  I love your voice, really! I want to hear your new cd soon, you rock ",1955794961,2009-05-28 20:38:13-07:00,85
@ddlovato this time ... I'll buy your new album ,1955795816,2009-05-28 20:38:18-07:00,48
@ddlovato my heart cant take the suspense anymore!!! DO TELL ,1955813282,2009-05-28 20:40:04-07:00,61
@ddlovato YEEEEES!YES!PLEASE PLEASEEEEEEEEEEE ,1955815201,2009-05-28 20:40:14-07:00,46
@ddlovato yesss im excited ,1955815301,2009-05-28 20:40:15-07:00,27
@ddlovato Yes you should! I got to buy it the day it comes out ,1955815596,2009-05-28 20:40:17-07:00,63
@ddlovato please tell us?  love you demi!,1955816350,2009-05-28 20:40:21-07:00,41
@ddlovato I think thats a very good idea ,1955816455,2009-05-28 20:40:22-07:00,41
@ddlovato Yes! I got to buy it the day it comes out ,1955833000,2009-05-28 20:42:05-07:00,52
@ddlovato just tell us the month!! ,1955833737,2009-05-28 20:42:08-07:00,35
"@ddlovato awww, come on... pleaseee...suspense...killing...me ",1955833826,2009-05-28 20:42:08-07:00,62
@ddlovato You'll KILL ME! Please don't! Share it now ,1955834606,2009-05-28 20:42:13-07:00,53
@ddlovato Suspense may kill me. You need to tell! Haha. ,1955834607,2009-05-28 20:42:13-07:00,56
"@ddlovato nnoooo, demi no more. haha now please and thank you ",1955834733,2009-05-28 20:42:14-07:00,62
"@ddlovato TELL US  PLEASE?! love ya Demi, u helped me through the hardest time of my life, even without knowin it.. how amazin are u!  x",1955835088,2009-05-28 20:42:16-07:00,136
"@ddlovato Haha. Judging by how indecisive you are...maybe you should tell.  you know, get it off your chest!",1955835115,2009-05-28 20:42:16-07:00,108
@ddlovato Demi please add me on Twitter ,1955835175,2009-05-28 20:42:17-07:00,40
@ddlovato Suspense has been built. Tell tell tell. Please ,1955835972,2009-05-28 20:42:22-07:00,58
@ddlovato TELLLL USSS  SO I CAN COUNT THE MINUTES,1955853818,2009-05-28 20:44:16-07:00,49
"@ddlovato http://twitpic.com/65r98 - i love you demi, you're beautiful & so what if i say it again  haha",1955872378,2009-05-28 20:46:16-07:00,104
@ddlovato No tell us nowwwww! I don't want to wait ,1955872959,2009-05-28 20:46:19-07:00,51
@ddlovato I love suspense... but I would totally love to know when exactly your single will be out so I don't miss it. ,1955873803,2009-05-28 20:46:25-07:00,119
@ddlovato DON'T build suspense. im knockin it down if u are! ,1955889031,2009-05-28 20:48:04-07:00,61
@ddlovato you are a genius in songwriting.! you're songs make me cry. thanks!  i love you.!,1955890433,2009-05-28 20:48:13-07:00,91
"@ddlovato DEMIII! i so wanna hear your new album  i can relate so much to your music, its unbelievable.",1955890445,2009-05-28 20:48:13-07:00,103
@ddlovato demii tomorrow will be on DC 4 episodes of sonnyy yeahhh finally her ein mexicoo!!  you are soo funny,1955907964,2009-05-28 20:50:08-07:00,111
@ddlovato Well you already told us it comes out in July. Only 30 possible wrong guesses. There's a 1 in 31 chance for us to guess right. ,1955910029,2009-05-28 20:50:22-07:00,137
"@ddlovato I saw you in the concert here in Peru, it was AWESOME!!  ",1955926449,2009-05-28 20:52:06-07:00,67
@ddlovato i cant wait for your CD to come out. i love your song the middle ,1955927242,2009-05-28 20:52:11-07:00,75
@ddlovato  DEMI!!!!  no! i think you should tell us!!! as in right now! hahaha ,1955929031,2009-05-28 20:52:22-07:00,79
@ddlovato tell us! tell us! but only if you want to ,1955929141,2009-05-28 20:52:23-07:00,52
@ddlovato YOU SHOULD TELL US NOW!!!!  lol,1955950450,2009-05-28 20:54:40-07:00,41
@ddlovato I'm going to your concert in Las Vegas  I'm really stoked! & I'm buying your new album as soon as it comes out. You're amazing<3,1955981201,2009-05-28 20:58:04-07:00,138
@ddlovato oh demi u're so mean  please tell us i wanna now i hate suspensesu.u,1955984178,2009-05-28 20:58:23-07:00,78
@ddlovato omg noooo! i can't waiiit!! please pleease tell us ,1956013879,2009-05-28 21:01:36-07:00,61
@ddlovato http://twitpic.com/65r98 - how is anyone else supposed to get a guy if we have to compete with that its just not fair!!! ,1956037450,2009-05-28 21:04:12-07:00,131
@ddlovato Awwww!! That's cool!! I'll be there the day it comes out! ,1956038126,2009-05-28 21:04:15-07:00,68
@ddlovato noo whyy! I def can't wait ,1956058163,2009-05-28 21:06:30-07:00,37
@ddlovato I'M DRINKING REDBULL! I'LL SHARE WITH YOU (I HAVE 2 MORE SO NO SWINE FLU)  tell us? pweeease?!! :],1956058226,2009-05-28 21:06:30-07:00,108
@ddlovato u r amazing  and so beautiful. I saw u in ARGENTINA. What do you think about my country?  pleasee replyyyy! love u,1956091575,2009-05-28 21:10:20-07:00,124
@ddlovato http://twitpic.com/65r98 - wow....this is stunning!!!!!!!! i love you demi....my idol! ,1956142410,2009-05-28 21:16:11-07:00,97
@ddlovato http://twitpic.com/65r98 - u look so gorgeous grl!!! so mature and sophisticated ,1956160371,2009-05-28 21:18:19-07:00,91
@ddlovato I can just feel is building ,1956195542,2009-05-28 21:22:31-07:00,38
"@ddlovato YES Demi, please tell it ! D: we want to know !! I'm so excited for it ! I love you <3 please come to Finland  ? xoxo",1956210485,2009-05-28 21:24:18-07:00,127
"It's Amazing what you can hide, Just putting on a smile  I love  @ddlovato <3",1956213209,2009-05-28 21:24:38-07:00,77
"@ddlovato So what's the deal on your new Twitter background? I like it, btw, but I'm just curious. Your new main pic is awesome, too ",1956220871,2009-05-28 21:25:31-07:00,133
@ddlovato I HAVE REDBULL... SO SCREW @OfficialAS 's coke...COME OVER HERE AND TELL US CAUSE WE HAVE ENERGY DRINKS ,1956243601,2009-05-28 21:28:18-07:00,114
@ddlovato im so exited to hear your new singel Demi!! u dont even know!!  btw. i just woke up. its 06.26 here in Norway ,1956259372,2009-05-28 21:30:11-07:00,120
@ddlovato so will the new album have william beckett on it? ,1956310608,2009-05-28 21:36:31-07:00,60
@ddlovato I wonder when you will come to my country..... I will do anything if you come here! I love youuuuuu xoxoxo ,1956435273,2009-05-28 21:52:22-07:00,117
@ddlovato you don't love us anymore...do you? we seals are veeery offended ;) tell us! ,1956449776,2009-05-28 21:54:18-07:00,87
"@ddlovato noooooo a few hours? u are so cruel hahahaha jk, say it say it ",1956515908,2009-05-28 22:02:51-07:00,73
@ddlovato @ddlovato @Princess1492 how much r tickets ? I would to go and support you ,1956544712,2009-05-28 22:06:39-07:00,85
"@ddlovato Hi Demi, I really like your music video of the song ""Don't Forget Me"". It's really amazing! Goodluck on your tour with David. ",1956645512,2009-05-28 22:20:42-07:00,136
"@ddlovato come on, I don't like the suspense.  Please?   *ish hopeful*",1956660401,2009-05-28 22:22:47-07:00,70
@ddlovato I'M ANNOYING EVERYONE ;D @luckyurwithamy is a cool girl  so make her happy? pleeeease?!,1956674990,2009-05-28 22:24:53-07:00,97
i put don't forget by @ddlovato && when i go down by @relient k on repeat && watch the play count increase in my itunes. ,1956731266,2009-05-28 22:32:55-07:00,121
@ddlovato YOU GET LOTS OF PRESSIES  http://bit.ly/BQVM4,1956743383,2009-05-28 22:34:45-07:00,55
@ddlovato can you tell us alreaddyyy pleeeeaaasseeee??? ,1956876616,2009-05-28 22:55:12-07:00,56
@ddlovato thats soo messed up lol gettin r hopes up! haha u should tell us soon ,1956926122,2009-05-28 23:02:50-07:00,80
@ddlovato ! eeeeeeep! excited!  will you pretty please play new stuff at Wembley?,1957014868,2009-05-28 23:16:53-07:00,81
@ddlovato YESPLZ! I love you girlie. ,1957015164,2009-05-28 23:16:56-07:00,37
@ddlovato Yes Please. Im So Excited (: This Albums Goiing ToO Be The Best Ever.      Arghhh ,1957017708,2009-05-28 23:17:21-07:00,92
@ddlovato No.. one more day of waiting would make it more special  [I'm just kidding.. TALK! haha],1957026717,2009-05-28 23:18:52-07:00,98
@ddlovato now your really building up the suspense!!... come onnn.. spill the beans i really wanna noooo demiiii! ,1957027125,2009-05-28 23:18:56-07:00,114
"@ddlovato Yeah, its been long enough! ",1957028550,2009-05-28 23:19:10-07:00,38
@ddlovato Ready as ill ever be. ,1957029370,2009-05-28 23:19:18-07:00,32
@ddlovato oh come on tell mee plz plz plz ,1957038847,2009-05-28 23:20:51-07:00,42
@ddlovato omg im so excited to hear the titles  i have been waiting so longgg!,1957039940,2009-05-28 23:21:01-07:00,78
@ddlovato YES PLEASE ,1957040384,2009-05-28 23:21:05-07:00,21
"@ddlovato you're adorkable   (yeah, aDORKable xD)",1957053471,2009-05-28 23:23:18-07:00,49
@ddlovato i want to know ur single name & its release please spill.. ,1957063586,2009-05-28 23:24:59-07:00,69
"@ddlovato Living easy, livin' free... Season ticket, on a one - way ride... Asking nothing, leave me be... Taking everything in my stride ",1957064187,2009-05-28 23:25:04-07:00,138
@ddlovato definitely!!! haha you're so cute it's only been like a couple hours ,1957073013,2009-05-28 23:26:34-07:00,79
@ddlovato Yes it has!!!!! PLLLLEEEAASSSEEEEE!!!!!  I'll be your best friend ,1957073174,2009-05-28 23:26:35-07:00,76
@ddlovato yes we are more than ready ,1957074565,2009-05-28 23:26:50-07:00,37
"@ddlovato You're so pretty Demi, and you're so talented. Just wanted to let you know you're loved all the way in New Zealand. God Bless ",1957086074,2009-05-28 23:28:46-07:00,136
"@ddlovato Hey Demi; Do you like reality T.V. shows? I do, just wondering if you do ",1957086210,2009-05-28 23:28:48-07:00,83
@ddlovato YAYYYY!!!!! I AM SO EXCITED!!!! BUT THATS AGEESSS AWAY! Noooooo  I love you so much!,1957089470,2009-05-28 23:29:21-07:00,94
@ddlovato OOH thats soon  -marks it on my calander (:,1957099039,2009-05-28 23:30:53-07:00,53
@ddlovato Yay now i can sleep peacefully! Thank you ,1957099494,2009-05-28 23:30:57-07:00,52
@ddlovato What's up Demi? ,1957099509,2009-05-28 23:30:57-07:00,26
@ddlovato i liked get back part 2 but here we go again will work just fine. ,1957100647,2009-05-28 23:31:09-07:00,76
@ddlovato cooL iL be waiting for it  ,1957101033,2009-05-28 23:31:13-07:00,37
@ddlovato Awesome  Can't wait to buy the new album & watch the video!!!,1957101327,2009-05-28 23:31:16-07:00,71
@ddlovato I'm so excited! I can't wait! Please say hi to me and @patriciaco ,1957101644,2009-05-28 23:31:19-07:00,76
@ddlovato: Yay can't wait 2 hear it... ,1957101767,2009-05-28 23:31:20-07:00,39
"@ddlovato and soon will be never haha jk, well I'm off to bed like @jennettemccurdy said ""going to bed. gotta wake up early."" ",1957111783,2009-05-28 23:33:02-07:00,126
@blak4ever I'll sure try!!  It's gonna be my second @ddlovato concert in a little over a month! (I went to the one in Argentina on May 21),1957114250,2009-05-28 23:33:26-07:00,138
@ddlovato EEEP! cannot wait! must. have. your. cd. now! ,1957125363,2009-05-28 23:35:19-07:00,56
@ddlovato AWESOME!! Then I'll see you the next day in Kansas City!!  can't wait!!,1957147068,2009-05-28 23:39:02-07:00,81
@ddlovato my brother tried to steal the REDBULL i'm saving for you.... sooo better hurry up and get to Australia ,1957147349,2009-05-28 23:39:04-07:00,113
"@ddlovato So basically, I believe you are a sadist. The building of anticipation was cruel and unusual. Yes. You are a sadist. hahahaha ",1957148977,2009-05-28 23:39:21-07:00,136
"@ddlovato, you've just made my day! I love your music. You're super talented and extremely gorgeous. ",1957150074,2009-05-28 23:39:34-07:00,101
"@ddlovato OH that's great, I can't wait to see it ",1957160868,2009-05-28 23:41:21-07:00,50
@ddlovato great..excited about it already ,1957169913,2009-05-28 23:42:54-07:00,42
@ddlovato if I sent you a twitpic link would you look at it ;) not yet...but later? ROFL...it's gonna be EPIC! ,1957170147,2009-05-28 23:42:56-07:00,111
@ddlovato DEMI I CANT WAIT! i love you so much  your amazing xo,1957171658,2009-05-28 23:43:13-07:00,63
@ddlovato hey demi  i hope i get to meet you again this summer  you're such a sweet girl ,1957172302,2009-05-28 23:43:20-07:00,89
@ddlovato u rock!! i hope theres a breakup song on this album of yours ,1957183242,2009-05-28 23:45:12-07:00,71
@ddlovato congrats! For your new record ,1957184881,2009-05-28 23:45:27-07:00,40
@ddlovato So excited ! Im sure it's gonna be soooo good ,1957185111,2009-05-28 23:45:30-07:00,56
"@ddlovato Thank you Demi, I can't wait ",1957196200,2009-05-28 23:47:29-07:00,39
@ddlovato yayyyyyyyyyyyy!! Whens a song gonna be released!??? ,1957196425,2009-05-28 23:47:34-07:00,62
"http://twitpic.com/664h0 The new, beautiful and dazzling Demi Lovato (@ddlovato) ",1957206789,2009-05-28 23:49:23-07:00,81
"@ddlovato I just watched a performance of yours doing ""dont forget"" and it got me crying. You are an amazing artist ",1957218069,2009-05-28 23:51:23-07:00,116
@ddlovato YEY! New album! I can't waaaaaaitt! ,1957229660,2009-05-28 23:53:26-07:00,46
@ddlovato yay! i'll watch the music video when it comes out   ,1957312452,2009-05-29 00:07:35-07:00,62
"@ddlovato yayyyy!! thaank u for telling us something more for my ""can't wait"" list, your new record ",1957334586,2009-05-29 00:11:16-07:00,100
@ddlovato that's super cool cant wait to hear Here we go again  and see the video,1957382865,2009-05-29 00:19:54-07:00,81
"@ddlovato I disagree with @earthtoandrew! Shoot the video in Miami, Florida! And you can vacation here while you're at it. ",1957433310,2009-05-29 00:29:20-07:00,123
@ddlovato do you think you could tour the UK any time soon because that would just be an amazing concert ...can't wait for june 15th  x,1957467768,2009-05-29 00:35:39-07:00,135
"@ddlovato OMGWTFDQ?! im so happy now  you've made my day, scratch that , my week!! ily xx",1957477789,2009-05-29 00:37:33-07:00,89
@ddlovato awesome!!! is it coming out worldwide on the same date? can't wait for your new album ,1957529642,2009-05-29 00:47:25-07:00,96
"@ddlovato whats a new album name? love your ""dont forget"" song ",1957608614,2009-05-29 01:02:04-07:00,63
still watching sonny with a chance  yay  i love you @ddlovato xoxox,1957638313,2009-05-29 01:07:37-07:00,67
@ddlovato http://twitpic.com/65r98 - You look amazing! Totally looove the jacket. I want one lol.Beautiful as always! ,1957701262,2009-05-29 01:19:51-07:00,118
@ddlovato I just watch princess protection program and I loved to film is great ,1957741565,2009-05-29 01:27:49-07:00,80
"@ddlovato Gosh, I wanna listen to your album.. July 21st, already on my calendar ",1958054804,2009-05-29 02:30:28-07:00,81
"@ddlovato you're the best, I love you and I can wait to hear your new songs ",1958066116,2009-05-29 02:32:39-07:00,76
@ddlovato http://twitpic.com/65r98 - you look so mature and beautiful ,1958113705,2009-05-29 02:42:25-07:00,70
"@ddlovato AAAH , YOU ROCK GIRL ! I'll be there for you always ",1960144110,2009-05-29 07:29:40-07:00,62
"@ddlovato sooo you never answer me and it makes me sad :\ then, i remember your concert is in 79 days in michigan, then im happy  !",1960397713,2009-05-29 07:54:02-07:00,131
@ddlovato I am fan number 1   I always wanted to be singer and actress If my dream it accomplishes I wants to be as you =D,1960695756,2009-05-29 08:21:58-07:00,122
@ddlovato So cute. You have an awesome sister. ,1960760652,2009-05-29 08:27:50-07:00,47
"@ddlovato http://twitpic.com/66hcb - Oh, they're so adorable!! ",1961048258,2009-05-29 08:54:24-07:00,63
@ddlovato http://twitpic.com/65r98 - Dang girl! You are so beautiful! I'm so jealous! ,1961266230,2009-05-29 09:14:13-07:00,86
"@ddlovato http://twitpic.com/66hcb - aww, this is the cutest thing in the world! ",1961442874,2009-05-29 09:30:36-07:00,81
@ddlovato http://twitpic.com/65r98 - you look awesome!  i love u!,1961702791,2009-05-29 09:54:53-07:00,65
@ddlovato collaborations with john mayer? I think I feel a sense of pride for you and I haven't met you.. but i have  through your songs. ,1962042641,2009-05-29 10:26:05-07:00,138
"@ddlovato http://twitpic.com/66hcb - GOSH , this picture is sooo cute ",1962045605,2009-05-29 10:26:21-07:00,70
"@ddlovato http://twitpic.com/65r98 - woooooooooooooooooooooww, u look soo gorgeous! and so different haha, but u look so pretty!       ...",1962069295,2009-05-29 10:28:33-07:00,138
thinks that @ddlovato's 'sonny with a chance' is shit. Id rather watch hannah montanna anyday ,1962093206,2009-05-29 10:30:45-07:00,94
"@ddlovato coming from you i'm sure it's a great one, the new song ",1962376272,2009-05-29 10:57:06-07:00,66
@ddlovato http://twitpic.com/66hcb - This is So SWEET ^^ I Lovee YOU ,1962486159,2009-05-29 11:07:11-07:00,69
@ddlovato http://twitpic.com/65r98 - this doesn't look like you ,1962630932,2009-05-29 11:21:21-07:00,64
@ddlovato oh thats great. I can't wait to watch it . DEMI you rock 1  Your #1 FAN . Please reply me if you can . Please. Love ya <3,1962798689,2009-05-29 11:41:14-07:00,131
@ddlovato-It's follow friday!! Follow me please ,1962961247,2009-05-29 11:59:29-07:00,48
@ddlovato http://twitpic.com/4foca - your sunglasses are alike mine *-* pretty ,1963426491,2009-05-29 12:42:22-07:00,79
@ddlovato that song is great... kenny chesney is amazing ,1963464200,2009-05-29 12:45:44-07:00,57
@ddlovato CAN WAIT FOR OUR ALBUM really  i dont sleep ;P joke haha,1963820353,2009-05-29 13:17:56-07:00,66
"@ddlovato Awesome, is Paradise the Bahama's??? I love it there, when I went my kid sister was the same age as Maddie and she loved it ",1963928503,2009-05-29 13:27:49-07:00,134
@ddlovato but would you rather be doing anything else? i hope soon my dream will come true too ,1963928859,2009-05-29 13:27:51-07:00,95
@ddlovato wheree aree you going? ,1963931132,2009-05-29 13:28:03-07:00,33
@ddlovato I LOVE YOU SO MUCH ! Please Reply Back ! I LOOOOOOOVEE YOOU Demetria Lovato ! ,1963997990,2009-05-29 13:34:09-07:00,88
"@ddlovato YES. It is impossible to spread butter on cornbread... But in the end, it's all good ",1963998661,2009-05-29 13:34:13-07:00,95
"@ddlovato for ur work and ur way to live ur life!  n srry for my english, bt i'm brazilian ;p",1964017359,2009-05-29 13:35:55-07:00,93
"@ddlovato Awesome, is Paradise the Bahama's??? I love it there, when I went my kid sister was the same age as Maddie and she loved it ",1964017789,2009-05-29 13:35:57-07:00,134
@ddlovato Do ever regret you got famous? Do want to have a normal life sometimes or do you love the way your life is now? ,1964017994,2009-05-29 13:35:58-07:00,122
"@ddlovato i hate cornbread; everyone in my family loves it; lol (: but, they put butter on cornbread ",1964018873,2009-05-29 13:36:03-07:00,101
"@ddlovato haha  love you demi, your amazing, please come to Montreal..and thank you for everything  <3 Shea",1964020323,2009-05-29 13:36:11-07:00,107
"@ddlovato http://twitpic.com/65r98 - im not used to you without the bangs yet, haha  but its still really pretty. ",1964095916,2009-05-29 13:43:03-07:00,114
@ddlovato i love your twitter background ,1964096893,2009-05-29 13:43:10-07:00,41
@ddlovato http://twitpic.com/66hcb - one of my puppys name is bella too  cute name !,1964097166,2009-05-29 13:43:10-07:00,84
"@ddlovato If Tylenol, duct tape and a band-aid can't fix it...you've got serious problems! ",1964098129,2009-05-29 13:43:15-07:00,91
"@ddlovato http://twitpic.com/65r98 - oh yeah, and I don't want this to sound weird or creepy but I love your eyebrows. lol ",1964102903,2009-05-29 13:43:41-07:00,123
@iamdiddy behind enemy lines by @ddlovato what's yours? ,1964104020,2009-05-29 13:43:47-07:00,56
"@ddlovato come to Colombia, please.... you're awesome, kisses ",1964196656,2009-05-29 13:52:10-07:00,62
"@ddlovato I'll be getting that album  ...by the way, I didnt know that you know Tom Fletcher from Mcfly. Have you met the mcfly boys?",1964706637,2009-05-29 14:40:15-07:00,133
"@ddlovato your doing great demi, keep up the good work ",1964773989,2009-05-29 14:47:00-07:00,55
Follow Friday! @TTFrutti @ellenhalvorsen @mileycyrus @mitchelmusso @jonasbrothers @ddlovato  ,1964957400,2009-05-29 15:05:23-07:00,93
@selmaa1 needs to stop tweeting @ddlovato  LOL,1964990929,2009-05-29 15:08:50-07:00,46
@ddlovato http://twitpic.com/65r98 - your beautiful  i want to meet you so bad! haha,1965218197,2009-05-29 15:32:04-07:00,84
@ddlovato You're a fantastic singer. Can you tell us when you're going to release your SINGLE though?!  Thanks in advance.,1965219000,2009-05-29 15:32:09-07:00,122
@ddlovato ....i dont know if you know this but you rock  come to ireland !,1965483594,2009-05-29 16:00:09-07:00,74
@ddlovato So excited for your new album!  Just got 'Dont Forget' a few weeks ago and listened/sang to it the entire drive from NY to MA ,1965507372,2009-05-29 16:02:34-07:00,136
@ddlovato Please watch!!!! It isn't that good but i really hope u like it  http://bit.ly/QRFa4,1965562010,2009-05-29 16:08:20-07:00,94
@ddlovato You like that taste of pizza? I love cheese with ham. Hahahah reply me pleasee ,1965825803,2009-05-29 16:36:46-07:00,89
@ddlovato listen I'm goon to see u at Nassau be I need to no if beer will b available. Yes I'm 21. Love u ,1965916982,2009-05-29 16:46:54-07:00,106
"@ddlovato, @selenagomez @mileycyrus you guys have to come to ottawa you cant forget about us come see us! ",1966004422,2009-05-29 16:56:45-07:00,106
@selenagomez @ddlovato you 2 are sooooooooooooooooooooooooooooo funny its unreal haha ,1966004552,2009-05-29 16:56:46-07:00,86
It's #followfriday so follow @mileycyrus @TraceCyrus @TheBrandiCyrus @ddlovato @selenagomez @taylorswift13 and @ashleytisdale ,1966166236,2009-05-29 17:14:57-07:00,126
@ddlovato http://twitpic.com/65r98 - How do you look so gorgeous ALL THE TIME?! So not fair! Can't wait for your new album!!! ,1966199687,2009-05-29 17:18:50-07:00,126
"@ddlovato iloveyou ! your voice is increible ! the best person and singerr, i loveyou demii,  i'm from Argentina( sorry for my english)(L)",1966305029,2009-05-29 17:31:16-07:00,138
"@ddlovato i love you soo mucn, words can't even describe it. ",1966558636,2009-05-29 17:59:23-07:00,61
@ddlovato http://twitpic.com/66hcb - aww this is so cute and adorable ,1966728310,2009-05-29 18:17:27-07:00,70
@ddlovato I love demi ? pLease come back to chile ,1966799580,2009-05-29 18:25:19-07:00,50
@ddlovato haha You can RELAX now )  take it easyy  ?,1966801305,2009-05-29 18:25:31-07:00,52
"@ddlovato Happy to read that! Your rock  love u so much! your show in argentina was amazing, I miss u !! please cme back  xx",1966801794,2009-05-29 18:25:34-07:00,124
@ddlovato im watching camp rock!! =P u look so changed after it!!  is there a sequel??,1966820362,2009-05-29 18:27:35-07:00,86
@ddlovato Awesome! I really  can't wait to see it...I also can't wait to see princess Protection Program ,1966820760,2009-05-29 18:27:38-07:00,105
@ddlovato Demi!hi! getting a blender for the tour? it's cool to bring a blender along. haha and eat healthy is good! ,1966839365,2009-05-29 18:29:39-07:00,117
@ddlovato Oooo! You will soon be causing girly happiness galore around here! ,1966839980,2009-05-29 18:29:44-07:00,77
@ddlovato I can't imagine you that way. I see you as more of a rocker ,1966840238,2009-05-29 18:29:45-07:00,70
@ddlovato It must be fun  You have a great voice..,1966841135,2009-05-29 18:29:51-07:00,50
"@ddlovato aaw! can't wait to see it!  Love you, Demi! I dream with the day i'll meet you! You're such an role model! and you're my age! <3",1966841444,2009-05-29 18:29:53-07:00,138
@ddlovato Hi Demi!! i would really love it if u watched this  its ot that good but i really hope u like it   http://bit.ly/QRFa4,1966857229,2009-05-29 18:31:34-07:00,128
@ddlovato can't wait till the ppp premier in toronto june 17th im defs gonna be there  great way to end the school year,1966858564,2009-05-29 18:31:43-07:00,119
@ddlovato Just wanted to say your awesome and so beautiful! dont you ever forget that ,1966859800,2009-05-29 18:31:51-07:00,86
@ddlovato I'm anxiously to see your next video ,1966876992,2009-05-29 18:33:46-07:00,47
@ddlovato i can't wait either! love you! ,1966877230,2009-05-29 18:33:47-07:00,41
@ddlovato are you going to come to Australia ??   ,1966877936,2009-05-29 18:33:52-07:00,50
@ddlovato Now that makes sense ,1966878476,2009-05-29 18:33:55-07:00,31
"@ddlovato I wish I was a celeb like you, Miley Cyrus, Selena Gomez, Taylor Swift, and all those pretty girls out there! ",1966878760,2009-05-29 18:33:57-07:00,120
"@ddlovato  hey just wanna know,do you have facebook account?? ",1966893924,2009-05-29 18:35:35-07:00,62
@ddlovato you were perfect in the show here in sï¿½o paulo.  I love you songs ,1966894882,2009-05-29 18:35:42-07:00,78
@ddlovato Hi demi im such a big fan i can't wait till ur album and Honduras Loves Youu!  GOD BLESS YOU AND UR FAM ,1966894992,2009-05-29 18:35:42-07:00,114
hello @ddlovato just wanted to encourage you and hope you had a wonderful day ,1966896125,2009-05-29 18:35:50-07:00,78
"@ddlovato im sure it will be phenomenal, just like ""you""    ",1966911645,2009-05-29 18:37:33-07:00,60
"@ddlovato im sure it will be phenomenal, just like ""you"" ",1966912350,2009-05-29 18:37:37-07:00,57
@ddlovato and we can't wait to see it! ,1966912596,2009-05-29 18:37:39-07:00,39
@ddlovato You know what be amazing ? A REPLY. ok cool. ,1966912859,2009-05-29 18:37:41-07:00,55
@ddlovato I can't wait to see you !!  you're so amazing !! ,1966915444,2009-05-29 18:37:59-07:00,59
@ddlovato I love your videos! ,1966930707,2009-05-29 18:39:41-07:00,30
@ddlovato You're the voice I hear inside my head. The reason that I'm singing. I need to find you. I gotta find you. ,1966946251,2009-05-29 18:41:24-07:00,117
"@ddlovato omg, i cant wait neither.. haha, goodnigh ",1966961077,2009-05-29 18:43:03-07:00,52
@ddlovato i see what u saying im going to write a book about u and the jonas brothers just watch and see me !!  ahahah lol but forreals! ,1966961327,2009-05-29 18:43:04-07:00,137
@ddlovato Woow! The Middle is my favourite song! ,1966984978,2009-05-29 18:45:43-07:00,49
@ddlovato is amazing! http://bit.ly/KKR4M  this made me cry ,1966984992,2009-05-29 18:45:43-07:00,60
"@ddlovato YOU'RE AMAZING! I would love love loveee to meet you someday! Think of Buffalo, NY next time you make your tour list please! ",1966986480,2009-05-29 18:45:53-07:00,135
"@ddlovato hehe just wanted to say that I love your backgroune hehe and yea you should do a video that is ""you""!! ",1966987182,2009-05-29 18:46:00-07:00,113
"@ddlovato What would be your favourite music video that you've filmed so far? The one that's the most ""you""  Don't Forget?",1966987506,2009-05-29 18:46:01-07:00,122
"@ddlovato http://twitpic.com/65r98 - wow, this is soooooooo incredibly gorgeous!  you are beautifullll demi!  ",1967021303,2009-05-29 18:49:48-07:00,110
"@ddlovato heello! demi, i'm your fan.  I can't believe it. OMG ! ",1967250274,2009-05-29 19:14:18-07:00,65
@ddlovato haha my mom likes your music! she hear it on radio disney and she say you are super cute! and she like your voice ,1967269028,2009-05-29 19:16:17-07:00,124
@ddlovato Deemiii  i love you girrrl<3 im such a big fan.. you shuld really come to toronto in Canada Ontario ; ) your boyond amaaazing<3,1967359440,2009-05-29 19:26:12-07:00,137
@ddlovato http://twitpic.com/2cap4 - awww!!! PUPPY!!!!!!!!!!!!!!!!!  super adorable!!!! i love how dog's eyes changes in pics! in on ...,1967417081,2009-05-29 19:32:27-07:00,136
@ddlovato All my best wishes an music have to be the more yourself that you can ,1967513038,2009-05-29 19:43:09-07:00,80
"@RealZoltan I'm number one in replies to @ddlovato ! and this kinda counts as a reply to her to, cuz i have her twitter in it. ",1967588017,2009-05-29 19:51:19-07:00,127
"@ddlovato btw, I am so coming to the SUMMER TOUR Demi ",1967642755,2009-05-29 19:57:22-07:00,54
"Love @mileycyrus, @tommcfly, @dougiemcfly, @dannymcfly, @harrymcfly, @ddlovato and my family ",1967849543,2009-05-29 20:19:21-07:00,93
@officiallmiley ok.when you text them could you ask them to post ur name on their @ddlovato account and @selenagomez account pls. ,1968264942,2009-05-29 21:05:18-07:00,130
@ddlovato I can't wait to hear your single and see ur music video! Yay! haha ,1968352311,2009-05-29 21:15:36-07:00,77
@ddlovato So you literally passed high school?  Congrats Gurll,1968494737,2009-05-29 21:33:24-07:00,62
@ddlovato I can not wait for your ablum Demi and tour and EVERYTHING! I love you ,1968708448,2009-05-29 22:01:52-07:00,81
@ddlovato your album!! Can you tell us when your releasing your first song? ,1968708612,2009-05-29 22:01:54-07:00,76
"@ddlovato @selenagomez I'm very proud of both of you  you're such an inspiration and amazing role models, and...",1968709830,2009-05-29 22:02:04-07:00,112
@ddlovato you should write a song together. It would be awesome  Hope my dreams come true too! Cross your fingers for me ,1968710320,2009-05-29 22:02:08-07:00,121
@ddlovato i'm so proud of you ,1968711524,2009-05-29 22:02:17-07:00,30
"@ddlovato Good luck with your albuuuum!!  U know something quite funny happened to me with one of your songs, but it's quite touching &..",1968748267,2009-05-29 22:07:22-07:00,137
@ddlovato awww  me and my bff is ganna be next jk well atleast me haha,1968750775,2009-05-29 22:07:45-07:00,70
@ddlovato come to chile again and with selena gomez  i love you (:,1968782988,2009-05-29 22:12:19-07:00,66
@ddlovato I loooove you demi <3  you are so beautiful and you're the best ,1968793069,2009-05-29 22:13:50-07:00,74
@ddlovato hey demi how you goin? ,1968821411,2009-05-29 22:17:58-07:00,33
@ddlovato AHH i'm dying to go to ur tour!! will u help me beg my parents? lol ;) love ya so much can't wait til ur new album!! ,1968834161,2009-05-29 22:19:56-07:00,127
@ddlovato  its good to see best friends working together again ,1968847148,2009-05-29 22:21:50-07:00,63
"@ddlovato your awesome, can't wait for the new album!  ur one of my fav. singers & I <3 sonny w/ a chance! <333333 raelynne",1968848502,2009-05-29 22:22:02-07:00,123
@ddlovato fly on the wall ,1968849164,2009-05-29 22:22:08-07:00,26
@ddlovato haha awww u guys better watch her or she'll spazz out! that'd be a hilarious pic.  elle.oh.elle.,1968849709,2009-05-29 22:22:13-07:00,106
@ddlovato .. i love your voice ,1968850470,2009-05-29 22:22:20-07:00,31
@ddlovato Ummm; I uhh. I love you. I think your amazing. ,1968862213,2009-05-29 22:24:08-07:00,57
"@ddlovato hey demi... I really love your songs, your amazing voice, and you! keep rockin'! ",1968863451,2009-05-29 22:24:19-07:00,91
@ddlovato Its just because everyone loves you Demi  haha,1968890477,2009-05-29 22:28:24-07:00,56
"@ddlovato omg hahahahahaha, i love madison, she's one of the most amazing little girls ",1968890655,2009-05-29 22:28:26-07:00,87
@ddlovato that's because you are just so darn delightful Demi!  ,1968900124,2009-05-29 22:29:55-07:00,64
@ddlovato Haha....it's funny if u look at it like that  How's she doing?,1968902464,2009-05-29 22:30:14-07:00,72
@ddlovato i kind of love your family ,1968903575,2009-05-29 22:30:24-07:00,37
"They had cornbread for 50 cents at the store, from now  on when I see corn bread I will think @ddlovato ",1968915749,2009-05-29 22:32:12-07:00,104
@ddlovato haha! you should bring dalas and madison to london  i know they'll love it in london!... cant wait to see you! topshopaholic ,1968916571,2009-05-29 22:32:20-07:00,135
@ddlovato Tey should be ,1968927793,2009-05-29 22:34:05-07:00,24
@ddlovato hey How are you? I cant wait for your new album  xxxx,1968927976,2009-05-29 22:34:06-07:00,63
@ddlovato They should be ,1968930088,2009-05-29 22:34:26-07:00,25
@ddlovato LA LA LAND OUT JUNE 1ST UK RELEASE ,1968938359,2009-05-29 22:35:42-07:00,45
@ddlovato they r nice cause u r nice! ,1968954788,2009-05-29 22:38:19-07:00,38
@ddlovato those are so fun to play with! ,1968965942,2009-05-29 22:40:07-07:00,41
"@ddlovato i love roly polys! I haven't found one in forever!  You're awesome, Demi! Can't wait until your new album!",1968966366,2009-05-29 22:40:10-07:00,116
@ddlovato omg! i was cleaning my back yard and i found like a whole village of them! there was like 10 of them! ,1968968258,2009-05-29 22:40:28-07:00,112
@ddlovato Aww. I used to always catch those when I was little! ,1968968585,2009-05-29 22:40:31-07:00,63
@ddlovato My daughter brought six of those roly-polys in the house last week.  I almost sat on one.  ,1968968997,2009-05-29 22:40:35-07:00,101
@ddlovato i hope u can still have a great vacation.. ,1968969227,2009-05-29 22:40:37-07:00,53
"@ddlovato OMG! Those are the CUTEST bugs ever! haha if i was a bug, i would be a rolly polly ",1968977375,2009-05-29 22:41:58-07:00,93
@ddlovato I love those. Haa they're so cool!!!! ,1968977671,2009-05-29 22:42:01-07:00,48
@ddlovato i did this for u http://twitpic.com/4re2c but becomes in this http://twitpic.com/5wcbk  love all bout you!! 8D,1968977834,2009-05-29 22:42:02-07:00,120
@ddlovato aw i used to love those!  did you keep it? i can't wait for your cd,1969003447,2009-05-29 22:46:09-07:00,77
"@ddlovato Awesome, I saw your vid pics ",1969005050,2009-05-29 22:46:24-07:00,39
@ddlovato-How u handle the paps is awesome. All you guys how u handle them is just amazing!! Can I be your guys friend ,1969016781,2009-05-29 22:48:20-07:00,119
@ddlovato i'm watching sonny with a chance  lovelove,1969017181,2009-05-29 22:48:24-07:00,52
@ddlovato oh my gosh me too! ,1969017995,2009-05-29 22:48:33-07:00,29
"@ddlovato Demiii, I cant wait for your new album to come outtt!! Sooo excited  Love ya <3",1969038836,2009-05-29 22:52:00-07:00,89
@ddlovato where are u vacationing? It sounds fun! Can't wait for ur new album and the tour!!!! ,1969039259,2009-05-29 22:52:04-07:00,95
@ddlovato DEMIIIII  I WISH I WERE YOU! YOUR LIFE ROCKS HAHA,1969039978,2009-05-29 22:52:11-07:00,59
@ddlovato demiiii london...  you should come... now.... soon... ,1969040113,2009-05-29 22:52:12-07:00,64
@ddlovato i loooove you demerzz ,1969040703,2009-05-29 22:52:18-07:00,32
@ddlovato i can't wait till your new album  you're amazing.,1969041216,2009-05-29 22:52:24-07:00,59
@ddlovato do u like the beatles <3? i think are AWESOME ,1969041242,2009-05-29 22:52:24-07:00,56
@ddlovato have a good trip ,1969041723,2009-05-29 22:52:29-07:00,27
@ddlovato are you camping for vacation?! ,1969042458,2009-05-29 22:52:36-07:00,41
@ddlovato Check it out! Is a video about you   http://bit.ly/YiYHK,1969064850,2009-05-29 22:56:21-07:00,66
@ddlovato Hi.Demi im watching sonny with a chance (sunny entre estrellas) in Mexico...you totally rocks! the serie is awosome...Love it! ,1969089931,2009-05-29 23:00:20-07:00,137
HE'S 5 YEARS OLD AND HE HAVE A CRUSH ON @ddlovato IM LIKE YOU SHOULD HAVE A CRUSH ON MADISSON  HAHA,1969116030,2009-05-29 23:04:21-07:00,99
@ddlovato http://twitpic.com/4vtlm - a shih zhu .. i have one of them .. but mine is big boned .. so its bigger. my dogs name is biscuit ,1969116070,2009-05-29 23:04:21-07:00,137
currently watching sonny with a chance on youtube.starring demi lovato!(@ddlovato).haha.great show ,1969151654,2009-05-29 23:10:10-07:00,99
@ddlovato have fun. I'm looking at things for my senior trip for next year.  I'm think Puerto Vallarta.  i'm so excited.,1969189951,2009-05-29 23:16:44-07:00,120
@ddlovato awe potatoe bugs(roly-polys) are soo cute!! I work at a daycare and all the kids love finding them ,1969210765,2009-05-29 23:20:24-07:00,109
@ddlovato D would u mind calling my say now# and leave a message maybe some advise  407- 545-6587 myspace.com/mannybluesmusic,1969266784,2009-05-29 23:30:25-07:00,125
@ddlovato hey what's up?? U should follow me so we could dm  cuz it's HARD to just send u a @reply please do me that favor :],1969415135,2009-05-29 23:58:10-07:00,125
@ddllovato ok  but could you go on @ddlovato and tell us where you are. itd be better on taht one cuz u have more folloers there!,1969602271,2009-05-30 00:34:36-07:00,129
"can wait for the @ddlovato new music vid ""the gift of a friend"" she looks amazing in it!  love ya demiii! x",1969700913,2009-05-30 00:55:05-07:00,107
@Ddlovato omg! I remember those. Hahah.  I want one!,1969716020,2009-05-30 00:58:20-07:00,52
I wonder where @ddlovato has gone on Vacation too... ,1969826988,2009-05-30 01:22:31-07:00,53
@ddlovato Hey Demi  This Twitter page is dedicated to you  Please follow me! thank you so much ,1969847434,2009-05-30 01:27:15-07:00,95
@ddllovato thanks that made me feel alot better  but i just wanted 2 ask if you could go on @ddlovato and say that this is your 2nd twiter,1969957717,2009-05-30 01:53:01-07:00,138
"@ddlovato http://twitpic.com/66hcb - Maddie will look so much like you when she gets older, I can see it. ",1970100214,2009-05-30 02:27:19-07:00,106
@ddlovato @selenagomez Im Recording A Song Aand I Want To Know If It Sounds Good If I Send You The Link  ???,1970173113,2009-05-30 02:45:30-07:00,108
@ddlovato http://twitpic.com/66hcb - ur sister is so hilarious on desperate housewives. so amazing ,1970479085,2009-05-30 04:01:55-07:00,99
@ddlovato hi demi! pls. check out our pic! / fanpic!  thanks!!  our outfits were not on purpose! ,1970560785,2009-05-30 04:21:26-07:00,97
@ddlovato hi demi! pls. check out our pic/fanpic!  the outfits were not on purpose! ) its a coincidence! hehe! http://twitpic.com/68yn0,1970578926,2009-05-30 04:25:44-07:00,135
@ddlovato hello Demi  when does your album come out??,1970891528,2009-05-30 05:34:03-07:00,53
"@ddlovato  haha  hope u have funn! i cant wait until ur tour, im going to the one in moline, illinois ",1970892124,2009-05-30 05:34:09-07:00,102
@ddlovato awsome hope you enjoy and have fun at vacation ,1970892672,2009-05-30 05:34:17-07:00,57
@ddlovato well have fun and stay safe!! ,1970892742,2009-05-30 05:34:17-07:00,40
@ddlovato Where are you going? ,1970894086,2009-05-30 05:34:33-07:00,31
@ddlovato ...enjoy your vacation..it seems like it is much needed and you deserve it ,1970894217,2009-05-30 05:34:35-07:00,85
@ddlovato Hope you have an amazing vaction!! I guess its your first one in a while! Can't wait to hear your album though ,1970894728,2009-05-30 05:34:41-07:00,121
"@ddlovato woo vacations.I hope u enjoy it  did u like brazil? m braziling,I really would like to see u, but I couldn't :/ love ya demi ",1970902775,2009-05-30 05:36:15-07:00,135
@ddlovato i give u a flower reply me please  http://twitpic.com/693hj,1970912301,2009-05-30 05:38:12-07:00,69
y must @ddlovato be cool ?? i TOTALLY LOVE HER =D rock on demi ,1970924614,2009-05-30 05:40:39-07:00,63
"@ddlovato hey, have a great holiday, you deserve it after all the work you've put in for your fans lately  thankyou for doing that for us",1970935264,2009-05-30 05:42:45-07:00,137
@ddlovato i want a vacation too! though i just came home from one  i want it extended ),1970955862,2009-05-30 05:46:47-07:00,87
@ddlovato have fun demi! When are you next coming to the uk?  I want to come see you ,1970962695,2009-05-30 05:48:06-07:00,85
@ddlovato hi demi! yeah @KimAlojado was right! hope to see u at d philippines! ,1970972392,2009-05-30 05:49:58-07:00,79
@ddlovato lucky youu !  I stiil have exams and school,1970984550,2009-05-30 05:52:15-07:00,53
@ddlovato Poor you! You looked exhausted yesterday! But still amazingly beautiful! You totally deserve that vacation! ,1970994787,2009-05-30 05:54:09-07:00,118
@ddlovato r u there lol. and r u replying to comments atm? Hope all is well and hope the nose is ok -Stuffy- or was that just Tom lol  x,1971007463,2009-05-30 05:56:33-07:00,136
"@ddlovato hey, have a great holiday, you deserve it after all the work you've put in for your fans lately  thankyou for doing that for us",1971027609,2009-05-30 06:00:13-07:00,137
@ddlovato HI! today its my birthday please say happy b!!! ,1971042729,2009-05-30 06:02:43-07:00,58
@ddlovato @tommcfly Are you both on the same airport or are you both just on an airport with runny noses?  <3,1971054569,2009-05-30 06:04:48-07:00,109
@ddlovato have fun on vacation demi! you deserve it ,1971065487,2009-05-30 06:06:40-07:00,52
@ddlovato you must be glad to be on vacation....where did you guys go? ,1971121398,2009-05-30 06:16:26-07:00,71
@ddlovato I'm so stoked about your new CD =] I can't wait for it! You inspire me so much. I love you ,1971170769,2009-05-30 06:24:50-07:00,101
@ddlovato where are you going? have a nice holiday. ,1971333426,2009-05-30 06:51:05-07:00,52
"@ddlovato Have a good time on your vacation and a lot of fun, you deserve it. ",1971342360,2009-05-30 06:52:30-07:00,78
"@ddlovato aww lol, r u on tour wid da jo bros ?? Pleasee sayy hii to mee, wudd make me soo happy  x",1971342410,2009-05-30 06:52:30-07:00,99
@ddlovato YEs! Finally to your home! Hope all is going to be perfect for you ,1971342862,2009-05-30 06:52:35-07:00,77
@ddlovato hav a nice vacation  i'm here waiting for ur tweet...and ur new song ,1971343325,2009-05-30 06:52:39-07:00,79
@ddlovato where are you going ? ,1971344354,2009-05-30 06:52:49-07:00,32
@ddlovato whr r u goin for vaca? lemme knw if its worth goin to! Plz n ty! ,1971344825,2009-05-30 06:52:54-07:00,75
"@ddlovato DEMI! I LOVE YOU! SO MUCH! okay, yeah. anyways i have 15th row for your concert in nj!  i cant wait! wanna be my best friend? ",1971346005,2009-05-30 06:53:05-07:00,136
"@ddlovato  I'm up early too, it's like 7:00 over here (Canada) & it totally wouldn't bother me, but it's the weekend xD have fun on vacay!",1971346035,2009-05-30 06:53:05-07:00,138
@ddlovato Where you heading too? ,1971357942,2009-05-30 06:54:56-07:00,33
"@ddlovato ill tell you somethinn, i REALLYY want a reply from you y'know ",1971358887,2009-05-30 06:55:05-07:00,73
@ddlovato Demiiii  we love you!! come to Australia!! U ROCK!! xo,1971369792,2009-05-30 06:56:44-07:00,64
@ddlovato where are you doing your vacation? ,1971369936,2009-05-30 06:56:45-07:00,45
@ddlovato I can't wait to see u in August ,1971381931,2009-05-30 06:58:37-07:00,42
@ddlovato i so dayum want you to reply ,1971383405,2009-05-30 06:58:51-07:00,39
@ddlovato OMG I SEE U TOO!...on my computer screen  happy flying,1971399190,2009-05-30 07:01:03-07:00,64
"@ddlovato have a good time in the bahamas, kiss a sealion for me ",1971411452,2009-05-30 07:02:54-07:00,65
@ddlovato YOU ARE SOSO COOL yea ,1971413279,2009-05-30 07:03:08-07:00,32
@ddlovato Enjoy it! You deserve it ,1971426039,2009-05-30 07:04:59-07:00,35
@ddlovato you can have all my different coloured cookies if you reply  PROMISEEE!,1971427732,2009-05-30 07:05:12-07:00,81
@ddlovato well.. have fun on your vacation! ,1971440043,2009-05-30 07:06:58-07:00,44
"@ddlovato,your amazing! could you help me write a song? ",1971452325,2009-05-30 07:08:45-07:00,56
"@ddlovato, Your Awesome! I love to draw you! I hope you'll ever see it! (: http://twitpic.com/4lvns  I hope you'll ever come to Holland! ",1971452470,2009-05-30 07:08:46-07:00,137
@ddlovato deeeemi! How are you dear?  I love you so much! Brazil wait you again :}}}},1971452930,2009-05-30 07:08:51-07:00,85
@ddlovato good for you.  God bless. ,1971466453,2009-05-30 07:10:43-07:00,36
"@ddlovato omg what a co-inky dink, i was just watching a video on youtube of you at the airport. hope you have fun. you DESERVE IT ",1971466759,2009-05-30 07:10:46-07:00,131
"@ddlovato, Your Awesome! I love to draw you! I hope you'll ever see it! (: http://twitpic.com/4lvns  I hope you'll ever come to Holland! ",1971466813,2009-05-30 07:10:46-07:00,137
"@ddlovato hey hun, how are you doing? can't wait to see you next month, hang out sometime while you're in new england? ",1971469229,2009-05-30 07:11:07-07:00,119
"@ddlovato : Yaay Demi  have fun, enjoyy yourself because you deserve it all ! ily ",1971481876,2009-05-30 07:12:54-07:00,82
@ddlovato i wish you heard my cat sing  shes awesome-ly cool. seriousss!,1971484442,2009-05-30 07:13:14-07:00,72
"@ddlovato so happy you're happy now  enjoy your vacation, Demi! hope you relax this week and enjoy your family. love you so much girl <3",1971512358,2009-05-30 07:16:52-07:00,136
@ddlovato i'm SO happy that you're happy  have an amazing vacation with your family.,1971513853,2009-05-30 07:17:04-07:00,84
@ddlovato awwwe yea!!!! glad your in a good mood!! god bless ,1971514663,2009-05-30 07:17:10-07:00,61
@ddlovato I think ashley still has place in her plane  but whatever if ur coming or not: HAVE FUN ON YOUR TOUR,1971528642,2009-05-30 07:18:58-07:00,110
@ddlovato i love you DEMI !!  -from the philippines,1971530610,2009-05-30 07:19:14-07:00,51
"@ddlovato i cannot wait to see you, in like, 16 days i think?! eeep. ",1971530706,2009-05-30 07:19:15-07:00,69
"@ddlovato please read this, it would mean the whole wide world to me  https://twerbose.com/t8720",1971603681,2009-05-30 07:28:56-07:00,96
@ddlovato have fun on your vacation trip! You deserve it ,1971604263,2009-05-30 07:29:01-07:00,57
"Yall knw, that will b incredible cz @ddlovato is so rocks! N london is a gr8 town! I love both of them, hope u too ",1971620764,2009-05-30 07:31:14-07:00,115
@mileycyrus http://twitpic.com/5r808 - wooowww you are so cuteeeee I love you and @ddlovato ,1971859572,2009-05-30 08:03:13-07:00,92
@ddlovato please reply to me  i am traveling down to London especially to see you and the jonas brothers ! FROM EDINBURGH IN SCOTLAND!! xx,1971971599,2009-05-30 08:17:22-07:00,138
13.jun.2009 20:00 - Palacio de Deportes - Madrid @jonasbrothers @ddlovato Woohoop 2 weeks.. can't wait for it AND THE NEW CD!  love you.,1972001114,2009-05-30 08:21:08-07:00,136
And everyone should campaign that for CR2 @ddlovato and @jonasbrothers aka Joe should be nominated/win best kiss!! ,1972003595,2009-05-30 08:21:27-07:00,115
@ddlovato have fun on your vacation! ,1972331508,2009-05-30 09:01:32-07:00,37
@ddlovato demi i love your twitters makes me smile have fun on vaca.. can't wait 4 ur albumm!  ilyy,1972385027,2009-05-30 09:07:27-07:00,99
@ddlovato http://twitpic.com/66hcb - your little sister is sooo cute! ,1972652344,2009-05-30 09:37:46-07:00,70
@ddlovato Precious in the sight of the Lord is the death of his saints. Psalms 116:15 God bless u demi!!! ,1972899592,2009-05-30 10:05:47-07:00,106
 listening to @ddlovato music. ;) you're a trainwreck but i wouldn't love you if you changed..,1973056348,2009-05-30 10:23:49-07:00,94
@ddlovato i found a rolly polly yesterday too! i found 2 and i got soo excited ahha i was like boyfriend loook!!! ,1973400473,2009-05-30 11:04:31-07:00,114
@ddlovato OMG. demi! you are so amazing and beautiful! you have one of the most powerful voices i've heard! come to canada again! <3 ,1973861570,2009-05-30 11:58:44-07:00,133
@ddlovato are you excited to finally see Selena again ? ,1973912965,2009-05-30 12:04:39-07:00,56
@ddlovato I dare you to go up to a random person in the airport and sing to them. You could change their life! ,1974071444,2009-05-30 12:23:01-07:00,111
"I miss @ddlovato and @itsNICKJONAS Oh and me and @itsNICKJONAS are JUST friends. We are NOT together anymore. And yes ladies, hes single ",1974285590,2009-05-30 12:49:01-07:00,137
@ddlovato and @selenagomez are the best!! ,1974412633,2009-05-30 13:05:09-07:00,42
"@ddlovato hey,I just watched princess protaction programm and i think it's amazing it's an fabulous mix from funny and sad scenes. I?it ",1974529175,2009-05-30 13:19:08-07:00,136
im so happy because @ddlovato is happy  she is a beautiful person ! comeback to chile we love you so much,1974710034,2009-05-30 13:41:18-07:00,105
Don't Forget by @ddlovato just gave me the chills ,1974743812,2009-05-30 13:45:26-07:00,50
@ddlovato Hey Demi! hope ur show goes well  I absolutely luv your album I listen to it all the time. anyway cnt wait for your nxt album! x,1975105905,2009-05-30 14:27:36-07:00,138
Trainwreck - @ddlovato <3 one of many favorites(sp??) ,1975120009,2009-05-30 14:29:25-07:00,54
"""I won't forget you Brazil"" @ddlovato you're amazing! We won't forget you too! Can't wait to see you again ",1975488855,2009-05-30 15:15:54-07:00,107
"@ddlovato     love your song 'dont forget'. Your best yet  good luck on the new album, hope to hear back from you xx",1975785678,2009-05-30 15:53:58-07:00,116
@taylorswift13 u shoulda bought one for urself and for @ddlovato and @selenagomez too! ,1976123251,2009-05-30 16:38:11-07:00,87
@ddlovato http://twitpic.com/65r98 - omg!! this is GORGEOUSS!!!! you are beautiful demi ,1976137944,2009-05-30 16:40:08-07:00,88
"@ddlovato if you followed me,it would make my life!! ",1976533989,2009-05-30 18:22:44-07:00,53
"http://twitpic.com/6azml - @ddlovato LOOK!  it's an escalator at the Abasto mall in Buenos Aires, Argentina. I thought u will like to  ...",1976638540,2009-05-30 18:38:50-07:00,138
"@ddlovato,@selenagomez,@MandyyJirouxx & @miley cyrus, i love all you girls  can i ask why when i go to upload a photo it never lets me?",1976898209,2009-05-30 19:28:58-07:00,135
@ddlovato wow sounds like a great day! any day that involves the beach is a good day haha. which movies did you watch Demi? ,1977894903,2009-05-30 21:57:13-07:00,124
@ddlovato sounds nice  I HOPE YOUR VACATION IS AMAZING.,1977895660,2009-05-30 21:57:19-07:00,55
@ddlovato What a life! ,1977896357,2009-05-30 21:57:25-07:00,23
@ddlovato now that's paradise ,1977897215,2009-05-30 21:57:31-07:00,30
@ddlovato someones gotta do it! Might as well be us...or mostly me..and then you for a bit ,1977909493,2009-05-30 21:59:14-07:00,91
@ddlovato Dude Bride Wars made me cry. ,1977910044,2009-05-30 21:59:19-07:00,39
@ddlovato what movies did u see? i saw cinderella story! ,1977912666,2009-05-30 21:59:41-07:00,57
@ddlovato How are you Demi?  @;-,1977912908,2009-05-30 21:59:43-07:00,32
@ddlovato I love Bride Wars! Tell me how you like Nights in Rodanthe! ,1977924961,2009-05-30 22:01:14-07:00,70
@ddlovato ur watchin such grown up movies!  u lik thes kinda movies..,1977925494,2009-05-30 22:01:17-07:00,69
@ddlovato i'm happy you had a day off! you're my idol demi  you're truly amazing and dont forget it ; ) love you girly!,1977925697,2009-05-30 22:01:19-07:00,119
@ddlovato  It sems you like romance movies?,1977925947,2009-05-30 22:01:21-07:00,43
"@ddlovato This program is great, a question and answer me and your boyfriend? not  have? you know!!!  M&D",1977926463,2009-05-30 22:01:25-07:00,105
"@ddlovato aw i just read nights in rodanthe - suuuuch a good storyline, the movie and book are both great ",1977926681,2009-05-30 22:01:26-07:00,106
@ddlovato im sure you'll cry again.. that's sad story but nice.. love it. ,1977927117,2009-05-30 22:01:30-07:00,74
@ddlovato bride wars was suchhh a cute moviee!!! if you haven't seen marley & me that's amazing. yes man is a good laugh. have fun!! ,1977927327,2009-05-30 22:01:31-07:00,133
@ddlovato @ddlovato heyy d!!! i hope you have a nice weekend!!! hope to see you july 31 in mexico!! ,1977927610,2009-05-30 22:01:34-07:00,100
@ddlovato What is your favorite movie? ,1977928076,2009-05-30 22:01:38-07:00,39
@ddlovato cool. movie marathon! gonna have my marathon laterrr. ,1977928357,2009-05-30 22:01:40-07:00,64
@ddlovato goodluck trying not to cry during Nights in Rodanthe! It's a GREAT movie ,1977940797,2009-05-30 22:03:23-07:00,83
@ddlovato I'm watching that movie right now ,1977941171,2009-05-30 22:03:26-07:00,44
@ddlovato I also love the opening title theme song. ,1977941344,2009-05-30 22:03:27-07:00,52
@ddlovato You are awesome!  You should have come to  Ecuador,1977941421,2009-05-30 22:03:28-07:00,60
@ddlovato i loveeeee that movie!!! It's so cute ,1977942432,2009-05-30 22:03:36-07:00,48
@ddlovato you need to take one on vacation with you from now on! haha....im serious ,1977955112,2009-05-30 22:05:20-07:00,84
@ddlovato cnt wait to see you on stage haha  love love love you!!!!!!!!!!!!!!!!!!!!!!!!!!!!!!!!,1977956719,2009-05-30 22:05:33-07:00,95
@ddlovato I had one!! by my side actually ! ,1977957150,2009-05-30 22:05:37-07:00,44
@ddlovato June 22nd for me! I'll be there 11th row with handmade hot pink shirt on ,1977957265,2009-05-30 22:05:38-07:00,83
"@ddlovato hiii Demi, I hope you're having a wonderful vacation ",1977971252,2009-05-30 22:07:36-07:00,63
@ddlovato PLAY HERE IN THE PHILIPPINES! I have a guitar. You can have it.  ),1977982982,2009-05-30 22:09:18-07:00,76
@ddlovato Enjoy your vacation! You deserved it. You're working too hard. ,1977996383,2009-05-30 22:11:12-07:00,73
"@ddlovato @mileycyrus your eye, makin' me realize, life is flying by... im not an amazing songwriter like u 2 but ya'll r my inspiration! ",1977998549,2009-05-30 22:11:30-07:00,138
@ddlovato woaw! Demi you really got it going on ,1977999428,2009-05-30 22:11:38-07:00,48
"@ddlovato nights in rodanthe is by far my favorite movie  go get a box of tissues though, you'll need 'em!",1978025050,2009-05-30 22:15:21-07:00,106
"@ddlovato Hey, uh, you wanna have a quick jam session? ahaha. Just wondering. ",1978025654,2009-05-30 22:15:25-07:00,78
@ddlovato i'm down for a personal concert RIGHT now  that'd be so intense. haha ,1978025836,2009-05-30 22:15:27-07:00,80
@ddlovato I think The Notebook was better and Gere always belongs with Roberts ,1978027587,2009-05-30 22:15:41-07:00,79
"no matter how down I am, @ddlovato always seems to make me Smile! ",1978039346,2009-05-30 22:17:22-07:00,66
@ddlovato i have heard that movie is soo funny.  i want to see it!,1978041034,2009-05-30 22:17:37-07:00,66
"""funny the way it is if u think about it someone's broken heart has become ur favorite song"" perfect for @ddlovato, an amazing artist ",1978055202,2009-05-30 22:19:45-07:00,134
@ddlovato you can play guitar? Amazing. You're a genius ,1978069390,2009-05-30 22:21:48-07:00,56
@ddlovato come to my house. you can play a show for me and my sister ,1978091477,2009-05-30 22:25:13-07:00,69
"@ddlovato , Oh, come back to Brazil, please, and you could do shows around all cities here. ",1978106802,2009-05-30 22:27:34-07:00,92
"@ddlovato nights in rodanthe is so adorable, but the ending was just like, whaaaat? haha. I don't want to spoil it for you ",1978120099,2009-05-30 22:29:42-07:00,123
@ddlovato http://twitpic.com/5h3ad - We love you too ,1978159561,2009-05-30 22:35:26-07:00,53
@ddlovato aww sadness. watch Mean Girls after. ,1978161559,2009-05-30 22:35:44-07:00,47
@ddlovato can we see some pics from the vaca? ,1978172238,2009-05-30 22:37:22-07:00,46
@ddlovato ChickMovie Night at Demi Lovato's  ...It's all good & fodder for Lyrics xoxo,1978172680,2009-05-30 22:37:25-07:00,86
"watching @ddlovato & @selenagomez vidblogs with my best friend  yeah, we're cool. haha.",1978173981,2009-05-30 22:37:38-07:00,87
@ddlovato hey this is millie from aus im a big fan i was just wondering when you started singing? please reply from millie ,1978184469,2009-05-30 22:39:16-07:00,123
@ddlovato ..keep up the friendship and know that y'all will always have me as a friend.  <3 much love -chantae (I'll be at your concert),1978235829,2009-05-30 22:47:25-07:00,136
@ddlovato you don't know how there are many crazy fans that love you so much here. haha ,1978249255,2009-05-30 22:49:36-07:00,88
@ddlovato ill send you a guitar if i can get backstage passes to one od your shows lol ,1978310907,2009-05-30 22:59:36-07:00,87
@ddlovato and that is just a few I would use on you beautiful ,1978359196,2009-05-30 23:07:22-07:00,62
@ddlovato hey demi are you going to tour down here in Australia with the jonas brothers? ..please please please reply  xoxo laura ,1978371918,2009-05-30 23:09:39-07:00,130
@ddlovato...Goodnight angel! Have a fantastic week ,1978381459,2009-05-30 23:11:17-07:00,51
Raining. Got @ddlovato on repeat. This day couldn't get any better!  - wait! Kelly Clarkson's on Rove....booyah!!!!! ,1978408559,2009-05-30 23:16:05-07:00,117
"@OhCots thanks for the follow! I followed you back!  I also luv @ddlovato & Twilight! heii! haha^^,.",1978462403,2009-05-30 23:25:57-07:00,100
@ddlovato listening to your song don't forget. It's my favorite off your album. ,1978569982,2009-05-30 23:46:09-07:00,80
"@ddlovato bride wars isn't embarassing! we're girls, we're allowed to watch chick flicks,cry, and wish to get married at the plaza hotel! ",1978618583,2009-05-30 23:55:23-07:00,138
"@ddlovato Xtina's my girl!!!  And ftr, you CRUSHED ""Mercy on Me"". LOVE your rendition of it, Demi!",1978632568,2009-05-30 23:58:07-07:00,98
@ddlovato...you are so amazing! enjoy your much deserved vacation. your tour is gonna rock so much i cant wait! loads of love <3 ,1978640348,2009-05-30 23:59:41-07:00,129
"@ddlovato I'm seeing you July 9th, you should say hi to me. ",1978641823,2009-05-30 23:59:59-07:00,60
@ddlovato hey  just wanna say your amazing! GodBless Hannah...xxx,1978653392,2009-05-31 00:01:52-07:00,65
@ddlovato i love I Turn To You... since you love halloween do u like the movie.. hocus pocus?... it's my altime fave ,1978676370,2009-05-31 00:06:07-07:00,117
@ddlovato the video of you singing Mercy On Me during CR was amazing ,1978676786,2009-05-31 00:06:12-07:00,69
@ddlovato listening to Don't Forget. One of my favorite songs from your album. Can't wait for your next album to come out! ,1978707914,2009-05-31 00:12:10-07:00,123
@ddlovato Hey Demi.... Have You Got A Rasin? How About A Date? Haha But  Seriously You Are The Defination Of Awsome ,1978746018,2009-05-31 00:19:41-07:00,116
@ddlovato i love that song of christina aguilera ,1978755288,2009-05-31 00:21:30-07:00,49
"@izabelaantunes and I made a video to @selenagomez, @ddlovato, @mileycyrus and @taylorswift! will put on youtube 2morrow! ",1978806444,2009-05-31 00:32:00-07:00,122
someone has a crush on me  he's the perect guy but i have my questions :/ tell what to do please @ddlovato & @selenagomez  love u girls!,1978806947,2009-05-31 00:32:06-07:00,136
@ddlovato please follow me ,1978916150,2009-05-31 00:55:35-07:00,27
Damn these time differences! I really want @ddlovato & @selenagomez to see this  http://bit.ly/z8VXM,1978955463,2009-05-31 01:04:05-07:00,100
@ddlovato night in rodanthe is an amazing movie ,1979105667,2009-05-31 01:39:43-07:00,48
"@ddlovato i've saw before 3 days Princess Protection Program - it was sooo awesome!! ;)  ... demi ,u re so awesome!!!! :-**",1979122543,2009-05-31 01:43:47-07:00,123
@ddlovato Cant wait to see princess protection programe.  xx,1979123088,2009-05-31 01:43:55-07:00,60
@ddlovato how crazy weird! i just rented this today out of the blue  i think our movie watching tastes are in sync ,1979192179,2009-05-31 02:00:25-07:00,115
@AdamDavidd @selenagomez ehh. @ddlovato is better. Selena has an abnormaly huge head. She's good but demi is better ,1979287806,2009-05-31 02:24:18-07:00,116
@ddlovato Are You In The Bahammahsss thenn hope ur luvin it  comme to the uk on tour  i can't wit 4 ur new albumm,1979380650,2009-05-31 02:47:57-07:00,113
@ddlovato Im following Demi Lovato on twitter  she's not gonna like this. http://twitpic.com/6bpmd,1979420019,2009-05-31 02:58:26-07:00,98
@ddlovato Im following Demi Lovato on twitter  Valerie's not gonna like this. http://twitpic.com/6bpns,1979425420,2009-05-31 02:59:53-07:00,102
"gonna be @ school instead. Oh wells. we're both makin a fansite.  We love @mileycyrus, @ddlovato,@emilyosmet,@selenagomez and all,but we",1979453588,2009-05-31 03:06:46-07:00,136
"@ddlovato Ohhh, lucky you! I'm now at home behind my little study desk exhausting myself of studying for the upwoming exams. ",1979458901,2009-05-31 03:08:10-07:00,125
"@ddlovato I love that movie.. and the book as well!!! Love you,Demi! ",1979465449,2009-05-31 03:09:55-07:00,69
"@ddlovato did you say NIGHTS IN RODANTHE?!?!?  God, i LOVEEEEE that movie!!!! ahhhh! ",1979705560,2009-05-31 04:10:19-07:00,85
your such a good snger @ddlovato!  xoxo,1979807119,2009-05-31 04:35:05-07:00,39
@ddlovato hey i like her too ,1980092044,2009-05-31 05:39:27-07:00,29
@ddlovato haha we watched that last night too  i love that movie,1980275527,2009-05-31 06:15:32-07:00,64
just come back inside for a drink going back outside in a minute (:  going to listen to @ddlovato's album ,1980668650,2009-05-31 07:22:01-07:00,106
@ddlovato Bawled my eyes out! Really! Did the ugly cry! Lol ,1980692744,2009-05-31 07:25:48-07:00,60
i can only imagine how hard u have it..... im sorry some people r so hateful...@selenagomez and @ddlovato...u both rock.. ,1981055840,2009-05-31 08:18:51-07:00,122
"@ddlovato Love that song  Listened to it last night, just searching YouTube. lol Boredom is creeping into my system.:]",1981172558,2009-05-31 08:34:55-07:00,118
Just heard @ddlovato with La La Land on MTVhits - I feel proud ,1981204560,2009-05-31 08:39:09-07:00,63
"@ddlovato http://twitpic.com/66hcb - oh my goodness, they r sooo cute. ",1981310900,2009-05-31 08:53:13-07:00,71
@ddlovato http://twitpic.com/59s0j - ur such a nerd.   but we love u. ,1981328780,2009-05-31 08:55:28-07:00,70
@ddlovato isn't james franco the hottest hottie boy that you would like ever borned into the universe?  *flips hair* he is. just sayin..,1981373766,2009-05-31 09:01:03-07:00,136
@selenagomez @ddlovato  @mileycyrus @taylorswift13http://bit.ly/M64jP  we made for you! hope you like! we love you ,1981818988,2009-05-31 09:57:27-07:00,115
@ddlovato that is my theme song ,1981954448,2009-05-31 10:13:49-07:00,32
"Okay, today its, monster, work, SHOPPINGGGG with @ddlovato @selenagomez and @taylorswift13 and her child  hahah.",1982280934,2009-05-31 10:53:42-07:00,112
haha just watched My Great Movie by @selenagomez and @ddlovato you girls are my role models ,1982382066,2009-05-31 11:05:48-07:00,92
@ddlovato I'm going to one of your awesome shows! so stoked ,1982382358,2009-05-31 11:05:50-07:00,60
"@ddlovato Listen to Por siempre tu, the spanish version of I turn to you. It's amazing ",1982907046,2009-05-31 12:08:01-07:00,87
@ddlovato are you going to be at the Jonas Brothers concert on June 15th?! ,1983101337,2009-05-31 12:30:25-07:00,75
who said i can't wear my converse with my dress âª  @ddlovato demetria devonne lovato U rock ,1983450614,2009-05-31 13:10:47-07:00,94
@ddlovato Who said I can't wear my Converse with my dress? hahah Well that's what I did last night  you inspire people didi you know that?,1983692802,2009-05-31 13:38:57-07:00,138
"@ddlovato yes, you should come play a show in michigan  we love you here!",1984087454,2009-05-31 14:25:04-07:00,73
@ddlovato got ur music on my mp3 player. ur songs r brill! they always get me singing along...... ,1984123373,2009-05-31 14:29:19-07:00,98
"@ddlovato You don't weigh 158 pounds, but if you did, i wouldn't care. more to lick. ",1984185645,2009-05-31 14:36:29-07:00,85
@Jonasbrothers @ddlovato what day r u landing on Spain? My bff and I got a surprise 4 u! You'll love it! Please answer!! ,1984185677,2009-05-31 14:36:29-07:00,121
"@ddlovato sorry, that was a reference to Disney Secrets. ",1984206598,2009-05-31 14:39:01-07:00,57
@ddlovato come back to Brazil with your new album! we miss you and i can't wait to hear it!   ,1984797395,2009-05-31 15:49:45-07:00,94
My bestie just reminded me about the MTV MOVIE Awards...and this is why I love her....and @ddlovato....HIYA...That is all ,1985102622,2009-05-31 16:26:11-07:00,122
"@ddlovato - I've just buy your cd.. little too late i know but i love it .... very good music, love the guitaar in it ",1985420895,2009-05-31 17:04:12-07:00,118
@ddlovato theres nothing better than sitting on the beach watchin the sun rise or set.. ,1985608957,2009-05-31 17:26:03-07:00,88
got my @taylorswift13 Rolling Stones cover poster today! to add with my @Jonasbrothers one... @ddlovato your turn now ,1985927950,2009-05-31 18:02:15-07:00,118
@ddlovato hey demi. U rock!!!  pls reply if u can. Thx!!! ,1986048544,2009-05-31 18:14:26-07:00,58
@ddlovato love you ok? i wanna that you come back to brazil? ,1986049122,2009-05-31 18:14:29-07:00,61
@ddlovato your concert in brazil rocked! congratulations ,1986050363,2009-05-31 18:14:36-07:00,57
@ddlovato Check out my tweets. I left you a link to something in there. BYE ,1986050413,2009-05-31 18:14:37-07:00,76
@ddlovato Why aren't you at the MTV Movie Awards? It's good that you're with your family though  What're you eating?,1986068798,2009-05-31 18:16:21-07:00,116
@ddlovato i hope you are having an amazing vacation demi  you totally deserve it. I hope i can see you on tour this summer.,1986069045,2009-05-31 18:16:22-07:00,123
@ddlovato demi ur smile makes me smile and ur laugh makes me laugh. and ur gorgeous-ness make me tweet u cheesy lines ,1986069346,2009-05-31 18:16:24-07:00,118
@ddlovato demi ur smile makes me smile and ur laugh makes me laugh. and ur gorgeous-ness make me tweet u cheesy lines ,1986089406,2009-05-31 18:18:19-07:00,118
@ddlovato you're totally amazing!! love you ,1986089591,2009-05-31 18:18:20-07:00,44
@ddlovato wow you know some words in spanish hehe  demi you are the best!!!,1986090931,2009-05-31 18:18:28-07:00,75
@ddlovato you look quite stunning in red lipstick ,1986091583,2009-05-31 18:18:32-07:00,50
@ddlovato demi i can't wait for your next cd . I think it is going to be awesome ,1986175038,2009-05-31 18:26:27-07:00,81
@ddlovato  demi you are my rolemodel and i think you are amazing(:,1986176137,2009-05-31 18:26:33-07:00,66
Sitting next to my BFF @mileycyrus wishing @ddlovato was here!!! Praaay Miley wins!! Love you girls ,1986619033,2009-05-31 19:05:13-07:00,100
@ddlovato MILEY WON! omg you can sleep easy now ,1986716716,2009-05-31 19:13:07-07:00,48
JULY 21st  @ddlovato NEW ALBUM!!! OOOOH YEAAH ,1988702690,2009-05-31 23:07:45-07:00,46
@ddlovato Your cd is coming out july 21st? Ahh major. Thats amazing. Its after my concert but idc cause i cant wait to get it ,1988703012,2009-05-31 23:07:48-07:00,126
@ddlovato im excited for your next album! and i wont forget because july 21st is my 20th birthday! ,1988703222,2009-05-31 23:07:50-07:00,99
@ddlovato http://twitpic.com/6e0i0 - Cool!! I can't wait! ,1988703279,2009-05-31 23:07:51-07:00,58
@ddlovato July 21st!  I hope it also comes out on the same day here in the Phils. ,1988714968,2009-05-31 23:09:52-07:00,82
@ddlovato hey demi! i'm trish and i TOTALLY love your music and you of course! i hope you'll do more songs!! ,1988725740,2009-05-31 23:11:40-07:00,109
@ddlovato I love your sister on Desperate Housewives  tell her I say hi!,1988726027,2009-05-31 23:11:43-07:00,72
@ddlovato woah :O that's intense- im definitely going to buy it at midnight w/ my sister ,1988735969,2009-05-31 23:13:23-07:00,89
Can't wait for LVATT! and @ddlovato new album!!! JUNE 16 AND JULY 21st!!!!  ,1988747887,2009-05-31 23:15:25-07:00,76
Can't wait for LVATT! and @ddlovato new album!!! JUNE 16 AND JULY 21st!!!!   (via @Teff95),1988749624,2009-05-31 23:15:44-07:00,90
"@ddlovato , OMG thats my b'day! ",1988761331,2009-05-31 23:17:52-07:00,32
@ddlovato http://twitpic.com/6e0i0 - Wow!! That's too cool ,1988761344,2009-05-31 23:17:52-07:00,59
@ddlovato You already have a new album? Wow. that was fast. Goodluck ,1988782165,2009-05-31 23:21:33-07:00,69
@ddlovato cant wait for the CD demi! haha ,1988795977,2009-05-31 23:23:58-07:00,42
@ddlovato can't wait! ,1988988860,2009-05-31 23:59:43-07:00,22
@ddlovato http://twitpic.com/66hcb - aww their both adorable ,1989085031,2009-06-01 00:17:47-07:00,61
@ddlovato hey demi! just wondering.. do you the release date for your album in australia? coz ill definitely be gettin it  thx luv haylie,1989143408,2009-06-01 00:29:29-07:00,137
@ddlovato http://twitpic.com/6e0i0 - woooooooow. awesome. can't wait for the album! ,1989184236,2009-06-01 00:37:53-07:00,84
@ddlovato http://twitpic.com/4foca - You're so Pretty  Nice Glasses ;),1989185269,2009-06-01 00:38:06-07:00,70
"@ddlovato http://twitpic.com/6e0i0 - awww can't wait, so excited  !",1989237943,2009-06-01 00:49:33-07:00,67
@ddlovato http://twitpic.com/6e0i0 - Good luck Demi  I love your songs! I will be glad to listen to your second album! ,1989275011,2009-06-01 00:57:36-07:00,119
@ddlovato Demi ? Please reply  What is the title of your segond album? please do reply! I really want to know,1989284267,2009-06-01 00:59:34-07:00,109
"@ddlovato hey Demi! Patrice,13,Philippines.. Just want to ask- Which do you prefer, bow tie or neck tie? ",1989287531,2009-06-01 01:00:08-07:00,105
"@ddlovato aww. it must be worth it though, right? lack of sleep for a bomb vacation ",1989298188,2009-06-01 01:02:05-07:00,84
@ddlovato there must be something in the air since I couldn't sleep th whole night ,1989306241,2009-06-01 01:03:45-07:00,83
@ddlovato Hey babe  how are you? xxxxxxxxxxxxxxxxxxxxxxxxxx,1989308895,2009-06-01 01:04:18-07:00,59
just try counting the sheep @ddlovato ,1989314938,2009-06-01 01:05:29-07:00,38
@ddlovato hahaha that's hilarious!!! ,1989314981,2009-06-01 01:05:30-07:00,37
"@ddlovato why?? your title reminds me of the song of Abba ""Mamamia"" ",1989316384,2009-06-01 01:05:48-07:00,68
@ddlovato that's a cool namee <3<3 http://demilovatodaily.com please visit it ,1989317174,2009-06-01 01:05:58-07:00,78
@ddlovato that's cool.  ,1989317253,2009-06-01 01:05:59-07:00,24
@ddlovato that totally made my night/morning... I would totally buy it too ,1989318516,2009-06-01 01:06:14-07:00,75
@ddlovato lol. can you tell whats the name of your new album? ,1989318721,2009-06-01 01:06:17-07:00,62
"@ddlovato Haha I had seen that message they sent and I thought it was hilarious and was like ""Darn."" Lol  -Elisa",1989319143,2009-06-01 01:06:22-07:00,112
"@ddlovato http://twitpic.com/6e0i0 - OMG, i'm so exciting, i really want to hear it   Do you know when your album will be in France ? ...",1989325275,2009-06-01 01:07:44-07:00,137
@ddlovato Soo are you going to see Selena soon?? really hope so  xx,1989325561,2009-06-01 01:07:49-07:00,67
"@ddlovato How about ""Dreams, Creams and Disney teams"" ",1989325840,2009-06-01 01:07:52-07:00,54
@ddlovato your tweets make me smile. bunches. Don't worry... it's 4am in Florida and i'm filling out applications for volunteering. FUN ,1989326634,2009-06-01 01:08:03-07:00,136
@ddlovato right. that happens to me when i travel ,1989327373,2009-06-01 01:08:12-07:00,50
"@ddlovato How about ""Dreams, Creams and Disney teams"" ",1989335140,2009-06-01 01:09:49-07:00,54
@ddlovato u rock demi! i will be there in kansas for your concert! iam a HUGE fan so it would be AWESOME if you replied! Thanks so much! ,1989336524,2009-06-01 01:10:06-07:00,137
@ddlovato Yeah follow the template of the Jonas Brothers but make it a bit more 'you'?  Ily x,1989343994,2009-06-01 01:11:40-07:00,93
listening to Don't Forget -@ddlovato  i love this song . Had so much fun at the MTV Music Awards .,1989345147,2009-06-01 01:11:56-07:00,98
"@ddlovato Oh, you must be insomiac, Demi. Well, I am and I always find it hard to sleep. :| Haha! Loving Jbros' album? ",1989345149,2009-06-01 01:11:56-07:00,119
@ddlovato hahahha  Demi you're awesome ! I love you and you're music so much ! â¥ Please come to Finland ! It would be amazing <3,1989346041,2009-06-01 01:12:07-07:00,130
"@ddlovato How about ""Dreams, Creams and Disney teams"" ",1989354829,2009-06-01 01:14:06-07:00,54
@ddlovato hey.. would u mind to follow me back? ,1989356586,2009-06-01 01:14:28-07:00,48
"@ddlovato How about ""Dreams, Creams and Disney teams"" ",1989362498,2009-06-01 01:15:43-07:00,54
@ddlovato hi demiiii  im such a huge fan! how is ur lovely vacation!? ur so lucky your in the bahamas lol,1989365063,2009-06-01 01:16:16-07:00,105
@ddlovato you just spoke on the edge radio station in new zealand. choice ,1989372112,2009-06-01 01:17:49-07:00,74
"@ddlovato this doesnt make sense but......'hearts, farts and body parts'  it was a reference to ur joke earlier ",1989375166,2009-06-01 01:18:28-07:00,112
"@ddlovato What about, ""Limes, Bedtimes and failed rhymes"" ",1989393001,2009-06-01 01:22:24-07:00,58
@ddlovato andy samberg is gonna sing mother lover jonas brothers now ,1989393363,2009-06-01 01:22:29-07:00,69
"@ddlovato cute, this is entertaining ",1989393613,2009-06-01 01:22:32-07:00,37
@ddlovato haha yeah I get it. ,1989399353,2009-06-01 01:23:50-07:00,30
@ddlovato ahaha you crack me up demi!  i love you<3,1989399541,2009-06-01 01:23:53-07:00,51
"@ddlovato lmao that's a good one...preferred the 'Planes, Trains and Plantains' tho ",1989399714,2009-06-01 01:23:55-07:00,84
@ddlovato I'm sorry haha I still don't get it. has jobros in the name though ,1989400632,2009-06-01 01:24:08-07:00,77
"@ddlovato What about, ""Limes, Bedtimes and failed rhymes"" ",1989400984,2009-06-01 01:24:12-07:00,58
@ddlovato hahahahahaa  lmaoooo. youuu CRAZY x) wondering who wont get it? haha xD,1989408065,2009-06-01 01:25:44-07:00,81
"@ddlovato What about, ""Limes, Bedtimes and failed rhymes"" ",1989411108,2009-06-01 01:26:24-07:00,58
"@ddlovato haha I love it ""Mothers, others and Jonas Brothers""... WOW! ",1989417326,2009-06-01 01:27:49-07:00,70
"@ddlovato Or put your name as ""Lemi Dovato"" to confuse people.  You know it sounds like a lime and a dove... a sour dove... :O",1989418430,2009-06-01 01:28:04-07:00,126
"@ddlovato You could also consider ""Floors, Doors, and Open Pores"" haha... get it...  ",1989419591,2009-06-01 01:28:19-07:00,85
"@ddlovato haha thats funny, but whats the name of ur new album? Mexico is waiting 4 u  we love you",1989426237,2009-06-01 01:29:49-07:00,98
"@ddlovato Wow I love how you think the plantains and mothers,others.. are cool ",1989427066,2009-06-01 01:30:01-07:00,79
@ddlovato Haha that is soo cool ,1989429577,2009-06-01 01:30:29-07:00,32
"@ddlovato if you can't sleep and are still awake, you should chit chat with me ",1989435175,2009-06-01 01:31:45-07:00,79
@ddlovato you're defenitly a good rhymer! ,1989437044,2009-06-01 01:32:11-07:00,42
"' Mothers , others and Jonas Brothers ' hahaha yeess @ddlovato is super awesome ! haha crazy girl ever ",1989443479,2009-06-01 01:33:40-07:00,103
"@ddlovato How 'bout ""Shout, Stop and Drop"".....you're turning this into a game for me here demi ",1989445350,2009-06-01 01:34:06-07:00,96
@ddlovato I got tha the first time I read it. Goodnight girl. ,1989446289,2009-06-01 01:34:19-07:00,62
@ddlovato i cant sleep either Time change? where are you this time? haha ,1989454358,2009-06-01 01:36:08-07:00,73
"@ddlovato ouch..try again, please ",1989461220,2009-06-01 01:37:42-07:00,34
@ddlovato. haha. cant wait for your album ,1989464105,2009-06-01 01:38:20-07:00,42
"@ddlovato ""mothers, othres and jonas brothers"" That's amazing, i like it  LOL ",1989470092,2009-06-01 01:39:44-07:00,78
@ddlovato lmao..wow. youre amazingly odd. ,1989471952,2009-06-01 01:40:08-07:00,42
"@ddlovato HAHAHAHAAHAHA!!!! lol  oh geez I looooovvveee youuuu!! Oh I got it..... Giving JB a run for their money, eh? ",1989480332,2009-06-01 01:41:58-07:00,119
"@itsdarcyson lol yes, I remember. I'll try to be good from now on!  ily2. and hope @ddlovato replies to you too. you deserve the love.",1989488025,2009-06-01 01:43:47-07:00,134
@ddlovato http://twitpic.com/2cap4 - oooH bLuE eYeS ...sTrAnGe  BuT sHe's CuTe AnYwAy,1989489974,2009-06-01 01:44:14-07:00,85
@ddlovato Demi tell us a hilarious joke! ,1989523297,2009-06-01 01:51:45-07:00,41
@ddlovato http://twitpic.com/6e0i0 - i can't wait for that! im sure gonna buy it!!!!!!!!  i really love ur albums!,1989533791,2009-06-01 01:54:05-07:00,114
"@ddlovato ""Kitties, Puppies and Applebees"". ",1989535253,2009-06-01 01:54:25-07:00,44
"@ddlovato what about ur album being called lovato,potato,tomato lol im not being mean i like you  take care all the best",1989560883,2009-06-01 01:59:52-07:00,120
@ddlovato hey demi! Say hi to me! Please??Just 1 Hi then my day will be colorfull than yesterday! ,1989593465,2009-06-01 02:06:19-07:00,98
@ddlovato HAHAXD  Thats actually really funny  haha - you should call your album that - just for the fun of it  LOL,1989595014,2009-06-01 02:06:38-07:00,115
@ddlovato when will ur new album be released  soo excited.. and yeah ur super famous in south africa too woopwoop,1989601758,2009-06-01 02:08:09-07:00,113
"@ddlovato Hope you're having agood vacation with your family, you deserve it! Cant wait to see you this summer, plane trip!! ",1989601781,2009-06-01 02:08:09-07:00,125
Such a lovely day  Coffee and @ddlovato makes it better ,1989602044,2009-06-01 02:08:12-07:00,56
@ddlovato I think you should do your own London show/UK Tour ,1989602907,2009-06-01 02:08:24-07:00,61
"@ddlovato It's hard to get a reply from you, my comments just get washed away with everyone else's. But I shall keep on trying. ",1989603997,2009-06-01 02:08:38-07:00,128
"@ddlovato Demi, I can't sleep either.... Wish me good night  pls? love ya -Peace",1989610470,2009-06-01 02:10:06-07:00,80
"@ddlovato Shooot girl, you could name your album ""some new songs"" and I'd buy it. Just saying.  <3",1989611452,2009-06-01 02:10:17-07:00,98
#musicmonday http://bit.ly/KBbrs and http://bit.ly/1bAIaV  @ddlovato,1989613878,2009-06-01 02:10:45-07:00,68
"@ddlovato Demi, what'd you think about the New Moon trailer? ",1989619376,2009-06-01 02:11:58-07:00,61
@ddlovato hey demi! Say hi to me! Please?Just 1 Hi then my day will be colorfull than yesterday! ,1989620981,2009-06-01 02:12:18-07:00,97
@ddlovato GOODNIGHT DEMETRIA GOD BLESS YOU  COLOMBIA WHEITING FOR YOU        XD MARCE ... Buenas noches !!!!!!!!!!!!,1989621456,2009-06-01 02:12:24-07:00,116
@ddlovato hey demi! Say hi to me! Please??Just 1 Hi then my day will be colorfull than yesterday! ,1989636741,2009-06-01 02:15:46-07:00,98
"@ddlovato haha! yeah, you should.. ",1989664582,2009-06-01 02:21:54-07:00,35
"@ddlovato Hello  I have a question : Do you prepar a new album ?  Kiss , a BIG BIG fan ",1989676663,2009-06-01 02:24:31-07:00,87
"@ddlovato you come now on Radio Disney with your song ""don't forget""  -like it",1989676912,2009-06-01 02:24:35-07:00,78
@ddlovato http://twitpic.com/65r98 - WOW! you look WAY older!! in a good way  great picture! nice jacket ;),1989684644,2009-06-01 02:26:16-07:00,107
@ddlovato hope you're having fun on vacation ,1989719734,2009-06-01 02:34:03-07:00,45
"@ddlovato I like the ""Mothers, others and Jonas Brothers"" one! ",1989749590,2009-06-01 02:40:28-07:00,63
"@ddlovato Demi, what did you think about the New Moon trailer? ",1989760035,2009-06-01 02:42:44-07:00,63
@ddlovato I cant sleep either and no time change here... Hope you get some zzzzz's  ,1989788358,2009-06-01 02:48:48-07:00,84
@ddlovato Amazing. You know it'd be a number one smash hit! ,1989833589,2009-06-01 02:58:34-07:00,60
@ddlovato ha. ) lol. those rhyming words are really funny. hahahhah. ,1989865626,2009-06-01 03:04:56-07:00,69
@ddlovato you should deff call it that! you funny ,1989903879,2009-06-01 03:12:58-07:00,50
Yo Frankie! 'scuse me I gotta go smooze the Bonas Jonas  @Jonasbrothers @ddlovato ,1990002636,2009-06-01 03:33:09-07:00,82
"@ddlovato haha ""mothers, others and jonas brothers""  i love that one   ",1990142811,2009-06-01 04:00:47-07:00,71
BUT two weeks till @jonasbrothers and @ddlovato  excited,1990164610,2009-06-01 04:04:45-07:00,56
"Up at 4 am, working on a new piece of writing. This one might actually go somewhere. Now, I need some coffee. Also, jammin to @ddlovato ",1990258015,2009-06-01 04:21:28-07:00,136
"@ddlovato hahaha  mothers,others and jonas brothers  that's good  Demi you're awesome!  please come to Finland! â¥",1990373578,2009-06-01 04:41:33-07:00,115
@ddlovato http://twitpic.com/6e0i0 - i can't wait to hear it  it will be awesome,1990449272,2009-06-01 04:54:07-07:00,80
#musicmonday @jonasbrothers @mileycyrus @ddlovato @selenagomez truly amazing people  i love them all <3 love England :],1990577452,2009-06-01 05:13:58-07:00,119
"I'm starting to like Demi Lovato--okay, scratch that. I love @ddlovato!!! ",1990587857,2009-06-01 05:15:34-07:00,74
@ddlovato and @jonasbrothers 15 June ,1990654933,2009-06-01 05:25:42-07:00,37
"on my way to go to school, btw.. @ddlovato i'll buy your album named ""Mothers, others and Jonas Brothers"". ",1990668126,2009-06-01 05:27:38-07:00,107
@ddlovato i love you Demi  i hope your having a wonderful vacation! i wish i could go to the bahamas!,1990684470,2009-06-01 05:30:01-07:00,101
61 days for @ddlovato concert!!!  and 79 for jonas brothers concert  and 22 days for @banilla_face's birthday,1990741780,2009-06-01 05:38:09-07:00,109
I was listening to  @ddlovato on Radio Disney yesterday....I think a bowl of mac and cheese would be a goo album name ,1990771831,2009-06-01 05:42:21-07:00,118
@ddlovato haha! i get it. thats hilarious!!! <3 Nikia ,1990983480,2009-06-01 06:10:02-07:00,54
@ddlovato haha july 21 is my birthday! demi best birthday present ever  now i know what i wanna have for my birthday! â¥,1991051224,2009-06-01 06:18:18-07:00,121
@ddlovato What is the title of your new album? I'm so excited to hear it. ,1991052723,2009-06-01 06:18:30-07:00,74
Listening @ddlovato songs .. Don't forget. that song have deep sense. I love it ! so nudge .. ,1991366100,2009-06-01 06:54:32-07:00,94
@ddlovato can't wait for your new album! I'm a great fan of your music! ,1991700422,2009-06-01 07:30:37-07:00,72
@ddlovato demi! Come to Singapore! Pleaseeeeeee! ,1992149893,2009-06-01 08:17:06-07:00,49
"@ddlovato I totally agree I love her in Twilight, the movie and books are sooooo cool! I just saw the new trailer it was awsome ",1992353510,2009-06-01 08:37:00-07:00,128
#musicmonday @jonasbrothers paranoid @mitchelmusso hey @ddlovato don't forget @alexanderrybak fairytale ,1992436388,2009-06-01 08:45:03-07:00,104
@ddlovato http://twitpic.com/6e0i0 - WOW i wanna hear it right now!!! I have a feeling your new album its gonna be totally awesome!  D ...,1992438307,2009-06-01 08:45:13-07:00,138
@ddlovato I hope with all my heart that you are enjoying at the moment ,1992667320,2009-06-01 09:07:40-07:00,71
"@ddlovato what about: Demi's, Emmy's & Microsemi's? ",1992893912,2009-06-01 09:29:46-07:00,52
@ddlovato http://twitpic.com/6e0i0 - That's gonna be me someday ,1992996375,2009-06-01 09:39:48-07:00,64
"@ddlovato KS, she's awesome...I give her so much prop for recovering so sweetly after that. ",1993267463,2009-06-01 10:06:09-07:00,92
@ddlovato the name of your album is.......???? ,1993906364,2009-06-01 11:06:46-07:00,47
@ddlovato Hey Demi!  You rock!! I love you and everything you do.  Seriously you are an amazing person!  I also love reading your tweets ,1993994345,2009-06-01 11:14:50-07:00,137
beddy bye time for little miss clumsy  I have school tomorrow - night @IAMtheCOMMODORE @mitchelmusso @Jonasbrothers @ddlovato @mileycyrus,1994144588,2009-06-01 11:29:00-07:00,137
"@ddlovato That sounds heavenly  Enjoy that warm, breezy weather, Demi! Hope you are happy and healthy  Take care!",1994608217,2009-06-01 12:11:04-07:00,113
@ddlovato only a month and 2 days till i get 2 see u in concert! Im so excited! ,1994609060,2009-06-01 12:11:09-07:00,80
@ddlovato does you tour this summer includes europe??? plz reply ,1994610003,2009-06-01 12:11:14-07:00,65
TWO. WEEKS. UNTIL. @Jonasbrothers AND @ddlovato. SO. F'ING. EXCITEDDDDDD. <3 ,1994629372,2009-06-01 12:13:01-07:00,77
@ddlovato ahaha the McDonalds part was hilarious  hope your having funn.,1994631768,2009-06-01 12:13:15-07:00,72
@ddlovato Hi Demi!!  Did you know Miley won at MTV!! WOOO HOOO! have fun on your holidays!  glad theres no paps! ,1994632685,2009-06-01 12:13:20-07:00,113
@ddlovato aaahhh mgmt-kids....that rocks  ...what song is on atm?,1994632802,2009-06-01 12:13:21-07:00,65
"@ddlovato Awww I hope you're having fun, you deserve a break with your family ",1994651454,2009-06-01 12:15:04-07:00,78
@ddlovato  Hi demi. i can't wait to see the new sonny with a chane episode  with selena on ittt <3 thats awsome love ya both,1994654282,2009-06-01 12:15:18-07:00,124
@ddlovato beach.. *-* you're so lucky!! ,1994674027,2009-06-01 12:16:59-07:00,40
"@ddlovato demi i really really really want backstage passes to your houston concert, any idea of how to get them???   (you are my idol)",1994697516,2009-06-01 12:19:07-07:00,135
@ddlovato enjoy your holidays ,1994698564,2009-06-01 12:19:12-07:00,30
@ddlovato have fun during ur holiday ,1994764841,2009-06-01 12:25:24-07:00,37
@ddlovato Haha you're so funny  McDonald's I'm lovin' it  What's your favorite McDonald's food?,1994864520,2009-06-01 12:34:43-07:00,95
"@ddlovato haha. You crack me up, girl. ",1994890802,2009-06-01 12:37:12-07:00,39
Making my party playlist. I love @mileycyrus @ddlovato + jonas brothers & taylor swift cause I don't remember her twitter name ,1994955847,2009-06-01 12:43:26-07:00,127
"'its amazing what you can hide, just by putting on a smile' my lyrics of the day from @ddlovato ",1995063430,2009-06-01 12:53:31-07:00,96
"4 weeks til @ddlovato concert!  ah, yay. Can not wait.",1995192524,2009-06-01 13:05:48-07:00,54
@ddlovato hi  whats on?,1995212005,2009-06-01 13:07:41-07:00,23
@ddlovato Lovee Youu x   please relpy,1995317025,2009-06-01 13:17:46-07:00,37
@ddlovato really? hahaha..well that's great ,1995317057,2009-06-01 13:17:46-07:00,44
@ddlovato Your crazy  But I love that about you! Have funnn,1995527950,2009-06-01 13:38:05-07:00,59
"@ddlovato ""Mothers, others and Jonas Brothers"" I like it.  Haha",1995550384,2009-06-01 13:40:14-07:00,63
"@ddlovato I just want u 2 know that my friend said ""demi doesn't have style"" and i said ""Who says this doesn't have style"" ",1995678734,2009-06-01 13:52:31-07:00,123
@ddlovato i love that song! 3OH!3 XD ....can't wait for the video... ,1996066369,2009-06-01 14:28:58-07:00,69
@ddlovato ur amazing!! haha can't wait for your album ,1996067229,2009-06-01 14:29:03-07:00,54
@ddlovato LOVE that song ,1996067554,2009-06-01 14:29:05-07:00,25
@ddlovato ohmygod i didn't know u liked 3oh!3! they're awesome. ,1996067909,2009-06-01 14:29:07-07:00,64
@ddlovato It makes me really happy you listen to 3OH!3 ,1996067953,2009-06-01 14:29:07-07:00,55
@ddlovato hi demiii youre the best  haha,1996068516,2009-06-01 14:29:10-07:00,40
HEY PPL FOLLOW ME @ddlovato Pleasee follow mahhh please  and @mileycyrus and @jonasbrothers but jonasbrothers think there to cool  lol jjk,1996087063,2009-06-01 14:30:52-07:00,138
"@ddlovato Your tweets brighten my day. I love you, Demi. ",1996089478,2009-06-01 14:31:05-07:00,57
@kristenstewart9 @ddlovato @ashleytisdale add me plzz      thankxx.   ,1996089861,2009-06-01 14:31:07-07:00,70
@ddlovato 1 fan. And i'm for real. But anyways i love you Demi Lovato.  -Victoria.,1996111409,2009-06-01 14:33:08-07:00,82
@ddlovato you are so amazing! i love you  you will go to brazil this eyar?,1996254749,2009-06-01 14:46:57-07:00,74
"@ddlovato the things ya say are always so true!   and i loveee your bg, haha",1996295389,2009-06-01 14:50:54-07:00,76
"@ddlovato Yeah, I don't think I ever did either.. Love is on its way, well, I hope  Love you Demi. Tweet me please  Cindy, QuÃ©bec",1996311221,2009-06-01 14:52:28-07:00,130
@ddlovato kelly clarkson is definetly the balls. that is one of my fave songs from her. love her. and you. ,1996337112,2009-06-01 14:55:03-07:00,107
thank u for everything @ddlovato u are amaziing! ,1996337619,2009-06-01 14:55:06-07:00,49
@ddlovato awesome. u definally rock ,1996337907,2009-06-01 14:55:07-07:00,36
hey @ddlovato please talk to me... please i'm still up just for you and i would really be so happy if you could answer me. just one word ,1996356322,2009-06-01 14:56:58-07:00,137
@ddlovato bestie!!.. sorry!... im tottaly stocked BUT its totally awesome.. you write with your heart and not with other stuffs! love ya ,1996358067,2009-06-01 14:57:09-07:00,137
"@ddlovato as they say ""it is better to be alone that be poorly coupled."" If you need help or u just want to talk, I am here girl ",1996378094,2009-06-01 14:59:11-07:00,129
@ddlovato heyy! demi how are you?? im your really big fan from pakistan!  reply plz!!!!! ,1996396758,2009-06-01 15:00:57-07:00,89
@ddlovato I love that song. Kelly Clarkson is amazing. ,1996398908,2009-06-01 15:01:12-07:00,55
"I seriously mean it though. Check out @ddlovato, john williams and god. Lol ",1996420073,2009-06-01 15:03:15-07:00,76
@ddlovato just saw the new episode of sonny with selena guest starring.. it was pretty funny ,1996458794,2009-06-01 15:07:06-07:00,93
"@ddlovato lmfao, planes, trains and plantains. that'll be my album. and in my thanks, i'll write thanks Demi for the album name. ",1996498276,2009-06-01 15:11:08-07:00,129
@ddlovato nice  i hope u gonna have fun! Where r u going?? Pls tell as!,1996520353,2009-06-01 15:13:24-07:00,71
@ddlovato have fun! and can't wait for you to come to florida ,1996520441,2009-06-01 15:13:24-07:00,62
"@ddlovato I l-o-v-e 3oh!3. They're from the town I live in, and they're fantastic. If you have the chance to catch a concert, do it. ",1996554186,2009-06-01 15:16:51-07:00,133
@selenagomez @ddlovato  Can't Wait For Princess Protection Program! ,1996554585,2009-06-01 15:16:54-07:00,68
@ddlovato Have Fun Tonight! ,1996578097,2009-06-01 15:19:20-07:00,28
"@ddlovato i love it when your goin out. gettin dolled up, average sat night. have fun  xx",1996578338,2009-06-01 15:19:22-07:00,89
Can you please follow me  x @ddlovato,1996652909,2009-06-01 15:27:09-07:00,37
@ddlovato I'm thinkin you should do a Kelly cover on the tour? ,1996653782,2009-06-01 15:27:15-07:00,63
@ddlovato are u on LA??? what will you do??  xoxoxo,1996653873,2009-06-01 15:27:16-07:00,51
"@ddlovato-Have fun!! Next time, we'll really go out and party it up. Within reason ",1996671037,2009-06-01 15:29:07-07:00,83
@ddlovato is currently my favourite singer.. and i cant wait for PPP to be out.  i hope i get to meet her sometime soooon;xx,1996711035,2009-06-01 15:33:17-07:00,124
@ddlovato cool your going out  are you the real demi lovato?,1996732114,2009-06-01 15:35:30-07:00,60
@ddlovato I love 3oh!3. Starstruckk is a great song  lol,1996784566,2009-06-01 15:41:11-07:00,56
@ddlovato ahah thats funny ! ,1996915668,2009-06-01 15:55:22-07:00,29
"@ddlovato wow, that makes me laugh just for me ",1997195875,2009-06-01 16:25:26-07:00,47
@ddlovato my favorite !  how great were they at bamboozle !?,1997786623,2009-06-01 17:27:22-07:00,60
Working on my Senior Book listening to @ddlovato.  Love that girl. ,1997909939,2009-06-01 17:40:07-07:00,67
@ddlovato I love food dares! I've discovered some of my favorite stuff that way! ,1998247215,2009-06-01 18:14:10-07:00,81
@ddlovato a DARE you to reply to me.. ,1998247802,2009-06-01 18:14:14-07:00,38
"@ddlovato if u need help in the Spanish,I can help u  I Love You Demi You're awesome... please reply me ",1998248748,2009-06-01 18:14:19-07:00,104
@ddlovato wish goodnight to brazil ,1998250506,2009-06-01 18:14:29-07:00,35
@ddlovato I think it would help if I knew what wasabi was  haha.,1998268596,2009-06-01 18:16:15-07:00,64
@ddlovato Wasabi - Lee Harding ............ Old song (maybe 2003/04?) but good song. Ha! ,1998270851,2009-06-01 18:16:28-07:00,89
@bellanicola thanks you for the pics  and @ddlovato lol you're cool for doing that. i would never do that.,1998271467,2009-06-01 18:16:31-07:00,106
@ddlovato i dare you to reply to me ,1998290913,2009-06-01 18:18:26-07:00,36
@ddlovato I love Kelly clarkson  do I hear a duet coming on? Omg that would be AMAZING!,1998332061,2009-06-01 18:22:31-07:00,87
@ddlovato OKAAYYYY demii just watch what sort of dare we will make you do at london...just u wait and see!  XD *evil laugh*,1998391590,2009-06-01 18:28:24-07:00,123
@ddlovato i DARE you to REPLY TO ME  OR better yet i Dare you to FOLLOW ME  Haha! I really have no friends! lol,1998493004,2009-06-01 18:38:25-07:00,111
@ddlovato yo demi. you should go on another twitter spree soon! you would make a lot of fans days if you did  i know you made mine! ,1998493559,2009-06-01 18:38:28-07:00,132
"@ddlovato i dare you to come to Newfoundland, Canada! hahah ",1998575753,2009-06-01 18:46:42-07:00,60
"Excited for tomorrow   New lip gloss, Lauren Conrad hair, and probably wearing sweatpants  Hey-- @ddlovato can wear them, so can I.",1998615445,2009-06-01 18:50:37-07:00,131
@ddlovato i dare you to tell me a joke ,1998718525,2009-06-01 19:00:47-07:00,39
@ddlovato Are you okay with me buyinh your album when it comes out ?? ,1998737196,2009-06-01 19:02:35-07:00,70
@ddlovato I think you should go on a twitted spree soon. ,1998797289,2009-06-01 19:08:25-07:00,57
@ddlovato I dare you to rap about guitars!! that would be so cool or cupcakes ,1998821260,2009-06-01 19:10:45-07:00,78
@ddlovato LOL!! i threw coke all down a guy at a restaurant once so its all good ,1998998568,2009-06-01 19:28:22-07:00,81
"@ddlovato ""Out of sight, out of mind, I'm out of love, you're out of time."" Demi Lovato. Killer. ",1999000536,2009-06-01 19:28:34-07:00,97
@ddlovato he should be honored u threw a lime at him ,1999000687,2009-06-01 19:28:34-07:00,53
@ddlovato I'd probably be really excited if you hit me with a lime! It would be a cool story to tell. ,1999001696,2009-06-01 19:28:41-07:00,102
"@ddlovato HAHAHAHA, that's too funny! ",1999002351,2009-06-01 19:28:46-07:00,38
@ddlovato I guess that means you're getting coal this year for Christmas! haha. ,1999016498,2009-06-01 19:30:08-07:00,80
@ddlovato Demi your Awesome! ,1999018515,2009-06-01 19:30:19-07:00,29
@ddlovato sounds like you guys are having a fun dinner... ,1999019700,2009-06-01 19:30:27-07:00,58
@ddlovato come to vancouver please I would do anything to see you! and meet you! twitter me back! ,1999022818,2009-06-01 19:30:43-07:00,98
@ddlovato you put the lime in the coke-you-nut ,1999042179,2009-06-01 19:32:37-07:00,47
@ddlovato that's funny! ,1999042724,2009-06-01 19:32:41-07:00,24
@ddlovato which means ur'll be on the naughty list this year ,1999045457,2009-06-01 19:32:57-07:00,61
@ddlovato DEMI!! do you know CAMILLA BELLE personally? ,1999061292,2009-06-01 19:34:33-07:00,55
"@ddlovato hey, where are u know( vacation)....lol..did u enjoy brazilians? hehe.hope u enjoy ur free time ",1999064957,2009-06-01 19:34:56-07:00,106
"@ddlovato hahahaha looks so funny!  i'm even more sure you have a wonderful family, Demi! you're awesome!",1999082569,2009-06-01 19:36:43-07:00,105
@ddlovato old dude... santa clause. clearly get confuffled easily! ,1999097716,2009-06-01 19:38:17-07:00,67
@ddlovato lol ! that's so funny  demi CHILE loves you ,1999098395,2009-06-01 19:38:21-07:00,54
@ddlovato oh god I love you!!! ,1999099233,2009-06-01 19:38:26-07:00,31
@ddlovato sounds like fun times ,1999176156,2009-06-01 19:46:17-07:00,32
@ddlovato whens the next time you come to new york? ,1999237280,2009-06-01 19:52:32-07:00,52
@ddlovato well then i dare you to reply to my tweet  aha,1999241569,2009-06-01 19:52:59-07:00,56
@ddlovato sana claus s tru you are so very pretty ,1999471345,2009-06-01 20:16:33-07:00,50
@ddlovato Ooo Ooo Ooo tell him that I want chris pine for christmas pleassse ,1999549844,2009-06-01 20:24:51-07:00,77
@ddlovato http://twitpic.com/6g3tt - that is like. top model status  hahaha,1999982234,2009-06-01 21:10:55-07:00,75
@ddlovato http://twitpic.com/6g3tt - you look veeeery cuuute!! love the outfit ,1999983759,2009-06-01 21:11:05-07:00,79
@ddlovato heyy(: you are beyond amazing. just thought i'd tell you that ,1999991101,2009-06-01 21:11:55-07:00,72
"@ddlovato http://twitpic.com/6g3tt - such a FAB outfit Demi, love it and you! ",1999992245,2009-06-01 21:12:03-07:00,78
@ddlovato ur so pretty and i dare u to reply to me lol and can u plzzz come to australia preferably in melbourne ,1999992704,2009-06-01 21:12:07-07:00,113
@ddlovato Deeeeemii! Look at my new Twitter username! Can you adopt me? I wanna be Carolina Lovato  and I wanna be your sister haha kisses,2000020697,2009-06-01 21:15:19-07:00,138
@ddlovato http://twitpic.com/6g3tt - WOW! Your both so gorgeous! I'm feeling a little lightheaded now. ,2000038090,2009-06-01 21:17:16-07:00,103
@ddlovato hey  big fan  love ur music cant wait to c princess protection program this month.,2000052566,2009-06-01 21:19:00-07:00,92
@ddlovato: you girls are so pretty. i love your guys' dresses ,2000070530,2009-06-01 21:21:06-07:00,62
"@ddlovato hi demi how i feel? , im fine i hope just past to say hi ! hi! ",2000269524,2009-06-01 21:45:23-07:00,73
@ddlovato eww dirty dirty. Well I dare you to... We'll save that for later  (JEMI?) lol jk.,2000272725,2009-06-01 21:45:47-07:00,91
"@ddlovato http://twitpic.com/6g3tt - HOT DAYUM! omfg demi you're so sexy! i wish i looked like you!! gorgeous, beautiful, and skinny ",2000320692,2009-06-01 21:51:56-07:00,133
@caityannemarie That's SO weird. I just tweeted that for @ddlovato. ,2000365302,2009-06-01 21:57:39-07:00,68
@ddlovato heeey;) okeey i have 2million dollars or doing a show at my birthday party  i dn't live that far from you XD that wuz fun hahaha,2000413443,2009-06-01 22:03:45-07:00,138
@ddlovato hope you're having fun! you deserve it! ,2000473412,2009-06-01 22:11:39-07:00,50
I LOVE @Jennaschubart  on Twitpic: @ddlovato http://twitpic.com/6g3tt - You look gorgeous;) [more]Tweets: 194 [.. http://twitpic.com/6g3tt,2000839926,2009-06-01 23:06:11-07:00,138
listing to my @taylorswift13 @JonasBrothers @ddlovato @honorsociety @mitchelmusso and @mileycyrus playlist before going to bed..g'night ,2000851184,2009-06-01 23:07:58-07:00,136
"@ddlovato I love you with all my heart, Demi! -- Lizzie ",2001075083,2009-06-01 23:46:07-07:00,56
* I LOVE @Jennaschubart  on Twitpic: @ddlovato http://twitpic.com/6g3tt - You look gorgeous;) [more]Tweets: 20.. http://twitpic.com/6g3tt,2001130925,2009-06-01 23:56:04-07:00,137
@JMANN_pwn for sureee I'm listening to @ddlovato  does NACHOS ring a bell ? LOL haha.gosh I miss you bushaaa ,2001396169,2009-06-02 00:44:56-07:00,109
@izzaluvsmusic hi girl...i so agree @ddlovato is so thin on that pic...no tummy compared to mine...LOL ,2001545184,2009-06-02 01:14:25-07:00,103
@ddlovato i can't wait to get a hold of your new album... can't wait... ,2001605147,2009-06-02 01:26:34-07:00,72
@ddlovato i dare you to atleast mention ten of ur fans names in a song.... any song!  would make most of us happy!,2001625369,2009-06-02 01:30:40-07:00,114
"@ddlovato Do you see who tweets to you? Travis Garland & the members of Varsity Fanclub! DANG, you are a lucky lady! ",2001682092,2009-06-02 01:42:31-07:00,117
@ddlovato Hii Demii I Just Wanted To Say I Love Your New Series Of Sonny With A Chance Write Back Plzz xx ,2001730390,2009-06-02 01:52:36-07:00,106
@ddlovato http://twitpic.com/6g3tt - Demi you are beautiful.i wish i looked like you! love what you girls are wearing ,2001730622,2009-06-02 01:52:39-07:00,118
@ddlovato can i ask u question? ,2001927607,2009-06-02 02:33:25-07:00,32
@ddlovato http://twitpic.com/6g3tt - wow!! i TOTALLY love your outfit demi ,2001948175,2009-06-02 02:37:38-07:00,75
"Wants a reply from @ddlovato, @taylorswift, @jonasbrothers and @selenagomez. ",2001985340,2009-06-02 02:45:22-07:00,77
@ddlovato i dare you to meet perez hilton ,2002190683,2009-06-02 03:26:52-07:00,42
@ddlovato http://www.twitpic.com/6gh7e I made this just for you...and Selena ,2002246694,2009-06-02 03:37:49-07:00,77
@ddlovato hey demi. i'm sucha huge fan. ,2002327481,2009-06-02 03:53:16-07:00,40
@ddlovato http://twitpic.com/59s0j - haha cute!  lol the snowmans really REAL looking lol ;),2002373779,2009-06-02 04:01:25-07:00,92
@ddlovato http://twitpic.com/6g3tt - demi ur soo pretty! and I don't know who ur other friend is but I like her dress haha ,2002478229,2009-06-02 04:19:56-07:00,123
@ddlovato @mitchelmusso goodnight from Australia  xoxo,2002536620,2009-06-02 04:29:55-07:00,54
@ddlovato http://twitpic.com/6g3tt - wowww demi you never looked more stunning  ur growing up to bee so beautifull!,2002536743,2009-06-02 04:29:56-07:00,115
@ddlovato love is a word that I'd like to learn to pronounce ,2002712415,2009-06-02 04:58:20-07:00,61
"@ddlovato DEMIII, today is my B-DAY! Could you please send me congrats? I'd be veryyy happy  Lovee ya giirl ;*",2002776317,2009-06-02 05:07:54-07:00,110
"@ddlovato http://twitpic.com/6g3tt - SO PERFECT , I LOVEEEEE YOU DEMI â¥â¥â¥  , come back chileee please ",2003018915,2009-06-02 05:42:09-07:00,108
"love dont forget!it really seems like u mean it, siiiiiiiiick haha sorry, i now u dont now me  im such a pain in the butt,sorry, @ddlovato",2003315610,2009-06-02 06:18:26-07:00,138
"@ddlovato http://twitpic.com/6g3tt - oooooooooo you look SO SEXY GIRL! you are beautiful, you are a very good singer  i love your songs",2004190385,2009-06-02 07:48:50-07:00,135
@ddlovato hey!!! what about therealdemi video updates??? they're pretty awesome! please don't stop doing them! love from brazil! ,2005060946,2009-06-02 09:09:07-07:00,129
@ddlovato http://twitpic.com/2cfqc - not fair! i want a pair! ,2005926139,2009-06-02 10:23:25-07:00,62
@ddlovato http://twitpic.com/6g3tt - i love you!! you look so pretty hereeee  xx,2006619482,2009-06-02 11:26:06-07:00,80
@ddlovato and i am trying to start writing music.. u have inspired me so much ,2009587271,2009-06-02 15:56:43-07:00,78
"@ddlovato  you know that I love you, you and my idol, you and a great actress, singer ... And a diva ",2010302893,2009-06-02 17:09:18-07:00,101
@ddlovato I've always wanted to go parasailing! You're so lucky! How was it? ,2010303336,2009-06-02 17:09:21-07:00,77
@ddlovato hiii  .. a question .. You like to eat in macdonals? As it is cool to eat burgers jaja... i hope you respond me plz  jajj...xoxo,2010525160,2009-06-02 17:31:43-07:00,138
"@ddlovato if you answer me, I'll be the happiest girl in the world! â¥ <3 its serious, you make people happy when answer  â¥",2010527076,2009-06-02 17:31:55-07:00,126
@ddlovato hi demi! I am in loved your performance in Peru! I feel so related to your songs! I think we are going through the same things ,2010537453,2009-06-02 17:32:57-07:00,137
@ddlovato listen to @therecordlife on myspace. You wont be disappointed  jake is amazinggg.,2010891617,2009-06-02 18:08:18-07:00,91
"@ddlovato demi , you are amazing. i love you . come to canada some time soon  ! , and enjoy that scary movie ;)  , what movie is it ",2010910006,2009-06-02 18:10:07-07:00,132
"@ddlovato you're so cute demi â¥ really, you're my idol teenager ",2011036427,2009-06-02 18:22:30-07:00,66
@ddlovato Can't Wait For Your New Record!! ,2011504631,2009-06-02 19:07:27-07:00,43
"@ddlovato Oh come on, Demi! Don't even try to be vague. I know who you're talking about. ",2012409058,2009-06-02 20:35:56-07:00,89
@ddlovato http://twitpic.com/6g3tt - You do look skinny...the outfit and/or angle? But it's not in a freakish way!   I love you Demiii ,2013163833,2009-06-02 22:03:11-07:00,135
@ddlovato yeah starstukkk ahaha i never thought that i would listen to the same music as you ... ,2013629836,2009-06-02 23:09:19-07:00,97
@selenagomez is gonna be on @ddlovato's Sonny With A Chance?! WOOHOO ,2013670732,2009-06-02 23:15:46-07:00,69
@ddlovato come on demi when are you goin 2 show us?  loveya,2013706202,2009-06-02 23:21:24-07:00,59
@ddlovato without who? ,2013851982,2009-06-02 23:45:20-07:00,23
"@ddlovato Hey Demi!! by ""the board"" are u talking oujia board? I think i spelled that correctly ",2014157651,2009-06-03 00:37:59-07:00,96
@ddlovato: Heyy demi hope ur having a blast in ur vacation ,2014157710,2009-06-03 00:38:00-07:00,59
@ddlovato OMG! I SOOO LOVE YOU!  You rock!,2014160044,2009-06-03 00:38:25-07:00,42
@ddlovato oommggg demi! i likesoooooooo love jet skiing! its like the best thing to do in the summer! ,2014180804,2009-06-03 00:42:13-07:00,102
@ddlovato I've come to the conclusion that you're my favorite artist EVER. You produce amazing music. Do i sound smart >.< ,2014180917,2009-06-03 00:42:14-07:00,123
@ddlovato are you joking? Or was that just making a clever tweet? ,2014200265,2009-06-03 00:45:59-07:00,66
"@ddlovato Already have the slogan: ""You'll be the DEATH of the party!"" or ""So good, it's DEADLY!"" ",2014200566,2009-06-03 00:46:02-07:00,98
@ddlovato haha youre awesome demi. i love you ,2014202659,2009-06-03 00:46:23-07:00,46
"@ddlovato ""Death by Demi"" i love it ",2014211719,2009-06-03 00:48:05-07:00,36
@ddlovato haha..that's a good one!! if even if it's a joke or not..you still think of cool things..  ,2014211887,2009-06-03 00:48:07-07:00,101
"@ddlovato hahah that's a good one ! lol, you should make a perfume  x",2014212195,2009-06-03 00:48:11-07:00,69
@ddlovato haha..really?? Im the first to buy one..haha..nice ,2014212755,2009-06-03 00:48:17-07:00,61
@ddlovato  haha i would totally wear death  and New Moon does look extremely awesome  x w,2014222074,2009-06-03 00:50:00-07:00,89
"@ddlovato OMG! Why Not Try , Killer Scent.  Death Is Kinda Scary. Like What Are You Wearing? A Killer Scent.",2014223055,2009-06-03 00:50:08-07:00,108
@ddlovato What do you plan to use to make the scent? That would be awesome I would totally buy it ,2014223263,2009-06-03 00:50:10-07:00,98
"Hey Dems , @ddlovato OMG! Why Not Try , Killer Scent.  Death Is Kinda Scary. Like What Are You Wearing? A Killer Scent. ",2014224720,2009-06-03 00:50:25-07:00,120
@ddlovato sounds good ,2014225295,2009-06-03 00:50:31-07:00,22
@ddlovato LOL! nice one! All the best in making the perfume!! ,2014232685,2009-06-03 00:51:55-07:00,62
it would be very cool if @ddlovato make a perfume called DEATH. HAHAHAA ,2014242473,2009-06-03 00:53:49-07:00,72
@ddlovato as long as it smells good  I'll wear it,2014244780,2009-06-03 00:54:15-07:00,49
"@ddlovato haha, sounds. . . fragrant? xD I sincerely hope people realize your joking ",2014252876,2009-06-03 00:55:49-07:00,85
@ddlovato hhaah I'd definitly buy it!  your so funny ) you made my day already! and it's only 3 am! love you!,2014265312,2009-06-03 00:58:16-07:00,109
"@ddlovato LOL, do u have another??? i like it, demi ",2014272265,2009-06-03 00:59:37-07:00,52
@ddlovato Demi  are you excited for new moon ? i'm so excited .. cant wait for new moon premiere in November ,2014272388,2009-06-03 00:59:39-07:00,109
"@ddlovato I can see the headline: ""Demi Lovato, Making Death Sexy"" lol   Much Love",2014274471,2009-06-03 01:00:02-07:00,82
@ddlovato I'd totally buy DEATH.. Your so awesome Demi! Wanna be best friends? ,2014310175,2009-06-03 01:06:27-07:00,79
@ddlovato Loooooool. That's awesome. I'd so buy it. ,2014310322,2009-06-03 01:06:29-07:00,52
"@ddlovato oh i have seen it, its awesome ",2014318423,2009-06-03 01:08:07-07:00,41
always there for ya demzzz  pyramids says hello for ya  @ddlovato,2014330776,2009-06-03 01:10:29-07:00,65
@ddlovato dude you can come see it with me ,2014340222,2009-06-03 01:12:19-07:00,43
"@ddlovato hahahahah ""You smell like death!"" ...""Aww, thankyou!"" This perfume will make my life so much more entertaining, MAKE IT! ",2014341368,2009-06-03 01:12:33-07:00,131
"@ddlovato coolio..... yay i'll be wearin ""death"" LOLZ  xx",2014341637,2009-06-03 01:12:36-07:00,57
"@ddlovato well most perfumes are made of dead things such as dead flowers etc, so any perfume we kinda use is pretty much death lol ",2014349743,2009-06-03 01:14:14-07:00,132
"@kaseyRSM @ddlovato ""ya mum"" is the ULTIMATE thing to say which annoys everyone  ""Where are you from"" ""YA MUM!""",2014350078,2009-06-03 01:14:18-07:00,111
@ddlovato ahahahha I'm so gonna buy it ;DDD Please come to FINLAND  <3 I love you and your music <3 xoxo,2014360316,2009-06-03 01:16:17-07:00,104
@ddlovato haha no don't sleep. Stay up. I'm still doing a ton of hw and I wanna keep reading tweets from u and other ppl still up  hahahah,2014370799,2009-06-03 01:18:24-07:00,138
@ddlovato well godd luck with that! <3 haha here in norway its morning tho  i love you demetria <3,2014371408,2009-06-03 01:18:31-07:00,98
@ddlovato if seen someone so pretty! YOU! ,2014389408,2009-06-03 01:22:07-07:00,42
@ddlovato iv seen someone so pretty!!! YOU! ,2014391143,2009-06-03 01:22:29-07:00,44
@ddlovato i have kinda except this was a girl.. like she was so beautiful that i was so jelous and angry thats girll was YOU! ,2014400010,2009-06-03 01:24:17-07:00,126
@ddlovato i have kinda except this was a girl.. like she was so beautiful that i was so jelous and angry thats girll was YOU! ,2014400570,2009-06-03 01:24:24-07:00,126
@ddlovato i have kinda except this was a girl.. like she was so beautiful that i was so jelous and angry thats girll was YOU! ,2014401119,2009-06-03 01:24:30-07:00,126
"@ddlovato  Oh yes, honey, I have ",2014408904,2009-06-03 01:26:01-07:00,33
@ddlovato follow me!! please. ,2014410126,2009-06-03 01:26:14-07:00,30
@ddlovato Yes I have Goodnight Demi !  <3 haha funny to say that 'cause I just woke up  Please come to Finland <3 Love ya !! <3 xoxo,2014421856,2009-06-03 01:28:37-07:00,132
"@ddlovato I'm sorry, I'll put up a less stunning photo of me sometime tomorrow. ",2014431328,2009-06-03 01:30:25-07:00,80
@ddlovato loll talk about a cliff hanger haha no but really its cool. I've tooootallyy had that happen to me before ,2014441077,2009-06-03 01:32:23-07:00,116
"@ddlovato Ow yeaah. I'm like that, too ",2014461242,2009-06-03 01:36:26-07:00,39
@ddlovato Stop thinking of me ,2014492121,2009-06-03 01:42:44-07:00,30
@ddlovato  helloooooo  how r u?   cant wait 4 the new album lol but ur bes... Read More: http://is.gd/N0iP,2014528179,2009-06-03 01:50:09-07:00,106
@ddlovato yes Gaspard Ulliel actually  everytime I see a new picture I'm nomnomnom. I swear he's the most beautiful man alive!,2014621618,2009-06-03 02:08:14-07:00,126
@ddlovato & @thebrandicyrus i luv it tooooo ,2014672212,2009-06-03 02:18:13-07:00,44
"@ddlovato hahaha! its soooo funny when people will say ""i love that ""DEATH"" smell of yours!!"" hahaha! that cracked me up! ",2014725724,2009-06-03 02:28:59-07:00,122
@ddlovato Miley misses you!  i saw it to her facebook account! <3  follow me back please! ,2014918220,2009-06-03 03:06:52-07:00,90
i would love to have that perfume @ddlovato. haha! and @taylorswift13.  hehehe,2014977125,2009-06-03 03:18:39-07:00,78
"follow me!  telll your fwends.  love you guys! @ddlovato, @therealsavannah YOU GUYS ROCKK!",2014989481,2009-06-03 03:21:03-07:00,90
@ddlovato how about seeing someone so handsome face-to-face and nearly taking all your breathe away? Argh. Reminiscing. ,2015010856,2009-06-03 03:25:20-07:00,120
"@ddlovato Hahahah. Yupp, Many times lol ",2015017809,2009-06-03 03:26:41-07:00,40
@ddlovato Demi that sounds like a great name and I'll definetely be buying this as soon as it hits the shelves. Loves it ,2015097858,2009-06-03 03:41:34-07:00,121
@ddlovato Follow @Jamie_Spears  Thankx ,2015106592,2009-06-03 03:43:16-07:00,39
"@ddlovato i'll wear it.  haa' then i can smell like ""Death too"" haa'",2015128881,2009-06-03 03:47:25-07:00,68
"@ddlovato a perfume named ""death"" ? nice! why not try ""trash"" ? haha. LoL . just dropping by ",2015141695,2009-06-03 03:49:47-07:00,93
"@ddlovato hahaha, now that's something i wanna see. ;) i can so imagine the guys' reaction at school to that if it was a cologne!! ",2015349455,2009-06-03 04:25:31-07:00,131
"@ddlovato something ""breathtaking"" to look at... ",2015389125,2009-06-03 04:31:59-07:00,49
@ddlovato have you read the books? (twilight saga) ,2015402873,2009-06-03 04:34:11-07:00,51
@ddlovato Yes check out this one http://twitpic.com/6ixn4 and is not the only one you are so cute in every picture ,2015423812,2009-06-03 04:37:35-07:00,115
"put videos on youtube. TENNA & PERNiLLE SHOW. looook  Parodie on @ddlovato and selena gomez  Sorry guys, but its just fun ",2015569706,2009-06-03 05:00:16-07:00,122
I have @ddlovato LaLa Land stuck in my head. Relieved to have @forourhero outta there. Thankyou @ameeraaa__ ,2015639363,2009-06-03 05:10:16-07:00,108
"@ddlovato I think u should make that perfume, that would be awesome! haha. ""Im wearing Death my Demi Lovato, DUH!"" lol ",2015724949,2009-06-03 05:22:29-07:00,119
@ddlovato you come to europe? wanna come to germany and go for a ride with us?  love u <3,2015829938,2009-06-03 05:36:35-07:00,89
@ddlovato hahaha!! yeay! Demi is in love!!  love your music!! keep rockin'!!,2016174857,2009-06-03 06:18:30-07:00,76
"@ddlovato picture of some so handsome? Yeah, Taylor Lautner or RPratz. ",2016439626,2009-06-03 06:46:48-07:00,71
"@ddlovato awesome perfume name! ""I smell like death... lovely, isn't it?"" lol. you should seriously market that! I want. ",2016473579,2009-06-03 06:50:23-07:00,121
"I think @ddlovato and @tracecyrus like each other..&as far as i know,their both SINGLE!! Wooootttttt.  Wait,Why am I Excited? Baaha(:",2016682848,2009-06-03 07:11:20-07:00,133
"@ddlovato Cool... ""Let me go buy Death"" ",2016938810,2009-06-03 07:36:09-07:00,40
@ddlovato gosh soo true!! i have seen such a pic lol   and i never will get it out of my mind  ,2017683459,2009-06-03 08:47:16-07:00,95
"@ddlovato haha your so funny, i'll be sure to buy that perfume  xx",2017840134,2009-06-03 09:01:59-07:00,66
"anyone wanna talk?  ohmygod, 11days till i see @jonasbrothers & @ddlovato ",2030738204,2009-06-04 08:48:36-07:00,74
@ddlovato morning  yumm.. im hungry! come to scotland. wembley in 11 days  i cant wait to see you. xxo,2031127262,2009-06-04 09:22:15-07:00,102
@ddlovato; Your Awesome! I love to draw you! I hope you'll ever see it! (: http://twitpic.com/4lvns  I hope you'll ever come to Holland! ,2031128929,2009-06-04 09:22:25-07:00,137
@ddlovato Good morning demi hope you have a nice day  <3 love your music xoxo,2031129514,2009-06-04 09:22:27-07:00,77
"@ddlovato, Your Awesome! I love to draw you! I hope you'll ever see it! (: http://twitpic.com/4lvns  I hope you'll ever come to Holland! ",2031129695,2009-06-04 09:22:28-07:00,137
@ddlovato LOL being 5 is wonderful! i miss it hehee ,2031129778,2009-06-04 09:22:28-07:00,52
@ddlovato morning demi  mmm pb&j sounds really good right now.,2031130207,2009-06-04 09:22:30-07:00,62
@ddlovato haha those were the good old days ,2031130284,2009-06-04 09:22:31-07:00,44
@ddlovato: Don't we all wish to  be 5? ,2031130812,2009-06-04 09:22:33-07:00,39
@ddlovato yes!!! Just like kindergarten!!!!!  And goodmorning to u also ,2031130825,2009-06-04 09:22:34-07:00,72
@ddlovato Hey.  I Love You songs.  How are you ? What do you think about come to POland ?,2031153808,2009-06-04 09:24:36-07:00,89
@ddlovato Good morning sweetie ,2031154833,2009-06-04 09:24:41-07:00,31
@ddlovato raisins are the best thiiiing!  <3,2031155144,2009-06-04 09:24:43-07:00,44
"@ddlovato Me, i love your little sister ^^  I see her everytime in Desperate Houssewives, and she's cute, really   She make me laugh ^^",2031155382,2009-06-04 09:24:44-07:00,135
@ddlovato woot woot  haha. guess what? in five days its my birthday... exciting right?  the big 1-8,2031179106,2009-06-04 09:26:48-07:00,99
"@ddlovato Me, i love your little sister, she's so cute, seriously, i love to see her in Desperate Houssewives, i think she's fun   Kiss â¥",2031180194,2009-06-04 09:26:53-07:00,139
@ddlovato  good morning honn oh ill will sent some thing to your hyves page  GOD BLESS  love YOur BuD Alex,2031180466,2009-06-04 09:26:55-07:00,106
@ddlovato goodmorningg demi!!  even tho its 7.26 pm here,2031182021,2009-06-04 09:27:03-07:00,56
@ddlovato Nothin betta than a pb&j sandwich for breakfast!!! I seriously can't wait for your new album!!!  LY xxx,2031182629,2009-06-04 09:27:06-07:00,113
@ddlovato Morning Sunshine  have a nice day Demi ,2031188693,2009-06-04 09:27:38-07:00,49
"@ddlovato if @ddlovato wishing me a happy bday.it would be the best present ive ever had, and it means a lot to me , i'll be super happy ",2031189997,2009-06-04 09:27:45-07:00,137
"@ddlovato omgsh hey demiiiiiiiii, i love you soooooooooooooooooo much, u r sooooo cool and pretty, how are you? ",2031694159,2009-06-04 10:11:03-07:00,112
@ddlovato having 5 year old moments probably keeps your head on straight though ,2032507923,2009-06-04 11:21:30-07:00,80
"@ddlovato UR on the cover of Hitkrant, thats a dutch magazine. I hope youw ill come to holland soon. ",2032717015,2009-06-04 11:39:54-07:00,101
@ddlovato hey there  i'm rebeca from brazil. how are you ?,2032750470,2009-06-04 11:42:49-07:00,58
@ddlovato @mileycyrus @tracecyrus @emilyosment @therealtiffany @comeagainjen you all rock. i love you  xoxo,2032750514,2009-06-04 11:42:49-07:00,107
@DDLovato Hi I Just Wanted To Say I'm A Big Fan Of Yours. I Think Your An Amazing Artist And Your So Pretty! God Bless You Love ,2032884368,2009-06-04 11:54:34-07:00,128
finally! haha. done with editing!  i hope @ddlovato will notice that video i worked hard on. ,2039781109,2009-06-04 22:47:25-07:00,93
@ddlovato hey demi! im your biggest fan here in the philippines! ,2039924072,2009-06-04 23:09:28-07:00,65
@ddlovato; Your Awesome! I love to draw you! I hope you will ever see it! (: http://twitpic.com/4lvns I hope you'll come soon to Holland! ,2039933183,2009-06-04 23:10:54-07:00,138
"@ddlovato Oh, and when an escalator is out of order, the sign should say, Escalator temporarily stairs. Sorry for the convenience. ",2039933507,2009-06-04 23:10:57-07:00,131
"@ddlovato, Your Awesome! I love to draw you! I hope you will ever see it! (: http://twitpic.com/4lvns I hope you'll come soon to Holland! ",2039934506,2009-06-04 23:11:07-07:00,138
@ddlovato awww that suks...haha yea mite hav to do wit that i should go ovr and help u feel better ,2039935389,2009-06-04 23:11:15-07:00,99
@ddlovato mmm candyyy  haha it's sooo time for a snack right about now!,2039935485,2009-06-04 23:11:16-07:00,71
@ddlovato heyyy!! please respond back i will love you ten times more ,2039936512,2009-06-04 23:11:25-07:00,69
"@ddlovato http://twitpic.com/4foca - Never mind the awesome RayBans, it's Boys Like Girls!  I lovelovelove you guys.",2043932159,2009-06-05 08:37:32-07:00,116
listen to here: here we go again with demi lovato  cool song  @ddlovato,2044114782,2009-06-05 08:53:29-07:00,71
@Jessie__Ann You were in my dream lastnight! I surprised you with @selenagomez and @ddlovato and @mileycyrus AND @Jonasbrothers!  HAHA,2044195197,2009-06-05 09:00:28-07:00,134
@ddlovato u.u your new album cover is soo nice!!! can't wait to hear your new record! ,2044218220,2009-06-05 09:02:28-07:00,86
@ddlovato http://twitpic.com/6l67c - amazing! I want to do someday ,2044428276,2009-06-05 09:20:39-07:00,67
@ddlovato http://twitpic.com/6np19 - BEAUTIFUL demi! wow amazingg! cant wait for it! ,2044430811,2009-06-05 09:20:52-07:00,85
@ddlovato http://twitpic.com/6np19 - super stoked  you loo different.. but still beautiful! xx,2044603814,2009-06-05 09:35:13-07:00,94
@ddlovato OMG Demi you're sooooo pretty on iiiit ! can't wait to have it (: U're the beeeest ever ,2044735402,2009-06-05 09:45:16-07:00,98
@ddlovato's album comes out on july 21st!!!!!!!!!!!! ,2044766377,2009-06-05 09:47:43-07:00,53
@ddlovato http://twitpic.com/6np19 - OMG!! DEMI I LOVE YOU! I CAN'T WAIT TO HEAR THE NEW SONGS! YOU'RE AMAZING! KISSES FROM ARGENTINA ,2044847394,2009-06-05 09:54:01-07:00,134
@xoxoangelrose I second that love for @ddlovato ,2045106186,2009-06-05 10:14:45-07:00,48
"@ddlovato Demi, you are the most awesome person ever! Thanks for being alive. (lmao, wtf.) ha ha YOU ARE MY INSPIRATION ;) keeep it upppp ",2045321069,2009-06-05 10:33:25-07:00,138
have y'all seen the cover of @ddlovato new cd? its AWESOME! love her. tehe. im a HUGE fan. maybe huge is an understatement... haha. ,2045338467,2009-06-05 10:34:57-07:00,132
"@ddlovato  ITypedInNewDemiLovatoOnYoutubeAndTheSongBackAround CameUp. IWasScaredItWasGonnaBeAllBubblegumPop,ButItWasStillLikeYouThankGod. ",2045459551,2009-06-05 10:45:28-07:00,138
follow friday  @emilyosment @jordanmccoy @selenagomez @Rochii @ddlovato @thedebbyryan @mileycyrus @jennettemccurdy,2045707490,2009-06-05 11:07:07-07:00,114
@ddlovato omggggg you look GORGEOUS!!! love it ,2045917790,2009-06-05 11:25:44-07:00,47
@ddlovato Hello demi  I am going to buy your new CD ,2046173517,2009-06-05 11:47:56-07:00,52
@ddlovato http://twitpic.com/6np19 - we cant wait ,2046195845,2009-06-05 11:49:54-07:00,50
@selenagomez and @ddlovato the full song of one in the same is amazingg. ,2046237712,2009-06-05 11:53:29-07:00,73
@ddlovato http://twitpic.com/6o94d drawing of you  http://twitpic.com/6o84k drawing that i'm working on now  tell me what you think!,2046309778,2009-06-05 11:59:49-07:00,132
"http://twitpic.com/6onnv - Cover of @ddlovato new album ""Here We Go Again"", isn't she pretty?? ",2046359726,2009-06-05 12:04:01-07:00,95
@ddlovato http://twitpic.com/6np19 - Demi(: You look gorgeoussss. I cant wait for the cd ,2046615894,2009-06-05 12:26:31-07:00,89
GO FOLLOW MY ROLE MODELS!! @jonasbrothers @ddlovato @taylorswift13 aka the people i think rule the most. ,2046980576,2009-06-05 12:58:38-07:00,105
@ddlovato http://twitpic.com/6np19 - Demi this is GORGEOUS! OH MY ACTUAL GODD  your so beautiful,2047023636,2009-06-05 13:02:18-07:00,96
@selenagomez i can't wait to hear your album <3 ANNND i can't wait to see you and @ddlovato at the ppp red carpet in toronto ,2047050002,2009-06-05 13:04:35-07:00,125
@ddlovato http://twitpic.com/6l67c - wow!! i wanna do that! amazing!! ,2047705344,2009-06-05 14:03:12-07:00,70
@ddlovato  your lovely  x,2047856291,2009-06-05 14:17:04-07:00,25
@ddlovato yeeee! woot for average girls! ,2047856558,2009-06-05 14:17:05-07:00,41
@ddlovato good for you! ,2047857127,2009-06-05 14:17:08-07:00,24
"@ddlovato you. are. beautiful. no matter what they sayyy  cuz words can't bringgg ""you"" down. oh noooo",2047857364,2009-06-05 14:17:10-07:00,102
@ddlovato no... you're amazing! weight doesnt matter anyway! YOU'RE BEAUTIFUL ,2047857980,2009-06-05 14:17:13-07:00,78
@ddlovato hey sunshine  how are u,2047858299,2009-06-05 14:17:15-07:00,33
@ddlovato ahhh sounds fun! ,2047878020,2009-06-05 14:19:02-07:00,27
"@ddlovato WHO SAID YOUR FAT? CUZ YOUR DEFINITELY THE OPPOSITE! And I mean that in a good way!  UR awesome, and never forget it Demi!",2047878105,2009-06-05 14:19:02-07:00,132
@ddlovato Mitchie is gonna have a much different look then lol ,2047878659,2009-06-05 14:19:05-07:00,63
"@ddlovato yay for Camp Rock 2!!! And I agree with you, you are a very pretty girl. Don't listen to stupid ppl who don't know anything ",2047878698,2009-06-05 14:19:05-07:00,134
@ddlovato That sounds like a lot of fun! Can't wait til Camp Rock 2 comes out ,2047878881,2009-06-05 14:19:06-07:00,78
@ddlovato cool! cant wait either! ,2047880365,2009-06-05 14:19:14-07:00,34
@ddlovato love the new album cover demi. ,2047881096,2009-06-05 14:19:18-07:00,41
@ddlovato your perfect demi!!!!!!!!!!! ,2047901135,2009-06-05 14:21:07-07:00,39
@ddlovato when does CR2 start filming? ,2047901631,2009-06-05 14:21:10-07:00,39
@ddlovato that's true ,2047901955,2009-06-05 14:21:11-07:00,22
"@ddlovato YAY, Very excited for Camp Rock two  When do you start Filming then? x",2047902094,2009-06-05 14:21:12-07:00,80
@ddlovato EXACTLY! ,2047902192,2009-06-05 14:21:13-07:00,19
@ddlovato i love you i love you i love you! and what you do makes me smile! thankyou ,2047903142,2009-06-05 14:21:18-07:00,85
@ddlovato your album cover = FRIKKIN NIIIICE. you look intense. i'm so excited to see you august 20th !!!sjdk ashgklja ,2047903207,2009-06-05 14:21:18-07:00,119
@ddlovato Are JB with you??  Leak a picture to us please ,2047922002,2009-06-05 14:23:03-07:00,57
@ddlovato I love your new series Sonny with a Chance! you are a great actress ,2047922359,2009-06-05 14:23:05-07:00,78
"@ddlovato I like that phrase.  ""Beautifully Made""  ",2047923109,2009-06-05 14:23:10-07:00,51
@ddlovato you are beautifully made! ,2047923832,2009-06-05 14:23:14-07:00,36
@ddlovato another short demi lecture speech. that's a nice way to label someone. ,2047924037,2009-06-05 14:23:15-07:00,81
@ddlovato i think ur right and everyone is beautiful  i love u demi ur awsome,2047943332,2009-06-05 14:25:06-07:00,77
@ddlovato i really agree with you demi i love that part of you ,2047943749,2009-06-05 14:25:08-07:00,63
@ddlovato You always say the right thing Demi. Everyone's beautiful in their own way. People should be less steriotypical. ,2047943805,2009-06-05 14:25:08-07:00,123
@ddlovato WOW!! Camp Rock 2!! Can't wait!! Is it true the storyline is about rival camps???  ily xxx,2047944395,2009-06-05 14:25:11-07:00,100
@ddlovato ur my role model! Ur awesome! ,2047944711,2009-06-05 14:25:13-07:00,40
"@ddlovato  good idea!  we're all beautiful, weather it's inside or out!",2047945365,2009-06-05 14:25:16-07:00,71
"@TraceCyrus Trace , is @ddlovato  your girlfriend?....... lol , I think she is ... I love metro station ! ",2047946306,2009-06-05 14:25:22-07:00,106
@ddlovato that's a great idea demi ,2047964419,2009-06-05 14:27:06-07:00,35
"@ddlovato Well then, Miss Demi, You are beautifully made. Honestly. ",2047964425,2009-06-05 14:27:06-07:00,68
"Follow Friday: @Vany2, @Frenchman101, @PatsyTravers, @xEMAH, @emilyheria, @ddlovato ",2047965222,2009-06-05 14:27:10-07:00,84
"@ddlovato YES DEMI. okay i dont believe in ""perfect"" but to me if it was a word the definition wud be Demi Lovato ",2047965333,2009-06-05 14:27:11-07:00,114
"@laurinchen15 yes ! i love @ddlovato and @mileycyrus ! i go off now. i love talking to you  see you tomorrow, yes ? love you â¥",2047966151,2009-06-05 14:27:16-07:00,128
"@ddlovato you are beautifully made, demi ",2047966670,2009-06-05 14:27:19-07:00,41
"@ddlovato demi you are such a wonderful person, i just love your ideas ",2047985825,2009-06-05 14:29:06-07:00,71
i think @ddlovato is so right on everything she says and everyone's perfect on their own way ,2047986874,2009-06-05 14:29:13-07:00,93
@ddlovato I personally think you look amazing and back up what you are saying 100% ,2047988413,2009-06-05 14:29:21-07:00,83
"@ddlovato girls  keep it up, the world needs more people like you <3",2047988653,2009-06-05 14:29:23-07:00,68
@ddlovato Tomorrow I go to the premiere of Princess Protection Program in Spain I really want to see you in  the movie  I love u (L),2048007653,2009-06-05 14:31:07-07:00,132
@ddlovato that's a great thing 2 say.  ur so sweet!,2048007906,2009-06-05 14:31:09-07:00,51
"@ddlovato Wouldn't it be nice if we lived in a world where no one gets criticized for what we wear, who we date, and who we are? Thanks. ",2048008260,2009-06-05 14:31:11-07:00,137
@ddlovato yes it is a powerful statement! ,2048009690,2009-06-05 14:31:19-07:00,42
@ddlovato has alot of good things to say.  wish to meet her soon.,2048029337,2009-06-05 14:33:10-07:00,65
i cant wait for june 15th....  AND Nicholas Sparks is THE BEST author EVER!!!!! also @ddlovato thats awesome and should happen!,2048029981,2009-06-05 14:33:13-07:00,127
@ddlovato you are so nice i will probs do that know not because you said it because i want to feel better about myself thanks ,2048030398,2009-06-05 14:33:16-07:00,126
@ddlovato you are truly amazing! totally inspirational! Im so excited to see you in a week  in londonn,2048031540,2009-06-05 14:33:22-07:00,102
"@ddlovato Demi your truly the best,that statement has made alot of people happy ",2048050746,2009-06-05 14:35:10-07:00,80
@ddlovato we need more role models like you demi. My dad taught me beauty is in the eye of the beholder and he wouldn't lie to me ,2048052072,2009-06-05 14:35:17-07:00,130
"@ddlovato You're perfect, Demz! You're pretty, talented & humble! And you love your fans! That's why we love you! Love from Colombia! ",2048052404,2009-06-05 14:35:19-07:00,134
@ddlovato demi you are seriously makin my day right now  you are amazing.,2048053228,2009-06-05 14:35:23-07:00,73
@ddlovato demi ur such a great person and ur such a great role model for every1  ,2048070909,2009-06-05 14:37:03-07:00,81
"@ddlovato hey Demi, plz send a kiss to ur brazilian fan club ""lovato's lovers""? me and my friends want it so much  u are amazing, xoxo",2048070980,2009-06-05 14:37:04-07:00,134
@ddlovato you are seriously the best Demi  you're an amazing role model  I am so stoked to see you on tour! see you on the 26th ,2048071329,2009-06-05 14:37:06-07:00,128
@ddlovato Good job! That's really nice of you to say that to people ,2048073125,2009-06-05 14:37:16-07:00,68
@ddlovato I love you so much  come back to Brazil demi =D,2048073138,2009-06-05 14:37:16-07:00,57
"@ddlovato - you see people for who they are, NOT what they look like!!! And i admire you so much for that! Thank you for what you did!! ",2048094789,2009-06-05 14:39:18-07:00,136
@ddlovato hahaha no you don't! You are still Demi ,2048095173,2009-06-05 14:39:20-07:00,50
@ddlovato it's because you are a girl...  haha and dw we all hear your advice.. it's why your so many young girls role model !! ,2048095879,2009-06-05 14:39:24-07:00,128
"@ddlovato uh oh, you're turning into one of... THEM. Haha I love you ",2048096067,2009-06-05 14:39:25-07:00,69
"@ddlovato Thanks for the advice  dont listen to anything bad people say, they are just so envious, you are beautiful demi ",2048096183,2009-06-05 14:39:26-07:00,122
"@ddlovato your very pretty, I'm excited for camp rock 2 your beautiful, and everyones made the way they are  your a good role model, <3",2048113707,2009-06-05 14:41:02-07:00,135
@ddlovato Thats so true!! ,2048115914,2009-06-05 14:41:15-07:00,26
@ddlovato Demi ur soooo not fat or watever ppl are telling u hun!!Ur extremely BEAUTIFUL and ppl r simply jealous so forget them!!Luv u ,2048116221,2009-06-05 14:41:16-07:00,136
@ddlovato hahahaha and i love the way you're Demi <3 please don't you ever change ,2048116514,2009-06-05 14:41:18-07:00,82
@ddlovato REPLY TO ME PLEASE YOU WOULD MAKE MY GRADUATION DAY WHICH IS TODAY EVEN MORE AWESOME!!! ,2048116774,2009-06-05 14:41:19-07:00,98
@ddlovato Wauw. You inspire people. Keep being you  xo.,2048117354,2009-06-05 14:41:23-07:00,55
@ddlovatO BUT YOU ARE PEFECT DOW YOU ARE PRETTY AND THAT I WANER BE IF YOU GET WHAT I MEAN i think u have eveything AND YOUR ALWAYS HAPPY ,2048139337,2009-06-05 14:43:25-07:00,138
"@ddlovato haha, demi that just made my day ",2048157127,2009-06-05 14:45:08-07:00,43
@ddlovato you're such an inspiration to every girl out there including me. ,2048159734,2009-06-05 14:45:21-07:00,75
@ddlovato http://twitpic.com/6o94d I drawing i did of you http://twitpic.com/6o84k drawingi'm working on now  tell me what you think!,2048160418,2009-06-05 14:45:24-07:00,133
"@ddlovato http://twitpic.com/6np19 - This is amazing, you are so Beautiful! I love you! ",2048160473,2009-06-05 14:45:25-07:00,88
@ddlovato http://twitpic.com/6o94d This is a drawing I did  http://twitpic.com/6o84k HUGE Demi drawing  tell me what you think please,2048199971,2009-06-05 14:49:13-07:00,133
"@ddlovato omg theres gna b camp rock 2! ahhh yay, i love that movie ",2048201810,2009-06-05 14:49:24-07:00,68
"@ddlovato Cool, whats camp rock goin to be about? ",2048220707,2009-06-05 14:51:10-07:00,50
i don't give a shit what people say!! @tracecyrus is a total sweetheart!! @ddlovato is so lucky to have a guy like him in her life ,2048223891,2009-06-05 14:51:29-07:00,131
"@ddlovato you are not fat, you are not skinny.... YOU ARE ABSOLUTELY PERFECT!! really! i love you as you are  many kisses from SPAIN  <333",2048264265,2009-06-05 14:55:27-07:00,138
@ddlovato  You are perfect! I love you so much Demi <3 You are my IDOL ,2048284339,2009-06-05 14:57:23-07:00,71
@ddlovato those are great words to say demi thats why your a role model to many girls including me ,2048326255,2009-06-05 15:01:22-07:00,99
@ddlovato is a trending topic  hope they're not talking crap about her!,2048346789,2009-06-05 15:03:15-07:00,71
@ddlovato   you are fat JK ! ahaha   your perfect size ,2048347608,2009-06-05 15:03:20-07:00,55
@ddlovato I agree with everything you said. ,2048390207,2009-06-05 15:07:20-07:00,44
"""I am beautifully made"" - Demi Lovato. @ddlovato , Woah check it out , Your a Trending Topic.  <3",2048390769,2009-06-05 15:07:23-07:00,97
@ddlovato http://twitpic.com/6o94d This is for you! http://twitpic.com/6o84k HUGE drawing i'm working on  tell me what you think please,2048391313,2009-06-05 15:07:28-07:00,135
@ddlovato that quote is the BEST thing ive heard all day & very true.You must be a lovely kind hearted person & it really shows  god bless,2048410526,2009-06-05 15:09:19-07:00,138
@ddlovato there is a great verse about being beautifuly made in God's eyes ,2048433865,2009-06-05 15:11:32-07:00,75
@ddlovato http://twitpic.com/6np19 -  ur looking soo good!!! i'll nvr forget ur show with the jobros in chile  i hope you move here  ...,2048453657,2009-06-05 15:13:27-07:00,136
"@ddlovato hey Demi, don't worry u r perfect ",2048494140,2009-06-05 15:17:25-07:00,44
@ddlovato Camp Rock 2 Awesome Cant Wait To See It ,2048514261,2009-06-05 15:19:26-07:00,50
@jonascool1 Thank you  It would mean a lot for you to spread the word. Please tell @ddlovato Thank you ,2048536840,2009-06-05 15:21:40-07:00,103
@ddlovato Thats the best thing I've ever heard. You're unbelievably inspiring. Love you ,2048555848,2009-06-05 15:23:34-07:00,88
follow them @mileycyrus @ddlovato and @selenagomez ,2048576177,2009-06-05 15:25:35-07:00,51
@callmebabe Thank you so much  It would mean a lot if you could spread the word and let @ddlovato know thank you x,2048595367,2009-06-05 15:27:29-07:00,114
@ddlovato you're a trending topic again  Haha congrats I guess,2048596865,2009-06-05 15:27:38-07:00,62
@ddlovato  you lok so beautiful in the cover of your new album can't wait to hear it whoooouuu HERE WE GO AGAIN ! Go Demi ,2048657723,2009-06-05 15:33:34-07:00,122
@ddlovato no ur PERFECT just the way u r ,2048659469,2009-06-05 15:33:44-07:00,41
"@ddlovato Go Demi ! You're on trending topics ;)! â¥ Please come to Finland  I love you and just gotta say your albums cover, wow, amazing.",2048801913,2009-06-05 15:47:53-07:00,140
"@ddlovato demi your so right. i wish i could met you, we could become such great friends and over power gossip sites everywhere ",2048842024,2009-06-05 15:51:55-07:00,128
@likeadirtygirl Hi thank you  Can you help me spread the word so @ddlovato sees my drawings? Thank you again x,2048843020,2009-06-05 15:52:01-07:00,110
"@ddlovato demi, you're so pretty in the picture ",2048967434,2009-06-05 16:04:21-07:00,48
"@ddlovato you're not fat demi! for me, you're ""normal-skinny"" ;P you're sooo beatiful demetria lovato! ",2049003141,2009-06-05 16:07:52-07:00,103
@ddlovato demiiii this video is soo good about joe dancing single ladies http://bit.ly/r4gO8  ,2049225670,2009-06-05 16:30:48-07:00,94
@ddlovato is my hero ,2049345061,2009-06-05 16:43:07-07:00,21
@ddlovato aww well u look pretty in pink but aww theres nothing wrong with a little pink now and again  ps- u and trace r too cute!!,2049460957,2009-06-05 16:55:17-07:00,132
"@ddlovato wow Demi, that's amazing. You really should be a motivational speaker. From now on I'm using ""beautifuly made"" all the time ",2049497812,2009-06-05 16:59:14-07:00,134
@ddlovato you're a really good role model. I look up to you ,2049497876,2009-06-05 16:59:15-07:00,60
@ddlovato Demi do you like the new kids on the block? ,2049499041,2009-06-05 16:59:22-07:00,54
@ddlovato You always know how to brighten our lives  God Bless you for that.,2049517379,2009-06-05 17:01:11-07:00,76
@ddlovato hahahaha i love you <3 keep doing what you love and ignore all the stupid stuff ,2049613246,2009-06-05 17:11:14-07:00,90
@ddlovato Awesome! I can't wait for your cd!! I love listening to your music while I am driving! ,2049671699,2009-06-05 17:17:31-07:00,97
WOW! Hahahaha.... this is the cover of @ddlovato new album--mexincan fans love you--she rocks  http://twitgoo.com/o8w5,2049691069,2009-06-05 17:19:37-07:00,118
"@ddlovato seriously Demi, you're amazing!! apart from having a wonderful voice, it's so kind of you to say those words! ",2049895788,2009-06-05 17:41:36-07:00,120
@ddlovato http://twitpic.com/6np19 - lucky demi you are the best  saludos desde chile ,2049896807,2009-06-05 17:41:42-07:00,86
"@ddlovato and I loved that sentence: ""I am beautifully made""  just perfect and so accurate!!! thanks for having said those words! ",2049931277,2009-06-05 17:45:28-07:00,130
@ddlovato is TRULY inspirational! She may be younger than me but she is definitely one of my role models  You rock Demi!,2050059071,2009-06-05 17:59:42-07:00,120
"2 months until the @ddlovato concert... the official start to ""concert season 2009."" bringgg ittt onnnn ",2050115153,2009-06-05 18:05:36-07:00,104
"@ddlovato http://twitpic.com/461eo - and demi, i love that shirt!! i bet you had a lot of fun at kidd kraddick! ",2050245063,2009-06-05 18:19:37-07:00,112
@ddlovato I love your statement...I think I'm going to start using it...as long as you're okay with that. ,2050341909,2009-06-05 18:29:57-07:00,106
"@ddlovato http://twitpic.com/6np19 - Gahhh, I literally cannot wait! LOL  I'm booored. I keep hearing the same music;; nothinn new.  ...",2050376926,2009-06-05 18:33:37-07:00,136
@ddlovato I can honestly say I love you. I don't know you but thank you 4 putting your heart out on the line. Im gonna be there 1 day! ,2050377192,2009-06-05 18:33:39-07:00,135
@ddlovato http://twitpic.com/6np19 - she is so pretty! like crazy ,2050435269,2009-06-05 18:39:51-07:00,66
"@ddlovato http://twitpic.com/6np19 - you're so perfect demi!!! i love you so much,and please come back to brazil ",2050546096,2009-06-05 18:51:51-07:00,113
"@ddlovato you are beautiful inside and out & i love your message that everyone is beautifully made, such an inspirational role model ",2050641710,2009-06-05 19:02:12-07:00,133
@ddlovato haha i dont like pink .. black/red rocks ,2050812067,2009-06-05 19:20:10-07:00,51
@ddlovato omg lala land has been in my head all day it's getting annoying to me and my friends and well... Anyone around me haha  <3,2050942137,2009-06-05 19:34:23-07:00,132
@ddlovato You totally rock. I think that I am going to try to say that to myself every morning to get through baby-fat. ,2051140973,2009-06-05 19:56:18-07:00,120
@ddlovato ' i am beautifully made' thats nice mybe u shud write a song bout it ,2051228720,2009-06-05 21:14:05-07:00,79
"@ddlovato FAT?? OMG;; you have the ""perfect body""  ily girl!! And can't wait for Your new Ã¡lbum awesome",2051230072,2009-06-05 21:14:36-07:00,104
@ddlovato ithiink youu should come to NZ &play live in my backyard for my birthday (: because your the best singer ever. ,2051308525,2009-06-05 21:36:14-07:00,121
"@ddlovato http://twitpic.com/6np19 - woooow!! Noo words, just BEAUTIFUL!!! ",2051338646,2009-06-05 21:42:39-07:00,75
i really want @ddlovato 's people to email me back. cause being in her music video would make my life ,2051355627,2009-06-05 21:46:33-07:00,102
i really want @ddlovato 's people to email me back. cause being in her music video would make my life ,2051364957,2009-06-05 21:48:38-07:00,102
loving on demand  watching sonny with a chance (@ddlovato) with @selenagomez !,2051386955,2009-06-05 21:52:55-07:00,78
i really want @ddlovato 's people to email me back. cause being in her music video would make my life ,2051516043,2009-06-05 22:12:52-07:00,102
i really want @ddlovato 's people to email me back. cause being in her music video would make my life ,2051578648,2009-06-05 22:20:17-07:00,102
I'm stoked about @ddlovato's new album its gonna rock nd if I have space I'm gonna make a playlist with the songs on my phone ,2051593141,2009-06-05 22:21:59-07:00,126
"thanks to @ddlovato i am no longer ""fat"" i am beautifuly made!  ily demi!! ",2051660593,2009-06-05 22:30:26-07:00,75
@mileycyrus  hey miley and @ddlovato demi.  Beauti girls ,2051692786,2009-06-05 22:34:38-07:00,57
@ddlovato thanks demi for the advice!  â¥â¥â¥,2051856096,2009-06-05 22:59:08-07:00,48
I LOVE @jonasbrothers & @ddlovato CANT WAIT FOR THE ALBUMS @taylorswift13 pleease come back to Australia ,2051880920,2009-06-05 23:02:47-07:00,105
Seeing @taylorswift13 in 5 days & @ddlovato in 16 days! ,2051969177,2009-06-05 23:17:03-07:00,56
@ddlovato that's pretty awesome   i am beautiful made...,2052140168,2009-06-05 23:46:58-07:00,56
@ddlovato http://twitpic.com/6np19 - yayy  July 21st is my birthdayyyyyyyyy ignore the comments people have made about u n ur family ...,2052142224,2009-06-05 23:47:20-07:00,136
@ddlovato hey demi you are beautifully made ,2052395196,2009-06-06 00:35:10-07:00,44
@ddlovato   we r all beautifully made no doubt ,2052438448,2009-06-06 00:43:54-07:00,47
@ddlovato Does Madison have a twitter? ,2052535601,2009-06-06 01:04:00-07:00,39
"@ddlovato That quote about being beautifully made, is really sweet. I think ill try that from now on. ",2052563238,2009-06-06 01:09:55-07:00,102
@ddlovato and you look amazing in a bikini  and i love the sunnies ,2052634895,2009-06-06 01:26:03-07:00,67
@amyamyamyy ohh well im off to see @Jonasbrothers & @ddlovato ... and your not ,2052813780,2009-06-06 02:07:28-07:00,79
watching sonny with a chance <3 i love @ddlovato ,2052924728,2009-06-06 02:34:07-07:00,49
@ddlovato you made my day with this sentence ,2053020608,2009-06-06 02:57:35-07:00,45
my 3500th update goes to @jonasbrothers @selenagomez @ddlovato @mitchelmusso @jaketaustin @mileycyrus @taylorswift13 @shontelle_layne ,2053039343,2009-06-06 03:01:55-07:00,134
"@ddlovato 21 june is the U.S. date to relase, or is possible find it also in other country?   -Jade",2053063629,2009-06-06 03:07:36-07:00,99
"@ddlovato Thanks Demi for defending girls like me who have weight difficulties to integrate myself in the society. Thanks so much, love u ",2053064999,2009-06-06 03:07:56-07:00,138
"@ddlovato Thanks demi for defending girls like me who have weight difficulties to integrate myself in the society. Thanks so much, love u ",2053066044,2009-06-06 03:08:11-07:00,138
"@ddlovato Thanks Demi for defending girls like me who have weight difficulties to integrate myself in the society. Thanks so much, love u ",2053066522,2009-06-06 03:08:19-07:00,138
7 days to @Jonasbrothers and @ddlovato show!!! Can't wait!!!!  ,2053090418,2009-06-06 03:14:01-07:00,63
"@ddlovato 21 july is the U.S. date to relase of your album, or is possible find it also in other country?  -Jade",2053278227,2009-06-06 03:58:14-07:00,112
@ddlovato is your album gonna be released in indonesia? plz repp ,2053362073,2009-06-06 04:16:38-07:00,65
@ddlovato you are the most inspirational person in the world and a great role model. Can't wait for you new album ,2053379755,2009-06-06 04:20:41-07:00,114
"@Depond this is my back-up account just incase @ddlovato gets hacked or anything, don't worry. We're both real ",2053738407,2009-06-06 05:33:03-07:00,111
"@ddlovato i just heard the ""send it on"" song and i think your voice sounds great ",2053791291,2009-06-06 05:42:42-07:00,81
@ddlovato just purchased tickets for august 22 in alantic city I am soo excited I cant wait to see you live.!!!!! ,2054221480,2009-06-06 06:51:38-07:00,114
i think that @mileycyrus & @ddlovato & @selenagomez should make a movie together. It would be really neat. Ya'll think about it. ,2054519117,2009-06-06 07:31:46-07:00,129
"@ddlovato Hi, how is Bahamas? I always wanted to go there, should be very good.  Reply me pleasee",2054561712,2009-06-06 07:37:11-07:00,97
@selenagomez awww thats awsome please take a picture then  I Love you and @ddlovato soo much !,2054873906,2009-06-06 08:15:17-07:00,94
YAY @selenagomez & @ddlovato are seeing each other today!??!?!?!   ,2054875215,2009-06-06 08:15:26-07:00,67
"@ddlovato hey, there's this person on youtube that is or is not u. . . do u hav an account named 4RealzDemiLovato? they're talking 2 me ",2054934130,2009-06-06 08:22:29-07:00,136
@ddlovato write for yours brazilian fans pleeeease ,2055056335,2009-06-06 08:36:52-07:00,51
@ddlovato hey demi!  when does your new album come out in europe?,2055056866,2009-06-06 08:36:56-07:00,65
@ddlovato that would be pretty cool! Heard your seeing Selena today!Please make another video  love you too.xo your biggest Australian fan,2055057308,2009-06-06 08:36:59-07:00,138
@ddlovato I really want You and Miley to Collab  that would be amazing!!,2055057638,2009-06-06 08:37:01-07:00,72
@ddlovato Good luck with the music video on Monday! hehe I wish I could have been thier but I can't cuz I'm from Israel! ,2055059866,2009-06-06 08:37:16-07:00,121
@ddlovato The-Dream is awesome! That would be great! ,2055059932,2009-06-06 08:37:17-07:00,53
@ddlovato I'm sure you will Demi.  ,2055072798,2009-06-06 08:38:47-07:00,35
@ddlovato are u ever gonna do a european tour? u have to come to dublin.  .x,2055074813,2009-06-06 08:39:02-07:00,76
@ddlovato brazil wants demi here AGAIN ! please demi come back soon  did you like brazil ? loveyou !,2055087295,2009-06-06 08:40:26-07:00,100
"@ddlovato, Your Awesome! I love to draw you! I hope you'll ever see it! (: http://twitpic.com/4lvns  I hope you'll come to Holland soon!! ",2055089307,2009-06-06 08:40:39-07:00,138
@ddlovato; Your Awesome! I love to draw you! I hope you'll ever see it! (: http://twitpic.com/4lvns  I hope you'll come to Holland soon!! ,2055091635,2009-06-06 08:40:55-07:00,138
@ddlovato @jonasbrothers Demi Lovato ft. Jonas Brothers - On the line AWESOME SONG!!  It is great!! ,2055103914,2009-06-06 08:42:18-07:00,100
"@ddlovato, Your Awesome! I love to draw you! I hope you'll ever see it! (: http://twitpic.com/4lvns  I hope you'll come to Holland soon!! ",2055104716,2009-06-06 08:42:23-07:00,138
"@ddlovato, Your Awesome! I love to draw you! I hope you'll ever see it! (: http://twitpic.com/4lvns  I hope you'll come to Holland soon!! ",2055106105,2009-06-06 08:42:33-07:00,138
@ddlovato; Your Awesome! I love to draw you! I hope you'll ever see it! (: http://twitpic.com/4lvns  I hope you'll come to Holland soon!! ,2055118624,2009-06-06 08:43:59-07:00,138
@ddlovato DEMI!!! please look at @rianca 's drawing of you! ,2055118693,2009-06-06 08:44:00-07:00,60
@ddlovato Hi Demi! How are you?  You're cool :],2055119124,2009-06-06 08:44:03-07:00,47
@ddlovato PLZ COME TO GERMANY!!!!!! WE ARE WAITING HERE FOR YOU! ,2055150201,2009-06-06 08:47:32-07:00,65
@ddlovato i think that would be nice haha a collab with the dream! ,2055179488,2009-06-06 08:50:55-07:00,67
"@ddlovato Demi, as you can be so perfect? ",2055179961,2009-06-06 08:50:58-07:00,42
"@ddlovato Demi, as you can be so perfect? ",2055226387,2009-06-06 08:56:11-07:00,42
"@ddlovato Demi, as you can be so perfect? ",2055228375,2009-06-06 08:56:24-07:00,42
"@ddlovato Demi, as you can be so perfect? ",2055242310,2009-06-06 08:57:58-07:00,42
"@ddlovato Demi, as you can be so perfect? ",2055243445,2009-06-06 08:58:05-07:00,42
"@ddlovato Demi, as you can be so perfect? ",2055308813,2009-06-06 09:04:53-07:00,42
"@ddlovato, @lilreadhartLA, @thedallaslovato, & @lisamorisshow Thank you for embracing me with the best & guiding me for the past 5 years! ",2055321115,2009-06-06 09:06:11-07:00,138
@ddlovato - i'm so excited about your album coming out!  It's going to rock my summer   Keep up the good work girl!,2055371376,2009-06-06 09:11:38-07:00,115
"@ddlovato loves your new pictureee  your soo beautiful , and i love you your such an idol and insperation! can you please reply to me ?",2055431204,2009-06-06 09:18:13-07:00,135
@ddlovato Your new CD is gonna ROCK the world!!!!!!! love you ,2055449394,2009-06-06 09:20:14-07:00,62
"@ddlovato i just thought.. ""i don't wanna be afraid. i wanna wake up feeling beautiful today."" inspiring song. ",2055587615,2009-06-06 09:35:25-07:00,111
"@MileyCyrus Oh yeah, have fun  Send my 'HI' to @ddlovato",2055760744,2009-06-06 09:54:26-07:00,56
@ddlovato omg! by the way you look amazing on the album cover  x,2055801529,2009-06-06 09:58:56-07:00,64
@ddlovato Hey! Are you excited to tour with @DavidArchie? ,2055802569,2009-06-06 09:59:04-07:00,58
"@ddlovato lol madison is so cute! and duh she's totally awesome, thats not even a question ",2055904164,2009-06-06 10:10:01-07:00,91
@ddlovato; Your Awesome! I love to draw you! I hope you'll ever see it! (: http://twitpic.com/4lvns  I hope you'll come to Holland soon!! ,2055955392,2009-06-06 10:15:36-07:00,138
@ddlovato Have a good day  It's looks like a great day for you,2055957385,2009-06-06 10:15:49-07:00,62
@ddlovato haha aww lucky youuu  don't you just love life?,2055958182,2009-06-06 10:15:54-07:00,57
"@ddlovato, Your Awesome! I love to draw you! I hope you'll ever see it! (: http://twitpic.com/4lvns  I hope you'll come to Holland soon!! ",2055993847,2009-06-06 10:19:53-07:00,138
"@ddlovato enjoy this moment, it's my dream  I love you all Miley, Demi & Selena. All the best from France xoxo Say to miley Hi  Love",2055994300,2009-06-06 10:19:57-07:00,132
@ddlovato u & trace are very cute! isnt it weird 4 miley? & get selena 2 post a pic of her hair on twitter! ,2056046099,2009-06-06 10:25:37-07:00,108
@ddlovato I wish you a pleasant day with Selena and Miley ,2056066990,2009-06-06 10:27:58-07:00,58
@ddlovato @tracecyrus  you're both too cute.,2056068231,2009-06-06 10:28:07-07:00,44
@ddlovato Cool! I hope you're fine ,2056069515,2009-06-06 10:28:15-07:00,35
"@ddlovato ah, that's awesome. i should be able to hang. ",2056080897,2009-06-06 10:29:31-07:00,56
@ddlovato jeelouussyy!   HD t.v is my new best friend today.  ,2056081287,2009-06-06 10:29:33-07:00,62
@ddlovato you have awesome songs on your new album! ,2056081925,2009-06-06 10:29:38-07:00,52
"@ddlovato Hey Betie, ",2056134844,2009-06-06 10:35:23-07:00,21
@tracecyrus DO YOU LIKE @ddlovato ,2056139081,2009-06-06 10:35:50-07:00,34
@ddlovato Haha love youu demi! just saw you on MTV. don't forget. love that song!  wish i could see you on tour with david archuleta.,2056262327,2009-06-06 10:49:27-07:00,133
"@ddlovato hey  my best friend and i just tried winning tickets for your show in vegas, but we didnt =[ we'll keep trying though. lol.",2056296008,2009-06-06 10:53:10-07:00,133
@ddlovato AWH! you & trace are going out !? that's so cute ,2056352730,2009-06-06 10:59:30-07:00,59
"@ddlovato  i love you , you are so cool ",2056401232,2009-06-06 11:04:39-07:00,40
"@ddlovato the 3 coolest girls in the entire world!  the best singers , the best actress , the best role models & the best persons!",2056502180,2009-06-06 11:15:40-07:00,130
@ddlovato omg i love miley u jb and selena  i cant wait to see the video,2056553398,2009-06-06 11:21:23-07:00,72
@ddlovato ahh i cant wait for the video! ,2056553662,2009-06-06 11:21:24-07:00,41
@ddlovato OMG ARE YOU TELLING ME YOU MILEY AND JB IN ON EPLACE RIGHT NOW?? WHO HOO THIS DAY IS PERFECT ,2056554407,2009-06-06 11:21:29-07:00,103
@ddlovato I love you so much Demetria ,2056555309,2009-06-06 11:21:35-07:00,38
@ddlovato convince miley to come to Scotland please?  iloveyou+miley+JB+Selena,2056555759,2009-06-06 11:21:38-07:00,78
@ddlovato omg tell everyone i said hello ! even JB fdskjfdsgkfj;gjs;l and i love that song ,2056556246,2009-06-06 11:21:41-07:00,91
@ddlovato WOW! That sounds amazingly cool!  Have fun Demi and Goodluck! ;),2056556927,2009-06-06 11:21:46-07:00,74
@ddlovato You're Beautifully Made ,2056572970,2009-06-06 11:23:33-07:00,34
"@ddlovato I just had a dream that I was eating sushi with you, Selena and Taylor Swift. Awesome dream. ",2056609384,2009-06-06 11:27:36-07:00,103
@jonasbrothers @mileycyrus @ddlovato @selenagomez are alll together  cannn any of youu say hi to kaitlyn in arizona? I love you alll!,2056624269,2009-06-06 11:29:20-07:00,133
@ddlovato booo selena. yay miley and jb  and of course u demi ,2056663345,2009-06-06 11:33:44-07:00,62
@ddlovato so excited to see this videoshoot with the jb and selena  and oyou and miley,2056699508,2009-06-06 11:37:45-07:00,86
"@ddlovato btw, I LOVED YOUR CD COVER !!!!! I LIKE PINK  It's weird from u haha but I love you start to wear it ",2056718135,2009-06-06 11:39:52-07:00,111
@ddlovato http://twitpic.com/6np19 - You look simply BEAUTIFUL ,2056735290,2009-06-06 11:41:46-07:00,63
It's very surreal seeing updates from @mileycyrus and @ddlovato after just seeing them on tv.  its cool as cookies mannn! ,2056858922,2009-06-06 11:55:46-07:00,122
@TraceCyrus LOVES @ddlovato !!!!!!!!!!! @Jonasbrothers LOVES @miley cyrus !!!!!!!!!1  YAY THE WORLD IS GOOOD ,2056896165,2009-06-06 11:59:56-07:00,109
@ddlovato CANT WAIT TO SEE CAMP ROCK 2!!  love ur songs n how u r ,2056915550,2009-06-06 12:01:58-07:00,66
@ddlovato hey demi how r u havent talked 2 u in like ages btw im ur girl mimi 4m the msn messenger remember me  hope 2 talk 2 soon xx,2056917794,2009-06-06 12:02:12-07:00,133
"PerezHilton :""@mileycyrus Nooooooooo! Keep @ddlovato AWAY from @TraceCyrus!!!!!!!!"" Why?  || I â¥ ice-cream! *____* xoxo <3",2056973766,2009-06-06 12:08:15-07:00,124
@ddlovato that's cool hope you all have fun at the videoshoot ,2056991267,2009-06-06 12:10:10-07:00,62
@KimKardashian @selenagomez is about to cut her hair off according to @ddlovato she has long hair. ask her!! ,2057280044,2009-06-06 12:42:25-07:00,109
bored.. listening t @ddlovato la la land on repeat ,2057550412,2009-06-06 13:12:47-07:00,51
@ddlovato YAY! thats soooooo awesome ,2057638343,2009-06-06 13:22:46-07:00,37
"just heard that song ""stronger"" by @ddlovato, i like it! ",2057689682,2009-06-06 13:28:41-07:00,57
@ddlovato omgosh this is sooo sweet! im glad theres a camp rock 2  http://bit.ly/5NVEN,2057708372,2009-06-06 13:30:45-07:00,86
cant wait for @ddlovato's concert on 8/4/09 ,2057747204,2009-06-06 13:35:08-07:00,44
@ddlovato Can i just say your such an inspiration to me.  Keep rocking out and ill follow you till the end.,2057782655,2009-06-06 13:39:06-07:00,107
demilovato_mexican_fans@hotmail.com thanks for the support to @ddlovato MEXICAN FANS LOVE HER ,2058008399,2009-06-06 14:05:12-07:00,94
Our love is like a song u can't forget it (8)!!! I'm lovin' @ddlovato  LOL,2058264920,2009-06-06 14:35:42-07:00,74
@mileycyrus @ddlovato Hello Miley and Demi My name is Mathilde. I'm a french fan. I hope that you will do a concert in France soon! ,2058397558,2009-06-06 14:51:38-07:00,132
"wondering whats goin on between @TraceCyrus and @ddlovato. i cant wait till new kelsey video, and aNt cam 8 ",2058515328,2009-06-06 15:05:39-07:00,108
@milezdemiselfan http://twitpic.com/6s46j - Very nice! @ddlovato is so pretty ,2058691345,2009-06-06 15:26:29-07:00,78
"http://twitpic.com/6s5ld @ddlovato YOU GOTTA SEE THIS DEMS! this girl is incredibly talented, n she made a drawing of u ",2058945238,2009-06-06 15:56:33-07:00,120
http://bit.ly/6Ww3i  comercial of @ddlovato and @jonasbrothers together ,2059101208,2009-06-06 16:14:57-07:00,72
@ddlovato http://twitpic.com/6s5ld everyone has to see this pic drawn of demi ,2059298833,2009-06-06 16:39:05-07:00,78
"@ddlovato Tomorrow iâll go to the Beach with my best friend(i believe), today i was with my dad buying me a pretty Swimsuit ",2059315259,2009-06-06 16:41:04-07:00,126
@ddlovato i don't know...you're not changing...you're back to your old self. before the disney image was created. hmm...your life. ,2059448079,2009-06-06 16:57:25-07:00,131
"@ddlovato Thats abit of the song ive been workin on, please tell me what you think it would mean sooo much. I LOVE your music ",2059631082,2009-06-06 17:19:13-07:00,126
@ddlovato wow demi! you had a great day with selena and miley  it makes me feel so happy! . Peru loves you!!,2059697326,2009-06-06 17:27:17-07:00,108
@ddlovato cool  i saw pics of you on oceanmup. your stilettos in the bahamas were slammin!! too bad im already like 5'9'' & i cnt were em,2060137321,2009-06-06 18:19:53-07:00,137
@mileycyrus @ddlovato wow whem im 15 im still gonna have sleepovers like u! haha never knew u gys were friends! ,2060206052,2009-06-06 18:27:49-07:00,112
http://bit.ly/1VORA  this video is special for @ddlovato comes mexico watch it ,2060419257,2009-06-06 18:52:16-07:00,79
watch the video http://bit.ly/1VORA y comenten mis fotos de @ddlovato   @ddlovato you rock come mexico please we love u here ,2060453891,2009-06-06 18:56:12-07:00,125
@ddlovato hi demi! today's my birthday (im turning 12) if u would say happy birthday to me it would mean the world! ,2060527312,2009-06-06 19:04:21-07:00,116
@ddlovato hey demi can you please follow @teamDdemiLovato she is a huge fan and she is a really nice person  love ya demi,2060750113,2009-06-06 19:30:22-07:00,121
hey @ddlovato IM YOUR TEAM  IM A HUGE FAN OF YOUR IT WOULD MEANS A LOT IF YOU REPLY AND IF YOU FOLLOW  IT WILL MAKE MY life ,2060785642,2009-06-06 19:34:28-07:00,124
Can't get @ddlovato 's song Trainwreck off my head! It's too catchy! ,2060942573,2009-06-06 19:52:40-07:00,69
Excluding weekends and holidays and work days I have 43 days left at school FOREVER  @ddlovato @Jonasbrothers @mileycyrus @mitchelmusso ,2060960394,2009-06-06 19:54:44-07:00,136
Haha they want me to play spin the bottle.. Their stupid gonna Jam to @ddlovato instead!! ,2060960870,2009-06-06 19:54:48-07:00,90
@ddlovato i cant wait to see it!! ,2061167784,2009-06-06 20:18:55-07:00,34
@ddlovato @put in a good word for me to be in the video Monday please. LOL I'd be eternally grateful. ,2061167983,2009-06-06 20:18:57-07:00,102
@ddlovato uhmm!! love you girl!!! about what its the videoshoot!!? i can imagine all the fun was there ,2061181339,2009-06-06 20:20:34-07:00,103
@ddlovato lol your awesome!  follow me please! or reply what eva. lawl catzzzzzz,2061181562,2009-06-06 20:20:35-07:00,80
@ddlovato LOL glad you had fun! Cant wait to see it ,2061198031,2009-06-06 20:22:38-07:00,52
"@ddlovato YOU ROCK,@mileycyrus DOES NOT  YOU RE AN EXCELLENT PERSON DEMI",2061198224,2009-06-06 20:22:39-07:00,72
"@ddlovato @ddlovato   hey demiii, can you pleeeease say happy birthday to @renatajb ? it would be awesomeee  thank youu",2061199828,2009-06-06 20:22:51-07:00,119
@ddlovato haha thats what we like to see a haappy demi (: what r you up too? reply plzz  i do wanna have a normal conversation w/you! haha,2061214096,2009-06-06 20:24:34-07:00,138
@ddlovato http://twitpic.com/6np19 - So cute  You look very pretty ,2061233548,2009-06-06 20:26:55-07:00,67
"hope that @ddlovato will follow me. (please demi, i'm begging) ",2061264020,2009-06-06 20:30:34-07:00,63
@ddlovato im soo excited for you ..lol . i know its going to be great ,2061297485,2009-06-06 20:34:40-07:00,70
@ddlovato awesome ! i think that your tour is gonna be grat  i hope that you gonna have a good time in all that ,2061299502,2009-06-06 20:34:55-07:00,112
@ddlovato when will you do tours in MALAYSIA?? cant wait for that  hope soooonnn..,2061299564,2009-06-06 20:34:56-07:00,82
@ddlovato im coming to ur show in michigan!!! ,2061316057,2009-06-06 20:36:55-07:00,46
@ddlovato i might be able to see you when you go on tour  i hope so i think the show would be amazing.,2061316585,2009-06-06 20:36:59-07:00,102
@ddlovato well all i know is that you are gonna do great! and i cant wait to see you in action doing what you do best! Love you Demi ,2061316847,2009-06-06 20:37:01-07:00,133
trying to make @ddlovato pale while wiff icey blue lips. >_<;;; Like vampire-ish. ,2061330025,2009-06-06 20:38:40-07:00,82
"@ddlovato hey demi, you're awesome, please come to finland ! xx NEA ",2061332414,2009-06-06 20:38:57-07:00,68
"@ddlovato demi, i love ya so so so so much (L) i hope i can see you someday ",2061346190,2009-06-06 20:40:38-07:00,76
@ddlovato i cant wait to meet you! youÂ´re so amazing! and your cd cover is wonderful! love you demz! ,2061378964,2009-06-06 20:44:43-07:00,102
@ddlovato Glad you had such a great time at the videoshoot ,2061411502,2009-06-06 20:48:48-07:00,59
@ddlovato Good Luck on tour ! i know you will do great ,2061442945,2009-06-06 20:52:49-07:00,55
@ddlovato See you in London in like 9 days  Yay! Cant wait.,2061443339,2009-06-06 20:52:53-07:00,59
@ddlovato see ya on tour. ,2061457932,2009-06-06 20:54:47-07:00,26
@tracecyrus and @ddlovato  it's so cute! ,2061525806,2009-06-06 21:03:11-07:00,41
Watching a movie that has @ddlovato in it! Wow she is so talented! I cant wait for her concert!! ,2061538525,2009-06-06 21:04:45-07:00,97
"@ddlovato i'm excited to see you guys all together  hah, really, what feud? +hello?! your NOT fat or too skinny. ignore the haterss",2061539331,2009-06-06 21:04:51-07:00,131
@ddlovato OMG DEMI YOU ARE AWESOME! YOU ROCK!I CAN'T WAIT FOR YOUR NEW CD.. THE COVER SEEMS SO COOL  I LOVE U SO MUCH! ,2061573080,2009-06-06 21:09:05-07:00,119
"@ddlovato Sentances of yours, running throughout my head... I'm learning your song on the guitar haha ",2061742091,2009-06-06 21:30:52-07:00,102
@ddlovato Good Tour Demi  God bless,2061773494,2009-06-06 21:35:02-07:00,35
@ddlovato ohhhh demi your pic looks really vampy!!! In a good way! ,2061816725,2009-06-06 21:40:53-07:00,67
My @ddlovato fansite is a year old today! ,2061979405,2009-06-06 22:02:55-07:00,42
"Listening to @ddlovato's and @selenagomez's new song. ""One and the Same""  It's goood! And when are the JoBros coming here?!?!",2062123014,2009-06-06 22:23:34-07:00,125
@ddlovato colombia love you demi!! you have a  awesome voice ... please sing  in spanish ,2062613095,2009-06-06 23:45:11-07:00,89
@ddlovato sounds like fun  hope you have a great time...please come to western australia one day...we love you here down under ,2062614037,2009-06-06 23:45:21-07:00,127
@ddlovato I HAVE A SURPRISE FOR YOU WHEN U COME TO LONDON  cnt wait to seeya ! <3,2062615979,2009-06-06 23:45:41-07:00,81
@ddlovato i thought u were having a sleepover with miley lol or is she there too?  xx,2062624762,2009-06-06 23:47:18-07:00,85
@ddlovato are you gonna come 2 sydney and tour? me and my friend lovee your album & cant wait 4 the new one ,2062625674,2009-06-06 23:47:29-07:00,108
@ddlovato I'm listening to your CD right now and man I just love your voice! if only you would fall in love with me! hahah ,2062635314,2009-06-06 23:49:21-07:00,123
@ddlovato http://demilovatosource.net/ YOUR #1 UK/LONDON FANSITE  I KNW UR GNA LOVE IT!... ill shw u when u get here  <3,2062635807,2009-06-06 23:49:27-07:00,120
@ddlovato yay! have fuuun  hope she's feeling better.,2062637134,2009-06-06 23:49:41-07:00,53
@ddlovato awesome! you 2 are my biggest Idols  xx,2062677119,2009-06-06 23:57:17-07:00,49
@ddlovato thank you ,2062709941,2009-06-07 00:03:15-07:00,20
"@ddlovato hey dem. u dnt know me but.. im with renne right now, ur cousin. we're coming 2 the teen choice awards w/ u in august ",2062795928,2009-06-07 00:19:38-07:00,128
hey @ddlovato !! u know that u r amazing?!! when u come here to venezuela? I want see/hear u on my country!  everyones love ur music here!,2062924839,2009-06-07 00:45:41-07:00,138
@ddlovato omgosh can't wait June 10 good luck!! Ps I love back around ,2063145672,2009-06-07 01:32:10-07:00,70
One and the Same by @ddlovato & @selenagomez ,2063234954,2009-06-07 01:51:57-07:00,45
@ddlovato you remind me of a young Demi Moore. Could be your beauty...or your stage name. Either way... you're my favorite Disney star ,2063261152,2009-06-07 01:57:50-07:00,135
I hope I get to be chosen for @ddlovato 's video shoot on monday!. ohgawshh; goosebumps!. I love you @ddlovato !. ,2063269388,2009-06-07 01:59:49-07:00,114
wooooh !@ddlovato you can wear high heals! ,2063473707,2009-06-07 02:48:12-07:00,43
@ddlovato i think you and trace cyrus are megaaa cute ,2063645350,2009-06-07 03:30:31-07:00,54
"@TraceCyrus @mileycyrus @ddlovato - BEST TWITTERERS/CELEBRITIES/PEOPLEIDON'TKNOW, EVER. ;) thank you for making my life more fun. ",2063794121,2009-06-07 04:05:59-07:00,130
@ddlovato is one of the bestest friends in the world ,2063846146,2009-06-07 04:18:17-07:00,53
@ddlovato http://twitpic.com/6np19 - I will love your new CD!  I LOVE YOU! I'll see you in the concert of MADRID! Remember 6 days! hahaha,2063935046,2009-06-07 04:38:36-07:00,137
"@ddlovato http://twitpic.com/6np19 - luhbb ur new cover!!!! im so excited for ur new album.., i pray it will top the chartS!!!! ",2063944883,2009-06-07 04:40:47-07:00,128
Listening 'la la land' by @ddlovato. I love this song ,2064015516,2009-06-07 04:56:20-07:00,54
"I'm going to spend my afternoon listening to @Taylorswift13 @MileyCyrus @JonasBrothers and @ddlovato songs, just because I feel like it ",2064033601,2009-06-07 05:00:08-07:00,136
"Woops, missed one out I'm going to spend my afternoon listening to @Taylorswift13 @MileyCyrus @JonasBrothers @ddlovato and @metrostation ",2064058150,2009-06-07 05:04:53-07:00,137
@ddlovato http://twitpic.com/6s5ld Look Demi! Isn't it amazing? @jaspreetgill has drawn it!  I just think it's so pretty and real you know,2064166039,2009-06-07 05:26:30-07:00,138
@ddlovato this picture is BEYOND cute  you seemed to have ALOT of fun there. cant wait till thissummer <3 http://twitpic.com/6tp7m,2064177364,2009-06-07 05:28:45-07:00,130
"You had your dreams, I had mine. You had your fears, I was fine. I ADORE it  @ddlovato",2064327680,2009-06-07 05:57:19-07:00,86
@ddlovato you are beautifully made!  There's nothing bad about you!,2064395551,2009-06-07 06:08:51-07:00,67
@ddlovato Hope you have fun  I love you so muchh!,2064647863,2009-06-07 06:49:38-07:00,49
I love music @mileycyrus and @ddlovato. I can not wait for season 4 HM ,2064672335,2009-06-07 06:53:18-07:00,71
@tracecyrus http://twitpic.com/6qrzi - OMG! everybody know is @ddlovato ,2064755354,2009-06-07 07:05:32-07:00,72
@ddlovato have fun  love you.. x,2064785048,2009-06-07 07:09:50-07:00,32
"OMG haaa loll at sonny with a chance ""Battle of the Networks' Stars"". i love @ddlovato  ... 15.06.09",2064909219,2009-06-07 07:27:41-07:00,100
@ddlovato hey demi  how's it going?..R u also comin to germany on ur tour or r u planning to come here one day    love you muuuuuch<3!,2064956084,2009-06-07 07:34:05-07:00,134
Who is buying @ddlovato new record 'Here We Go Again'? Me ,2065134189,2009-06-07 07:58:10-07:00,58
aaw @ddlovato shopping @ central was fun who thought fendi would give us a discount CLEVER! aaw had fun 2daii oo lurv ya demi xoxo ,2065365302,2009-06-07 08:26:43-07:00,131
@ddlovato awsome girls night!! ,2065508199,2009-06-07 08:44:25-07:00,31
"@ddlovato http://twitpic.com/6np19 - good luck with your new album, the cover looks amazing  and to slomoses; you are a pathetic idiot ...",2065610369,2009-06-07 08:56:50-07:00,138
cant wait for @ddlovato 's new album  <3,2065645759,2009-06-07 09:00:56-07:00,40
"@selenagomez & @ddlovato uhm, what's your duet's real title? 'one AND the same' or 'one IN the same'? Thanks. ",2065905825,2009-06-07 09:31:14-07:00,110
@ddlovato come to Brasil again please!!!Love you ,2066011075,2009-06-07 09:43:13-07:00,49
@HELL0KiTTYx :'( u're so lucky!!! I'm gonna go buy tomorrow. It's gonna be awesome!! Anddd I can't wait for @ddlovato's new album too!! ,2066030859,2009-06-07 09:45:28-07:00,136
7  days until I see @daisybutton and eight days until i see @bex_1210 @KevinsPlectrum @HannahShurmur @ddlovato and @jonasbrothers ! ,2066553736,2009-06-07 10:44:16-07:00,132
@ddlovato 'Peace out suckers' just watched Sonny with a Chance with the musical chairs game ,2066571929,2009-06-07 10:46:18-07:00,92
seven days until I see @daisybutton and eight days until i see @bex_1210 @KevinsPlectrum @HannahShurmur @ddlovato and @jonasbrothers ! ,2066572347,2009-06-07 10:46:21-07:00,135
@ddlovato http://twitpic.com/6ubr9 Hey Demi ! Check this out ! @jaspreetgill made it ! It really looks like you ! Amazing work !  xo,2066698450,2009-06-07 11:00:32-07:00,132
@ddlovato 19 days untill your concert in Boston!! Can't wait to hear your new songs  yipeeeee ,2066735340,2009-06-07 11:04:32-07:00,94
the best thing to do after dinner is listening to @ddlovato cd   ,2067032449,2009-06-07 11:37:28-07:00,65
@ddlovato good luck on your tour!  i wish i could go! ,2067315953,2009-06-07 12:07:49-07:00,54
#dontfollowsunday @mileycyrus @ddlovato and any other disney children ,2067819034,2009-06-07 13:00:51-07:00,70
"@ddlovato i made a video for your little sister, please check it out http://tinyurl.com/lmwxe3, its against the haters! she is beautiful! ",2068058594,2009-06-07 13:25:37-07:00,138
somebody should find out what kind of shoes @ddlovato is wearing in her bahamas pics. i NEED heels like hers. ,2068177657,2009-06-07 13:37:59-07:00,110
Please follow me for @ddlovato comes MEXICO and please if you follow me be a really fans of @ddlovato & be from MEXICO ,2068438051,2009-06-07 14:04:46-07:00,119
"@tracecyrus ""someone way special"" would be @ddlovato? ahah, u 2 r cute 2gether!! haha ",2068496902,2009-06-07 14:10:53-07:00,86
@ddlovato Sonny with a Marathon has been on all day in my house.. My Niece and nephews love ur show ,2068631571,2009-06-07 14:25:11-07:00,100
@ddlovato http://twitpic.com/6np19 - you are absolutely stunning ,2069025296,2009-06-07 15:07:39-07:00,65
"Watching Sonny with a Marathong on disney, being a tweeen  i adore @ddlovato, shes so cool.",2069210973,2009-06-07 15:27:55-07:00,91
@chennysherm13 oh dont worry cheeezul put my status like that.. not meh.  JUNE 24THHHHH 2009 WITH @ddlovato !!,2069305096,2009-06-07 15:38:03-07:00,110
"@popstarmagazine My @ddlovato drawings  http://twitpic.com/6ubr9 , http://twitpic.com/6s5ld and http://twitpic.com/6o94d What do you think",2069567991,2009-06-07 16:06:58-07:00,138
"@mxcyrus: *-*' AMAZING! heey, how are u? i hope you're having fun tonight w/ @ddlovato ",2069622444,2009-06-07 16:13:00-07:00,87
@ddlovato is one of my idols. I love her ,2070806947,2009-06-07 18:19:47-07:00,41
im listening to So Far So Great  @ddlovato,2070974873,2009-06-07 18:37:07-07:00,42
Hey I think they should really do a camp hip hop. Right @selenagomez @ddlovato and a fake JB like on sonny with a chance. Hilariouse LOL ,2071222187,2009-06-07 19:02:23-07:00,137
"@TraceCyrus well thanks to @ddlovato and your sis.  but yeah, i just followed you because it's fun.",2071750298,2009-06-07 19:52:13-07:00,99
I wonder that the songs sound like on @ddlovato's new album HERE WE GO AGAIN...I guess i just have to wait for July 21st ,2071916343,2009-06-07 20:06:54-07:00,121
good nigth @ddlovato  HOPE HAVE A GREAT DAY  - ur team @teamddemilovato,2072129866,2009-06-07 20:27:15-07:00,71
I'm home. Showerrr then bed. Hmmm..I sence something totally adorable going on between @ddlovato and @TraceCyrus. Maybe it's just me... ,2072190193,2009-06-07 20:33:40-07:00,136
@ddlovato  Demi I wish you get better soon. :]    Love you    x,2169499516,2009-06-14 14:36:16-07:00,63
@ddlovato awwww hope you get better gurl ,2169500483,2009-06-14 14:36:22-07:00,41
@ddlovato aww poor demi!! Get better soon!! Please can I have a follow?  x,2169501568,2009-06-14 14:36:29-07:00,74
"@ddlovato Aw, again? Hope your tummy is feeling better now then..  Have fun over there in Paris!",2174393873,2009-06-14 22:27:42-07:00,96
Seeing @ddlovato in 14 days ,2174764033,2009-06-14 23:15:42-07:00,28
"@ddlovato i know exactly how you feel. i'm on a ""healthy high fiber diet"" because of my stomach. hope a feel better though. ",2174862957,2009-06-14 23:29:41-07:00,124
@mileycyrus and @ddlovato it would be so awesome to meet and pray with you/them... what a wonderful day that would be! ,2174906581,2009-06-14 23:35:56-07:00,119
"@ddlovato are you in London yet?am a huge fan of you and JB- this is going to be the best night EVER  can't wait ,have a good day x",2175326011,2009-06-15 00:40:37-07:00,131
"@ddlovato Hi Demi  I saw you last night @ Zenith, you were great! & i loved your outfit  you're amazing, love you xoxoxoxoxo",2175350944,2009-06-15 00:44:47-07:00,124
"If my tweets from @ssnichols4DLnSG don't go to @ddlovato and @selenagomez I'll be mad, I posted #dl4sg and #sg4dl like a lot of times ",2175406974,2009-06-15 00:54:11-07:00,134
@ddlovato http://bit.ly/hkAaN  thank you ,2175420688,2009-06-15 00:56:31-07:00,41
"@Jonasbrothers And @ddlovato TODAY!  London Here We Come! I'' twitpics through the concert, i cant wait!  ahhhhhhhhhhhhhhhh! ))) xo",2175495839,2009-06-15 01:08:58-07:00,131
"@ddlovato get well for tonight demi! i'm wearing my demi lovato badge to celebrate haha  yayyyy, can't wait!",2176082128,2009-06-15 02:51:46-07:00,108
Aww thanks @ddlovato for stopping ,2176508557,2009-06-15 04:03:41-07:00,34
@majobie i am sick of that! goshness cant u sing something normal i.e @ddlovato i cant wait for her new albumm ,2176601771,2009-06-15 04:17:56-07:00,111
"#music monday : this isnt difficult - @samualtwitt1, @cassandrasteele, jake epstein, alexz johnson, @ddlovato .. enjoy ",2177115936,2009-06-15 05:28:58-07:00,119
@ddlovato Hey How are you ?  xD,2177195520,2009-06-15 05:38:49-07:00,31
@ddlovato demi I love u so much u r my idol  with u & ur music I'd be nothing.I adore U thanks for everything u've done for us/ur fans Iâ¥U,2177212222,2009-06-15 05:40:50-07:00,140
"@ddlovato actually looking forward to seeing you tonight love, is going to be pretty cool  xoxo",2177213564,2009-06-15 05:41:00-07:00,95
@ddlovato Hope you get better soon!1st time to talk to you but what can I say?You're amazing  Pray for you to get better ,2177214399,2009-06-15 05:41:06-07:00,121
@ddlovato LOOK AT MY MYSACE SITE ON THE LEFT SITE THERE I WROTE SOMETHING FOR U  U R MY IDOL DEMI<3,2177229445,2009-06-15 05:42:57-07:00,99
@ddlovato your so lucky to be travelling !! R u coming down under to australia ! Your amazing ,2177244509,2009-06-15 05:44:47-07:00,94
@ddlovato I just wish that I lived in England so I would see you or the Jonas Brothers. Good Luck for your show  And have fun with JB!! ,2177245181,2009-06-15 05:44:52-07:00,136
"@ddlovato I love you girly <3 & you finally got 400,000 - like you wanted  Have a great day! xo",2177263795,2009-06-15 05:47:03-07:00,95
@ddlovato demi can you take some pictures and show us all please? Love ya demi ,2177281003,2009-06-15 05:49:04-07:00,79
"@ddlovato enjoy London and thanks for being such an inspiring and charming person, love youu ",2177312068,2009-06-15 05:52:38-07:00,93
"@ddlovato Jiayou! (word of encouragement, i.e. keep it up! in mandarin) ",2177334361,2009-06-15 05:55:13-07:00,72
@ddlovato See you later ,2177388131,2009-06-15 06:01:06-07:00,24
"@ddlovato i saw @taylorswift13 photo from sugar magazine,its beautiful and like sugar sweet! wish u are too  enjoy in Paris..",2177388137,2009-06-15 06:01:06-07:00,125
@ddlovato wish me luck on my exams ,2177389287,2009-06-15 06:01:15-07:00,35
@ddlovato 3 awesome cities in 3 days... you're so lucky! Can you wish me luck to my exams so I graduate and go to college? Please! ,2177482940,2009-06-15 06:11:06-07:00,131
:@ddlovato  I love ur Music Band  i was in the same hotel in paris ,2177501826,2009-06-15 06:13:07-07:00,67
@ddlovato i can't wait til toniiight ,2177558480,2009-06-15 06:19:00-07:00,37
http://bit.ly/YdTa1  My favorite song!<3 Remember December by miss @ddlovato!(: WITH LYRICS!  its SO good!,2177599350,2009-06-15 06:23:10-07:00,106
@Jonasbrothers we are on the way to your concert!! See you there. You too @ddlovato can't wait to see all of you XD love you ,2177904967,2009-06-15 06:53:37-07:00,125
@ddlovato - YAY demi's in the UK YAY YAY  gotta love sugar.  shall buy it  xo,2177925872,2009-06-15 06:55:38-07:00,77
@ddlovato do u know what jesse mccartney's twitter? i want it. that's very kind of u ya! ,2178054230,2009-06-15 07:07:32-07:00,89
@ddlovato  ItÂ´s my big love to platform shoes and chocolate cappocino <3 IÂ´m hearing music  DemiÂ´s music jipii   Trainwreck ,2178347446,2009-06-15 07:34:06-07:00,127
@ddlovato Really looking foward to seeing you tonight! I know you'll be great  x,2178520102,2009-06-15 07:49:20-07:00,80
@ddlovato omg I'm so buying sugar then! ,2178621724,2009-06-15 07:58:17-07:00,40
"@ddlovato OMGIJustSaw2daysBeforeYouIN FRONT OF ME!I cried,i couldn't breathe!I couldn't go backstage but u were amazing  I LOVE YOU DEMI!",2178671413,2009-06-15 08:02:28-07:00,137
@ddlovato OMG Michael W. Smith that's amazing. You're an awesome person! ,2178692822,2009-06-15 08:04:16-07:00,73
making quizes on facebook  my @ddlovato song is believe in me ! that's totally true,2179106968,2009-06-15 08:39:13-07:00,83
@ddlovato awsome defiantly getting that mag ,2179654872,2009-06-15 09:24:07-07:00,44
@ddlovato Are you better from your stomach? ,2179724948,2009-06-15 09:29:52-07:00,44
only i want a thing  @jonasbrothers & @ddlovato  Come To Colombia pleasee  please answer me,2179924782,2009-06-15 09:46:17-07:00,91
@ddlovato try jello and gatorade--- that always helps me  hope you feel better,2180499438,2009-06-15 10:33:15-07:00,78
"@ddlovato, this is gonna b a very energetic show isnt it ",2180499737,2009-06-15 10:33:17-07:00,57
@ddlovato keeeep smiling demi! you never know who might be falling in love with your smile ,2180500234,2009-06-15 10:33:19-07:00,91
@ddlovato yogurt its really god to your stomach and body. helps you body to increasy defenseas and kill antibodies ha.ha ,2180524647,2009-06-15 10:35:16-07:00,121
is it bad that every time i get mail its concert tickets? just got my @ddlovato tickets in the mail  woo hoo,2180526255,2009-06-15 10:35:24-07:00,108
"@ddlovato i know, that you don't see this post, but i want say, that everything is gonna be ok. ",2180548126,2009-06-15 10:37:10-07:00,96
@ddlovato I think u should totally say hi to zoe on stage haha she's a friend of mine and she's there tonight. which Im well jealous of ,2180550162,2009-06-15 10:37:21-07:00,136
@ddlovato hope you feel better for the concert. of and my friends are standing in the mile long queue outside and are really excited.  x,2180575604,2009-06-15 10:39:26-07:00,136
@ddlovato we are pumped for tonight! Me and my friend are coming to see you! Only one more hour. ,2180576847,2009-06-15 10:39:32-07:00,97
@ddlovato what??????? btw you shoudl tour with McFly soem time taht woudl be amazing  xx,2180648417,2009-06-15 10:45:14-07:00,88
@ddlovato WAT IS IT TELL ME TELL ME!!  ,2180650372,2009-06-15 10:45:27-07:00,39
@ddlovato - what?! ,2180650762,2009-06-15 10:45:29-07:00,19
@ddlovato yayyy!  whats the good news?,2180650914,2009-06-15 10:45:30-07:00,38
@ddlovato I love good news! Please share ,2180651323,2009-06-15 10:45:32-07:00,41
@ddlovato What happened?! ,2180651382,2009-06-15 10:45:32-07:00,26
@ddlovato you have good news?  tell me please... :*,2180652267,2009-06-15 10:45:37-07:00,51
"@ddlovato YAY!  An your nominated with @DavidArchie on the TOUR category!  You'll win, fo sho! ;) I'llvote my b*tt off fo you! ",2180697249,2009-06-15 10:49:18-07:00,127
@ddlovato Everyone vote Demi for the Teen choice awards!!! ,2180698075,2009-06-15 10:49:22-07:00,59
@ddlovato Ohhh that's great  Congratulations!,2180699073,2009-06-15 10:49:27-07:00,45
@ddlovato woo hoo! I'll be voting for you ,2180699078,2009-06-15 10:49:27-07:00,42
@ddlovato congratulations im voting now so i will definatly vote for you!!!! ,2180699383,2009-06-15 10:49:28-07:00,77
"@ddlovato congratulations!! In that note pls make a music vid for behind enemy lines, amazing song ",2180699642,2009-06-15 10:49:29-07:00,99
@ddlovato hey ! that's awesome !! ,2180700108,2009-06-15 10:49:32-07:00,34
@ddlovato OMG! congratulations Demi! I will vote in you for all the 3 TCA!!!! congratulations again! I'm so happy for you!   ,2180701314,2009-06-15 10:49:38-07:00,125
@ddlovato thats great!!!!!!!!!!!!! ,2180722669,2009-06-15 10:51:22-07:00,35
@ddlovato that's so exciting!!!!!!! you got my vote on all of them ,2180722737,2009-06-15 10:51:23-07:00,67
@ddlovato Voting right now ,2180723766,2009-06-15 10:51:28-07:00,27
@ddlovato congrats!  take the teen choice awards by storm. haha.,2180723856,2009-06-15 10:51:28-07:00,64
@ddlovato congratulations demi. you really deserved it! we love you so much girl ,2180724439,2009-06-15 10:51:31-07:00,81
@ddlovato Wooh! congradulastions i will vote for you ,2180725337,2009-06-15 10:51:36-07:00,53
"@ddlovato Congrats, guess you replied before i posted  You deserve them. My fingers are crossed for you.",2180725603,2009-06-15 10:51:37-07:00,104
@ddlovato Congratulations Demi ! You deserve it ! ,2180725730,2009-06-15 10:51:38-07:00,50
@ddlovato you where nominated! .D woow. how many times can we vote ?? ,2180725894,2009-06-15 10:51:39-07:00,70
@ddlovato MAJOR CONRATS DEMI!!! Thats really awesome you deserved it.i think...no i believe ur gonna win them all.Congratz again.â¥ ,2180726098,2009-06-15 10:51:40-07:00,133
@ddlovato Congratulation   I hope u will win some prices   <3 i really happy for u,2180747441,2009-06-15 10:53:25-07:00,82
@ddlovato Already voted ,2180747623,2009-06-15 10:53:26-07:00,24
@ddlovato I'll vote for u bc u deserve the awards  I â¥ u so much demi.u & ur music mean the world to me. without u I'd be nothing pls rely,2180748264,2009-06-15 10:53:30-07:00,140
@ddlovato yay demi!!!!!! i'm not surprised you were nominated!! ,2180748722,2009-06-15 10:53:32-07:00,64
@ddlovato That's great news.   I'm so happy for u. I know you'll win. You deserve it. you're good at everything you do. Congratulations.,2180748915,2009-06-15 10:53:33-07:00,136
@ddlovato Congratulations Demi! Hope you win - you completely deserve them! Come back to England soon ,2180749090,2009-06-15 10:53:34-07:00,102
@ddlovato  which awards? please tell so that i may vote! ,2180798338,2009-06-15 10:57:37-07:00,57
@ddlovato Congratulations .. me and mi friends will vote lol ,2180798764,2009-06-15 10:57:39-07:00,61
@ddlovato Thats awesome !  Congrats !  I will vote ),2180799582,2009-06-15 10:57:43-07:00,52
@ddlovato i will definitive vote for you ,2180821421,2009-06-15 10:59:32-07:00,41
@ddlovato yaaaay deemiii today I'm making a party for your nominations aaaaaaahh haha ,2180850050,2009-06-15 11:01:45-07:00,86
I'll vote for both @ddlovato and @PerezHilton ! yeeeeeeah ,2180874560,2009-06-15 11:03:40-07:00,58
congrats. @ddlovato ill vote for u & tell all my friends to vote 2 ,2180875394,2009-06-15 11:03:44-07:00,67
@ddlovato ill vote for you more than I breathe ,2180899781,2009-06-15 11:05:39-07:00,47
"@ddlovato I voted!!  And Frankie is up for one?!?!?  Oh, someone needs to spread the word for that, too . . . haha",2180928664,2009-06-15 11:07:58-07:00,114
@ddlovato i've voted for you!  Demi say me Goos lucking tomorrow i have the exam school and i talk about you.. (subject MUSIC) ,2180952936,2009-06-15 11:09:56-07:00,127
"@ddlovato I voted now, hahaha, I hope that you win ",2180979128,2009-06-15 11:12:03-07:00,51
@ddlovato Luv Ya Demi...Hope You Do Get The Award!...Yuu Deserve It!! ,2181002516,2009-06-15 11:14:00-07:00,70
@rockistar I'll vote for you! haha jk  But you should vote for @ddlovato. I really like her ,2181028654,2009-06-15 11:16:09-07:00,92
@ddlovato wow demi that's great!!!! Of course now I vote ,2181079931,2009-06-15 11:20:22-07:00,57
@ddlovato I voted for you and @PerezHilton yay ,2181100873,2009-06-15 11:22:06-07:00,47
Currently voting for the Teen Choice Awards '09. Will BRB  @ddlovato will do ;-),2181102829,2009-06-15 11:22:16-07:00,80
@Ddlovato you deserve it ,2181103544,2009-06-15 11:22:19-07:00,25
@ddlovato Demiiii!!!  Teen Choice awards?!?! Wooow!!! im sooo happy for you!!!  CONGRATULATIONS!!!   absolutely i'll vote for you!,2181126046,2009-06-15 11:24:10-07:00,130
Ohh if I was in london I would be listening to @ddlovato now awe hopefully she will come to Ireland some day ,2181175950,2009-06-15 11:28:17-07:00,109
@ddlovato Congratulatiooooooooooooons *-* saw hi leticia please haha I'll vote for you ,2181278156,2009-06-15 11:36:37-07:00,87
@ddlovato that's great demi!! so cool!! i hope you win them all ,2181373691,2009-06-15 11:44:28-07:00,64
@ddlovato congrats DEMI!!  i'm gonna vote for yoou EVERY SINGLE DAY! i swear! ;) and ofcourse im gonna tell my friends! ,2181424439,2009-06-15 11:48:38-07:00,120
http://twitpic.com/7hdkj - i just found @jonasbrothers and @ddlovato barbiessss. so amazing ,2181424893,2009-06-15 11:48:40-07:00,92
@ddlovato congratulations!! i'll definitly vote for you!!! ,2181496782,2009-06-15 11:54:30-07:00,59
@ddlovato yayy congats demi!!  we're all voting for you!,2181523943,2009-06-15 11:56:42-07:00,56
"@ddlovato  voting for you, for my first time ! love you demi ",2181827987,2009-06-15 12:21:07-07:00,61
"@ddlovato If voting is available in Australia, then consider it done!! ",2181849267,2009-06-15 12:22:52-07:00,71
"@ddlovato I've just voted for you, website was really slow haha, but I hope it has registered my votes... Best of luck!! ",2182049530,2009-06-15 12:39:09-07:00,121
@ddlovato I voted for you in the 3 of them! Hope you win! ,2182941789,2009-06-15 13:50:17-07:00,58
@ddlovato i'll vote everyday. obviously ,2183201524,2009-06-15 14:10:57-07:00,40
"Everyone go vote for @itschelseastaub, @ddlovato, @jonasbrothers, @mileycyrus AND Rob Pattinson & the cast of Twilight for the TCA2009 ",2183598706,2009-06-15 14:43:38-07:00,135
sonny with a chance  @ddlovato!,2183625795,2009-06-15 14:45:52-07:00,31
@ddlovato http://twitpic.com/3lwfk - I'm from barcelona but i have family in madrid and i love it! ,2183745731,2009-06-15 14:55:47-07:00,99
"http://twitpic.com/7hwuw - ""Shine a light and send it on"" - @ddlovato @selenagomez @mileycyrus ",2183822879,2009-06-15 15:02:02-07:00,95
"Just voted in Teen Choice Awards. @mileycyrus, @jonasbrothers && @ddlovato were my favorite. love you ",2183870232,2009-06-15 15:05:51-07:00,102
@ddlovato I'm praying you wuin all 3 tca's! I hope @mileycyrus wins all 10 she's up for too ,2183917897,2009-06-15 15:09:50-07:00,92
just voted for TC '09. @ddlovato should win in all her catagories!! ,2183971055,2009-06-15 15:14:14-07:00,68
"just voted for @mileycyrus @ddlovato and @emilyosment 4 the kids choice awards, and only 182 days till @mileycyrus in concert in london! ",2184254246,2009-06-15 15:38:35-07:00,137
listening to camp rock songs   i was just in the mood ;)  loving @ddlovato 's voice ,2184368468,2009-06-15 15:48:29-07:00,84
@ddlovato you got my vote ,2184508492,2009-06-15 16:00:49-07:00,26
"@ddlovato I've vote for you, Miley and Jonas Brothers ! Hope you win ",2184602740,2009-06-15 16:08:57-07:00,69
"listening ""This is me"" - @ddlovato ",2184670223,2009-06-15 16:14:49-07:00,35
Prins9205Just voted for @ddlovato @jonasbrothers and for Frankie! awww i didn't know he was nominated ,2184784993,2009-06-15 16:25:03-07:00,102
"voted for @mileycyrus , @selenagomez , @ddlovato , and @taylorswift13 for the teen choice awards ",2185078450,2009-06-15 16:51:11-07:00,97
"@ddlovato hi demi(: I am a huge fan.  tweetback, please? < 3 Kylie (Kella) Miller",2185145751,2009-06-15 16:57:17-07:00,81
"@ddlovato CONGRATULATIONS DEMI  . YOU'RE THE BEST , I LOVE YOU <3",2185401715,2009-06-15 17:19:38-07:00,65
"@ddlovato Demi, you rock <3 I cannot wait to see you in Rio again  I can't even believe I took a photo with you <3",2185577959,2009-06-15 17:35:29-07:00,114
@david_henrie @ddlovato @mileycyrus @jonasbrothers Following me  Thanks,2185690503,2009-06-15 17:45:39-07:00,71
"Just got home, soooo tired! @ddlovato and @Jonasbrothers concert tonight in Wembley, London was amazing! ",2185709390,2009-06-15 17:47:22-07:00,105
"watchin' sonny with a change on youtube.. besides hannah montana, this is my FAVORITE serie  I love @ddlovato",2185780356,2009-06-15 17:53:42-07:00,109
@ddlovato hi sweetheart ! i love u so much demetria ,2186359666,2009-06-15 18:43:39-07:00,52
@ddlovato thank you for chating with me on chatzy ! oh and this is vivian by the way i hope we can chat again ,2186363015,2009-06-15 18:43:56-07:00,110
@ddlovato i just voted for you ,2187927223,2009-06-15 21:01:19-07:00,31
@mileycyrus awww.im about to vote for you!!!teen choice awards!!!and one for @ddlovato!so you both have one ,2188433262,2009-06-15 21:53:28-07:00,108
@ddlovato i just voted for you for best breakout star and i am telling my friends to vote too! ,2188850262,2009-06-15 22:41:39-07:00,95
@ddlovato i voted for you  !!! GOOD LUCK ,2188897563,2009-06-15 22:47:47-07:00,41
You guys were AMAZING last night!!@Jonasbrothers and @ddlovato you looked STUNNING and were also AMAZING  thanx for a GREAT show ,2188925862,2009-06-15 22:51:29-07:00,129
@ddlovato you're so cool! i voted for you ,2188960020,2009-06-15 22:56:07-07:00,42
@ddlovato hey demi can't wait to see you I'm new York.. your def such a great performer ,2188972833,2009-06-15 22:57:50-07:00,88
@ddlovato i voted many times ,2189210572,2009-06-15 23:29:59-07:00,29
@ddlovato ive already voted!!!  ,2189552072,2009-06-16 00:18:22-07:00,32
listening to One of the Same by @ddlovato and @selenagomez  ,2189581204,2009-06-16 00:22:40-07:00,60
@ddlovato CONGRATULATIOOOOOOOOOOOOOOOOOOOONS  YOU REALLY DISERVE IT ,2189646333,2009-06-16 00:32:29-07:00,68
@rockistar yay! lol I'd lie also if I were you  I love @ddlovato's Don't Forget also ,2189658196,2009-06-16 00:34:17-07:00,85
BEST NIGHT EVER LAST NIGHT!!!! Thank you @Jonasbrothers @ddlovato and all the Mcfly boys ,2190175107,2009-06-16 01:59:09-07:00,89
@ddlovato ... AND i can't wait to by sugar with u in it  safe journey home!,2190197295,2009-06-16 02:02:36-07:00,75
"Congratulations on being nominated, I will definitely VOTE for you  @ddlovato",2190339016,2009-06-16 02:26:42-07:00,77
@ddlovato Apparently your concert last night with Jo Bro was AMAZING! My friends love you now (finally) haha ,2190396014,2009-06-16 02:36:31-07:00,109
@ddlovato ah wish I could have been there last night please come to IRELAND  ilu x x x x,2190396934,2009-06-16 02:36:42-07:00,88
@ddlovato it was amazing see u on the stage!! you're rock!! ,2190397188,2009-06-16 02:36:44-07:00,60
"@ddlovato I miss that feeling!  Its like you're too hyped and too exhausted and a part of you wants to stay awake to ""feel"" reality...",2190398416,2009-06-16 02:36:58-07:00,134
"@ddlovato HAHA. welcome back to the states, demi ",2190398573,2009-06-16 02:36:59-07:00,49
@ddlovato do you think you'll come to australia for a show? XX hope your not to exhausted... ,2190409200,2009-06-16 02:38:53-07:00,93
@ddlovato i cant wait to see you in concert  Your my idol!,2190409341,2009-06-16 02:38:55-07:00,58
@ddlovato Sonny with a Chance is an awesome show! It's one of my new faves ,2190411107,2009-06-16 02:39:13-07:00,75
@ddlovato But hopefully your tummy feels better.  If not the delicious home made food & cooking will surely make it right fast. ,2190411533,2009-06-16 02:39:17-07:00,128
"@ddlovato you were amazing on stage last night, loved your acdc shirt, and you are a stunner!! Thank you ",2190418791,2009-06-16 02:40:31-07:00,105
@ddlovato the concert was amazing last night demi  you fab xxx,2190434897,2009-06-16 02:43:17-07:00,62
"@ddlovato im in love with you, you are just so beautiful, on the outside and inside. please reply it would mean the world to me  ",2190442721,2009-06-16 02:44:39-07:00,129
@ddlovato Can I plz have a shout out from you  Plz Plz Plz!!!I hope I get ,2190443488,2009-06-16 02:44:47-07:00,74
@ddlovato Demi! Your wanted in Australia  <3,2190458218,2009-06-16 02:47:15-07:00,44
last night was the best concert of my life thankyou sooo much @ddlovato and the @jonasbrothers you guys rock! ,2190469044,2009-06-16 02:49:08-07:00,110
@ddlovato you were amaing last night!  please bring your tour over here  xxx,2190477224,2009-06-16 02:50:32-07:00,76
@ddlovato VOTE VOTE VOTE VOTE FOR DEMZZ never getting sick of this untill she wins vote vote vote vote vote plz plz plz plz vote ,2190503005,2009-06-16 02:55:05-07:00,129
@ddlovato You were amazing last night Demi! What a show! Thanks for coming over to England! Please do it again soon!  Yr FAB! xxx,2190504014,2009-06-16 02:55:15-07:00,129
"@ddlovato Girrrrl, what are you guys doing back here already? We definitely missed you for that short while. I hope all is well ",2190513300,2009-06-16 02:56:54-07:00,128
@ddlovato i would kill to be in the states to watch you ,2190524773,2009-06-16 02:58:55-07:00,56
@ddlovato  good voice... I love it,2190537654,2009-06-16 03:00:54-07:00,34
@ddlovato well ya should be if yer  twittering LOLOL ,2190539505,2009-06-16 03:01:14-07:00,53
@ddlovato demi u rocked last night in wembly  im a huge faan x plz twitter back it will make my daay realli badly   maryjane x,2190575837,2009-06-16 03:07:20-07:00,126
@ddlovato Did you like Europe? ,2190583322,2009-06-16 03:08:40-07:00,31
"Voted for @ddlovato , @selenagomez , @taylorswift13 and @mileycyrus for Teen Choice Awards today! I think YOU should too! Go Do It NOW! ",2190587910,2009-06-16 03:09:29-07:00,136
@ddlovato You were so good last night Demi! Thanks for an awesome show! ,2190610839,2009-06-16 03:13:30-07:00,72
@ddlovato you were AMAZING last nightttt! sooo enjoyed it  Thankyouuuu xxxxxxx,2190688572,2009-06-16 03:26:54-07:00,78
@ddlovato Woah back in the states already you must be shattered!! Awesome Show last night ,2190688870,2009-06-16 03:26:57-07:00,90
@ddlovato i voted for you ,2190704363,2009-06-16 03:29:35-07:00,26
@ddlovato congradulations on being nominated for the Teen choice awards! i voted for youuu and i will again tomorrow!! you great! ,2190713901,2009-06-16 03:31:04-07:00,130
@ddlovato sounds like you had a blast.  i sure hope you did. ,2190717061,2009-06-16 03:31:36-07:00,61
"@ddlovato DEMI IM WRITING A SONG!! got any advice, i love your music, you inspire me ",2190727138,2009-06-16 03:33:20-07:00,85
@ddlovato sounds like you had heaps of fun  Im glad.,2190737105,2009-06-16 03:35:03-07:00,52
@ddlovato you was amazing last night! and is was great meeting you ,2190749062,2009-06-16 03:37:06-07:00,67
@ddlovato shaved head?  that's awesome ,2190749915,2009-06-16 03:37:14-07:00,39
@ddlovato I didn't know Madison de la garza or whatever was your sister. Dude she's probably the cutest/ coolest kid ever. Ha. No joke ,2190752313,2009-06-16 03:37:39-07:00,135
@ddlovato VOTED! hope you win ,2190752358,2009-06-16 03:37:39-07:00,30
"@ddlovato hi, we're in a science lesson and just decided to message you to see if you reply  x",2190759754,2009-06-16 03:38:57-07:00,94
"@ddlovato If you're bored and feel like making someones dreams come true, then read what I wrote you  http://twitpic.com/4dxo4",2190761656,2009-06-16 03:39:17-07:00,126
@ddlovato I just voted for you in all categories. ,2190771330,2009-06-16 03:40:52-07:00,50
YEAH @ddlovato i have a question make you only other films with selena gomez ? because you other movie was very very funny  ,2190784068,2009-06-16 03:43:04-07:00,124
"@ddlovato demi, I have voted for you , and I will vote again everyday  I promise ..",2190786271,2009-06-16 03:43:26-07:00,83
"@ddlovato what happened to sleeping? wait, it's miley's fault right? ",2190786673,2009-06-16 03:43:30-07:00,69
@ddlovato Heeey Demi  PLEASE follow me! I'm a big fan of you! I love you so much!,2190787118,2009-06-16 03:43:34-07:00,81
"@ddlovato heyy I hope you had fun I'm Europe! I can't wait till I see you in Lafayette, La! It's gonna be great I bet! Well ttyl ",2190836011,2009-06-16 03:51:36-07:00,129
@ddlovato you were amazing last night demii! and you looked gorgeous ,2190846205,2009-06-16 03:53:16-07:00,69
"@ddlovato than  ur album be4!!!!i love ur voice..,  thnkz 4 being an INSPIRATION!!!",2190896780,2009-06-16 04:01:15-07:00,83
"@Jonasbrothers and @ddlovato were AMAZING last night, theee best night of my life, so far. (:     ",2190937145,2009-06-16 04:07:19-07:00,98
@ddlovato you are soo lucky ;o ! i wish that i was in Paris !! ,2190977600,2009-06-16 04:13:27-07:00,63
"voted for @ddlovato, @selenagomez, @taylorswift13 and @mileycyrus for Teen Choice Awards today! i think YOU should too! GO DO IT NOW! ",2191117926,2009-06-16 04:33:45-07:00,134
"@JonasBrothers + @ddlovato - were beyond amazing, first ever concert and it was seeing them NEVER forgotton guys you were amazing! ",2191337359,2009-06-16 05:03:44-07:00,131
@ddlovato is there a deluxe edition cause then i wait and preorder the deluxe edition  ?????,2191372145,2009-06-16 05:08:09-07:00,92
"@ddlovato Hahaha Demi, naughty Demi!  I love your song Here We Go Again!",2191386240,2009-06-16 05:09:58-07:00,72
@ddlovato hope to see you soon ,2191807303,2009-06-16 06:00:23-07:00,31
Fell asleep to @chasecoy and woke up to @ddlovato. this is going to be a good day ,2191867976,2009-06-16 06:06:42-07:00,82
@ddlovato I VOTED!! =]]] can't wait ,2191922960,2009-06-16 06:12:27-07:00,36
FINALLY 15 TOMORROW And @MirandaBuzz @jennettemccurdy @DanWarp @ddlovato @selenagomez Voted for you all on the TCA.  ,2193009210,2009-06-16 07:52:11-07:00,117
@ddlovato i just voted for you and i've drawn a picture of you. its not that good but i keep up drawing ,2193401957,2009-06-16 08:24:35-07:00,104
